driver_id,driver_name,persona,date,month,iso_week,day_of_week,shift_seq,start_hour,duration_hours,zone_id,zone_label,trips,net_earnings_sgd,net_per_hour_sgd,currency
drv_siti_sg_10,Siti Rahman,firefighter,2024-11-16,2024-11,2024-W46,Sat,1,8,4.3,Marina_Bay,Marina Bay / Sands,8,147.0,34.19,SGD
drv_siti_sg_10,Siti Rahman,firefighter,2024-11-16,2024-11,2024-W46,Sat,2,22,3.1,Marina_Bay,Marina Bay / Sands,6,105.77,34.12,SGD
drv_siti_sg_10,Siti Rahman,firefighter,2024-11-17,2024-11,2024-W46,Sun,1,8,3.1,Tampines,Tampines,10,85.18,27.48,SGD
drv_siti_sg_10,Siti Rahman,firefighter,2024-11-17,2024-11,2024-W46,Sun,2,23,3.0,Tampines,Tampines,10,82.56,27.52,SGD
drv_siti_sg_10,Siti Rahman,firefighter,2024-11-18,2024-11,2024-W47,Mon,1,8,2.71,Jurong_East,Jurong East,4,47.04,17.36,SGD
drv_siti_sg_10,Siti Rahman,firefighter,2024-11-18,2024-11,2024-W47,Mon,2,19,3.57,Sentosa_HarbF,Sentosa / HarbourFront,5,61.93,17.35,SGD
drv_siti_sg_10,Siti Rahman,firefighter,2024-11-18,2024-11,2024-W47,Mon,3,21,3.82,Sentosa_HarbF,Sentosa / HarbourFront,5,66.27,17.35,SGD
drv_siti_sg_10,Siti Rahman,firefighter,2024-11-19,2024-11,2024-W47,Tue,1,7,2.77,Tampines,Tampines,5,52.4,18.92,SGD
drv_siti_sg_10,Siti Rahman,firefighter,2024-11-19,2024-11,2024-W47,Tue,2,18,3.06,Sentosa_HarbF,Sentosa / HarbourFront,6,57.86,18.91,SGD
drv_siti_sg_10,Siti Rahman,firefighter,2024-11-19,2024-11,2024-W47,Tue,3,22,3.16,Tampines,Tampines,6,59.76,18.91,SGD
drv_siti_sg_10,Siti Rahman,firefighter,2024-11-21,2024-11,2024-W47,Thu,1,8,2.92,Marina_Bay,Marina Bay / Sands,6,47.63,16.31,SGD
drv_siti_sg_10,Siti Rahman,firefighter,2024-11-21,2024-11,2024-W47,Thu,2,19,4.0,Sentosa_HarbF,Sentosa / HarbourFront,9,65.37,16.34,SGD
drv_siti_sg_10,Siti Rahman,firefighter,2024-11-21,2024-11,2024-W47,Thu,3,22,2.88,Sentosa_HarbF,Sentosa / HarbourFront,6,47.1,16.35,SGD
drv_siti_sg_10,Siti Rahman,firefighter,2024-11-22,2024-11,2024-W47,Fri,1,8,3.7,Sentosa_HarbF,Sentosa / HarbourFront,5,28.97,7.83,SGD
drv_siti_sg_10,Siti Rahman,firefighter,2024-11-22,2024-11,2024-W47,Fri,2,20,3.59,Tampines,Tampines,5,28.13,7.84,SGD
drv_siti_sg_10,Siti Rahman,firefighter,2024-11-22,2024-11,2024-W47,Fri,3,21,3.61,Tampines,Tampines,5,28.31,7.84,SGD
drv_siti_sg_10,Siti Rahman,firefighter,2024-11-23,2024-11,2024-W47,Sat,1,9,3.59,Marina_Bay,Marina Bay / Sands,8,69.35,19.32,SGD
drv_siti_sg_10,Siti Rahman,firefighter,2024-11-23,2024-11,2024-W47,Sat,2,17,3.68,Tampines,Tampines,8,70.94,19.28,SGD
drv_siti_sg_10,Siti Rahman,firefighter,2024-11-23,2024-11,2024-W47,Sat,3,22,3.43,Tampines,Tampines,7,66.13,19.28,SGD
drv_siti_sg_10,Siti Rahman,firefighter,2024-11-24,2024-11,2024-W47,Sun,1,18,3.69,Marina_Bay,Marina Bay / Sands,10,47.61,12.9,SGD
drv_siti_sg_10,Siti Rahman,firefighter,2024-11-24,2024-11,2024-W47,Sun,2,22,2.81,Jurong_East,Jurong East,7,36.23,12.89,SGD
drv_siti_sg_10,Siti Rahman,firefighter,2024-11-25,2024-11,2024-W48,Mon,1,8,4.12,Sentosa_HarbF,Sentosa / HarbourFront,10,75.57,18.34,SGD
drv_siti_sg_10,Siti Rahman,firefighter,2024-11-25,2024-11,2024-W48,Mon,2,18,3.08,Tampines,Tampines,7,56.52,18.35,SGD
drv_siti_sg_10,Siti Rahman,firefighter,2024-11-26,2024-11,2024-W48,Tue,1,7,3.67,Tampines,Tampines,8,87.12,23.74,SGD
drv_siti_sg_10,Siti Rahman,firefighter,2024-11-26,2024-11,2024-W48,Tue,2,21,2.63,Marina_Bay,Marina Bay / Sands,6,62.55,23.78,SGD
drv_siti_sg_10,Siti Rahman,firefighter,2024-11-28,2024-11,2024-W48,Thu,1,8,4.12,Marina_Bay,Marina Bay / Sands,7,71.52,17.36,SGD
drv_siti_sg_10,Siti Rahman,firefighter,2024-11-28,2024-11,2024-W48,Thu,2,18,3.77,Jurong_East,Jurong East,6,65.4,17.35,SGD
drv_siti_sg_10,Siti Rahman,firefighter,2024-11-28,2024-11,2024-W48,Thu,3,0,3.51,Marina_Bay,Marina Bay / Sands,6,60.93,17.36,SGD
drv_siti_sg_10,Siti Rahman,firefighter,2024-11-29,2024-11,2024-W48,Fri,1,9,3.28,Jurong_East,Jurong East,5,75.1,22.9,SGD
drv_siti_sg_10,Siti Rahman,firefighter,2024-11-29,2024-11,2024-W48,Fri,2,18,2.51,Sentosa_HarbF,Sentosa / HarbourFront,4,57.66,22.97,SGD
drv_siti_sg_10,Siti Rahman,firefighter,2024-11-29,2024-11,2024-W48,Fri,3,23,2.61,Marina_Bay,Marina Bay / Sands,4,59.86,22.93,SGD
drv_siti_sg_10,Siti Rahman,firefighter,2024-11-30,2024-11,2024-W48,Sat,1,7,3.03,Sentosa_HarbF,Sentosa / HarbourFront,6,64.68,21.35,SGD
drv_siti_sg_10,Siti Rahman,firefighter,2024-11-30,2024-11,2024-W48,Sat,2,20,3.95,Jurong_East,Jurong East,8,84.27,21.33,SGD
drv_siti_sg_10,Siti Rahman,firefighter,2024-11-30,2024-11,2024-W48,Sat,3,22,3.83,Tampines,Tampines,7,81.75,21.34,SGD
drv_siti_sg_10,Siti Rahman,firefighter,2024-12-01,2024-12,2024-W48,Sun,1,20,4.44,Jurong_East,Jurong East,13,103.77,23.37,SGD
drv_siti_sg_10,Siti Rahman,firefighter,2024-12-01,2024-12,2024-W48,Sun,2,22,3.16,Tampines,Tampines,10,73.94,23.4,SGD
drv_siti_sg_10,Siti Rahman,firefighter,2024-12-02,2024-12,2024-W49,Mon,1,9,3.64,Jurong_East,Jurong East,11,69.9,19.2,SGD
drv_siti_sg_10,Siti Rahman,firefighter,2024-12-02,2024-12,2024-W49,Mon,2,17,3.36,Jurong_East,Jurong East,11,64.67,19.25,SGD
drv_siti_sg_10,Siti Rahman,firefighter,2024-12-03,2024-12,2024-W49,Tue,1,7,3.36,Tampines,Tampines,4,38.63,11.5,SGD
drv_siti_sg_10,Siti Rahman,firefighter,2024-12-03,2024-12,2024-W49,Tue,2,17,3.83,Sentosa_HarbF,Sentosa / HarbourFront,5,43.95,11.48,SGD
drv_siti_sg_10,Siti Rahman,firefighter,2024-12-03,2024-12,2024-W49,Tue,3,23,4.01,Marina_Bay,Marina Bay / Sands,5,46.01,11.47,SGD
drv_siti_sg_10,Siti Rahman,firefighter,2024-12-05,2024-12,2024-W49,Thu,1,8,3.76,Tampines,Tampines,5,68.71,18.27,SGD
drv_siti_sg_10,Siti Rahman,firefighter,2024-12-05,2024-12,2024-W49,Thu,2,17,4.04,Sentosa_HarbF,Sentosa / HarbourFront,5,73.71,18.25,SGD
drv_siti_sg_10,Siti Rahman,firefighter,2024-12-06,2024-12,2024-W49,Fri,1,7,3.87,Jurong_East,Jurong East,7,64.02,16.54,SGD
drv_siti_sg_10,Siti Rahman,firefighter,2024-12-06,2024-12,2024-W49,Fri,2,18,3.08,Tampines,Tampines,6,50.85,16.51,SGD
drv_siti_sg_10,Siti Rahman,firefighter,2024-12-06,2024-12,2024-W49,Fri,3,22,3.35,Jurong_East,Jurong East,6,55.43,16.55,SGD
drv_siti_sg_10,Siti Rahman,firefighter,2024-12-07,2024-12,2024-W49,Sat,1,8,3.58,Sentosa_HarbF,Sentosa / HarbourFront,4,94.56,26.41,SGD
drv_siti_sg_10,Siti Rahman,firefighter,2024-12-07,2024-12,2024-W49,Sat,2,20,2.76,Sentosa_HarbF,Sentosa / HarbourFront,3,72.89,26.41,SGD
drv_siti_sg_10,Siti Rahman,firefighter,2024-12-07,2024-12,2024-W49,Sat,3,21,2.66,Tampines,Tampines,3,70.43,26.48,SGD
drv_siti_sg_10,Siti Rahman,firefighter,2024-12-08,2024-12,2024-W49,Sun,1,7,3.7,Sentosa_HarbF,Sentosa / HarbourFront,8,64.71,17.49,SGD
drv_siti_sg_10,Siti Rahman,firefighter,2024-12-08,2024-12,2024-W49,Sun,2,20,3.66,Tampines,Tampines,8,64.1,17.51,SGD
drv_siti_sg_10,Siti Rahman,firefighter,2024-12-08,2024-12,2024-W49,Sun,3,23,3.54,Marina_Bay,Marina Bay / Sands,7,61.83,17.47,SGD
drv_siti_sg_10,Siti Rahman,firefighter,2024-12-09,2024-12,2024-W50,Mon,1,9,2.66,Tampines,Tampines,3,51.26,19.27,SGD
drv_siti_sg_10,Siti Rahman,firefighter,2024-12-09,2024-12,2024-W50,Mon,2,20,2.43,Jurong_East,Jurong East,3,46.77,19.25,SGD
drv_siti_sg_10,Siti Rahman,firefighter,2024-12-09,2024-12,2024-W50,Mon,3,23,3.31,Marina_Bay,Marina Bay / Sands,4,63.7,19.24,SGD
drv_siti_sg_10,Siti Rahman,firefighter,2024-12-10,2024-12,2024-W50,Tue,1,7,3.45,Marina_Bay,Marina Bay / Sands,5,75.67,21.93,SGD
drv_siti_sg_10,Siti Rahman,firefighter,2024-12-10,2024-12,2024-W50,Tue,2,19,3.05,Marina_Bay,Marina Bay / Sands,4,67.04,21.98,SGD
drv_siti_sg_10,Siti Rahman,firefighter,2024-12-12,2024-12,2024-W50,Thu,1,8,3.55,Sentosa_HarbF,Sentosa / HarbourFront,3,47.36,13.34,SGD
drv_siti_sg_10,Siti Rahman,firefighter,2024-12-12,2024-12,2024-W50,Thu,2,19,3.87,Sentosa_HarbF,Sentosa / HarbourFront,3,51.63,13.34,SGD
drv_siti_sg_10,Siti Rahman,firefighter,2024-12-12,2024-12,2024-W50,Thu,3,21,3.08,Sentosa_HarbF,Sentosa / HarbourFront,3,41.16,13.36,SGD
drv_siti_sg_10,Siti Rahman,firefighter,2024-12-13,2024-12,2024-W50,Fri,1,9,2.3,Tampines,Tampines,4,59.48,25.86,SGD
drv_siti_sg_10,Siti Rahman,firefighter,2024-12-13,2024-12,2024-W50,Fri,2,19,2.99,Tampines,Tampines,6,77.06,25.77,SGD
drv_siti_sg_10,Siti Rahman,firefighter,2024-12-13,2024-12,2024-W50,Fri,3,0,3.11,Tampines,Tampines,6,80.25,25.8,SGD
drv_siti_sg_10,Siti Rahman,firefighter,2024-12-14,2024-12,2024-W50,Sat,1,7,3.53,Marina_Bay,Marina Bay / Sands,5,76.12,21.56,SGD
drv_siti_sg_10,Siti Rahman,firefighter,2024-12-14,2024-12,2024-W50,Sat,2,18,3.36,Sentosa_HarbF,Sentosa / HarbourFront,5,72.33,21.53,SGD
drv_siti_sg_10,Siti Rahman,firefighter,2024-12-14,2024-12,2024-W50,Sat,3,0,3.01,Tampines,Tampines,5,64.96,21.58,SGD
drv_siti_sg_10,Siti Rahman,firefighter,2024-12-15,2024-12,2024-W50,Sun,1,7,2.9,Marina_Bay,Marina Bay / Sands,4,88.98,30.68,SGD
drv_siti_sg_10,Siti Rahman,firefighter,2024-12-15,2024-12,2024-W50,Sun,2,0,3.4,Marina_Bay,Marina Bay / Sands,5,104.09,30.61,SGD
drv_siti_sg_10,Siti Rahman,firefighter,2024-12-16,2024-12,2024-W51,Mon,1,18,3.75,Marina_Bay,Marina Bay / Sands,5,89.86,23.96,SGD
drv_siti_sg_10,Siti Rahman,firefighter,2024-12-16,2024-12,2024-W51,Mon,2,0,3.35,Jurong_East,Jurong East,5,80.22,23.95,SGD
drv_siti_sg_10,Siti Rahman,firefighter,2024-12-17,2024-12,2024-W51,Tue,1,8,3.72,Tampines,Tampines,5,70.25,18.88,SGD
drv_siti_sg_10,Siti Rahman,firefighter,2024-12-17,2024-12,2024-W51,Tue,2,0,4.18,Marina_Bay,Marina Bay / Sands,5,78.79,18.85,SGD
drv_siti_sg_10,Siti Rahman,firefighter,2024-12-19,2024-12,2024-W51,Thu,1,8,3.28,Marina_Bay,Marina Bay / Sands,8,89.65,27.33,SGD
drv_siti_sg_10,Siti Rahman,firefighter,2024-12-19,2024-12,2024-W51,Thu,2,0,2.92,Jurong_East,Jurong East,7,80.05,27.41,SGD
drv_siti_sg_10,Siti Rahman,firefighter,2024-12-20,2024-12,2024-W51,Fri,1,8,2.87,Marina_Bay,Marina Bay / Sands,3,69.75,24.3,SGD
drv_siti_sg_10,Siti Rahman,firefighter,2024-12-20,2024-12,2024-W51,Fri,2,17,2.77,Jurong_East,Jurong East,3,67.19,24.26,SGD
drv_siti_sg_10,Siti Rahman,firefighter,2024-12-20,2024-12,2024-W51,Fri,3,22,2.66,Tampines,Tampines,3,64.58,24.28,SGD
drv_siti_sg_10,Siti Rahman,firefighter,2024-12-21,2024-12,2024-W51,Sat,1,7,2.52,Marina_Bay,Marina Bay / Sands,3,64.05,25.42,SGD
drv_siti_sg_10,Siti Rahman,firefighter,2024-12-21,2024-12,2024-W51,Sat,2,17,2.89,Jurong_East,Jurong East,3,73.56,25.45,SGD
drv_siti_sg_10,Siti Rahman,firefighter,2024-12-21,2024-12,2024-W51,Sat,3,22,2.99,Sentosa_HarbF,Sentosa / HarbourFront,4,75.86,25.37,SGD
drv_siti_sg_10,Siti Rahman,firefighter,2024-12-22,2024-12,2024-W51,Sun,1,9,3.25,Tampines,Tampines,6,63.85,19.65,SGD
drv_siti_sg_10,Siti Rahman,firefighter,2024-12-22,2024-12,2024-W51,Sun,2,18,4.31,Tampines,Tampines,8,84.69,19.65,SGD
drv_siti_sg_10,Siti Rahman,firefighter,2024-12-22,2024-12,2024-W51,Sun,3,0,4.25,Jurong_East,Jurong East,8,83.47,19.64,SGD
drv_siti_sg_10,Siti Rahman,firefighter,2024-12-23,2024-12,2024-W52,Mon,1,8,2.67,Tampines,Tampines,5,53.77,20.14,SGD
drv_siti_sg_10,Siti Rahman,firefighter,2024-12-23,2024-12,2024-W52,Mon,2,17,2.49,Sentosa_HarbF,Sentosa / HarbourFront,5,50.02,20.09,SGD
drv_siti_sg_10,Siti Rahman,firefighter,2024-12-23,2024-12,2024-W52,Mon,3,0,3.04,Marina_Bay,Marina Bay / Sands,6,61.23,20.14,SGD
drv_siti_sg_10,Siti Rahman,firefighter,2024-12-24,2024-12,2024-W52,Tue,1,17,2.73,Jurong_East,Jurong East,10,97.87,35.85,SGD
drv_siti_sg_10,Siti Rahman,firefighter,2024-12-24,2024-12,2024-W52,Tue,2,21,3.27,Jurong_East,Jurong East,12,117.05,35.8,SGD
drv_siti_sg_10,Siti Rahman,firefighter,2024-12-26,2024-12,2024-W52,Thu,1,9,3.45,Jurong_East,Jurong East,7,102.01,29.57,SGD
drv_siti_sg_10,Siti Rahman,firefighter,2024-12-26,2024-12,2024-W52,Thu,2,20,3.95,Sentosa_HarbF,Sentosa / HarbourFront,8,116.7,29.54,SGD
drv_siti_sg_10,Siti Rahman,firefighter,2024-12-27,2024-12,2024-W52,Fri,1,7,3.4,Sentosa_HarbF,Sentosa / HarbourFront,4,73.39,21.59,SGD
drv_siti_sg_10,Siti Rahman,firefighter,2024-12-27,2024-12,2024-W52,Fri,2,20,3.5,Sentosa_HarbF,Sentosa / HarbourFront,4,75.42,21.55,SGD
drv_siti_sg_10,Siti Rahman,firefighter,2024-12-28,2024-12,2024-W52,Sat,1,9,2.7,Tampines,Tampines,3,34.19,12.66,SGD
drv_siti_sg_10,Siti Rahman,firefighter,2024-12-28,2024-12,2024-W52,Sat,2,17,3.34,Tampines,Tampines,4,42.35,12.68,SGD
drv_siti_sg_10,Siti Rahman,firefighter,2024-12-28,2024-12,2024-W52,Sat,3,21,3.66,Jurong_East,Jurong East,5,46.39,12.67,SGD
drv_siti_sg_10,Siti Rahman,firefighter,2024-12-29,2024-12,2024-W52,Sun,1,8,3.63,Sentosa_HarbF,Sentosa / HarbourFront,5,67.66,18.64,SGD
drv_siti_sg_10,Siti Rahman,firefighter,2024-12-29,2024-12,2024-W52,Sun,2,20,3.9,Marina_Bay,Marina Bay / Sands,5,72.74,18.65,SGD
drv_siti_sg_10,Siti Rahman,firefighter,2024-12-29,2024-12,2024-W52,Sun,3,22,3.56,Jurong_East,Jurong East,5,66.39,18.65,SGD
drv_siti_sg_10,Siti Rahman,firefighter,2024-12-30,2024-12,2025-W01,Mon,1,7,3.5,Sentosa_HarbF,Sentosa / HarbourFront,7,70.56,20.16,SGD
drv_siti_sg_10,Siti Rahman,firefighter,2024-12-30,2024-12,2025-W01,Mon,2,17,2.71,Jurong_East,Jurong East,5,54.6,20.15,SGD
drv_siti_sg_10,Siti Rahman,firefighter,2024-12-30,2024-12,2025-W01,Mon,3,22,3.39,Marina_Bay,Marina Bay / Sands,7,68.47,20.2,SGD
drv_siti_sg_10,Siti Rahman,firefighter,2024-12-31,2024-12,2025-W01,Tue,1,8,3.25,Marina_Bay,Marina Bay / Sands,8,76.57,23.56,SGD
drv_siti_sg_10,Siti Rahman,firefighter,2024-12-31,2024-12,2025-W01,Tue,2,19,3.65,Marina_Bay,Marina Bay / Sands,10,86.2,23.62,SGD
drv_siti_sg_10,Siti Rahman,firefighter,2025-01-02,2025-01,2025-W01,Thu,1,9,2.89,Sentosa_HarbF,Sentosa / HarbourFront,5,80.47,27.84,SGD
drv_siti_sg_10,Siti Rahman,firefighter,2025-01-02,2025-01,2025-W01,Thu,2,17,3.31,Sentosa_HarbF,Sentosa / HarbourFront,6,91.91,27.77,SGD
drv_siti_sg_10,Siti Rahman,firefighter,2025-01-03,2025-01,2025-W01,Fri,1,9,3.25,Tampines,Tampines,7,70.31,21.63,SGD
drv_siti_sg_10,Siti Rahman,firefighter,2025-01-03,2025-01,2025-W01,Fri,2,20,3.88,Tampines,Tampines,9,84.06,21.66,SGD
drv_siti_sg_10,Siti Rahman,firefighter,2025-01-03,2025-01,2025-W01,Fri,3,0,3.37,Tampines,Tampines,8,73.06,21.68,SGD
drv_siti_sg_10,Siti Rahman,firefighter,2025-01-04,2025-01,2025-W01,Sat,1,8,3.14,Sentosa_HarbF,Sentosa / HarbourFront,5,73.89,23.53,SGD
drv_siti_sg_10,Siti Rahman,firefighter,2025-01-04,2025-01,2025-W01,Sat,2,18,3.1,Marina_Bay,Marina Bay / Sands,5,73.06,23.57,SGD
drv_siti_sg_10,Siti Rahman,firefighter,2025-01-04,2025-01,2025-W01,Sat,3,21,2.76,Sentosa_HarbF,Sentosa / HarbourFront,5,65.05,23.57,SGD
drv_siti_sg_10,Siti Rahman,firefighter,2025-01-05,2025-01,2025-W01,Sun,1,9,3.07,Tampines,Tampines,3,43.84,14.28,SGD
drv_siti_sg_10,Siti Rahman,firefighter,2025-01-05,2025-01,2025-W01,Sun,2,18,4.08,Sentosa_HarbF,Sentosa / HarbourFront,4,58.29,14.29,SGD
drv_siti_sg_10,Siti Rahman,firefighter,2025-01-05,2025-01,2025-W01,Sun,3,0,4.35,Tampines,Tampines,5,62.08,14.27,SGD
drv_siti_sg_10,Siti Rahman,firefighter,2025-01-06,2025-01,2025-W02,Mon,1,8,3.61,Marina_Bay,Marina Bay / Sands,6,49.1,13.6,SGD
drv_siti_sg_10,Siti Rahman,firefighter,2025-01-06,2025-01,2025-W02,Mon,2,19,2.93,Marina_Bay,Marina Bay / Sands,5,39.81,13.59,SGD
drv_siti_sg_10,Siti Rahman,firefighter,2025-01-06,2025-01,2025-W02,Mon,3,23,3.16,Tampines,Tampines,5,42.89,13.57,SGD
drv_siti_sg_10,Siti Rahman,firefighter,2025-01-07,2025-01,2025-W02,Tue,1,7,2.8,Sentosa_HarbF,Sentosa / HarbourFront,3,32.54,11.62,SGD
drv_siti_sg_10,Siti Rahman,firefighter,2025-01-07,2025-01,2025-W02,Tue,2,18,3.33,Marina_Bay,Marina Bay / Sands,3,38.78,11.65,SGD
drv_siti_sg_10,Siti Rahman,firefighter,2025-01-07,2025-01,2025-W02,Tue,3,21,2.77,Marina_Bay,Marina Bay / Sands,2,32.26,11.65,SGD
drv_siti_sg_10,Siti Rahman,firefighter,2025-01-09,2025-01,2025-W02,Thu,1,8,4.11,Marina_Bay,Marina Bay / Sands,8,84.14,20.47,SGD
drv_siti_sg_10,Siti Rahman,firefighter,2025-01-09,2025-01,2025-W02,Thu,2,17,3.69,Sentosa_HarbF,Sentosa / HarbourFront,7,75.43,20.44,SGD
drv_siti_sg_10,Siti Rahman,firefighter,2025-01-10,2025-01,2025-W02,Fri,1,18,2.94,Jurong_East,Jurong East,5,103.69,35.27,SGD
drv_siti_sg_10,Siti Rahman,firefighter,2025-01-10,2025-01,2025-W02,Fri,2,23,3.66,Marina_Bay,Marina Bay / Sands,6,129.37,35.35,SGD
drv_siti_sg_10,Siti Rahman,firefighter,2025-01-11,2025-01,2025-W02,Sat,1,8,3.22,Tampines,Tampines,3,52.82,16.4,SGD
drv_siti_sg_10,Siti Rahman,firefighter,2025-01-11,2025-01,2025-W02,Sat,2,18,4.16,Jurong_East,Jurong East,4,68.29,16.42,SGD
drv_siti_sg_10,Siti Rahman,firefighter,2025-01-11,2025-01,2025-W02,Sat,3,23,3.32,Tampines,Tampines,3,54.57,16.44,SGD
drv_siti_sg_10,Siti Rahman,firefighter,2025-01-12,2025-01,2025-W02,Sun,1,8,3.48,Marina_Bay,Marina Bay / Sands,5,52.16,14.99,SGD
drv_siti_sg_10,Siti Rahman,firefighter,2025-01-12,2025-01,2025-W02,Sun,2,20,3.34,Tampines,Tampines,5,49.97,14.96,SGD
drv_siti_sg_10,Siti Rahman,firefighter,2025-01-12,2025-01,2025-W02,Sun,3,23,3.88,Marina_Bay,Marina Bay / Sands,6,58.03,14.96,SGD
drv_siti_sg_10,Siti Rahman,firefighter,2025-01-13,2025-01,2025-W03,Mon,1,9,3.99,Tampines,Tampines,9,47.88,12.0,SGD
drv_siti_sg_10,Siti Rahman,firefighter,2025-01-13,2025-01,2025-W03,Mon,2,19,3.44,Sentosa_HarbF,Sentosa / HarbourFront,8,41.26,11.99,SGD
drv_siti_sg_10,Siti Rahman,firefighter,2025-01-13,2025-01,2025-W03,Mon,3,22,3.47,Jurong_East,Jurong East,8,41.56,11.98,SGD
drv_siti_sg_10,Siti Rahman,firefighter,2025-01-14,2025-01,2025-W03,Tue,1,8,3.94,Tampines,Tampines,6,51.05,12.96,SGD
drv_siti_sg_10,Siti Rahman,firefighter,2025-01-14,2025-01,2025-W03,Tue,2,17,4.18,Marina_Bay,Marina Bay / Sands,6,54.2,12.97,SGD
drv_siti_sg_10,Siti Rahman,firefighter,2025-01-14,2025-01,2025-W03,Tue,3,22,3.78,Sentosa_HarbF,Sentosa / HarbourFront,5,49.03,12.97,SGD
drv_siti_sg_10,Siti Rahman,firefighter,2025-01-16,2025-01,2025-W03,Thu,1,8,4.06,Jurong_East,Jurong East,5,65.74,16.19,SGD
drv_siti_sg_10,Siti Rahman,firefighter,2025-01-16,2025-01,2025-W03,Thu,2,19,3.69,Marina_Bay,Marina Bay / Sands,5,59.73,16.19,SGD
drv_siti_sg_10,Siti Rahman,firefighter,2025-01-16,2025-01,2025-W03,Thu,3,21,4.16,Jurong_East,Jurong East,5,67.32,16.18,SGD
drv_siti_sg_10,Siti Rahman,firefighter,2025-01-17,2025-01,2025-W03,Fri,1,7,4.12,Jurong_East,Jurong East,6,56.11,13.62,SGD
drv_siti_sg_10,Siti Rahman,firefighter,2025-01-17,2025-01,2025-W03,Fri,2,18,3.35,Marina_Bay,Marina Bay / Sands,5,45.66,13.63,SGD
drv_siti_sg_10,Siti Rahman,firefighter,2025-01-17,2025-01,2025-W03,Fri,3,23,4.33,Sentosa_HarbF,Sentosa / HarbourFront,6,58.89,13.6,SGD
drv_siti_sg_10,Siti Rahman,firefighter,2025-01-18,2025-01,2025-W03,Sat,1,7,3.09,Jurong_East,Jurong East,6,74.56,24.13,SGD
drv_siti_sg_10,Siti Rahman,firefighter,2025-01-18,2025-01,2025-W03,Sat,2,19,2.95,Marina_Bay,Marina Bay / Sands,6,71.08,24.09,SGD
drv_siti_sg_10,Siti Rahman,firefighter,2025-01-18,2025-01,2025-W03,Sat,3,0,3.16,Marina_Bay,Marina Bay / Sands,7,76.27,24.14,SGD
drv_siti_sg_10,Siti Rahman,firefighter,2025-01-19,2025-01,2025-W03,Sun,1,8,2.59,Jurong_East,Jurong East,5,63.05,24.34,SGD
drv_siti_sg_10,Siti Rahman,firefighter,2025-01-19,2025-01,2025-W03,Sun,2,19,3.1,Tampines,Tampines,6,75.42,24.33,SGD
drv_siti_sg_10,Siti Rahman,firefighter,2025-01-19,2025-01,2025-W03,Sun,3,22,2.51,Marina_Bay,Marina Bay / Sands,5,61.15,24.36,SGD
drv_siti_sg_10,Siti Rahman,firefighter,2025-01-20,2025-01,2025-W04,Mon,1,8,3.57,Jurong_East,Jurong East,5,84.48,23.66,SGD
drv_siti_sg_10,Siti Rahman,firefighter,2025-01-20,2025-01,2025-W04,Mon,2,20,3.53,Marina_Bay,Marina Bay / Sands,5,83.37,23.62,SGD
drv_siti_sg_10,Siti Rahman,firefighter,2025-01-21,2025-01,2025-W04,Tue,1,9,4.09,Jurong_East,Jurong East,7,89.25,21.82,SGD
drv_siti_sg_10,Siti Rahman,firefighter,2025-01-21,2025-01,2025-W04,Tue,2,22,3.21,Tampines,Tampines,5,70.21,21.87,SGD
drv_siti_sg_10,Siti Rahman,firefighter,2025-01-23,2025-01,2025-W04,Thu,1,8,3.48,Tampines,Tampines,7,61.8,17.76,SGD
drv_siti_sg_10,Siti Rahman,firefighter,2025-01-23,2025-01,2025-W04,Thu,2,18,2.66,Sentosa_HarbF,Sentosa / HarbourFront,5,47.13,17.72,SGD
drv_siti_sg_10,Siti Rahman,firefighter,2025-01-23,2025-01,2025-W04,Thu,3,0,3.16,Marina_Bay,Marina Bay / Sands,6,56.0,17.72,SGD
drv_siti_sg_10,Siti Rahman,firefighter,2025-01-24,2025-01,2025-W04,Fri,1,17,3.5,Sentosa_HarbF,Sentosa / HarbourFront,11,111.56,31.87,SGD
drv_siti_sg_10,Siti Rahman,firefighter,2025-01-24,2025-01,2025-W04,Fri,2,22,3.4,Marina_Bay,Marina Bay / Sands,11,108.44,31.89,SGD
drv_siti_sg_10,Siti Rahman,firefighter,2025-01-25,2025-01,2025-W04,Sat,1,9,2.89,Tampines,Tampines,5,30.35,10.5,SGD
drv_siti_sg_10,Siti Rahman,firefighter,2025-01-25,2025-01,2025-W04,Sat,2,18,2.97,Marina_Bay,Marina Bay / Sands,5,31.28,10.53,SGD
drv_siti_sg_10,Siti Rahman,firefighter,2025-01-25,2025-01,2025-W04,Sat,3,23,3.74,Jurong_East,Jurong East,7,39.36,10.52,SGD
drv_siti_sg_10,Siti Rahman,firefighter,2025-01-26,2025-01,2025-W04,Sun,1,9,3.59,Sentosa_HarbF,Sentosa / HarbourFront,7,47.66,13.28,SGD
drv_siti_sg_10,Siti Rahman,firefighter,2025-01-26,2025-01,2025-W04,Sun,2,19,3.11,Jurong_East,Jurong East,6,41.32,13.29,SGD
drv_siti_sg_10,Siti Rahman,firefighter,2025-01-27,2025-01,2025-W05,Mon,1,9,3.11,Jurong_East,Jurong East,4,27.97,8.99,SGD
drv_siti_sg_10,Siti Rahman,firefighter,2025-01-27,2025-01,2025-W05,Mon,2,19,3.81,Tampines,Tampines,5,34.23,8.98,SGD
drv_siti_sg_10,Siti Rahman,firefighter,2025-01-27,2025-01,2025-W05,Mon,3,22,3.39,Sentosa_HarbF,Sentosa / HarbourFront,4,30.46,8.99,SGD
drv_siti_sg_10,Siti Rahman,firefighter,2025-01-28,2025-01,2025-W05,Tue,1,8,3.48,Jurong_East,Jurong East,5,47.96,13.78,SGD
drv_siti_sg_10,Siti Rahman,firefighter,2025-01-28,2025-01,2025-W05,Tue,2,20,3.18,Marina_Bay,Marina Bay / Sands,5,43.78,13.77,SGD
drv_siti_sg_10,Siti Rahman,firefighter,2025-01-28,2025-01,2025-W05,Tue,3,23,3.14,Marina_Bay,Marina Bay / Sands,4,43.22,13.76,SGD
drv_siti_sg_10,Siti Rahman,firefighter,2025-01-30,2025-01,2025-W05,Thu,1,8,2.76,Tampines,Tampines,5,29.96,10.86,SGD
drv_siti_sg_10,Siti Rahman,firefighter,2025-01-30,2025-01,2025-W05,Thu,2,17,3.02,Sentosa_HarbF,Sentosa / HarbourFront,5,32.81,10.86,SGD
drv_siti_sg_10,Siti Rahman,firefighter,2025-01-30,2025-01,2025-W05,Thu,3,21,3.22,Tampines,Tampines,6,34.91,10.84,SGD
drv_siti_sg_10,Siti Rahman,firefighter,2025-01-31,2025-01,2025-W05,Fri,1,7,3.17,Jurong_East,Jurong East,5,82.16,25.92,SGD
drv_siti_sg_10,Siti Rahman,firefighter,2025-01-31,2025-01,2025-W05,Fri,2,17,3.73,Marina_Bay,Marina Bay / Sands,6,96.63,25.91,SGD
drv_siti_sg_10,Siti Rahman,firefighter,2025-02-01,2025-02,2025-W05,Sat,1,8,3.65,Jurong_East,Jurong East,5,58.69,16.08,SGD
drv_siti_sg_10,Siti Rahman,firefighter,2025-02-01,2025-02,2025-W05,Sat,2,23,3.85,Tampines,Tampines,5,62.06,16.12,SGD
drv_siti_sg_10,Siti Rahman,firefighter,2025-02-02,2025-02,2025-W05,Sun,1,7,3.98,Tampines,Tampines,4,65.09,16.35,SGD
drv_siti_sg_10,Siti Rahman,firefighter,2025-02-02,2025-02,2025-W05,Sun,2,18,4.05,Marina_Bay,Marina Bay / Sands,4,66.22,16.35,SGD
drv_siti_sg_10,Siti Rahman,firefighter,2025-02-02,2025-02,2025-W05,Sun,3,21,2.97,Marina_Bay,Marina Bay / Sands,3,48.49,16.33,SGD
drv_siti_sg_10,Siti Rahman,firefighter,2025-02-03,2025-02,2025-W06,Mon,1,7,3.93,Jurong_East,Jurong East,5,51.94,13.22,SGD
drv_siti_sg_10,Siti Rahman,firefighter,2025-02-03,2025-02,2025-W06,Mon,2,17,3.88,Jurong_East,Jurong East,5,51.37,13.24,SGD
drv_siti_sg_10,Siti Rahman,firefighter,2025-02-03,2025-02,2025-W06,Mon,3,21,2.89,Marina_Bay,Marina Bay / Sands,4,38.27,13.24,SGD
drv_siti_sg_10,Siti Rahman,firefighter,2025-02-04,2025-02,2025-W06,Tue,1,9,3.19,Tampines,Tampines,7,81.3,25.49,SGD
drv_siti_sg_10,Siti Rahman,firefighter,2025-02-04,2025-02,2025-W06,Tue,2,19,3.41,Jurong_East,Jurong East,7,86.68,25.42,SGD
drv_siti_sg_10,Siti Rahman,firefighter,2025-02-06,2025-02,2025-W06,Thu,1,8,2.55,Marina_Bay,Marina Bay / Sands,5,52.86,20.73,SGD
drv_siti_sg_10,Siti Rahman,firefighter,2025-02-06,2025-02,2025-W06,Thu,2,18,2.86,Sentosa_HarbF,Sentosa / HarbourFront,5,59.29,20.73,SGD
drv_siti_sg_10,Siti Rahman,firefighter,2025-02-06,2025-02,2025-W06,Thu,3,0,3.39,Jurong_East,Jurong East,6,70.35,20.75,SGD
drv_siti_sg_10,Siti Rahman,firefighter,2025-02-07,2025-02,2025-W06,Fri,1,7,2.7,Sentosa_HarbF,Sentosa / HarbourFront,3,68.28,25.29,SGD
drv_siti_sg_10,Siti Rahman,firefighter,2025-02-07,2025-02,2025-W06,Fri,2,19,3.11,Tampines,Tampines,4,78.72,25.31,SGD
drv_siti_sg_10,Siti Rahman,firefighter,2025-02-07,2025-02,2025-W06,Fri,3,21,3.0,Marina_Bay,Marina Bay / Sands,3,75.94,25.31,SGD
drv_siti_sg_10,Siti Rahman,firefighter,2025-02-08,2025-02,2025-W06,Sat,1,8,4.63,Sentosa_HarbF,Sentosa / HarbourFront,12,103.01,22.25,SGD
drv_siti_sg_10,Siti Rahman,firefighter,2025-02-08,2025-02,2025-W06,Sat,2,23,3.27,Jurong_East,Jurong East,8,72.69,22.23,SGD
drv_siti_sg_10,Siti Rahman,firefighter,2025-02-09,2025-02,2025-W06,Sun,1,9,3.93,Marina_Bay,Marina Bay / Sands,5,61.31,15.6,SGD
drv_siti_sg_10,Siti Rahman,firefighter,2025-02-09,2025-02,2025-W06,Sun,2,20,4.35,Sentosa_HarbF,Sentosa / HarbourFront,5,67.85,15.6,SGD
drv_siti_sg_10,Siti Rahman,firefighter,2025-02-09,2025-02,2025-W06,Sun,3,0,3.31,Jurong_East,Jurong East,4,51.59,15.59,SGD
drv_siti_sg_10,Siti Rahman,firefighter,2025-02-10,2025-02,2025-W07,Mon,1,7,4.26,Sentosa_HarbF,Sentosa / HarbourFront,3,43.31,10.17,SGD
drv_siti_sg_10,Siti Rahman,firefighter,2025-02-10,2025-02,2025-W07,Mon,2,18,3.32,Tampines,Tampines,3,33.82,10.19,SGD
drv_siti_sg_10,Siti Rahman,firefighter,2025-02-10,2025-02,2025-W07,Mon,3,22,4.02,Tampines,Tampines,3,40.88,10.17,SGD
drv_siti_sg_10,Siti Rahman,firefighter,2025-02-11,2025-02,2025-W07,Tue,1,9,3.69,Marina_Bay,Marina Bay / Sands,3,49.82,13.5,SGD
drv_siti_sg_10,Siti Rahman,firefighter,2025-02-11,2025-02,2025-W07,Tue,2,17,3.64,Sentosa_HarbF,Sentosa / HarbourFront,3,49.12,13.49,SGD
drv_siti_sg_10,Siti Rahman,firefighter,2025-02-11,2025-02,2025-W07,Tue,3,0,4.16,Marina_Bay,Marina Bay / Sands,3,56.12,13.49,SGD
drv_siti_sg_10,Siti Rahman,firefighter,2025-02-13,2025-02,2025-W07,Thu,1,8,2.68,Jurong_East,Jurong East,5,49.84,18.6,SGD
drv_siti_sg_10,Siti Rahman,firefighter,2025-02-13,2025-02,2025-W07,Thu,2,19,3.73,Tampines,Tampines,7,69.27,18.57,SGD
drv_siti_sg_10,Siti Rahman,firefighter,2025-02-13,2025-02,2025-W07,Thu,3,23,3.58,Jurong_East,Jurong East,7,66.51,18.58,SGD
drv_siti_sg_10,Siti Rahman,firefighter,2025-02-14,2025-02,2025-W07,Fri,1,17,3.3,Marina_Bay,Marina Bay / Sands,6,88.95,26.95,SGD
drv_siti_sg_10,Siti Rahman,firefighter,2025-02-14,2025-02,2025-W07,Fri,2,23,2.8,Tampines,Tampines,5,75.25,26.88,SGD
drv_siti_sg_10,Siti Rahman,firefighter,2025-02-15,2025-02,2025-W07,Sat,1,7,3.07,Marina_Bay,Marina Bay / Sands,4,79.83,26.0,SGD
drv_siti_sg_10,Siti Rahman,firefighter,2025-02-15,2025-02,2025-W07,Sat,2,17,2.53,Jurong_East,Jurong East,3,65.66,25.95,SGD
drv_siti_sg_10,Siti Rahman,firefighter,2025-02-15,2025-02,2025-W07,Sat,3,23,3.3,Marina_Bay,Marina Bay / Sands,4,85.65,25.95,SGD
drv_siti_sg_10,Siti Rahman,firefighter,2025-02-16,2025-02,2025-W07,Sun,1,9,3.18,Jurong_East,Jurong East,7,56.27,17.69,SGD
drv_siti_sg_10,Siti Rahman,firefighter,2025-02-16,2025-02,2025-W07,Sun,2,17,3.55,Jurong_East,Jurong East,8,62.73,17.67,SGD
drv_siti_sg_10,Siti Rahman,firefighter,2025-02-16,2025-02,2025-W07,Sun,3,0,4.27,Tampines,Tampines,9,75.48,17.68,SGD
drv_siti_sg_10,Siti Rahman,firefighter,2025-02-17,2025-02,2025-W08,Mon,1,9,3.47,Jurong_East,Jurong East,11,61.15,17.62,SGD
drv_siti_sg_10,Siti Rahman,firefighter,2025-02-17,2025-02,2025-W08,Mon,2,19,2.83,Jurong_East,Jurong East,9,49.75,17.58,SGD
drv_siti_sg_10,Siti Rahman,firefighter,2025-02-18,2025-02,2025-W08,Tue,1,8,4.0,Jurong_East,Jurong East,4,79.79,19.95,SGD
drv_siti_sg_10,Siti Rahman,firefighter,2025-02-18,2025-02,2025-W08,Tue,2,23,3.9,Jurong_East,Jurong East,4,77.93,19.98,SGD
drv_siti_sg_10,Siti Rahman,firefighter,2025-02-20,2025-02,2025-W08,Thu,1,7,4.37,Jurong_East,Jurong East,9,26.1,5.97,SGD
drv_siti_sg_10,Siti Rahman,firefighter,2025-02-20,2025-02,2025-W08,Thu,2,20,3.16,Tampines,Tampines,6,18.88,5.97,SGD
drv_siti_sg_10,Siti Rahman,firefighter,2025-02-20,2025-02,2025-W08,Thu,3,22,4.37,Sentosa_HarbF,Sentosa / HarbourFront,9,26.06,5.96,SGD
drv_siti_sg_10,Siti Rahman,firefighter,2025-02-21,2025-02,2025-W08,Fri,1,9,4.19,Marina_Bay,Marina Bay / Sands,6,91.92,21.94,SGD
drv_siti_sg_10,Siti Rahman,firefighter,2025-02-21,2025-02,2025-W08,Fri,2,18,3.04,Jurong_East,Jurong East,5,66.58,21.9,SGD
drv_siti_sg_10,Siti Rahman,firefighter,2025-02-21,2025-02,2025-W08,Fri,3,21,3.27,Marina_Bay,Marina Bay / Sands,5,71.7,21.93,SGD
drv_siti_sg_10,Siti Rahman,firefighter,2025-02-22,2025-02,2025-W08,Sat,1,9,3.47,Tampines,Tampines,6,84.21,24.27,SGD
drv_siti_sg_10,Siti Rahman,firefighter,2025-02-22,2025-02,2025-W08,Sat,2,18,3.34,Tampines,Tampines,6,80.95,24.24,SGD
drv_siti_sg_10,Siti Rahman,firefighter,2025-02-22,2025-02,2025-W08,Sat,3,23,3.49,Tampines,Tampines,6,84.56,24.23,SGD
drv_siti_sg_10,Siti Rahman,firefighter,2025-02-23,2025-02,2025-W08,Sun,1,9,3.67,Jurong_East,Jurong East,5,76.13,20.74,SGD
drv_siti_sg_10,Siti Rahman,firefighter,2025-02-23,2025-02,2025-W08,Sun,2,18,3.33,Jurong_East,Jurong East,5,69.05,20.74,SGD
drv_siti_sg_10,Siti Rahman,firefighter,2025-02-24,2025-02,2025-W09,Mon,1,8,2.54,Sentosa_HarbF,Sentosa / HarbourFront,6,36.01,14.18,SGD
drv_siti_sg_10,Siti Rahman,firefighter,2025-02-24,2025-02,2025-W09,Mon,2,18,2.75,Jurong_East,Jurong East,7,38.99,14.18,SGD
drv_siti_sg_10,Siti Rahman,firefighter,2025-02-24,2025-02,2025-W09,Mon,3,23,3.01,Sentosa_HarbF,Sentosa / HarbourFront,8,42.77,14.21,SGD
drv_siti_sg_10,Siti Rahman,firefighter,2025-02-25,2025-02,2025-W09,Tue,1,7,3.78,Jurong_East,Jurong East,5,83.98,22.22,SGD
drv_siti_sg_10,Siti Rahman,firefighter,2025-02-25,2025-02,2025-W09,Tue,2,20,3.72,Jurong_East,Jurong East,5,82.64,22.22,SGD
drv_siti_sg_10,Siti Rahman,firefighter,2025-02-27,2025-02,2025-W09,Thu,1,7,3.34,Marina_Bay,Marina Bay / Sands,5,58.69,17.57,SGD
drv_siti_sg_10,Siti Rahman,firefighter,2025-02-27,2025-02,2025-W09,Thu,2,18,4.36,Jurong_East,Jurong East,7,76.77,17.61,SGD
drv_siti_sg_10,Siti Rahman,firefighter,2025-02-27,2025-02,2025-W09,Thu,3,22,4.1,Tampines,Tampines,7,72.08,17.58,SGD
drv_siti_sg_10,Siti Rahman,firefighter,2025-02-28,2025-02,2025-W09,Fri,1,19,3.25,Tampines,Tampines,10,83.3,25.63,SGD
drv_siti_sg_10,Siti Rahman,firefighter,2025-02-28,2025-02,2025-W09,Fri,2,23,3.05,Sentosa_HarbF,Sentosa / HarbourFront,9,78.31,25.68,SGD
drv_siti_sg_10,Siti Rahman,firefighter,2025-03-01,2025-03,2025-W09,Sat,1,8,3.54,Marina_Bay,Marina Bay / Sands,4,60.3,17.03,SGD
drv_siti_sg_10,Siti Rahman,firefighter,2025-03-01,2025-03,2025-W09,Sat,2,20,3.28,Marina_Bay,Marina Bay / Sands,4,55.91,17.05,SGD
drv_siti_sg_10,Siti Rahman,firefighter,2025-03-01,2025-03,2025-W09,Sat,3,22,4.29,Jurong_East,Jurong East,5,73.1,17.04,SGD
drv_siti_sg_10,Siti Rahman,firefighter,2025-03-02,2025-03,2025-W09,Sun,1,9,2.75,Sentosa_HarbF,Sentosa / HarbourFront,8,47.27,17.19,SGD
drv_siti_sg_10,Siti Rahman,firefighter,2025-03-02,2025-03,2025-W09,Sun,2,18,2.93,Jurong_East,Jurong East,8,50.35,17.18,SGD
drv_siti_sg_10,Siti Rahman,firefighter,2025-03-02,2025-03,2025-W09,Sun,3,21,3.12,Marina_Bay,Marina Bay / Sands,9,53.62,17.19,SGD
drv_siti_sg_10,Siti Rahman,firefighter,2025-03-03,2025-03,2025-W10,Mon,1,9,3.35,Jurong_East,Jurong East,4,40.69,12.15,SGD
drv_siti_sg_10,Siti Rahman,firefighter,2025-03-03,2025-03,2025-W10,Mon,2,18,3.77,Sentosa_HarbF,Sentosa / HarbourFront,5,45.84,12.16,SGD
drv_siti_sg_10,Siti Rahman,firefighter,2025-03-03,2025-03,2025-W10,Mon,3,21,2.78,Marina_Bay,Marina Bay / Sands,4,33.73,12.13,SGD
drv_siti_sg_10,Siti Rahman,firefighter,2025-03-04,2025-03,2025-W10,Tue,1,9,2.66,Tampines,Tampines,3,37.17,13.97,SGD
drv_siti_sg_10,Siti Rahman,firefighter,2025-03-04,2025-03,2025-W10,Tue,2,20,3.1,Marina_Bay,Marina Bay / Sands,3,43.3,13.97,SGD
drv_siti_sg_10,Siti Rahman,firefighter,2025-03-04,2025-03,2025-W10,Tue,3,0,2.73,Sentosa_HarbF,Sentosa / HarbourFront,3,38.08,13.95,SGD
drv_siti_sg_10,Siti Rahman,firefighter,2025-03-06,2025-03,2025-W10,Thu,1,18,2.97,Marina_Bay,Marina Bay / Sands,5,68.05,22.91,SGD
drv_siti_sg_10,Siti Rahman,firefighter,2025-03-06,2025-03,2025-W10,Thu,2,22,3.43,Marina_Bay,Marina Bay / Sands,5,78.51,22.89,SGD
drv_siti_sg_10,Siti Rahman,firefighter,2025-03-07,2025-03,2025-W10,Fri,1,9,3.22,Sentosa_HarbF,Sentosa / HarbourFront,3,29.92,9.29,SGD
drv_siti_sg_10,Siti Rahman,firefighter,2025-03-07,2025-03,2025-W10,Fri,2,20,3.15,Sentosa_HarbF,Sentosa / HarbourFront,3,29.28,9.3,SGD
drv_siti_sg_10,Siti Rahman,firefighter,2025-03-07,2025-03,2025-W10,Fri,3,22,3.23,Jurong_East,Jurong East,3,30.02,9.29,SGD
drv_siti_sg_10,Siti Rahman,firefighter,2025-03-08,2025-03,2025-W10,Sat,1,8,4.16,Sentosa_HarbF,Sentosa / HarbourFront,7,29.16,7.01,SGD
drv_siti_sg_10,Siti Rahman,firefighter,2025-03-08,2025-03,2025-W10,Sat,2,18,3.99,Tampines,Tampines,7,27.98,7.01,SGD
drv_siti_sg_10,Siti Rahman,firefighter,2025-03-08,2025-03,2025-W10,Sat,3,0,3.56,Jurong_East,Jurong East,6,24.96,7.01,SGD
drv_siti_sg_10,Siti Rahman,firefighter,2025-03-09,2025-03,2025-W10,Sun,1,7,3.77,Marina_Bay,Marina Bay / Sands,8,28.89,7.66,SGD
drv_siti_sg_10,Siti Rahman,firefighter,2025-03-09,2025-03,2025-W10,Sun,2,19,3.3,Sentosa_HarbF,Sentosa / HarbourFront,7,25.28,7.66,SGD
drv_siti_sg_10,Siti Rahman,firefighter,2025-03-09,2025-03,2025-W10,Sun,3,21,4.13,Marina_Bay,Marina Bay / Sands,9,31.61,7.65,SGD
drv_siti_sg_10,Siti Rahman,firefighter,2025-03-10,2025-03,2025-W11,Mon,1,8,3.86,Jurong_East,Jurong East,6,44.41,11.51,SGD
drv_siti_sg_10,Siti Rahman,firefighter,2025-03-10,2025-03,2025-W11,Mon,2,18,4.14,Jurong_East,Jurong East,6,47.69,11.52,SGD
drv_siti_sg_10,Siti Rahman,firefighter,2025-03-10,2025-03,2025-W11,Mon,3,21,3.8,Marina_Bay,Marina Bay / Sands,6,43.76,11.52,SGD
drv_siti_sg_10,Siti Rahman,firefighter,2025-03-11,2025-03,2025-W11,Tue,1,8,4.51,Marina_Bay,Marina Bay / Sands,5,39.36,8.73,SGD
drv_siti_sg_10,Siti Rahman,firefighter,2025-03-11,2025-03,2025-W11,Tue,2,19,3.8,Marina_Bay,Marina Bay / Sands,4,33.19,8.73,SGD
drv_siti_sg_10,Siti Rahman,firefighter,2025-03-11,2025-03,2025-W11,Tue,3,23,3.59,Tampines,Tampines,4,31.36,8.74,SGD
drv_siti_sg_10,Siti Rahman,firefighter,2025-03-13,2025-03,2025-W11,Thu,1,7,3.24,Jurong_East,Jurong East,6,39.64,12.23,SGD
drv_siti_sg_10,Siti Rahman,firefighter,2025-03-13,2025-03,2025-W11,Thu,2,18,2.74,Tampines,Tampines,5,33.51,12.23,SGD
drv_siti_sg_10,Siti Rahman,firefighter,2025-03-13,2025-03,2025-W11,Thu,3,21,3.32,Sentosa_HarbF,Sentosa / HarbourFront,6,40.7,12.26,SGD
drv_siti_sg_10,Siti Rahman,firefighter,2025-03-14,2025-03,2025-W11,Fri,1,9,3.02,Jurong_East,Jurong East,6,45.35,15.02,SGD
drv_siti_sg_10,Siti Rahman,firefighter,2025-03-14,2025-03,2025-W11,Fri,2,19,3.18,Sentosa_HarbF,Sentosa / HarbourFront,6,47.72,15.01,SGD
drv_siti_sg_10,Siti Rahman,firefighter,2025-03-14,2025-03,2025-W11,Fri,3,0,3.4,Marina_Bay,Marina Bay / Sands,7,50.96,14.99,SGD
drv_siti_sg_10,Siti Rahman,firefighter,2025-03-15,2025-03,2025-W11,Sat,1,8,3.7,Sentosa_HarbF,Sentosa / HarbourFront,5,43.92,11.87,SGD
drv_siti_sg_10,Siti Rahman,firefighter,2025-03-15,2025-03,2025-W11,Sat,2,18,3.55,Sentosa_HarbF,Sentosa / HarbourFront,5,42.24,11.9,SGD
drv_siti_sg_10,Siti Rahman,firefighter,2025-03-15,2025-03,2025-W11,Sat,3,23,4.15,Jurong_East,Jurong East,6,49.34,11.89,SGD
drv_siti_sg_10,Siti Rahman,firefighter,2025-03-16,2025-03,2025-W11,Sun,1,7,2.93,Sentosa_HarbF,Sentosa / HarbourFront,7,32.08,10.95,SGD
drv_siti_sg_10,Siti Rahman,firefighter,2025-03-16,2025-03,2025-W11,Sun,2,23,3.47,Tampines,Tampines,8,37.91,10.93,SGD
drv_siti_sg_10,Siti Rahman,firefighter,2025-03-17,2025-03,2025-W12,Mon,1,8,3.72,Jurong_East,Jurong East,7,42.4,11.4,SGD
drv_siti_sg_10,Siti Rahman,firefighter,2025-03-17,2025-03,2025-W12,Mon,2,19,3.67,Marina_Bay,Marina Bay / Sands,7,41.88,11.41,SGD
drv_siti_sg_10,Siti Rahman,firefighter,2025-03-17,2025-03,2025-W12,Mon,3,0,3.31,Sentosa_HarbF,Sentosa / HarbourFront,6,37.74,11.4,SGD
drv_siti_sg_10,Siti Rahman,firefighter,2025-03-18,2025-03,2025-W12,Tue,1,7,3.84,Marina_Bay,Marina Bay / Sands,11,58.1,15.13,SGD
drv_siti_sg_10,Siti Rahman,firefighter,2025-03-18,2025-03,2025-W12,Tue,2,17,4.06,Jurong_East,Jurong East,11,61.44,15.13,SGD
drv_siti_sg_10,Siti Rahman,firefighter,2025-03-20,2025-03,2025-W12,Thu,1,7,3.41,Marina_Bay,Marina Bay / Sands,3,41.48,12.16,SGD
drv_siti_sg_10,Siti Rahman,firefighter,2025-03-20,2025-03,2025-W12,Thu,2,17,2.66,Sentosa_HarbF,Sentosa / HarbourFront,2,32.43,12.19,SGD
drv_siti_sg_10,Siti Rahman,firefighter,2025-03-20,2025-03,2025-W12,Thu,3,22,3.53,Jurong_East,Jurong East,3,42.98,12.18,SGD
drv_siti_sg_10,Siti Rahman,firefighter,2025-03-21,2025-03,2025-W12,Fri,1,8,3.69,Sentosa_HarbF,Sentosa / HarbourFront,3,42.8,11.6,SGD
drv_siti_sg_10,Siti Rahman,firefighter,2025-03-21,2025-03,2025-W12,Fri,2,17,3.53,Jurong_East,Jurong East,3,40.9,11.59,SGD
drv_siti_sg_10,Siti Rahman,firefighter,2025-03-21,2025-03,2025-W12,Fri,3,22,4.28,Sentosa_HarbF,Sentosa / HarbourFront,3,49.67,11.61,SGD
drv_siti_sg_10,Siti Rahman,firefighter,2025-03-22,2025-03,2025-W12,Sat,1,8,3.3,Sentosa_HarbF,Sentosa / HarbourFront,5,26.37,7.99,SGD
drv_siti_sg_10,Siti Rahman,firefighter,2025-03-22,2025-03,2025-W12,Sat,2,19,3.26,Marina_Bay,Marina Bay / Sands,5,26.04,7.99,SGD
drv_siti_sg_10,Siti Rahman,firefighter,2025-03-22,2025-03,2025-W12,Sat,3,21,3.45,Jurong_East,Jurong East,5,27.58,7.99,SGD
drv_siti_sg_10,Siti Rahman,firefighter,2025-03-23,2025-03,2025-W12,Sun,1,7,3.37,Jurong_East,Jurong East,10,52.23,15.5,SGD
drv_siti_sg_10,Siti Rahman,firefighter,2025-03-23,2025-03,2025-W12,Sun,2,19,4.33,Marina_Bay,Marina Bay / Sands,13,67.18,15.52,SGD
drv_siti_sg_10,Siti Rahman,firefighter,2025-03-24,2025-03,2025-W13,Mon,1,9,2.59,Marina_Bay,Marina Bay / Sands,4,32.45,12.53,SGD
drv_siti_sg_10,Siti Rahman,firefighter,2025-03-24,2025-03,2025-W13,Mon,2,18,2.85,Jurong_East,Jurong East,4,35.71,12.53,SGD
drv_siti_sg_10,Siti Rahman,firefighter,2025-03-24,2025-03,2025-W13,Mon,3,23,2.86,Jurong_East,Jurong East,4,35.79,12.51,SGD
drv_siti_sg_10,Siti Rahman,firefighter,2025-03-25,2025-03,2025-W13,Tue,1,8,3.77,Tampines,Tampines,6,20.22,5.36,SGD
drv_siti_sg_10,Siti Rahman,firefighter,2025-03-25,2025-03,2025-W13,Tue,2,20,4.17,Tampines,Tampines,7,22.4,5.37,SGD
drv_siti_sg_10,Siti Rahman,firefighter,2025-03-25,2025-03,2025-W13,Tue,3,0,3.66,Marina_Bay,Marina Bay / Sands,6,19.62,5.36,SGD
drv_siti_sg_10,Siti Rahman,firefighter,2025-03-27,2025-03,2025-W13,Thu,1,8,3.05,Tampines,Tampines,9,45.3,14.85,SGD
drv_siti_sg_10,Siti Rahman,firefighter,2025-03-27,2025-03,2025-W13,Thu,2,19,2.82,Tampines,Tampines,8,41.87,14.85,SGD
drv_siti_sg_10,Siti Rahman,firefighter,2025-03-27,2025-03,2025-W13,Thu,3,23,2.73,Sentosa_HarbF,Sentosa / HarbourFront,8,40.56,14.86,SGD
drv_siti_sg_10,Siti Rahman,firefighter,2025-03-28,2025-03,2025-W13,Fri,1,20,4.2,Jurong_East,Jurong East,8,67.8,16.14,SGD
drv_siti_sg_10,Siti Rahman,firefighter,2025-03-28,2025-03,2025-W13,Fri,2,23,3.8,Jurong_East,Jurong East,7,61.44,16.17,SGD
drv_siti_sg_10,Siti Rahman,firefighter,2025-03-29,2025-03,2025-W13,Sat,1,7,4.36,Marina_Bay,Marina Bay / Sands,5,26.65,6.11,SGD
drv_siti_sg_10,Siti Rahman,firefighter,2025-03-29,2025-03,2025-W13,Sat,2,18,3.74,Sentosa_HarbF,Sentosa / HarbourFront,4,22.84,6.11,SGD
drv_siti_sg_10,Siti Rahman,firefighter,2025-03-29,2025-03,2025-W13,Sat,3,21,3.7,Jurong_East,Jurong East,4,22.58,6.1,SGD
drv_siti_sg_10,Siti Rahman,firefighter,2025-03-30,2025-03,2025-W13,Sun,1,17,2.85,Marina_Bay,Marina Bay / Sands,5,34.24,12.01,SGD
drv_siti_sg_10,Siti Rahman,firefighter,2025-03-30,2025-03,2025-W13,Sun,2,21,3.35,Tampines,Tampines,5,40.22,12.01,SGD
drv_siti_sg_10,Siti Rahman,firefighter,2025-03-31,2025-03,2025-W14,Mon,1,18,3.48,Sentosa_HarbF,Sentosa / HarbourFront,7,32.61,9.37,SGD
drv_siti_sg_10,Siti Rahman,firefighter,2025-03-31,2025-03,2025-W14,Mon,2,22,3.42,Sentosa_HarbF,Sentosa / HarbourFront,7,31.98,9.35,SGD
drv_siti_sg_10,Siti Rahman,firefighter,2025-04-01,2025-04,2025-W14,Tue,1,7,4.37,Tampines,Tampines,12,43.11,9.86,SGD
drv_siti_sg_10,Siti Rahman,firefighter,2025-04-01,2025-04,2025-W14,Tue,2,20,3.03,Marina_Bay,Marina Bay / Sands,8,29.91,9.87,SGD
drv_siti_sg_10,Siti Rahman,firefighter,2025-04-03,2025-04,2025-W14,Thu,1,8,3.69,Jurong_East,Jurong East,6,23.81,6.45,SGD
drv_siti_sg_10,Siti Rahman,firefighter,2025-04-03,2025-04,2025-W14,Thu,2,17,3.89,Jurong_East,Jurong East,6,25.12,6.46,SGD
drv_siti_sg_10,Siti Rahman,firefighter,2025-04-03,2025-04,2025-W14,Thu,3,0,4.22,Jurong_East,Jurong East,7,27.22,6.45,SGD
drv_siti_sg_10,Siti Rahman,firefighter,2025-04-04,2025-04,2025-W14,Fri,1,18,2.88,Jurong_East,Jurong East,9,33.91,11.77,SGD
drv_siti_sg_10,Siti Rahman,firefighter,2025-04-04,2025-04,2025-W14,Fri,2,23,3.22,Jurong_East,Jurong East,9,37.88,11.76,SGD
drv_siti_sg_10,Siti Rahman,firefighter,2025-04-05,2025-04,2025-W14,Sat,1,8,3.04,Marina_Bay,Marina Bay / Sands,2,65.58,21.57,SGD
drv_siti_sg_10,Siti Rahman,firefighter,2025-04-05,2025-04,2025-W14,Sat,2,19,4.07,Jurong_East,Jurong East,3,87.82,21.58,SGD
drv_siti_sg_10,Siti Rahman,firefighter,2025-04-05,2025-04,2025-W14,Sat,3,21,3.4,Tampines,Tampines,3,73.39,21.59,SGD
drv_siti_sg_10,Siti Rahman,firefighter,2025-04-06,2025-04,2025-W14,Sun,1,7,4.3,Jurong_East,Jurong East,3,69.02,16.05,SGD
drv_siti_sg_10,Siti Rahman,firefighter,2025-04-06,2025-04,2025-W14,Sun,2,19,3.52,Marina_Bay,Marina Bay / Sands,3,56.57,16.07,SGD
drv_siti_sg_10,Siti Rahman,firefighter,2025-04-06,2025-04,2025-W14,Sun,3,21,3.38,Jurong_East,Jurong East,2,54.17,16.03,SGD
drv_siti_sg_10,Siti Rahman,firefighter,2025-04-07,2025-04,2025-W15,Mon,1,7,3.41,Jurong_East,Jurong East,2,48.23,14.14,SGD
drv_siti_sg_10,Siti Rahman,firefighter,2025-04-07,2025-04,2025-W15,Mon,2,19,3.46,Tampines,Tampines,2,48.98,14.16,SGD
drv_siti_sg_10,Siti Rahman,firefighter,2025-04-07,2025-04,2025-W15,Mon,3,21,4.43,Marina_Bay,Marina Bay / Sands,3,62.61,14.13,SGD
drv_siti_sg_10,Siti Rahman,firefighter,2025-04-08,2025-04,2025-W15,Tue,1,7,3.15,Marina_Bay,Marina Bay / Sands,4,49.96,15.86,SGD
drv_siti_sg_10,Siti Rahman,firefighter,2025-04-08,2025-04,2025-W15,Tue,2,17,2.56,Jurong_East,Jurong East,3,40.62,15.87,SGD
drv_siti_sg_10,Siti Rahman,firefighter,2025-04-08,2025-04,2025-W15,Tue,3,0,2.59,Tampines,Tampines,3,41.08,15.86,SGD
drv_siti_sg_10,Siti Rahman,firefighter,2025-04-10,2025-04,2025-W15,Thu,1,8,4.55,Marina_Bay,Marina Bay / Sands,13,108.2,23.78,SGD
drv_siti_sg_10,Siti Rahman,firefighter,2025-04-10,2025-04,2025-W15,Thu,2,0,3.35,Sentosa_HarbF,Sentosa / HarbourFront,9,79.75,23.81,SGD
drv_siti_sg_10,Siti Rahman,firefighter,2025-04-11,2025-04,2025-W15,Fri,1,9,3.11,Marina_Bay,Marina Bay / Sands,6,51.34,16.51,SGD
drv_siti_sg_10,Siti Rahman,firefighter,2025-04-11,2025-04,2025-W15,Fri,2,19,3.98,Tampines,Tampines,7,65.67,16.5,SGD
drv_siti_sg_10,Siti Rahman,firefighter,2025-04-11,2025-04,2025-W15,Fri,3,0,4.0,Jurong_East,Jurong East,7,66.05,16.51,SGD
drv_siti_sg_10,Siti Rahman,firefighter,2025-04-12,2025-04,2025-W15,Sat,1,9,2.97,Jurong_East,Jurong East,6,77.48,26.09,SGD
drv_siti_sg_10,Siti Rahman,firefighter,2025-04-12,2025-04,2025-W15,Sat,2,21,3.63,Sentosa_HarbF,Sentosa / HarbourFront,7,94.81,26.12,SGD
drv_siti_sg_10,Siti Rahman,firefighter,2025-04-13,2025-04,2025-W15,Sun,1,9,3.2,Tampines,Tampines,10,90.15,28.17,SGD
drv_siti_sg_10,Siti Rahman,firefighter,2025-04-13,2025-04,2025-W15,Sun,2,19,3.0,Jurong_East,Jurong East,10,84.72,28.24,SGD
drv_siti_sg_10,Siti Rahman,firefighter,2025-04-14,2025-04,2025-W16,Mon,1,8,3.54,Jurong_East,Jurong East,7,51.99,14.69,SGD
drv_siti_sg_10,Siti Rahman,firefighter,2025-04-14,2025-04,2025-W16,Mon,2,18,2.97,Tampines,Tampines,6,43.54,14.66,SGD
drv_siti_sg_10,Siti Rahman,firefighter,2025-04-14,2025-04,2025-W16,Mon,3,0,3.09,Jurong_East,Jurong East,6,45.44,14.71,SGD
drv_siti_sg_10,Siti Rahman,firefighter,2025-04-15,2025-04,2025-W16,Tue,1,7,3.17,Tampines,Tampines,5,48.95,15.44,SGD
drv_siti_sg_10,Siti Rahman,firefighter,2025-04-15,2025-04,2025-W16,Tue,2,18,4.03,Jurong_East,Jurong East,6,62.25,15.45,SGD
drv_siti_sg_10,Siti Rahman,firefighter,2025-04-15,2025-04,2025-W16,Tue,3,0,3.4,Marina_Bay,Marina Bay / Sands,5,52.49,15.44,SGD
drv_siti_sg_10,Siti Rahman,firefighter,2025-04-17,2025-04,2025-W16,Thu,1,8,3.86,Tampines,Tampines,5,48.91,12.67,SGD
drv_siti_sg_10,Siti Rahman,firefighter,2025-04-17,2025-04,2025-W16,Thu,2,18,3.39,Marina_Bay,Marina Bay / Sands,5,42.94,12.67,SGD
drv_siti_sg_10,Siti Rahman,firefighter,2025-04-17,2025-04,2025-W16,Thu,3,23,3.35,Tampines,Tampines,5,42.5,12.69,SGD
drv_siti_sg_10,Siti Rahman,firefighter,2025-04-18,2025-04,2025-W16,Fri,1,19,3.44,Marina_Bay,Marina Bay / Sands,14,120.53,35.04,SGD
drv_siti_sg_10,Siti Rahman,firefighter,2025-04-18,2025-04,2025-W16,Fri,2,23,2.66,Tampines,Tampines,10,93.41,35.12,SGD
drv_siti_sg_10,Siti Rahman,firefighter,2025-04-19,2025-04,2025-W16,Sat,1,9,3.09,Marina_Bay,Marina Bay / Sands,4,82.2,26.6,SGD
drv_siti_sg_10,Siti Rahman,firefighter,2025-04-19,2025-04,2025-W16,Sat,2,18,3.31,Tampines,Tampines,5,88.14,26.63,SGD
drv_siti_sg_10,Siti Rahman,firefighter,2025-04-19,2025-04,2025-W16,Sat,3,23,2.7,Sentosa_HarbF,Sentosa / HarbourFront,4,71.82,26.6,SGD
drv_siti_sg_10,Siti Rahman,firefighter,2025-04-20,2025-04,2025-W16,Sun,1,9,3.62,Marina_Bay,Marina Bay / Sands,4,71.62,19.78,SGD
drv_siti_sg_10,Siti Rahman,firefighter,2025-04-20,2025-04,2025-W16,Sun,2,20,3.48,Sentosa_HarbF,Sentosa / HarbourFront,3,69.01,19.83,SGD
drv_siti_sg_10,Siti Rahman,firefighter,2025-04-20,2025-04,2025-W16,Sun,3,21,3.1,Jurong_East,Jurong East,3,61.45,19.82,SGD
drv_siti_sg_10,Siti Rahman,firefighter,2025-04-21,2025-04,2025-W17,Mon,1,9,3.41,Marina_Bay,Marina Bay / Sands,4,62.68,18.38,SGD
drv_siti_sg_10,Siti Rahman,firefighter,2025-04-21,2025-04,2025-W17,Mon,2,0,3.79,Tampines,Tampines,4,69.78,18.41,SGD
drv_siti_sg_10,Siti Rahman,firefighter,2025-04-22,2025-04,2025-W17,Tue,1,7,3.68,Jurong_East,Jurong East,4,47.46,12.9,SGD
drv_siti_sg_10,Siti Rahman,firefighter,2025-04-22,2025-04,2025-W17,Tue,2,17,3.92,Marina_Bay,Marina Bay / Sands,4,50.54,12.89,SGD
drv_siti_sg_10,Siti Rahman,firefighter,2025-04-24,2025-04,2025-W17,Thu,1,7,2.5,Sentosa_HarbF,Sentosa / HarbourFront,7,28.41,11.36,SGD
drv_siti_sg_10,Siti Rahman,firefighter,2025-04-24,2025-04,2025-W17,Thu,2,18,2.69,Jurong_East,Jurong East,7,30.6,11.38,SGD
drv_siti_sg_10,Siti Rahman,firefighter,2025-04-24,2025-04,2025-W17,Thu,3,0,3.21,Marina_Bay,Marina Bay / Sands,9,36.54,11.38,SGD
drv_siti_sg_10,Siti Rahman,firefighter,2025-04-25,2025-04,2025-W17,Fri,1,9,3.36,Sentosa_HarbF,Sentosa / HarbourFront,10,111.26,33.11,SGD
drv_siti_sg_10,Siti Rahman,firefighter,2025-04-25,2025-04,2025-W17,Fri,2,17,3.74,Sentosa_HarbF,Sentosa / HarbourFront,11,124.16,33.2,SGD
drv_siti_sg_10,Siti Rahman,firefighter,2025-04-26,2025-04,2025-W17,Sat,1,7,2.77,Sentosa_HarbF,Sentosa / HarbourFront,5,84.82,30.62,SGD
drv_siti_sg_10,Siti Rahman,firefighter,2025-04-26,2025-04,2025-W17,Sat,2,20,3.83,Sentosa_HarbF,Sentosa / HarbourFront,8,117.08,30.57,SGD
drv_siti_sg_10,Siti Rahman,firefighter,2025-04-27,2025-04,2025-W17,Sun,1,19,3.47,Tampines,Tampines,8,72.02,20.76,SGD
drv_siti_sg_10,Siti Rahman,firefighter,2025-04-27,2025-04,2025-W17,Sun,2,0,3.93,Marina_Bay,Marina Bay / Sands,9,81.74,20.8,SGD
drv_siti_sg_10,Siti Rahman,firefighter,2025-04-28,2025-04,2025-W18,Mon,1,7,3.2,Tampines,Tampines,3,56.33,17.6,SGD
drv_siti_sg_10,Siti Rahman,firefighter,2025-04-28,2025-04,2025-W18,Mon,2,19,2.88,Tampines,Tampines,3,50.67,17.59,SGD
drv_siti_sg_10,Siti Rahman,firefighter,2025-04-28,2025-04,2025-W18,Mon,3,0,2.43,Jurong_East,Jurong East,3,42.74,17.59,SGD
drv_siti_sg_10,Siti Rahman,firefighter,2025-04-29,2025-04,2025-W18,Tue,1,9,3.05,Sentosa_HarbF,Sentosa / HarbourFront,9,84.63,27.75,SGD
drv_siti_sg_10,Siti Rahman,firefighter,2025-04-29,2025-04,2025-W18,Tue,2,18,2.95,Jurong_East,Jurong East,8,81.86,27.75,SGD
drv_siti_sg_10,Siti Rahman,firefighter,2025-05-01,2025-05,2025-W18,Thu,1,9,3.19,Sentosa_HarbF,Sentosa / HarbourFront,9,78.44,24.59,SGD
drv_siti_sg_10,Siti Rahman,firefighter,2025-05-01,2025-05,2025-W18,Thu,2,19,2.76,Sentosa_HarbF,Sentosa / HarbourFront,8,67.87,24.59,SGD
drv_siti_sg_10,Siti Rahman,firefighter,2025-05-01,2025-05,2025-W18,Thu,3,23,2.35,Jurong_East,Jurong East,6,57.62,24.52,SGD
drv_siti_sg_10,Siti Rahman,firefighter,2025-05-02,2025-05,2025-W18,Fri,1,9,3.19,Tampines,Tampines,5,64.82,20.32,SGD
drv_siti_sg_10,Siti Rahman,firefighter,2025-05-02,2025-05,2025-W18,Fri,2,17,2.68,Tampines,Tampines,4,54.32,20.27,SGD
drv_siti_sg_10,Siti Rahman,firefighter,2025-05-02,2025-05,2025-W18,Fri,3,22,2.43,Sentosa_HarbF,Sentosa / HarbourFront,4,49.25,20.27,SGD
drv_siti_sg_10,Siti Rahman,firefighter,2025-05-03,2025-05,2025-W18,Sat,1,9,3.77,Jurong_East,Jurong East,9,118.14,31.34,SGD
drv_siti_sg_10,Siti Rahman,firefighter,2025-05-03,2025-05,2025-W18,Sat,2,22,4.03,Tampines,Tampines,10,126.6,31.41,SGD
drv_siti_sg_10,Siti Rahman,firefighter,2025-05-04,2025-05,2025-W18,Sun,1,7,3.09,Tampines,Tampines,10,80.79,26.15,SGD
drv_siti_sg_10,Siti Rahman,firefighter,2025-05-04,2025-05,2025-W18,Sun,2,23,3.41,Tampines,Tampines,10,89.05,26.11,SGD
drv_siti_sg_10,Siti Rahman,firefighter,2025-05-05,2025-05,2025-W19,Mon,1,8,3.91,Marina_Bay,Marina Bay / Sands,5,66.17,16.92,SGD
drv_siti_sg_10,Siti Rahman,firefighter,2025-05-05,2025-05,2025-W19,Mon,2,21,2.99,Jurong_East,Jurong East,4,50.65,16.94,SGD
drv_siti_sg_10,Siti Rahman,firefighter,2025-05-06,2025-05,2025-W19,Tue,1,7,4.29,Jurong_East,Jurong East,7,69.68,16.24,SGD
drv_siti_sg_10,Siti Rahman,firefighter,2025-05-06,2025-05,2025-W19,Tue,2,18,3.53,Marina_Bay,Marina Bay / Sands,6,57.38,16.25,SGD
drv_siti_sg_10,Siti Rahman,firefighter,2025-05-06,2025-05,2025-W19,Tue,3,0,3.37,Sentosa_HarbF,Sentosa / HarbourFront,6,54.79,16.26,SGD
drv_siti_sg_10,Siti Rahman,firefighter,2025-05-08,2025-05,2025-W19,Thu,1,7,3.3,Tampines,Tampines,7,39.79,12.06,SGD
drv_siti_sg_10,Siti Rahman,firefighter,2025-05-08,2025-05,2025-W19,Thu,2,18,3.72,Sentosa_HarbF,Sentosa / HarbourFront,8,44.88,12.06,SGD
drv_siti_sg_10,Siti Rahman,firefighter,2025-05-08,2025-05,2025-W19,Thu,3,21,4.58,Sentosa_HarbF,Sentosa / HarbourFront,9,55.21,12.05,SGD
drv_siti_sg_10,Siti Rahman,firefighter,2025-05-09,2025-05,2025-W19,Fri,1,8,2.84,Sentosa_HarbF,Sentosa / HarbourFront,4,87.3,30.74,SGD
drv_siti_sg_10,Siti Rahman,firefighter,2025-05-09,2025-05,2025-W19,Fri,2,17,3.16,Jurong_East,Jurong East,5,97.14,30.74,SGD
drv_siti_sg_10,Siti Rahman,firefighter,2025-05-10,2025-05,2025-W19,Sat,1,8,4.09,Marina_Bay,Marina Bay / Sands,6,119.16,29.13,SGD
drv_siti_sg_10,Siti Rahman,firefighter,2025-05-10,2025-05,2025-W19,Sat,2,17,3.61,Marina_Bay,Marina Bay / Sands,5,105.3,29.17,SGD
drv_siti_sg_10,Siti Rahman,firefighter,2025-05-11,2025-05,2025-W19,Sun,1,8,4.21,Sentosa_HarbF,Sentosa / HarbourFront,8,75.15,17.85,SGD
drv_siti_sg_10,Siti Rahman,firefighter,2025-05-11,2025-05,2025-W19,Sun,2,20,3.09,Marina_Bay,Marina Bay / Sands,6,55.13,17.84,SGD
drv_siti_sg_10,Siti Rahman,firefighter,2025-05-11,2025-05,2025-W19,Sun,3,23,3.5,Jurong_East,Jurong East,7,62.5,17.86,SGD
drv_siti_sg_10,Siti Rahman,firefighter,2025-05-12,2025-05,2025-W20,Mon,1,9,3.53,Marina_Bay,Marina Bay / Sands,7,39.46,11.18,SGD
drv_siti_sg_10,Siti Rahman,firefighter,2025-05-12,2025-05,2025-W20,Mon,2,19,3.81,Tampines,Tampines,7,42.67,11.2,SGD
drv_siti_sg_10,Siti Rahman,firefighter,2025-05-12,2025-05,2025-W20,Mon,3,22,4.36,Jurong_East,Jurong East,9,48.83,11.2,SGD
drv_siti_sg_10,Siti Rahman,firefighter,2025-05-13,2025-05,2025-W20,Tue,1,20,3.97,Marina_Bay,Marina Bay / Sands,8,82.16,20.7,SGD
drv_siti_sg_10,Siti Rahman,firefighter,2025-05-13,2025-05,2025-W20,Tue,2,0,3.73,Sentosa_HarbF,Sentosa / HarbourFront,7,77.3,20.72,SGD
drv_siti_sg_10,Siti Rahman,firefighter,2025-05-15,2025-05,2025-W20,Thu,1,20,2.88,Tampines,Tampines,5,39.42,13.69,SGD
drv_siti_sg_10,Siti Rahman,firefighter,2025-05-15,2025-05,2025-W20,Thu,2,22,3.92,Sentosa_HarbF,Sentosa / HarbourFront,7,53.51,13.65,SGD
drv_siti_sg_10,Siti Rahman,firefighter,2025-05-16,2025-05,2025-W20,Fri,1,7,3.38,Sentosa_HarbF,Sentosa / HarbourFront,6,89.01,26.33,SGD
drv_siti_sg_10,Siti Rahman,firefighter,2025-05-16,2025-05,2025-W20,Fri,2,20,2.7,Sentosa_HarbF,Sentosa / HarbourFront,5,71.09,26.33,SGD
drv_siti_sg_10,Siti Rahman,firefighter,2025-05-16,2025-05,2025-W20,Fri,3,0,3.32,Marina_Bay,Marina Bay / Sands,6,87.34,26.31,SGD
drv_siti_sg_10,Siti Rahman,firefighter,2025-05-17,2025-05,2025-W20,Sat,1,9,3.57,Tampines,Tampines,13,61.01,17.09,SGD
drv_siti_sg_10,Siti Rahman,firefighter,2025-05-17,2025-05,2025-W20,Sat,2,19,2.83,Marina_Bay,Marina Bay / Sands,11,48.5,17.14,SGD
drv_siti_sg_10,Siti Rahman,firefighter,2025-05-18,2025-05,2025-W20,Sun,1,9,3.89,Jurong_East,Jurong East,6,78.66,20.22,SGD
drv_siti_sg_10,Siti Rahman,firefighter,2025-05-18,2025-05,2025-W20,Sun,2,17,3.7,Sentosa_HarbF,Sentosa / HarbourFront,6,74.82,20.22,SGD
drv_siti_sg_10,Siti Rahman,firefighter,2025-05-18,2025-05,2025-W20,Sun,3,0,3.8,Tampines,Tampines,6,76.83,20.22,SGD
drv_siti_sg_10,Siti Rahman,firefighter,2025-05-19,2025-05,2025-W21,Mon,1,9,3.57,Jurong_East,Jurong East,5,49.63,13.9,SGD
drv_siti_sg_10,Siti Rahman,firefighter,2025-05-19,2025-05,2025-W21,Mon,2,17,3.63,Marina_Bay,Marina Bay / Sands,5,50.43,13.89,SGD
drv_siti_sg_10,Siti Rahman,firefighter,2025-05-19,2025-05,2025-W21,Mon,3,0,3.5,Marina_Bay,Marina Bay / Sands,5,48.67,13.91,SGD
drv_siti_sg_10,Siti Rahman,firefighter,2025-05-20,2025-05,2025-W21,Tue,1,9,2.94,Jurong_East,Jurong East,5,46.5,15.82,SGD
drv_siti_sg_10,Siti Rahman,firefighter,2025-05-20,2025-05,2025-W21,Tue,2,20,4.18,Sentosa_HarbF,Sentosa / HarbourFront,7,66.1,15.81,SGD
drv_siti_sg_10,Siti Rahman,firefighter,2025-05-20,2025-05,2025-W21,Tue,3,23,3.19,Sentosa_HarbF,Sentosa / HarbourFront,6,50.46,15.82,SGD
drv_siti_sg_10,Siti Rahman,firefighter,2025-05-22,2025-05,2025-W21,Thu,1,9,3.61,Tampines,Tampines,10,110.05,30.48,SGD
drv_siti_sg_10,Siti Rahman,firefighter,2025-05-22,2025-05,2025-W21,Thu,2,19,2.99,Sentosa_HarbF,Sentosa / HarbourFront,8,90.98,30.43,SGD
drv_siti_sg_10,Siti Rahman,firefighter,2025-05-23,2025-05,2025-W21,Fri,1,9,3.72,Sentosa_HarbF,Sentosa / HarbourFront,7,66.63,17.91,SGD
drv_siti_sg_10,Siti Rahman,firefighter,2025-05-23,2025-05,2025-W21,Fri,2,20,3.65,Jurong_East,Jurong East,7,65.48,17.94,SGD
drv_siti_sg_10,Siti Rahman,firefighter,2025-05-23,2025-05,2025-W21,Fri,3,23,3.53,Sentosa_HarbF,Sentosa / HarbourFront,7,63.29,17.93,SGD
drv_siti_sg_10,Siti Rahman,firefighter,2025-05-24,2025-05,2025-W21,Sat,1,7,3.12,Sentosa_HarbF,Sentosa / HarbourFront,4,77.99,25.0,SGD
drv_siti_sg_10,Siti Rahman,firefighter,2025-05-24,2025-05,2025-W21,Sat,2,0,3.08,Tampines,Tampines,4,76.89,24.96,SGD
drv_siti_sg_10,Siti Rahman,firefighter,2025-05-25,2025-05,2025-W21,Sun,1,8,3.39,Tampines,Tampines,6,60.74,17.92,SGD
drv_siti_sg_10,Siti Rahman,firefighter,2025-05-25,2025-05,2025-W21,Sun,2,20,3.12,Sentosa_HarbF,Sentosa / HarbourFront,6,55.86,17.9,SGD
drv_siti_sg_10,Siti Rahman,firefighter,2025-05-25,2025-05,2025-W21,Sun,3,21,3.28,Jurong_East,Jurong East,6,58.77,17.92,SGD
drv_siti_sg_10,Siti Rahman,firefighter,2025-05-26,2025-05,2025-W22,Mon,1,7,2.5,Sentosa_HarbF,Sentosa / HarbourFront,3,35.37,14.15,SGD
drv_siti_sg_10,Siti Rahman,firefighter,2025-05-26,2025-05,2025-W22,Mon,2,18,2.96,Tampines,Tampines,4,41.81,14.13,SGD
drv_siti_sg_10,Siti Rahman,firefighter,2025-05-26,2025-05,2025-W22,Mon,3,0,2.64,Tampines,Tampines,3,37.29,14.12,SGD
drv_siti_sg_10,Siti Rahman,firefighter,2025-05-27,2025-05,2025-W22,Tue,1,7,2.5,Tampines,Tampines,2,21.29,8.52,SGD
drv_siti_sg_10,Siti Rahman,firefighter,2025-05-27,2025-05,2025-W22,Tue,2,20,3.28,Jurong_East,Jurong East,3,27.91,8.51,SGD
drv_siti_sg_10,Siti Rahman,firefighter,2025-05-27,2025-05,2025-W22,Tue,3,23,3.41,Jurong_East,Jurong East,3,29.02,8.51,SGD
drv_siti_sg_10,Siti Rahman,firefighter,2025-05-29,2025-05,2025-W22,Thu,1,9,4.43,Jurong_East,Jurong East,6,79.68,17.99,SGD
drv_siti_sg_10,Siti Rahman,firefighter,2025-05-29,2025-05,2025-W22,Thu,2,19,3.32,Jurong_East,Jurong East,4,59.77,18.0,SGD
drv_siti_sg_10,Siti Rahman,firefighter,2025-05-29,2025-05,2025-W22,Thu,3,22,3.85,Tampines,Tampines,5,69.29,18.0,SGD
drv_siti_sg_10,Siti Rahman,firefighter,2025-05-30,2025-05,2025-W22,Fri,1,8,3.11,Jurong_East,Jurong East,3,72.81,23.41,SGD
drv_siti_sg_10,Siti Rahman,firefighter,2025-05-30,2025-05,2025-W22,Fri,2,18,3.07,Marina_Bay,Marina Bay / Sands,3,71.92,23.43,SGD
drv_siti_sg_10,Siti Rahman,firefighter,2025-05-30,2025-05,2025-W22,Fri,3,22,3.42,Sentosa_HarbF,Sentosa / HarbourFront,3,80.21,23.45,SGD
drv_siti_sg_10,Siti Rahman,firefighter,2025-05-31,2025-05,2025-W22,Sat,1,9,3.73,Sentosa_HarbF,Sentosa / HarbourFront,6,60.06,16.1,SGD
drv_siti_sg_10,Siti Rahman,firefighter,2025-05-31,2025-05,2025-W22,Sat,2,20,3.92,Tampines,Tampines,6,63.03,16.08,SGD
drv_siti_sg_10,Siti Rahman,firefighter,2025-05-31,2025-05,2025-W22,Sat,3,21,2.85,Marina_Bay,Marina Bay / Sands,4,45.93,16.12,SGD
drv_siti_sg_10,Siti Rahman,firefighter,2025-06-01,2025-06,2025-W22,Sun,1,7,3.93,Sentosa_HarbF,Sentosa / HarbourFront,12,86.99,22.13,SGD
drv_siti_sg_10,Siti Rahman,firefighter,2025-06-01,2025-06,2025-W22,Sun,2,18,3.57,Tampines,Tampines,10,78.82,22.08,SGD
drv_siti_sg_10,Siti Rahman,firefighter,2025-06-02,2025-06,2025-W23,Mon,1,9,3.16,Jurong_East,Jurong East,10,74.5,23.58,SGD
drv_siti_sg_10,Siti Rahman,firefighter,2025-06-02,2025-06,2025-W23,Mon,2,22,4.24,Marina_Bay,Marina Bay / Sands,14,100.02,23.59,SGD
drv_siti_sg_10,Siti Rahman,firefighter,2025-06-03,2025-06,2025-W23,Tue,1,9,3.45,Sentosa_HarbF,Sentosa / HarbourFront,8,67.35,19.52,SGD
drv_siti_sg_10,Siti Rahman,firefighter,2025-06-03,2025-06,2025-W23,Tue,2,23,4.55,Marina_Bay,Marina Bay / Sands,10,88.63,19.48,SGD
drv_siti_sg_10,Siti Rahman,firefighter,2025-06-05,2025-06,2025-W23,Thu,1,8,2.7,Jurong_East,Jurong East,6,35.27,13.06,SGD
drv_siti_sg_10,Siti Rahman,firefighter,2025-06-05,2025-06,2025-W23,Thu,2,20,2.95,Sentosa_HarbF,Sentosa / HarbourFront,7,38.62,13.09,SGD
drv_siti_sg_10,Siti Rahman,firefighter,2025-06-05,2025-06,2025-W23,Thu,3,21,2.95,Marina_Bay,Marina Bay / Sands,7,38.62,13.09,SGD
drv_siti_sg_10,Siti Rahman,firefighter,2025-06-06,2025-06,2025-W23,Fri,1,19,3.16,Jurong_East,Jurong East,4,97.22,30.77,SGD
drv_siti_sg_10,Siti Rahman,firefighter,2025-06-06,2025-06,2025-W23,Fri,2,22,3.34,Jurong_East,Jurong East,4,102.64,30.73,SGD
drv_siti_sg_10,Siti Rahman,firefighter,2025-06-07,2025-06,2025-W23,Sat,1,8,2.8,Tampines,Tampines,6,72.37,25.85,SGD
drv_siti_sg_10,Siti Rahman,firefighter,2025-06-07,2025-06,2025-W23,Sat,2,20,3.97,Tampines,Tampines,8,102.61,25.85,SGD
drv_siti_sg_10,Siti Rahman,firefighter,2025-06-07,2025-06,2025-W23,Sat,3,22,3.22,Marina_Bay,Marina Bay / Sands,6,83.26,25.86,SGD
drv_siti_sg_10,Siti Rahman,firefighter,2025-06-08,2025-06,2025-W23,Sun,1,20,3.55,Sentosa_HarbF,Sentosa / HarbourFront,4,83.64,23.56,SGD
drv_siti_sg_10,Siti Rahman,firefighter,2025-06-08,2025-06,2025-W23,Sun,2,21,3.15,Tampines,Tampines,4,74.26,23.57,SGD
drv_siti_sg_10,Siti Rahman,firefighter,2025-06-09,2025-06,2025-W24,Mon,1,9,4.47,Sentosa_HarbF,Sentosa / HarbourFront,5,57.34,12.83,SGD
drv_siti_sg_10,Siti Rahman,firefighter,2025-06-09,2025-06,2025-W24,Mon,2,18,3.39,Tampines,Tampines,3,43.43,12.81,SGD
drv_siti_sg_10,Siti Rahman,firefighter,2025-06-09,2025-06,2025-W24,Mon,3,22,3.04,Tampines,Tampines,3,39.02,12.84,SGD
drv_siti_sg_10,Siti Rahman,firefighter,2025-06-10,2025-06,2025-W24,Tue,1,9,4.21,Tampines,Tampines,7,64.79,15.39,SGD
drv_siti_sg_10,Siti Rahman,firefighter,2025-06-10,2025-06,2025-W24,Tue,2,18,3.7,Jurong_East,Jurong East,6,57.0,15.41,SGD
drv_siti_sg_10,Siti Rahman,firefighter,2025-06-10,2025-06,2025-W24,Tue,3,23,4.09,Sentosa_HarbF,Sentosa / HarbourFront,6,62.88,15.37,SGD
drv_siti_sg_10,Siti Rahman,firefighter,2025-06-12,2025-06,2025-W24,Thu,1,7,2.45,Tampines,Tampines,2,52.76,21.53,SGD
drv_siti_sg_10,Siti Rahman,firefighter,2025-06-12,2025-06,2025-W24,Thu,2,20,2.94,Marina_Bay,Marina Bay / Sands,3,63.15,21.48,SGD
drv_siti_sg_10,Siti Rahman,firefighter,2025-06-12,2025-06,2025-W24,Thu,3,0,3.21,Marina_Bay,Marina Bay / Sands,3,68.92,21.47,SGD
drv_siti_sg_10,Siti Rahman,firefighter,2025-06-13,2025-06,2025-W24,Fri,1,7,3.03,Tampines,Tampines,3,66.1,21.82,SGD
drv_siti_sg_10,Siti Rahman,firefighter,2025-06-13,2025-06,2025-W24,Fri,2,19,3.04,Sentosa_HarbF,Sentosa / HarbourFront,3,66.34,21.82,SGD
drv_siti_sg_10,Siti Rahman,firefighter,2025-06-13,2025-06,2025-W24,Fri,3,21,3.34,Sentosa_HarbF,Sentosa / HarbourFront,4,72.83,21.81,SGD
drv_siti_sg_10,Siti Rahman,firefighter,2025-06-14,2025-06,2025-W24,Sat,1,7,3.75,Marina_Bay,Marina Bay / Sands,4,53.47,14.26,SGD
drv_siti_sg_10,Siti Rahman,firefighter,2025-06-14,2025-06,2025-W24,Sat,2,22,3.15,Tampines,Tampines,4,44.83,14.23,SGD
drv_siti_sg_10,Siti Rahman,firefighter,2025-06-15,2025-06,2025-W24,Sun,1,7,3.67,Jurong_East,Jurong East,14,89.42,24.37,SGD
drv_siti_sg_10,Siti Rahman,firefighter,2025-06-15,2025-06,2025-W24,Sun,2,17,2.83,Jurong_East,Jurong East,10,69.03,24.39,SGD
drv_siti_sg_10,Siti Rahman,firefighter,2025-06-16,2025-06,2025-W25,Mon,1,9,3.33,Jurong_East,Jurong East,5,23.61,7.09,SGD
drv_siti_sg_10,Siti Rahman,firefighter,2025-06-16,2025-06,2025-W25,Mon,2,18,2.99,Tampines,Tampines,4,21.16,7.08,SGD
drv_siti_sg_10,Siti Rahman,firefighter,2025-06-16,2025-06,2025-W25,Mon,3,21,3.08,Marina_Bay,Marina Bay / Sands,5,21.8,7.08,SGD
drv_siti_sg_10,Siti Rahman,firefighter,2025-06-17,2025-06,2025-W25,Tue,1,9,2.49,Jurong_East,Jurong East,5,44.43,17.84,SGD
drv_siti_sg_10,Siti Rahman,firefighter,2025-06-17,2025-06,2025-W25,Tue,2,20,3.17,Tampines,Tampines,6,56.49,17.82,SGD
drv_siti_sg_10,Siti Rahman,firefighter,2025-06-17,2025-06,2025-W25,Tue,3,0,3.04,Sentosa_HarbF,Sentosa / HarbourFront,6,54.18,17.82,SGD
drv_siti_sg_10,Siti Rahman,firefighter,2025-06-19,2025-06,2025-W25,Thu,1,17,4.47,Marina_Bay,Marina Bay / Sands,9,121.26,27.13,SGD
drv_siti_sg_10,Siti Rahman,firefighter,2025-06-19,2025-06,2025-W25,Thu,2,23,3.53,Marina_Bay,Marina Bay / Sands,8,95.89,27.16,SGD
drv_siti_sg_10,Siti Rahman,firefighter,2025-06-20,2025-06,2025-W25,Fri,1,8,3.27,Tampines,Tampines,5,64.41,19.7,SGD
drv_siti_sg_10,Siti Rahman,firefighter,2025-06-20,2025-06,2025-W25,Fri,2,18,3.36,Sentosa_HarbF,Sentosa / HarbourFront,5,66.35,19.75,SGD
drv_siti_sg_10,Siti Rahman,firefighter,2025-06-20,2025-06,2025-W25,Fri,3,23,3.87,Sentosa_HarbF,Sentosa / HarbourFront,6,76.34,19.73,SGD
drv_siti_sg_10,Siti Rahman,firefighter,2025-06-21,2025-06,2025-W25,Sat,1,8,4.04,Marina_Bay,Marina Bay / Sands,6,82.07,20.31,SGD
drv_siti_sg_10,Siti Rahman,firefighter,2025-06-21,2025-06,2025-W25,Sat,2,17,3.11,Sentosa_HarbF,Sentosa / HarbourFront,4,63.32,20.36,SGD
drv_siti_sg_10,Siti Rahman,firefighter,2025-06-21,2025-06,2025-W25,Sat,3,23,2.95,Tampines,Tampines,4,59.95,20.32,SGD
drv_siti_sg_10,Siti Rahman,firefighter,2025-06-22,2025-06,2025-W25,Sun,1,8,2.46,Marina_Bay,Marina Bay / Sands,4,71.72,29.15,SGD
drv_siti_sg_10,Siti Rahman,firefighter,2025-06-22,2025-06,2025-W25,Sun,2,20,2.77,Sentosa_HarbF,Sentosa / HarbourFront,4,80.78,29.16,SGD
drv_siti_sg_10,Siti Rahman,firefighter,2025-06-22,2025-06,2025-W25,Sun,3,23,2.97,Sentosa_HarbF,Sentosa / HarbourFront,5,86.69,29.19,SGD
drv_siti_sg_10,Siti Rahman,firefighter,2025-06-23,2025-06,2025-W26,Mon,1,7,2.61,Tampines,Tampines,5,33.28,12.75,SGD
drv_siti_sg_10,Siti Rahman,firefighter,2025-06-23,2025-06,2025-W26,Mon,2,19,3.01,Sentosa_HarbF,Sentosa / HarbourFront,6,38.35,12.74,SGD
drv_siti_sg_10,Siti Rahman,firefighter,2025-06-23,2025-06,2025-W26,Mon,3,22,2.98,Tampines,Tampines,6,37.99,12.75,SGD
drv_siti_sg_10,Siti Rahman,firefighter,2025-06-24,2025-06,2025-W26,Tue,1,9,3.83,Marina_Bay,Marina Bay / Sands,4,47.99,12.53,SGD
drv_siti_sg_10,Siti Rahman,firefighter,2025-06-24,2025-06,2025-W26,Tue,2,17,3.49,Tampines,Tampines,3,43.75,12.54,SGD
drv_siti_sg_10,Siti Rahman,firefighter,2025-06-24,2025-06,2025-W26,Tue,3,21,3.79,Tampines,Tampines,4,47.52,12.54,SGD
drv_siti_sg_10,Siti Rahman,firefighter,2025-06-26,2025-06,2025-W26,Thu,1,7,3.65,Marina_Bay,Marina Bay / Sands,7,64.35,17.63,SGD
drv_siti_sg_10,Siti Rahman,firefighter,2025-06-26,2025-06,2025-W26,Thu,2,18,4.78,Sentosa_HarbF,Sentosa / HarbourFront,9,84.39,17.65,SGD
drv_siti_sg_10,Siti Rahman,firefighter,2025-06-26,2025-06,2025-W26,Thu,3,23,3.37,Jurong_East,Jurong East,6,59.44,17.64,SGD
drv_siti_sg_10,Siti Rahman,firefighter,2025-06-27,2025-06,2025-W26,Fri,1,9,4.11,Jurong_East,Jurong East,3,79.08,19.24,SGD
drv_siti_sg_10,Siti Rahman,firefighter,2025-06-27,2025-06,2025-W26,Fri,2,20,3.32,Tampines,Tampines,3,63.96,19.27,SGD
drv_siti_sg_10,Siti Rahman,firefighter,2025-06-27,2025-06,2025-W26,Fri,3,23,3.87,Marina_Bay,Marina Bay / Sands,3,74.45,19.24,SGD
drv_siti_sg_10,Siti Rahman,firefighter,2025-06-28,2025-06,2025-W26,Sat,1,7,2.92,Marina_Bay,Marina Bay / Sands,4,48.84,16.73,SGD
drv_siti_sg_10,Siti Rahman,firefighter,2025-06-28,2025-06,2025-W26,Sat,2,18,3.84,Tampines,Tampines,5,64.23,16.73,SGD
drv_siti_sg_10,Siti Rahman,firefighter,2025-06-28,2025-06,2025-W26,Sat,3,22,3.94,Sentosa_HarbF,Sentosa / HarbourFront,5,65.82,16.71,SGD
drv_siti_sg_10,Siti Rahman,firefighter,2025-06-29,2025-06,2025-W26,Sun,1,8,3.26,Tampines,Tampines,7,82.23,25.22,SGD
drv_siti_sg_10,Siti Rahman,firefighter,2025-06-29,2025-06,2025-W26,Sun,2,20,2.41,Sentosa_HarbF,Sentosa / HarbourFront,5,60.75,25.21,SGD
drv_siti_sg_10,Siti Rahman,firefighter,2025-06-29,2025-06,2025-W26,Sun,3,23,2.84,Sentosa_HarbF,Sentosa / HarbourFront,6,71.67,25.24,SGD
drv_siti_sg_10,Siti Rahman,firefighter,2025-06-30,2025-06,2025-W27,Mon,1,8,3.43,Jurong_East,Jurong East,11,87.74,25.58,SGD
drv_siti_sg_10,Siti Rahman,firefighter,2025-06-30,2025-06,2025-W27,Mon,2,18,3.07,Tampines,Tampines,10,78.41,25.54,SGD
drv_siti_sg_10,Siti Rahman,firefighter,2025-07-01,2025-07,2025-W27,Tue,1,7,3.94,Tampines,Tampines,8,96.75,24.56,SGD
drv_siti_sg_10,Siti Rahman,firefighter,2025-07-01,2025-07,2025-W27,Tue,2,19,3.96,Sentosa_HarbF,Sentosa / HarbourFront,9,97.39,24.59,SGD
drv_siti_sg_10,Siti Rahman,firefighter,2025-07-03,2025-07,2025-W27,Thu,1,8,3.37,Jurong_East,Jurong East,6,60.55,17.97,SGD
drv_siti_sg_10,Siti Rahman,firefighter,2025-07-03,2025-07,2025-W27,Thu,2,18,2.95,Tampines,Tampines,5,53.05,17.98,SGD
drv_siti_sg_10,Siti Rahman,firefighter,2025-07-03,2025-07,2025-W27,Thu,3,0,3.18,Marina_Bay,Marina Bay / Sands,5,57.27,18.01,SGD
drv_siti_sg_10,Siti Rahman,firefighter,2025-07-04,2025-07,2025-W27,Fri,1,9,3.75,Tampines,Tampines,8,80.31,21.42,SGD
drv_siti_sg_10,Siti Rahman,firefighter,2025-07-04,2025-07,2025-W27,Fri,2,17,4.14,Tampines,Tampines,9,88.66,21.42,SGD
drv_siti_sg_10,Siti Rahman,firefighter,2025-07-04,2025-07,2025-W27,Fri,3,22,3.01,Sentosa_HarbF,Sentosa / HarbourFront,7,64.54,21.44,SGD
drv_siti_sg_10,Siti Rahman,firefighter,2025-07-05,2025-07,2025-W27,Sat,1,9,3.42,Sentosa_HarbF,Sentosa / HarbourFront,7,102.36,29.93,SGD
drv_siti_sg_10,Siti Rahman,firefighter,2025-07-05,2025-07,2025-W27,Sat,2,19,3.68,Tampines,Tampines,8,110.23,29.95,SGD
drv_siti_sg_10,Siti Rahman,firefighter,2025-07-06,2025-07,2025-W27,Sun,1,9,4.28,Jurong_East,Jurong East,3,72.27,16.89,SGD
drv_siti_sg_10,Siti Rahman,firefighter,2025-07-06,2025-07,2025-W27,Sun,2,19,3.46,Jurong_East,Jurong East,3,58.4,16.88,SGD
drv_siti_sg_10,Siti Rahman,firefighter,2025-07-06,2025-07,2025-W27,Sun,3,0,3.26,Marina_Bay,Marina Bay / Sands,2,55.02,16.88,SGD
drv_siti_sg_10,Siti Rahman,firefighter,2025-07-07,2025-07,2025-W28,Mon,1,8,4.02,Tampines,Tampines,7,56.28,14.0,SGD
drv_siti_sg_10,Siti Rahman,firefighter,2025-07-07,2025-07,2025-W28,Mon,2,20,3.67,Tampines,Tampines,6,51.36,13.99,SGD
drv_siti_sg_10,Siti Rahman,firefighter,2025-07-07,2025-07,2025-W28,Mon,3,23,3.61,Jurong_East,Jurong East,6,50.56,14.01,SGD
drv_siti_sg_10,Siti Rahman,firefighter,2025-07-08,2025-07,2025-W28,Tue,1,8,3.53,Sentosa_HarbF,Sentosa / HarbourFront,10,66.95,18.97,SGD
drv_siti_sg_10,Siti Rahman,firefighter,2025-07-08,2025-07,2025-W28,Tue,2,20,3.97,Tampines,Tampines,11,75.28,18.96,SGD
drv_siti_sg_10,Siti Rahman,firefighter,2025-07-10,2025-07,2025-W28,Thu,1,9,3.06,Sentosa_HarbF,Sentosa / HarbourFront,8,53.28,17.41,SGD
drv_siti_sg_10,Siti Rahman,firefighter,2025-07-10,2025-07,2025-W28,Thu,2,17,3.21,Sentosa_HarbF,Sentosa / HarbourFront,8,55.9,17.41,SGD
drv_siti_sg_10,Siti Rahman,firefighter,2025-07-10,2025-07,2025-W28,Thu,3,22,3.13,Marina_Bay,Marina Bay / Sands,8,54.59,17.44,SGD
drv_siti_sg_10,Siti Rahman,firefighter,2025-07-11,2025-07,2025-W28,Fri,1,9,4.12,Marina_Bay,Marina Bay / Sands,7,86.03,20.88,SGD
drv_siti_sg_10,Siti Rahman,firefighter,2025-07-11,2025-07,2025-W28,Fri,2,20,4.21,Jurong_East,Jurong East,7,87.91,20.88,SGD
drv_siti_sg_10,Siti Rahman,firefighter,2025-07-11,2025-07,2025-W28,Fri,3,23,3.07,Sentosa_HarbF,Sentosa / HarbourFront,5,64.16,20.9,SGD
drv_siti_sg_10,Siti Rahman,firefighter,2025-07-12,2025-07,2025-W28,Sat,1,9,3.45,Sentosa_HarbF,Sentosa / HarbourFront,4,131.38,38.08,SGD
drv_siti_sg_10,Siti Rahman,firefighter,2025-07-12,2025-07,2025-W28,Sat,2,19,3.65,Jurong_East,Jurong East,4,138.78,38.02,SGD
drv_siti_sg_10,Siti Rahman,firefighter,2025-07-13,2025-07,2025-W28,Sun,1,8,3.49,Marina_Bay,Marina Bay / Sands,9,87.07,24.95,SGD
drv_siti_sg_10,Siti Rahman,firefighter,2025-07-13,2025-07,2025-W28,Sun,2,19,2.69,Jurong_East,Jurong East,7,67.29,25.01,SGD
drv_siti_sg_10,Siti Rahman,firefighter,2025-07-13,2025-07,2025-W28,Sun,3,0,3.02,Jurong_East,Jurong East,8,75.47,24.99,SGD
drv_siti_sg_10,Siti Rahman,firefighter,2025-07-14,2025-07,2025-W29,Mon,1,7,3.84,Tampines,Tampines,8,74.43,19.38,SGD
drv_siti_sg_10,Siti Rahman,firefighter,2025-07-14,2025-07,2025-W29,Mon,2,20,3.46,Tampines,Tampines,8,66.91,19.34,SGD
drv_siti_sg_10,Siti Rahman,firefighter,2025-07-15,2025-07,2025-W29,Tue,1,8,3.13,Jurong_East,Jurong East,4,50.82,16.24,SGD
drv_siti_sg_10,Siti Rahman,firefighter,2025-07-15,2025-07,2025-W29,Tue,2,18,2.85,Tampines,Tampines,3,46.25,16.23,SGD
drv_siti_sg_10,Siti Rahman,firefighter,2025-07-15,2025-07,2025-W29,Tue,3,0,3.73,Jurong_East,Jurong East,4,60.55,16.23,SGD
drv_siti_sg_10,Siti Rahman,firefighter,2025-07-17,2025-07,2025-W29,Thu,1,8,3.6,Marina_Bay,Marina Bay / Sands,5,85.51,23.75,SGD
drv_siti_sg_10,Siti Rahman,firefighter,2025-07-17,2025-07,2025-W29,Thu,2,20,4.1,Sentosa_HarbF,Sentosa / HarbourFront,6,97.21,23.71,SGD
drv_siti_sg_10,Siti Rahman,firefighter,2025-07-18,2025-07,2025-W29,Fri,1,7,3.02,Sentosa_HarbF,Sentosa / HarbourFront,7,75.13,24.88,SGD
drv_siti_sg_10,Siti Rahman,firefighter,2025-07-18,2025-07,2025-W29,Fri,2,17,2.96,Tampines,Tampines,7,73.68,24.89,SGD
drv_siti_sg_10,Siti Rahman,firefighter,2025-07-18,2025-07,2025-W29,Fri,3,23,2.92,Sentosa_HarbF,Sentosa / HarbourFront,7,72.52,24.84,SGD
drv_siti_sg_10,Siti Rahman,firefighter,2025-07-19,2025-07,2025-W29,Sat,1,8,3.9,Sentosa_HarbF,Sentosa / HarbourFront,9,60.67,15.56,SGD
drv_siti_sg_10,Siti Rahman,firefighter,2025-07-19,2025-07,2025-W29,Sat,2,18,3.2,Sentosa_HarbF,Sentosa / HarbourFront,7,49.7,15.53,SGD
drv_siti_sg_10,Siti Rahman,firefighter,2025-07-20,2025-07,2025-W29,Sun,1,8,3.0,Jurong_East,Jurong East,4,46.52,15.51,SGD
drv_siti_sg_10,Siti Rahman,firefighter,2025-07-20,2025-07,2025-W29,Sun,2,19,3.01,Sentosa_HarbF,Sentosa / HarbourFront,4,46.57,15.47,SGD
drv_siti_sg_10,Siti Rahman,firefighter,2025-07-20,2025-07,2025-W29,Sun,3,23,2.69,Sentosa_HarbF,Sentosa / HarbourFront,4,41.62,15.47,SGD
drv_siti_sg_10,Siti Rahman,firefighter,2025-07-21,2025-07,2025-W30,Mon,1,17,4.18,Jurong_East,Jurong East,13,93.53,22.38,SGD
drv_siti_sg_10,Siti Rahman,firefighter,2025-07-21,2025-07,2025-W30,Mon,2,22,3.22,Jurong_East,Jurong East,10,71.89,22.33,SGD
drv_siti_sg_10,Siti Rahman,firefighter,2025-07-22,2025-07,2025-W30,Tue,1,8,4.18,Jurong_East,Jurong East,9,53.11,12.71,SGD
drv_siti_sg_10,Siti Rahman,firefighter,2025-07-22,2025-07,2025-W30,Tue,2,18,3.23,Sentosa_HarbF,Sentosa / HarbourFront,7,41.03,12.7,SGD
drv_siti_sg_10,Siti Rahman,firefighter,2025-07-22,2025-07,2025-W30,Tue,3,22,4.1,Tampines,Tampines,9,52.06,12.7,SGD
drv_siti_sg_10,Siti Rahman,firefighter,2025-07-24,2025-07,2025-W30,Thu,1,8,3.19,Sentosa_HarbF,Sentosa / HarbourFront,6,78.59,24.64,SGD
drv_siti_sg_10,Siti Rahman,firefighter,2025-07-24,2025-07,2025-W30,Thu,2,17,3.81,Marina_Bay,Marina Bay / Sands,7,93.61,24.57,SGD
drv_siti_sg_10,Siti Rahman,firefighter,2025-07-25,2025-07,2025-W30,Fri,1,7,3.81,Sentosa_HarbF,Sentosa / HarbourFront,5,79.29,20.81,SGD
drv_siti_sg_10,Siti Rahman,firefighter,2025-07-25,2025-07,2025-W30,Fri,2,19,3.23,Sentosa_HarbF,Sentosa / HarbourFront,4,67.23,20.81,SGD
drv_siti_sg_10,Siti Rahman,firefighter,2025-07-25,2025-07,2025-W30,Fri,3,22,4.05,Tampines,Tampines,5,84.3,20.81,SGD
drv_siti_sg_10,Siti Rahman,firefighter,2025-07-26,2025-07,2025-W30,Sat,1,18,3.2,Sentosa_HarbF,Sentosa / HarbourFront,7,65.64,20.51,SGD
drv_siti_sg_10,Siti Rahman,firefighter,2025-07-26,2025-07,2025-W30,Sat,2,21,3.3,Marina_Bay,Marina Bay / Sands,8,67.64,20.5,SGD
drv_siti_sg_10,Siti Rahman,firefighter,2025-07-27,2025-07,2025-W30,Sun,1,9,4.35,Jurong_East,Jurong East,11,117.3,26.97,SGD
drv_siti_sg_10,Siti Rahman,firefighter,2025-07-27,2025-07,2025-W30,Sun,2,19,3.45,Sentosa_HarbF,Sentosa / HarbourFront,9,92.8,26.9,SGD
drv_siti_sg_10,Siti Rahman,firefighter,2025-07-28,2025-07,2025-W31,Mon,1,7,2.95,Jurong_East,Jurong East,4,64.93,22.01,SGD
drv_siti_sg_10,Siti Rahman,firefighter,2025-07-28,2025-07,2025-W31,Mon,2,19,3.15,Marina_Bay,Marina Bay / Sands,5,69.17,21.96,SGD
drv_siti_sg_10,Siti Rahman,firefighter,2025-07-29,2025-07,2025-W31,Tue,1,19,3.73,Jurong_East,Jurong East,12,97.14,26.04,SGD
drv_siti_sg_10,Siti Rahman,firefighter,2025-07-29,2025-07,2025-W31,Tue,2,22,2.97,Tampines,Tampines,10,77.45,26.08,SGD
drv_siti_sg_10,Siti Rahman,firefighter,2025-07-31,2025-07,2025-W31,Thu,1,7,3.51,Jurong_East,Jurong East,9,72.03,20.52,SGD
drv_siti_sg_10,Siti Rahman,firefighter,2025-07-31,2025-07,2025-W31,Thu,2,23,4.09,Jurong_East,Jurong East,10,84.05,20.55,SGD
drv_siti_sg_10,Siti Rahman,firefighter,2025-08-01,2025-08,2025-W31,Fri,1,9,3.24,Sentosa_HarbF,Sentosa / HarbourFront,7,41.69,12.87,SGD
drv_siti_sg_10,Siti Rahman,firefighter,2025-08-01,2025-08,2025-W31,Fri,2,17,4.36,Marina_Bay,Marina Bay / Sands,9,56.13,12.87,SGD
drv_siti_sg_10,Siti Rahman,firefighter,2025-08-02,2025-08,2025-W31,Sat,1,9,2.8,Marina_Bay,Marina Bay / Sands,2,70.04,25.01,SGD
drv_siti_sg_10,Siti Rahman,firefighter,2025-08-02,2025-08,2025-W31,Sat,2,18,3.54,Sentosa_HarbF,Sentosa / HarbourFront,3,88.65,25.04,SGD
drv_siti_sg_10,Siti Rahman,firefighter,2025-08-02,2025-08,2025-W31,Sat,3,0,3.56,Sentosa_HarbF,Sentosa / HarbourFront,3,89.2,25.06,SGD
drv_siti_sg_10,Siti Rahman,firefighter,2025-08-03,2025-08,2025-W31,Sun,1,7,3.32,Jurong_East,Jurong East,7,85.24,25.67,SGD
drv_siti_sg_10,Siti Rahman,firefighter,2025-08-03,2025-08,2025-W31,Sun,2,19,2.68,Sentosa_HarbF,Sentosa / HarbourFront,6,68.88,25.7,SGD
drv_siti_sg_10,Siti Rahman,firefighter,2025-08-03,2025-08,2025-W31,Sun,3,23,2.8,Jurong_East,Jurong East,6,71.79,25.64,SGD
drv_siti_sg_10,Siti Rahman,firefighter,2025-08-04,2025-08,2025-W32,Mon,1,19,2.97,Sentosa_HarbF,Sentosa / HarbourFront,5,67.42,22.7,SGD
drv_siti_sg_10,Siti Rahman,firefighter,2025-08-04,2025-08,2025-W32,Mon,2,22,3.63,Jurong_East,Jurong East,6,82.16,22.63,SGD
drv_siti_sg_10,Siti Rahman,firefighter,2025-08-05,2025-08,2025-W32,Tue,1,9,2.91,Sentosa_HarbF,Sentosa / HarbourFront,6,53.85,18.51,SGD
drv_siti_sg_10,Siti Rahman,firefighter,2025-08-05,2025-08,2025-W32,Tue,2,17,3.32,Sentosa_HarbF,Sentosa / HarbourFront,7,61.49,18.52,SGD
drv_siti_sg_10,Siti Rahman,firefighter,2025-08-05,2025-08,2025-W32,Tue,3,21,2.47,Sentosa_HarbF,Sentosa / HarbourFront,5,45.75,18.52,SGD
drv_siti_sg_10,Siti Rahman,firefighter,2025-08-16,2025-08,2025-W33,Sat,1,8,3.33,Sentosa_HarbF,Sentosa / HarbourFront,7,45.18,13.57,SGD
drv_siti_sg_10,Siti Rahman,firefighter,2025-08-16,2025-08,2025-W33,Sat,2,19,2.56,Marina_Bay,Marina Bay / Sands,5,34.67,13.54,SGD
drv_siti_sg_10,Siti Rahman,firefighter,2025-08-16,2025-08,2025-W33,Sat,3,22,3.21,Tampines,Tampines,6,43.54,13.56,SGD
drv_siti_sg_10,Siti Rahman,firefighter,2025-08-17,2025-08,2025-W33,Sun,1,8,3.55,Jurong_East,Jurong East,7,60.9,17.15,SGD
drv_siti_sg_10,Siti Rahman,firefighter,2025-08-17,2025-08,2025-W33,Sun,2,18,3.47,Tampines,Tampines,7,59.48,17.14,SGD
drv_siti_sg_10,Siti Rahman,firefighter,2025-08-17,2025-08,2025-W33,Sun,3,22,3.19,Tampines,Tampines,7,54.7,17.15,SGD
drv_siti_sg_10,Siti Rahman,firefighter,2025-08-18,2025-08,2025-W34,Mon,1,7,3.72,Marina_Bay,Marina Bay / Sands,4,65.27,17.55,SGD
drv_siti_sg_10,Siti Rahman,firefighter,2025-08-18,2025-08,2025-W34,Mon,2,20,2.67,Tampines,Tampines,3,46.9,17.57,SGD
drv_siti_sg_10,Siti Rahman,firefighter,2025-08-18,2025-08,2025-W34,Mon,3,21,3.61,Sentosa_HarbF,Sentosa / HarbourFront,4,63.25,17.52,SGD
drv_siti_sg_10,Siti Rahman,firefighter,2025-08-19,2025-08,2025-W34,Tue,1,9,3.2,Tampines,Tampines,7,20.83,6.51,SGD
drv_siti_sg_10,Siti Rahman,firefighter,2025-08-19,2025-08,2025-W34,Tue,2,19,2.73,Jurong_East,Jurong East,6,17.75,6.5,SGD
drv_siti_sg_10,Siti Rahman,firefighter,2025-08-19,2025-08,2025-W34,Tue,3,0,3.16,Tampines,Tampines,7,20.57,6.51,SGD
drv_siti_sg_10,Siti Rahman,firefighter,2025-08-21,2025-08,2025-W34,Thu,1,8,4.08,Tampines,Tampines,8,60.97,14.94,SGD
drv_siti_sg_10,Siti Rahman,firefighter,2025-08-21,2025-08,2025-W34,Thu,2,19,3.91,Jurong_East,Jurong East,7,58.45,14.95,SGD
drv_siti_sg_10,Siti Rahman,firefighter,2025-08-21,2025-08,2025-W34,Thu,3,22,3.6,Marina_Bay,Marina Bay / Sands,7,53.77,14.94,SGD
drv_siti_sg_10,Siti Rahman,firefighter,2025-08-22,2025-08,2025-W34,Fri,1,7,3.13,Jurong_East,Jurong East,6,54.29,17.35,SGD
drv_siti_sg_10,Siti Rahman,firefighter,2025-08-22,2025-08,2025-W34,Fri,2,20,3.25,Marina_Bay,Marina Bay / Sands,7,56.35,17.34,SGD
drv_siti_sg_10,Siti Rahman,firefighter,2025-08-22,2025-08,2025-W34,Fri,3,21,3.53,Marina_Bay,Marina Bay / Sands,7,61.24,17.35,SGD
drv_siti_sg_10,Siti Rahman,firefighter,2025-08-23,2025-08,2025-W34,Sat,1,8,3.24,Jurong_East,Jurong East,4,34.61,10.68,SGD
drv_siti_sg_10,Siti Rahman,firefighter,2025-08-23,2025-08,2025-W34,Sat,2,18,3.29,Jurong_East,Jurong East,4,35.22,10.71,SGD
drv_siti_sg_10,Siti Rahman,firefighter,2025-08-23,2025-08,2025-W34,Sat,3,22,2.67,Sentosa_HarbF,Sentosa / HarbourFront,3,28.59,10.71,SGD
drv_siti_sg_10,Siti Rahman,firefighter,2025-08-24,2025-08,2025-W34,Sun,1,9,2.93,Tampines,Tampines,10,81.72,27.89,SGD
drv_siti_sg_10,Siti Rahman,firefighter,2025-08-24,2025-08,2025-W34,Sun,2,23,3.77,Tampines,Tampines,13,105.37,27.95,SGD
drv_siti_sg_10,Siti Rahman,firefighter,2025-08-25,2025-08,2025-W35,Mon,1,8,3.3,Tampines,Tampines,9,45.79,13.88,SGD
drv_siti_sg_10,Siti Rahman,firefighter,2025-08-25,2025-08,2025-W35,Mon,2,18,2.48,Tampines,Tampines,7,34.5,13.91,SGD
drv_siti_sg_10,Siti Rahman,firefighter,2025-08-25,2025-08,2025-W35,Mon,3,22,2.32,Jurong_East,Jurong East,6,32.26,13.91,SGD
drv_siti_sg_10,Siti Rahman,firefighter,2025-08-26,2025-08,2025-W35,Tue,1,8,2.7,Jurong_East,Jurong East,7,51.09,18.92,SGD
drv_siti_sg_10,Siti Rahman,firefighter,2025-08-26,2025-08,2025-W35,Tue,2,20,3.09,Marina_Bay,Marina Bay / Sands,8,58.33,18.88,SGD
drv_siti_sg_10,Siti Rahman,firefighter,2025-08-26,2025-08,2025-W35,Tue,3,0,3.01,Jurong_East,Jurong East,8,56.82,18.88,SGD
drv_siti_sg_10,Siti Rahman,firefighter,2025-08-28,2025-08,2025-W35,Thu,1,7,2.84,Jurong_East,Jurong East,4,51.88,18.27,SGD
drv_siti_sg_10,Siti Rahman,firefighter,2025-08-28,2025-08,2025-W35,Thu,2,19,3.06,Tampines,Tampines,4,55.91,18.27,SGD
drv_siti_sg_10,Siti Rahman,firefighter,2025-08-28,2025-08,2025-W35,Thu,3,22,3.0,Sentosa_HarbF,Sentosa / HarbourFront,4,54.75,18.25,SGD
drv_siti_sg_10,Siti Rahman,firefighter,2025-08-29,2025-08,2025-W35,Fri,1,7,3.12,Tampines,Tampines,7,67.74,21.71,SGD
drv_siti_sg_10,Siti Rahman,firefighter,2025-08-29,2025-08,2025-W35,Fri,2,18,2.82,Jurong_East,Jurong East,6,61.21,21.71,SGD
drv_siti_sg_10,Siti Rahman,firefighter,2025-08-29,2025-08,2025-W35,Fri,3,0,3.26,Tampines,Tampines,7,70.69,21.68,SGD
drv_siti_sg_10,Siti Rahman,firefighter,2025-08-30,2025-08,2025-W35,Sat,1,8,3.06,Marina_Bay,Marina Bay / Sands,7,25.9,8.46,SGD
drv_siti_sg_10,Siti Rahman,firefighter,2025-08-30,2025-08,2025-W35,Sat,2,17,4.16,Tampines,Tampines,9,35.22,8.47,SGD
drv_siti_sg_10,Siti Rahman,firefighter,2025-08-30,2025-08,2025-W35,Sat,3,0,3.59,Marina_Bay,Marina Bay / Sands,8,30.39,8.47,SGD
drv_siti_sg_10,Siti Rahman,firefighter,2025-08-31,2025-08,2025-W35,Sun,1,8,3.21,Marina_Bay,Marina Bay / Sands,3,53.56,16.69,SGD
drv_siti_sg_10,Siti Rahman,firefighter,2025-08-31,2025-08,2025-W35,Sun,2,17,2.7,Sentosa_HarbF,Sentosa / HarbourFront,2,45.0,16.67,SGD
drv_siti_sg_10,Siti Rahman,firefighter,2025-08-31,2025-08,2025-W35,Sun,3,0,3.09,Tampines,Tampines,3,51.5,16.67,SGD
drv_siti_sg_10,Siti Rahman,firefighter,2025-09-01,2025-09,2025-W36,Mon,1,8,3.57,Marina_Bay,Marina Bay / Sands,3,54.98,15.4,SGD
drv_siti_sg_10,Siti Rahman,firefighter,2025-09-01,2025-09,2025-W36,Mon,2,19,3.13,Sentosa_HarbF,Sentosa / HarbourFront,3,48.23,15.41,SGD
drv_siti_sg_10,Siti Rahman,firefighter,2025-09-01,2025-09,2025-W36,Mon,3,22,2.9,Tampines,Tampines,2,44.72,15.42,SGD
drv_siti_sg_10,Siti Rahman,firefighter,2025-09-02,2025-09,2025-W36,Tue,1,7,3.54,Jurong_East,Jurong East,8,65.23,18.43,SGD
drv_siti_sg_10,Siti Rahman,firefighter,2025-09-02,2025-09,2025-W36,Tue,2,0,4.06,Jurong_East,Jurong East,9,74.88,18.44,SGD
drv_siti_sg_10,Siti Rahman,firefighter,2025-09-04,2025-09,2025-W36,Thu,1,8,2.69,Tampines,Tampines,4,53.51,19.89,SGD
drv_siti_sg_10,Siti Rahman,firefighter,2025-09-04,2025-09,2025-W36,Thu,2,18,3.55,Sentosa_HarbF,Sentosa / HarbourFront,5,70.68,19.91,SGD
drv_siti_sg_10,Siti Rahman,firefighter,2025-09-04,2025-09,2025-W36,Thu,3,23,3.46,Tampines,Tampines,5,68.77,19.88,SGD
drv_siti_sg_10,Siti Rahman,firefighter,2025-09-05,2025-09,2025-W36,Fri,1,8,4.23,Tampines,Tampines,7,80.24,18.97,SGD
drv_siti_sg_10,Siti Rahman,firefighter,2025-09-05,2025-09,2025-W36,Fri,2,18,3.57,Sentosa_HarbF,Sentosa / HarbourFront,6,67.71,18.97,SGD
drv_siti_sg_10,Siti Rahman,firefighter,2025-09-05,2025-09,2025-W36,Fri,3,0,3.61,Tampines,Tampines,6,68.54,18.99,SGD
drv_siti_sg_10,Siti Rahman,firefighter,2025-09-06,2025-09,2025-W36,Sat,1,9,3.56,Sentosa_HarbF,Sentosa / HarbourFront,5,61.44,17.26,SGD
drv_siti_sg_10,Siti Rahman,firefighter,2025-09-06,2025-09,2025-W36,Sat,2,18,3.6,Marina_Bay,Marina Bay / Sands,5,62.05,17.24,SGD
drv_siti_sg_10,Siti Rahman,firefighter,2025-09-06,2025-09,2025-W36,Sat,3,21,4.54,Sentosa_HarbF,Sentosa / HarbourFront,7,78.23,17.23,SGD
drv_siti_sg_10,Siti Rahman,firefighter,2025-09-07,2025-09,2025-W36,Sun,1,7,4.03,Sentosa_HarbF,Sentosa / HarbourFront,7,62.48,15.5,SGD
drv_siti_sg_10,Siti Rahman,firefighter,2025-09-07,2025-09,2025-W36,Sun,2,18,3.43,Tampines,Tampines,6,53.13,15.49,SGD
drv_siti_sg_10,Siti Rahman,firefighter,2025-09-07,2025-09,2025-W36,Sun,3,22,3.74,Jurong_East,Jurong East,7,57.98,15.5,SGD
drv_siti_sg_10,Siti Rahman,firefighter,2025-09-08,2025-09,2025-W37,Mon,1,9,3.31,Sentosa_HarbF,Sentosa / HarbourFront,6,66.62,20.13,SGD
drv_siti_sg_10,Siti Rahman,firefighter,2025-09-08,2025-09,2025-W37,Mon,2,17,2.75,Jurong_East,Jurong East,5,55.22,20.08,SGD
drv_siti_sg_10,Siti Rahman,firefighter,2025-09-08,2025-09,2025-W37,Mon,3,22,2.64,Marina_Bay,Marina Bay / Sands,5,53.07,20.1,SGD
drv_siti_sg_10,Siti Rahman,firefighter,2025-09-09,2025-09,2025-W37,Tue,1,8,4.07,Jurong_East,Jurong East,9,60.87,14.96,SGD
drv_siti_sg_10,Siti Rahman,firefighter,2025-09-09,2025-09,2025-W37,Tue,2,19,3.4,Tampines,Tampines,7,50.9,14.97,SGD
drv_siti_sg_10,Siti Rahman,firefighter,2025-09-09,2025-09,2025-W37,Tue,3,0,2.93,Tampines,Tampines,6,43.81,14.95,SGD
drv_siti_sg_10,Siti Rahman,firefighter,2025-09-11,2025-09,2025-W37,Thu,1,7,3.4,Sentosa_HarbF,Sentosa / HarbourFront,9,82.97,24.4,SGD
drv_siti_sg_10,Siti Rahman,firefighter,2025-09-11,2025-09,2025-W37,Thu,2,22,4.6,Jurong_East,Jurong East,13,112.43,24.44,SGD
drv_siti_sg_10,Siti Rahman,firefighter,2025-09-12,2025-09,2025-W37,Fri,1,8,3.45,Tampines,Tampines,7,63.96,18.54,SGD
drv_siti_sg_10,Siti Rahman,firefighter,2025-09-12,2025-09,2025-W37,Fri,2,19,4.23,Sentosa_HarbF,Sentosa / HarbourFront,9,78.44,18.54,SGD
drv_siti_sg_10,Siti Rahman,firefighter,2025-09-12,2025-09,2025-W37,Fri,3,21,3.43,Marina_Bay,Marina Bay / Sands,7,63.66,18.56,SGD
drv_siti_sg_10,Siti Rahman,firefighter,2025-09-13,2025-09,2025-W37,Sat,1,8,3.5,Tampines,Tampines,7,62.29,17.8,SGD
drv_siti_sg_10,Siti Rahman,firefighter,2025-09-13,2025-09,2025-W37,Sat,2,20,3.58,Tampines,Tampines,7,63.71,17.8,SGD
drv_siti_sg_10,Siti Rahman,firefighter,2025-09-13,2025-09,2025-W37,Sat,3,21,3.72,Tampines,Tampines,8,66.33,17.83,SGD
drv_siti_sg_10,Siti Rahman,firefighter,2025-09-14,2025-09,2025-W37,Sun,1,8,2.54,Jurong_East,Jurong East,3,47.9,18.86,SGD
drv_siti_sg_10,Siti Rahman,firefighter,2025-09-14,2025-09,2025-W37,Sun,2,19,2.43,Tampines,Tampines,3,45.9,18.89,SGD
drv_siti_sg_10,Siti Rahman,firefighter,2025-09-14,2025-09,2025-W37,Sun,3,0,3.13,Sentosa_HarbF,Sentosa / HarbourFront,4,58.94,18.83,SGD
drv_siti_sg_10,Siti Rahman,firefighter,2025-09-15,2025-09,2025-W38,Mon,1,9,3.45,Sentosa_HarbF,Sentosa / HarbourFront,6,49.25,14.28,SGD
drv_siti_sg_10,Siti Rahman,firefighter,2025-09-15,2025-09,2025-W38,Mon,2,20,3.17,Jurong_East,Jurong East,5,45.32,14.3,SGD
drv_siti_sg_10,Siti Rahman,firefighter,2025-09-15,2025-09,2025-W38,Mon,3,0,3.28,Sentosa_HarbF,Sentosa / HarbourFront,6,46.89,14.3,SGD
drv_siti_sg_10,Siti Rahman,firefighter,2025-09-16,2025-09,2025-W38,Tue,1,7,3.14,Tampines,Tampines,12,73.7,23.47,SGD
drv_siti_sg_10,Siti Rahman,firefighter,2025-09-16,2025-09,2025-W38,Tue,2,22,3.06,Tampines,Tampines,11,71.99,23.53,SGD
drv_siti_sg_10,Siti Rahman,firefighter,2025-09-18,2025-09,2025-W38,Thu,1,7,3.18,Tampines,Tampines,5,43.59,13.71,SGD
drv_siti_sg_10,Siti Rahman,firefighter,2025-09-18,2025-09,2025-W38,Thu,2,19,3.94,Sentosa_HarbF,Sentosa / HarbourFront,7,53.93,13.69,SGD
drv_siti_sg_10,Siti Rahman,firefighter,2025-09-18,2025-09,2025-W38,Thu,3,23,4.08,Marina_Bay,Marina Bay / Sands,7,55.82,13.68,SGD
drv_siti_sg_10,Siti Rahman,firefighter,2025-09-19,2025-09,2025-W38,Fri,1,17,3.0,Sentosa_HarbF,Sentosa / HarbourFront,11,85.14,28.38,SGD
drv_siti_sg_10,Siti Rahman,firefighter,2025-09-19,2025-09,2025-W38,Fri,2,22,3.5,Sentosa_HarbF,Sentosa / HarbourFront,13,99.59,28.45,SGD
drv_siti_sg_10,Siti Rahman,firefighter,2025-09-20,2025-09,2025-W38,Sat,1,8,3.67,Sentosa_HarbF,Sentosa / HarbourFront,4,37.14,10.12,SGD
drv_siti_sg_10,Siti Rahman,firefighter,2025-09-20,2025-09,2025-W38,Sat,2,18,3.15,Tampines,Tampines,3,31.86,10.11,SGD
drv_siti_sg_10,Siti Rahman,firefighter,2025-09-20,2025-09,2025-W38,Sat,3,21,2.98,Tampines,Tampines,3,30.09,10.1,SGD
drv_siti_sg_10,Siti Rahman,firefighter,2025-09-21,2025-09,2025-W38,Sun,1,20,4.15,Tampines,Tampines,12,107.6,25.93,SGD
drv_siti_sg_10,Siti Rahman,firefighter,2025-09-21,2025-09,2025-W38,Sun,2,0,3.35,Sentosa_HarbF,Sentosa / HarbourFront,10,86.7,25.88,SGD
drv_siti_sg_10,Siti Rahman,firefighter,2025-09-22,2025-09,2025-W39,Mon,1,7,3.11,Marina_Bay,Marina Bay / Sands,5,40.75,13.1,SGD
drv_siti_sg_10,Siti Rahman,firefighter,2025-09-22,2025-09,2025-W39,Mon,2,17,2.94,Jurong_East,Jurong East,5,38.48,13.09,SGD
drv_siti_sg_10,Siti Rahman,firefighter,2025-09-22,2025-09,2025-W39,Mon,3,23,4.06,Tampines,Tampines,6,53.16,13.09,SGD
drv_siti_sg_10,Siti Rahman,firefighter,2025-09-23,2025-09,2025-W39,Tue,1,7,2.81,Sentosa_HarbF,Sentosa / HarbourFront,4,59.22,21.07,SGD
drv_siti_sg_10,Siti Rahman,firefighter,2025-09-23,2025-09,2025-W39,Tue,2,19,2.94,Tampines,Tampines,5,61.93,21.06,SGD
drv_siti_sg_10,Siti Rahman,firefighter,2025-09-23,2025-09,2025-W39,Tue,3,0,2.65,Marina_Bay,Marina Bay / Sands,4,55.93,21.11,SGD
drv_siti_sg_10,Siti Rahman,firefighter,2025-09-25,2025-09,2025-W39,Thu,1,8,3.51,Jurong_East,Jurong East,6,68.26,19.45,SGD
drv_siti_sg_10,Siti Rahman,firefighter,2025-09-25,2025-09,2025-W39,Thu,2,17,3.26,Sentosa_HarbF,Sentosa / HarbourFront,6,63.34,19.43,SGD
drv_siti_sg_10,Siti Rahman,firefighter,2025-09-25,2025-09,2025-W39,Thu,3,23,2.53,Marina_Bay,Marina Bay / Sands,5,49.14,19.42,SGD
drv_siti_sg_10,Siti Rahman,firefighter,2025-10-02,2025-10,2025-W40,Thu,1,7,2.97,Marina_Bay,Marina Bay / Sands,5,80.45,27.09,SGD
drv_siti_sg_10,Siti Rahman,firefighter,2025-10-02,2025-10,2025-W40,Thu,2,17,3.53,Tampines,Tampines,7,95.85,27.15,SGD
drv_siti_sg_10,Siti Rahman,firefighter,2025-10-03,2025-10,2025-W40,Fri,1,7,3.43,Sentosa_HarbF,Sentosa / HarbourFront,5,57.92,16.89,SGD
drv_siti_sg_10,Siti Rahman,firefighter,2025-10-03,2025-10,2025-W40,Fri,2,20,4.09,Sentosa_HarbF,Sentosa / HarbourFront,7,69.18,16.91,SGD
drv_siti_sg_10,Siti Rahman,firefighter,2025-10-03,2025-10,2025-W40,Fri,3,22,3.78,Marina_Bay,Marina Bay / Sands,6,63.88,16.9,SGD
drv_siti_sg_10,Siti Rahman,firefighter,2025-10-04,2025-10,2025-W40,Sat,1,8,3.53,Marina_Bay,Marina Bay / Sands,4,57.56,16.31,SGD
drv_siti_sg_10,Siti Rahman,firefighter,2025-10-04,2025-10,2025-W40,Sat,2,19,3.77,Sentosa_HarbF,Sentosa / HarbourFront,4,61.46,16.3,SGD
drv_siti_sg_10,Siti Rahman,firefighter,2025-10-04,2025-10,2025-W40,Sat,3,22,4.01,Tampines,Tampines,4,65.36,16.3,SGD
drv_siti_sg_10,Siti Rahman,firefighter,2025-10-05,2025-10,2025-W40,Sun,1,7,3.44,Jurong_East,Jurong East,3,52.5,15.26,SGD
drv_siti_sg_10,Siti Rahman,firefighter,2025-10-05,2025-10,2025-W40,Sun,2,20,4.17,Marina_Bay,Marina Bay / Sands,3,63.57,15.24,SGD
drv_siti_sg_10,Siti Rahman,firefighter,2025-10-05,2025-10,2025-W40,Sun,3,0,3.19,Jurong_East,Jurong East,3,48.72,15.27,SGD
drv_siti_sg_10,Siti Rahman,firefighter,2025-10-06,2025-10,2025-W41,Mon,1,7,3.76,Tampines,Tampines,7,65.0,17.29,SGD
drv_siti_sg_10,Siti Rahman,firefighter,2025-10-06,2025-10,2025-W41,Mon,2,21,3.94,Tampines,Tampines,7,68.14,17.29,SGD
drv_siti_sg_10,Siti Rahman,firefighter,2025-10-07,2025-10,2025-W41,Tue,1,8,2.93,Marina_Bay,Marina Bay / Sands,4,45.07,15.38,SGD
drv_siti_sg_10,Siti Rahman,firefighter,2025-10-07,2025-10,2025-W41,Tue,2,17,3.0,Jurong_East,Jurong East,4,46.07,15.36,SGD
drv_siti_sg_10,Siti Rahman,firefighter,2025-10-07,2025-10,2025-W41,Tue,3,21,3.67,Sentosa_HarbF,Sentosa / HarbourFront,5,56.38,15.36,SGD
drv_siti_sg_10,Siti Rahman,firefighter,2025-10-09,2025-10,2025-W41,Thu,1,9,3.47,Jurong_East,Jurong East,6,74.09,21.35,SGD
drv_siti_sg_10,Siti Rahman,firefighter,2025-10-09,2025-10,2025-W41,Thu,2,20,2.94,Marina_Bay,Marina Bay / Sands,5,62.83,21.37,SGD
drv_siti_sg_10,Siti Rahman,firefighter,2025-10-09,2025-10,2025-W41,Thu,3,22,2.98,Jurong_East,Jurong East,5,63.71,21.38,SGD
drv_siti_sg_10,Siti Rahman,firefighter,2025-10-10,2025-10,2025-W41,Fri,1,19,2.92,Jurong_East,Jurong East,6,99.48,34.07,SGD
drv_siti_sg_10,Siti Rahman,firefighter,2025-10-10,2025-10,2025-W41,Fri,2,23,3.48,Tampines,Tampines,7,118.68,34.1,SGD
drv_siti_sg_10,Siti Rahman,firefighter,2025-10-11,2025-10,2025-W41,Sat,1,8,4.17,Sentosa_HarbF,Sentosa / HarbourFront,4,96.25,23.08,SGD
drv_siti_sg_10,Siti Rahman,firefighter,2025-10-11,2025-10,2025-W41,Sat,2,18,3.0,Jurong_East,Jurong East,3,69.11,23.04,SGD
drv_siti_sg_10,Siti Rahman,firefighter,2025-10-11,2025-10,2025-W41,Sat,3,22,3.83,Tampines,Tampines,3,88.45,23.09,SGD
drv_siti_sg_10,Siti Rahman,firefighter,2025-10-12,2025-10,2025-W41,Sun,1,9,2.89,Sentosa_HarbF,Sentosa / HarbourFront,5,65.25,22.58,SGD
drv_siti_sg_10,Siti Rahman,firefighter,2025-10-12,2025-10,2025-W41,Sun,2,19,3.27,Marina_Bay,Marina Bay / Sands,6,73.93,22.61,SGD
drv_siti_sg_10,Siti Rahman,firefighter,2025-10-12,2025-10,2025-W41,Sun,3,23,3.04,Jurong_East,Jurong East,5,68.74,22.61,SGD
drv_siti_sg_10,Siti Rahman,firefighter,2025-10-13,2025-10,2025-W42,Mon,1,7,3.03,Tampines,Tampines,10,71.71,23.67,SGD
drv_siti_sg_10,Siti Rahman,firefighter,2025-10-13,2025-10,2025-W42,Mon,2,18,3.57,Sentosa_HarbF,Sentosa / HarbourFront,11,84.61,23.7,SGD
drv_siti_sg_10,Siti Rahman,firefighter,2025-10-14,2025-10,2025-W42,Tue,1,8,2.64,Sentosa_HarbF,Sentosa / HarbourFront,5,47.25,17.9,SGD
drv_siti_sg_10,Siti Rahman,firefighter,2025-10-14,2025-10,2025-W42,Tue,2,20,3.73,Jurong_East,Jurong East,7,66.89,17.93,SGD
drv_siti_sg_10,Siti Rahman,firefighter,2025-10-14,2025-10,2025-W42,Tue,3,0,3.63,Sentosa_HarbF,Sentosa / HarbourFront,7,65.14,17.94,SGD
drv_siti_sg_10,Siti Rahman,firefighter,2025-10-16,2025-10,2025-W42,Thu,1,7,3.35,Jurong_East,Jurong East,7,62.61,18.69,SGD
drv_siti_sg_10,Siti Rahman,firefighter,2025-10-16,2025-10,2025-W42,Thu,2,18,2.66,Marina_Bay,Marina Bay / Sands,5,49.72,18.69,SGD
drv_siti_sg_10,Siti Rahman,firefighter,2025-10-16,2025-10,2025-W42,Thu,3,22,3.18,Sentosa_HarbF,Sentosa / HarbourFront,6,59.48,18.7,SGD
drv_siti_sg_10,Siti Rahman,firefighter,2025-10-17,2025-10,2025-W42,Fri,1,7,2.82,Tampines,Tampines,4,45.69,16.2,SGD
drv_siti_sg_10,Siti Rahman,firefighter,2025-10-17,2025-10,2025-W42,Fri,2,17,3.92,Marina_Bay,Marina Bay / Sands,5,63.36,16.16,SGD
drv_siti_sg_10,Siti Rahman,firefighter,2025-10-17,2025-10,2025-W42,Fri,3,23,3.66,Tampines,Tampines,5,59.23,16.18,SGD
drv_siti_sg_10,Siti Rahman,firefighter,2025-10-18,2025-10,2025-W42,Sat,1,18,3.11,Tampines,Tampines,10,86.47,27.8,SGD
drv_siti_sg_10,Siti Rahman,firefighter,2025-10-18,2025-10,2025-W42,Sat,2,22,2.89,Tampines,Tampines,10,80.45,27.84,SGD
drv_siti_sg_10,Siti Rahman,firefighter,2025-10-19,2025-10,2025-W42,Sun,1,7,3.15,Jurong_East,Jurong East,5,63.04,20.01,SGD
drv_siti_sg_10,Siti Rahman,firefighter,2025-10-19,2025-10,2025-W42,Sun,2,17,3.36,Sentosa_HarbF,Sentosa / HarbourFront,5,67.35,20.04,SGD
drv_siti_sg_10,Siti Rahman,firefighter,2025-10-19,2025-10,2025-W42,Sun,3,21,3.49,Tampines,Tampines,6,69.9,20.03,SGD
drv_siti_sg_10,Siti Rahman,firefighter,2025-10-20,2025-10,2025-W43,Mon,1,8,3.34,Tampines,Tampines,8,38.31,11.47,SGD
drv_siti_sg_10,Siti Rahman,firefighter,2025-10-20,2025-10,2025-W43,Mon,2,18,3.46,Tampines,Tampines,8,39.61,11.45,SGD
drv_siti_sg_10,Siti Rahman,firefighter,2025-10-20,2025-10,2025-W43,Mon,3,23,3.6,Sentosa_HarbF,Sentosa / HarbourFront,8,41.26,11.46,SGD
drv_siti_sg_10,Siti Rahman,firefighter,2025-10-21,2025-10,2025-W43,Tue,1,9,3.94,Tampines,Tampines,10,81.6,20.71,SGD
drv_siti_sg_10,Siti Rahman,firefighter,2025-10-21,2025-10,2025-W43,Tue,2,20,3.46,Tampines,Tampines,9,71.72,20.73,SGD
drv_siti_sg_10,Siti Rahman,firefighter,2025-10-26,2025-10,2025-W43,Sun,1,9,3.33,Marina_Bay,Marina Bay / Sands,6,70.8,21.26,SGD
drv_siti_sg_10,Siti Rahman,firefighter,2025-10-26,2025-10,2025-W43,Sun,2,18,3.35,Sentosa_HarbF,Sentosa / HarbourFront,6,71.25,21.27,SGD
drv_siti_sg_10,Siti Rahman,firefighter,2025-10-26,2025-10,2025-W43,Sun,3,22,2.82,Sentosa_HarbF,Sentosa / HarbourFront,5,60.11,21.32,SGD
drv_siti_sg_10,Siti Rahman,firefighter,2025-10-27,2025-10,2025-W44,Mon,1,7,2.94,Marina_Bay,Marina Bay / Sands,3,48.05,16.34,SGD
drv_siti_sg_10,Siti Rahman,firefighter,2025-10-27,2025-10,2025-W44,Mon,2,20,3.03,Sentosa_HarbF,Sentosa / HarbourFront,3,49.6,16.37,SGD
drv_siti_sg_10,Siti Rahman,firefighter,2025-10-27,2025-10,2025-W44,Mon,3,0,3.53,Jurong_East,Jurong East,3,57.86,16.39,SGD
drv_siti_sg_10,Siti Rahman,firefighter,2025-10-28,2025-10,2025-W44,Tue,1,9,3.74,Tampines,Tampines,9,53.8,14.39,SGD
drv_siti_sg_10,Siti Rahman,firefighter,2025-10-28,2025-10,2025-W44,Tue,2,17,3.05,Sentosa_HarbF,Sentosa / HarbourFront,7,43.9,14.39,SGD
drv_siti_sg_10,Siti Rahman,firefighter,2025-10-28,2025-10,2025-W44,Tue,3,0,3.11,Marina_Bay,Marina Bay / Sands,8,44.85,14.42,SGD
drv_siti_sg_10,Siti Rahman,firefighter,2025-10-30,2025-10,2025-W44,Thu,1,7,4.19,Jurong_East,Jurong East,5,79.32,18.93,SGD
drv_siti_sg_10,Siti Rahman,firefighter,2025-10-30,2025-10,2025-W44,Thu,2,18,3.78,Marina_Bay,Marina Bay / Sands,5,71.55,18.93,SGD
drv_siti_sg_10,Siti Rahman,firefighter,2025-10-30,2025-10,2025-W44,Thu,3,0,3.43,Jurong_East,Jurong East,4,64.82,18.9,SGD
drv_siti_sg_10,Siti Rahman,firefighter,2025-10-31,2025-10,2025-W44,Fri,1,7,4.13,Tampines,Tampines,3,56.11,13.59,SGD
drv_siti_sg_10,Siti Rahman,firefighter,2025-10-31,2025-10,2025-W44,Fri,2,17,3.81,Jurong_East,Jurong East,3,51.81,13.6,SGD
drv_siti_sg_10,Siti Rahman,firefighter,2025-10-31,2025-10,2025-W44,Fri,3,0,3.76,Jurong_East,Jurong East,3,51.05,13.58,SGD
drv_siti_sg_10,Siti Rahman,firefighter,2025-11-01,2025-11,2025-W44,Sat,1,20,3.48,Sentosa_HarbF,Sentosa / HarbourFront,7,112.85,32.43,SGD
drv_siti_sg_10,Siti Rahman,firefighter,2025-11-01,2025-11,2025-W44,Sat,2,0,3.72,Sentosa_HarbF,Sentosa / HarbourFront,7,120.74,32.46,SGD
drv_siti_sg_10,Siti Rahman,firefighter,2025-11-02,2025-11,2025-W44,Sun,1,7,3.55,Jurong_East,Jurong East,6,56.6,15.94,SGD
drv_siti_sg_10,Siti Rahman,firefighter,2025-11-02,2025-11,2025-W44,Sun,2,17,3.51,Marina_Bay,Marina Bay / Sands,6,55.93,15.93,SGD
drv_siti_sg_10,Siti Rahman,firefighter,2025-11-02,2025-11,2025-W44,Sun,3,22,2.45,Tampines,Tampines,4,39.05,15.94,SGD
drv_siti_sg_10,Siti Rahman,firefighter,2025-11-03,2025-11,2025-W45,Mon,1,8,4.31,Sentosa_HarbF,Sentosa / HarbourFront,6,42.38,9.83,SGD
drv_siti_sg_10,Siti Rahman,firefighter,2025-11-03,2025-11,2025-W45,Mon,2,20,4.27,Jurong_East,Jurong East,6,41.99,9.83,SGD
drv_siti_sg_10,Siti Rahman,firefighter,2025-11-03,2025-11,2025-W45,Mon,3,0,3.12,Sentosa_HarbF,Sentosa / HarbourFront,4,30.62,9.81,SGD
drv_siti_sg_10,Siti Rahman,firefighter,2025-11-04,2025-11,2025-W45,Tue,1,9,3.6,Jurong_East,Jurong East,3,72.3,20.08,SGD
drv_siti_sg_10,Siti Rahman,firefighter,2025-11-04,2025-11,2025-W45,Tue,2,20,2.96,Tampines,Tampines,2,59.37,20.06,SGD
drv_siti_sg_10,Siti Rahman,firefighter,2025-11-04,2025-11,2025-W45,Tue,3,21,3.24,Marina_Bay,Marina Bay / Sands,3,65.16,20.11,SGD
drv_siti_sg_10,Siti Rahman,firefighter,2025-11-06,2025-11,2025-W45,Thu,1,9,3.71,Jurong_East,Jurong East,4,42.8,11.54,SGD
drv_siti_sg_10,Siti Rahman,firefighter,2025-11-06,2025-11,2025-W45,Thu,2,17,3.79,Jurong_East,Jurong East,4,43.83,11.56,SGD
drv_siti_sg_10,Siti Rahman,firefighter,2025-11-07,2025-11,2025-W45,Fri,1,8,3.12,Sentosa_HarbF,Sentosa / HarbourFront,8,57.86,18.54,SGD
drv_siti_sg_10,Siti Rahman,firefighter,2025-11-07,2025-11,2025-W45,Fri,2,18,2.82,Tampines,Tampines,7,52.29,18.54,SGD
drv_siti_sg_10,Siti Rahman,firefighter,2025-11-07,2025-11,2025-W45,Fri,3,22,3.36,Sentosa_HarbF,Sentosa / HarbourFront,8,62.26,18.53,SGD
drv_siti_sg_10,Siti Rahman,firefighter,2025-11-08,2025-11,2025-W45,Sat,1,8,4.32,Tampines,Tampines,4,82.5,19.1,SGD
drv_siti_sg_10,Siti Rahman,firefighter,2025-11-08,2025-11,2025-W45,Sat,2,17,4.1,Marina_Bay,Marina Bay / Sands,4,78.25,19.09,SGD
drv_siti_sg_10,Siti Rahman,firefighter,2025-11-08,2025-11,2025-W45,Sat,3,22,3.48,Tampines,Tampines,3,66.39,19.08,SGD
drv_siti_sg_10,Siti Rahman,firefighter,2025-11-09,2025-11,2025-W45,Sun,1,8,2.7,Marina_Bay,Marina Bay / Sands,5,25.81,9.56,SGD
drv_siti_sg_10,Siti Rahman,firefighter,2025-11-09,2025-11,2025-W45,Sun,2,19,3.09,Sentosa_HarbF,Sentosa / HarbourFront,6,29.61,9.58,SGD
drv_siti_sg_10,Siti Rahman,firefighter,2025-11-09,2025-11,2025-W45,Sun,3,0,3.11,Jurong_East,Jurong East,6,29.79,9.58,SGD
drv_siti_sg_10,Siti Rahman,firefighter,2025-11-10,2025-11,2025-W46,Mon,1,7,3.29,Sentosa_HarbF,Sentosa / HarbourFront,4,38.63,11.74,SGD
drv_siti_sg_10,Siti Rahman,firefighter,2025-11-10,2025-11,2025-W46,Mon,2,20,3.49,Tampines,Tampines,4,40.92,11.72,SGD
drv_siti_sg_10,Siti Rahman,firefighter,2025-11-10,2025-11,2025-W46,Mon,3,23,3.32,Marina_Bay,Marina Bay / Sands,4,38.87,11.71,SGD
drv_siti_sg_10,Siti Rahman,firefighter,2025-11-11,2025-11,2025-W46,Tue,1,8,2.22,Jurong_East,Jurong East,5,33.87,15.26,SGD
drv_siti_sg_10,Siti Rahman,firefighter,2025-11-11,2025-11,2025-W46,Tue,2,18,2.93,Sentosa_HarbF,Sentosa / HarbourFront,7,44.65,15.24,SGD
drv_siti_sg_10,Siti Rahman,firefighter,2025-11-11,2025-11,2025-W46,Tue,3,22,2.94,Sentosa_HarbF,Sentosa / HarbourFront,7,44.82,15.24,SGD
drv_siti_sg_10,Siti Rahman,firefighter,2025-11-13,2025-11,2025-W46,Thu,1,7,3.52,Tampines,Tampines,9,91.33,25.95,SGD
drv_siti_sg_10,Siti Rahman,firefighter,2025-11-13,2025-11,2025-W46,Thu,2,20,3.68,Jurong_East,Jurong East,9,95.62,25.98,SGD
drv_siti_sg_10,Siti Rahman,firefighter,2025-11-14,2025-11,2025-W46,Fri,1,9,3.44,Tampines,Tampines,6,83.24,24.2,SGD
drv_siti_sg_10,Siti Rahman,firefighter,2025-11-14,2025-11,2025-W46,Fri,2,20,2.83,Sentosa_HarbF,Sentosa / HarbourFront,5,68.49,24.2,SGD
drv_siti_sg_10,Siti Rahman,firefighter,2025-11-14,2025-11,2025-W46,Fri,3,22,3.24,Marina_Bay,Marina Bay / Sands,5,78.36,24.19,SGD
drv_siti_sg_10,Siti Rahman,firefighter,2025-11-15,2025-11,2025-W46,Sat,1,9,3.68,Tampines,Tampines,5,85.05,23.11,SGD
drv_siti_sg_10,Siti Rahman,firefighter,2025-11-15,2025-11,2025-W46,Sat,2,18,3.99,Tampines,Tampines,5,92.26,23.12,SGD
drv_siti_sg_10,Siti Rahman,firefighter,2025-11-15,2025-11,2025-W46,Sat,3,21,3.63,Jurong_East,Jurong East,5,83.81,23.09,SGD
drv_siti_sg_10,Siti Rahman,firefighter,2025-11-16,2025-11,2025-W46,Sun,1,8,2.36,Jurong_East,Jurong East,7,52.53,22.26,SGD
drv_siti_sg_10,Siti Rahman,firefighter,2025-11-16,2025-11,2025-W46,Sun,2,18,3.13,Jurong_East,Jurong East,9,69.64,22.25,SGD
drv_siti_sg_10,Siti Rahman,firefighter,2025-11-16,2025-11,2025-W46,Sun,3,22,3.0,Sentosa_HarbF,Sentosa / HarbourFront,8,66.66,22.22,SGD
drv_siti_sg_10,Siti Rahman,firefighter,2025-11-17,2025-11,2025-W47,Mon,1,7,3.47,Jurong_East,Jurong East,7,56.95,16.41,SGD
drv_siti_sg_10,Siti Rahman,firefighter,2025-11-17,2025-11,2025-W47,Mon,2,20,3.45,Sentosa_HarbF,Sentosa / HarbourFront,7,56.7,16.43,SGD
drv_siti_sg_10,Siti Rahman,firefighter,2025-11-17,2025-11,2025-W47,Mon,3,0,2.78,Sentosa_HarbF,Sentosa / HarbourFront,5,45.62,16.41,SGD
drv_siti_sg_10,Siti Rahman,firefighter,2025-11-18,2025-11,2025-W47,Tue,1,7,4.39,Sentosa_HarbF,Sentosa / HarbourFront,3,65.79,14.99,SGD
drv_siti_sg_10,Siti Rahman,firefighter,2025-11-18,2025-11,2025-W47,Tue,2,17,3.71,Sentosa_HarbF,Sentosa / HarbourFront,3,55.55,14.97,SGD
drv_siti_sg_10,Siti Rahman,firefighter,2025-11-18,2025-11,2025-W47,Tue,3,0,3.8,Jurong_East,Jurong East,3,56.99,15.0,SGD
drv_siti_sg_10,Siti Rahman,firefighter,2025-11-20,2025-11,2025-W47,Thu,1,8,3.1,Tampines,Tampines,6,99.33,32.04,SGD
drv_siti_sg_10,Siti Rahman,firefighter,2025-11-20,2025-11,2025-W47,Thu,2,21,3.3,Jurong_East,Jurong East,6,105.95,32.11,SGD
drv_siti_sg_10,Siti Rahman,firefighter,2025-11-21,2025-11,2025-W47,Fri,1,7,2.8,Jurong_East,Jurong East,6,50.39,18.0,SGD
drv_siti_sg_10,Siti Rahman,firefighter,2025-11-21,2025-11,2025-W47,Fri,2,17,3.61,Marina_Bay,Marina Bay / Sands,8,64.93,17.99,SGD
drv_siti_sg_10,Siti Rahman,firefighter,2025-11-21,2025-11,2025-W47,Fri,3,0,2.89,Sentosa_HarbF,Sentosa / HarbourFront,7,51.91,17.96,SGD
drv_siti_sg_10,Siti Rahman,firefighter,2025-11-22,2025-11,2025-W47,Sat,1,8,3.95,Jurong_East,Jurong East,6,108.95,27.58,SGD
drv_siti_sg_10,Siti Rahman,firefighter,2025-11-22,2025-11,2025-W47,Sat,2,23,3.75,Sentosa_HarbF,Sentosa / HarbourFront,5,103.34,27.56,SGD
drv_siti_sg_10,Siti Rahman,firefighter,2025-11-23,2025-11,2025-W47,Sun,1,9,4.2,Sentosa_HarbF,Sentosa / HarbourFront,3,79.66,18.97,SGD
drv_siti_sg_10,Siti Rahman,firefighter,2025-11-23,2025-11,2025-W47,Sun,2,17,4.05,Jurong_East,Jurong East,3,76.77,18.96,SGD
drv_siti_sg_10,Siti Rahman,firefighter,2025-11-23,2025-11,2025-W47,Sun,3,0,3.25,Jurong_East,Jurong East,3,61.56,18.94,SGD
drv_siti_sg_10,Siti Rahman,firefighter,2025-11-24,2025-11,2025-W48,Mon,1,7,3.3,Sentosa_HarbF,Sentosa / HarbourFront,4,38.04,11.53,SGD
drv_siti_sg_10,Siti Rahman,firefighter,2025-11-24,2025-11,2025-W48,Mon,2,18,4.57,Jurong_East,Jurong East,5,52.74,11.54,SGD
drv_siti_sg_10,Siti Rahman,firefighter,2025-11-24,2025-11,2025-W48,Mon,3,21,3.33,Tampines,Tampines,4,38.46,11.55,SGD
drv_siti_sg_10,Siti Rahman,firefighter,2025-11-25,2025-11,2025-W48,Tue,1,7,3.46,Jurong_East,Jurong East,7,56.54,16.34,SGD
drv_siti_sg_10,Siti Rahman,firefighter,2025-11-25,2025-11,2025-W48,Tue,2,18,3.43,Jurong_East,Jurong East,7,56.05,16.34,SGD
drv_siti_sg_10,Siti Rahman,firefighter,2025-11-25,2025-11,2025-W48,Tue,3,23,4.01,Jurong_East,Jurong East,8,65.4,16.31,SGD
drv_siti_sg_10,Siti Rahman,firefighter,2025-11-27,2025-11,2025-W48,Thu,1,7,3.72,Jurong_East,Jurong East,8,94.71,25.46,SGD
drv_siti_sg_10,Siti Rahman,firefighter,2025-11-27,2025-11,2025-W48,Thu,2,0,3.88,Sentosa_HarbF,Sentosa / HarbourFront,8,98.79,25.46,SGD
drv_siti_sg_10,Siti Rahman,firefighter,2025-11-28,2025-11,2025-W48,Fri,1,7,3.67,Sentosa_HarbF,Sentosa / HarbourFront,9,99.1,27.0,SGD
drv_siti_sg_10,Siti Rahman,firefighter,2025-11-28,2025-11,2025-W48,Fri,2,22,4.03,Marina_Bay,Marina Bay / Sands,9,108.57,26.94,SGD
drv_siti_sg_10,Siti Rahman,firefighter,2025-11-29,2025-11,2025-W48,Sat,1,8,2.92,Sentosa_HarbF,Sentosa / HarbourFront,4,61.8,21.16,SGD
drv_siti_sg_10,Siti Rahman,firefighter,2025-11-29,2025-11,2025-W48,Sat,2,18,3.24,Sentosa_HarbF,Sentosa / HarbourFront,4,68.64,21.19,SGD
drv_siti_sg_10,Siti Rahman,firefighter,2025-11-29,2025-11,2025-W48,Sat,3,0,2.24,Tampines,Tampines,3,47.53,21.22,SGD
drv_siti_sg_10,Siti Rahman,firefighter,2025-11-30,2025-11,2025-W48,Sun,1,7,3.49,Marina_Bay,Marina Bay / Sands,4,51.77,14.83,SGD
drv_siti_sg_10,Siti Rahman,firefighter,2025-11-30,2025-11,2025-W48,Sun,2,19,4.23,Sentosa_HarbF,Sentosa / HarbourFront,5,62.85,14.86,SGD
drv_siti_sg_10,Siti Rahman,firefighter,2025-11-30,2025-11,2025-W48,Sun,3,22,4.18,Sentosa_HarbF,Sentosa / HarbourFront,5,62.06,14.85,SGD
drv_siti_sg_10,Siti Rahman,firefighter,2025-12-01,2025-12,2025-W49,Mon,1,8,3.14,Sentosa_HarbF,Sentosa / HarbourFront,3,22.85,7.28,SGD
drv_siti_sg_10,Siti Rahman,firefighter,2025-12-01,2025-12,2025-W49,Mon,2,19,3.09,Marina_Bay,Marina Bay / Sands,3,22.5,7.28,SGD
drv_siti_sg_10,Siti Rahman,firefighter,2025-12-01,2025-12,2025-W49,Mon,3,21,3.28,Tampines,Tampines,3,23.87,7.28,SGD
drv_siti_sg_10,Siti Rahman,firefighter,2025-12-02,2025-12,2025-W49,Tue,1,7,3.11,Tampines,Tampines,6,57.7,18.55,SGD
drv_siti_sg_10,Siti Rahman,firefighter,2025-12-02,2025-12,2025-W49,Tue,2,18,3.0,Marina_Bay,Marina Bay / Sands,6,55.66,18.55,SGD
drv_siti_sg_10,Siti Rahman,firefighter,2025-12-02,2025-12,2025-W49,Tue,3,22,2.19,Marina_Bay,Marina Bay / Sands,4,40.73,18.6,SGD
drv_siti_sg_10,Siti Rahman,firefighter,2025-12-04,2025-12,2025-W49,Thu,1,8,2.94,Tampines,Tampines,8,55.05,18.72,SGD
drv_siti_sg_10,Siti Rahman,firefighter,2025-12-04,2025-12,2025-W49,Thu,2,19,2.48,Sentosa_HarbF,Sentosa / HarbourFront,7,46.55,18.77,SGD
drv_siti_sg_10,Siti Rahman,firefighter,2025-12-04,2025-12,2025-W49,Thu,3,22,3.28,Tampines,Tampines,9,61.4,18.72,SGD
drv_siti_sg_10,Siti Rahman,firefighter,2025-12-05,2025-12,2025-W49,Fri,1,9,4.31,Sentosa_HarbF,Sentosa / HarbourFront,7,45.4,10.53,SGD
drv_siti_sg_10,Siti Rahman,firefighter,2025-12-05,2025-12,2025-W49,Fri,2,17,3.52,Tampines,Tampines,6,37.15,10.55,SGD
drv_siti_sg_10,Siti Rahman,firefighter,2025-12-05,2025-12,2025-W49,Fri,3,0,3.57,Sentosa_HarbF,Sentosa / HarbourFront,6,37.65,10.55,SGD
drv_siti_sg_10,Siti Rahman,firefighter,2025-12-06,2025-12,2025-W49,Sat,1,8,3.0,Sentosa_HarbF,Sentosa / HarbourFront,4,65.79,21.93,SGD
drv_siti_sg_10,Siti Rahman,firefighter,2025-12-06,2025-12,2025-W49,Sat,2,18,2.66,Jurong_East,Jurong East,3,58.32,21.92,SGD
drv_siti_sg_10,Siti Rahman,firefighter,2025-12-06,2025-12,2025-W49,Sat,3,21,2.44,Sentosa_HarbF,Sentosa / HarbourFront,3,53.44,21.9,SGD
drv_siti_sg_10,Siti Rahman,firefighter,2025-12-07,2025-12,2025-W49,Sun,1,7,3.88,Jurong_East,Jurong East,13,96.18,24.79,SGD
drv_siti_sg_10,Siti Rahman,firefighter,2025-12-07,2025-12,2025-W49,Sun,2,23,2.92,Sentosa_HarbF,Sentosa / HarbourFront,10,72.49,24.83,SGD
drv_siti_sg_10,Siti Rahman,firefighter,2025-12-08,2025-12,2025-W50,Mon,1,17,3.47,Tampines,Tampines,6,42.55,12.26,SGD
drv_siti_sg_10,Siti Rahman,firefighter,2025-12-08,2025-12,2025-W50,Mon,2,21,3.83,Marina_Bay,Marina Bay / Sands,7,47.03,12.28,SGD
drv_siti_sg_10,Siti Rahman,firefighter,2025-12-09,2025-12,2025-W50,Tue,1,9,3.18,Tampines,Tampines,7,55.92,17.58,SGD
drv_siti_sg_10,Siti Rahman,firefighter,2025-12-09,2025-12,2025-W50,Tue,2,17,2.62,Jurong_East,Jurong East,6,46.09,17.59,SGD
drv_siti_sg_10,Siti Rahman,firefighter,2025-12-09,2025-12,2025-W50,Tue,3,21,3.0,Sentosa_HarbF,Sentosa / HarbourFront,7,52.69,17.56,SGD
drv_siti_sg_10,Siti Rahman,firefighter,2025-12-11,2025-12,2025-W50,Thu,1,8,4.5,Marina_Bay,Marina Bay / Sands,5,43.21,9.6,SGD
drv_siti_sg_10,Siti Rahman,firefighter,2025-12-11,2025-12,2025-W50,Thu,2,20,3.99,Marina_Bay,Marina Bay / Sands,5,38.34,9.61,SGD
drv_siti_sg_10,Siti Rahman,firefighter,2025-12-11,2025-12,2025-W50,Thu,3,23,3.5,Tampines,Tampines,4,33.62,9.61,SGD
drv_siti_sg_10,Siti Rahman,firefighter,2025-12-12,2025-12,2025-W50,Fri,1,9,3.39,Jurong_East,Jurong East,7,71.61,21.12,SGD
drv_siti_sg_10,Siti Rahman,firefighter,2025-12-12,2025-12,2025-W50,Fri,2,20,3.7,Jurong_East,Jurong East,8,78.13,21.12,SGD
drv_siti_sg_10,Siti Rahman,firefighter,2025-12-12,2025-12,2025-W50,Fri,3,0,3.32,Sentosa_HarbF,Sentosa / HarbourFront,7,70.15,21.13,SGD
drv_siti_sg_10,Siti Rahman,firefighter,2025-12-13,2025-12,2025-W50,Sat,1,8,3.4,Marina_Bay,Marina Bay / Sands,5,83.65,24.6,SGD
drv_siti_sg_10,Siti Rahman,firefighter,2025-12-13,2025-12,2025-W50,Sat,2,17,3.49,Sentosa_HarbF,Sentosa / HarbourFront,5,85.8,24.58,SGD
drv_siti_sg_10,Siti Rahman,firefighter,2025-12-13,2025-12,2025-W50,Sat,3,21,3.11,Tampines,Tampines,5,76.32,24.54,SGD
drv_siti_sg_10,Siti Rahman,firefighter,2025-12-14,2025-12,2025-W50,Sun,1,7,3.68,Sentosa_HarbF,Sentosa / HarbourFront,6,60.15,16.35,SGD
drv_siti_sg_10,Siti Rahman,firefighter,2025-12-14,2025-12,2025-W50,Sun,2,18,3.82,Jurong_East,Jurong East,6,62.28,16.3,SGD
drv_siti_sg_10,Siti Rahman,firefighter,2025-12-14,2025-12,2025-W50,Sun,3,21,3.3,Marina_Bay,Marina Bay / Sands,5,53.86,16.32,SGD
drv_siti_sg_10,Siti Rahman,firefighter,2025-12-15,2025-12,2025-W51,Mon,1,17,3.84,Marina_Bay,Marina Bay / Sands,4,62.3,16.22,SGD
drv_siti_sg_10,Siti Rahman,firefighter,2025-12-15,2025-12,2025-W51,Mon,2,0,3.86,Tampines,Tampines,5,62.67,16.24,SGD
drv_siti_sg_10,Siti Rahman,firefighter,2025-12-16,2025-12,2025-W51,Tue,1,9,3.09,Jurong_East,Jurong East,7,55.23,17.87,SGD
drv_siti_sg_10,Siti Rahman,firefighter,2025-12-16,2025-12,2025-W51,Tue,2,18,3.46,Marina_Bay,Marina Bay / Sands,8,61.73,17.84,SGD
drv_siti_sg_10,Siti Rahman,firefighter,2025-12-16,2025-12,2025-W51,Tue,3,23,2.85,Sentosa_HarbF,Sentosa / HarbourFront,6,50.87,17.85,SGD
drv_siti_sg_10,Siti Rahman,firefighter,2025-12-18,2025-12,2025-W51,Thu,1,18,3.28,Tampines,Tampines,6,99.62,30.37,SGD
drv_siti_sg_10,Siti Rahman,firefighter,2025-12-18,2025-12,2025-W51,Thu,2,22,3.12,Sentosa_HarbF,Sentosa / HarbourFront,6,94.96,30.44,SGD
drv_siti_sg_10,Siti Rahman,firefighter,2025-12-19,2025-12,2025-W51,Fri,1,7,3.53,Sentosa_HarbF,Sentosa / HarbourFront,6,39.37,11.15,SGD
drv_siti_sg_10,Siti Rahman,firefighter,2025-12-19,2025-12,2025-W51,Fri,2,17,2.48,Tampines,Tampines,4,27.65,11.15,SGD
drv_siti_sg_10,Siti Rahman,firefighter,2025-12-19,2025-12,2025-W51,Fri,3,21,3.58,Sentosa_HarbF,Sentosa / HarbourFront,6,39.92,11.15,SGD
drv_siti_sg_10,Siti Rahman,firefighter,2025-12-20,2025-12,2025-W51,Sat,1,9,4.12,Marina_Bay,Marina Bay / Sands,13,98.78,23.98,SGD
drv_siti_sg_10,Siti Rahman,firefighter,2025-12-20,2025-12,2025-W51,Sat,2,17,3.38,Jurong_East,Jurong East,10,81.26,24.04,SGD
drv_siti_sg_10,Siti Rahman,firefighter,2025-12-21,2025-12,2025-W51,Sun,1,7,3.35,Jurong_East,Jurong East,6,53.39,15.94,SGD
drv_siti_sg_10,Siti Rahman,firefighter,2025-12-21,2025-12,2025-W51,Sun,2,18,3.58,Jurong_East,Jurong East,7,57.1,15.95,SGD
drv_siti_sg_10,Siti Rahman,firefighter,2025-12-21,2025-12,2025-W51,Sun,3,22,4.37,Marina_Bay,Marina Bay / Sands,8,69.69,15.95,SGD
drv_siti_sg_10,Siti Rahman,firefighter,2025-12-22,2025-12,2025-W52,Mon,1,7,3.62,Jurong_East,Jurong East,6,83.24,22.99,SGD
drv_siti_sg_10,Siti Rahman,firefighter,2025-12-22,2025-12,2025-W52,Mon,2,19,2.56,Jurong_East,Jurong East,5,58.88,23.0,SGD
drv_siti_sg_10,Siti Rahman,firefighter,2025-12-22,2025-12,2025-W52,Mon,3,21,2.73,Marina_Bay,Marina Bay / Sands,5,62.78,23.0,SGD
drv_siti_sg_10,Siti Rahman,firefighter,2025-12-23,2025-12,2025-W52,Tue,1,7,2.92,Marina_Bay,Marina Bay / Sands,3,56.87,19.48,SGD
drv_siti_sg_10,Siti Rahman,firefighter,2025-12-23,2025-12,2025-W52,Tue,2,20,3.95,Tampines,Tampines,4,76.94,19.48,SGD
drv_siti_sg_10,Siti Rahman,firefighter,2025-12-23,2025-12,2025-W52,Tue,3,23,3.94,Marina_Bay,Marina Bay / Sands,4,76.75,19.48,SGD
drv_siti_sg_10,Siti Rahman,firefighter,2025-12-25,2025-12,2025-W52,Thu,1,9,4.37,Jurong_East,Jurong East,8,87.21,19.96,SGD
drv_siti_sg_10,Siti Rahman,firefighter,2025-12-25,2025-12,2025-W52,Thu,2,19,3.36,Jurong_East,Jurong East,6,67.09,19.97,SGD
drv_siti_sg_10,Siti Rahman,firefighter,2025-12-25,2025-12,2025-W52,Thu,3,23,3.47,Marina_Bay,Marina Bay / Sands,6,69.35,19.99,SGD
drv_siti_sg_10,Siti Rahman,firefighter,2025-12-26,2025-12,2025-W52,Fri,1,9,2.92,Sentosa_HarbF,Sentosa / HarbourFront,4,97.95,33.54,SGD
drv_siti_sg_10,Siti Rahman,firefighter,2025-12-26,2025-12,2025-W52,Fri,2,17,3.58,Sentosa_HarbF,Sentosa / HarbourFront,6,120.21,33.58,SGD
drv_siti_sg_10,Siti Rahman,firefighter,2025-12-27,2025-12,2025-W52,Sat,1,7,3.19,Tampines,Tampines,5,99.69,31.25,SGD
drv_siti_sg_10,Siti Rahman,firefighter,2025-12-27,2025-12,2025-W52,Sat,2,17,3.47,Tampines,Tampines,5,108.35,31.22,SGD
drv_siti_sg_10,Siti Rahman,firefighter,2025-12-27,2025-12,2025-W52,Sat,3,0,3.14,Marina_Bay,Marina Bay / Sands,5,98.26,31.29,SGD
drv_siti_sg_10,Siti Rahman,firefighter,2025-12-28,2025-12,2025-W52,Sun,1,7,3.32,Jurong_East,Jurong East,5,33.02,9.95,SGD
drv_siti_sg_10,Siti Rahman,firefighter,2025-12-28,2025-12,2025-W52,Sun,2,18,3.06,Sentosa_HarbF,Sentosa / HarbourFront,5,30.46,9.95,SGD
drv_siti_sg_10,Siti Rahman,firefighter,2025-12-28,2025-12,2025-W52,Sun,3,21,3.02,Sentosa_HarbF,Sentosa / HarbourFront,5,30.07,9.96,SGD
drv_siti_sg_10,Siti Rahman,firefighter,2025-12-29,2025-12,2026-W01,Mon,1,7,3.79,Marina_Bay,Marina Bay / Sands,5,64.88,17.12,SGD
drv_siti_sg_10,Siti Rahman,firefighter,2025-12-29,2025-12,2026-W01,Mon,2,20,4.0,Jurong_East,Jurong East,6,68.44,17.11,SGD
drv_siti_sg_10,Siti Rahman,firefighter,2025-12-29,2025-12,2026-W01,Mon,3,22,4.12,Tampines,Tampines,6,70.54,17.12,SGD
drv_siti_sg_10,Siti Rahman,firefighter,2025-12-30,2025-12,2026-W01,Tue,1,8,3.93,Tampines,Tampines,8,61.32,15.6,SGD
drv_siti_sg_10,Siti Rahman,firefighter,2025-12-30,2025-12,2026-W01,Tue,2,17,4.07,Tampines,Tampines,8,63.46,15.59,SGD
drv_siti_sg_10,Siti Rahman,firefighter,2025-12-30,2025-12,2026-W01,Tue,3,21,3.79,Marina_Bay,Marina Bay / Sands,7,59.13,15.6,SGD
drv_siti_sg_10,Siti Rahman,firefighter,2026-01-01,2026-01,2026-W01,Thu,1,8,4.13,Tampines,Tampines,7,64.51,15.62,SGD
drv_siti_sg_10,Siti Rahman,firefighter,2026-01-01,2026-01,2026-W01,Thu,2,18,3.59,Tampines,Tampines,6,56.01,15.6,SGD
drv_siti_sg_10,Siti Rahman,firefighter,2026-01-01,2026-01,2026-W01,Thu,3,0,3.28,Jurong_East,Jurong East,5,51.25,15.63,SGD
drv_siti_sg_10,Siti Rahman,firefighter,2026-01-02,2026-01,2026-W01,Fri,1,8,3.43,Jurong_East,Jurong East,5,131.18,38.24,SGD
drv_siti_sg_10,Siti Rahman,firefighter,2026-01-02,2026-01,2026-W01,Fri,2,20,3.17,Tampines,Tampines,5,121.0,38.17,SGD
drv_siti_sg_10,Siti Rahman,firefighter,2026-01-03,2026-01,2026-W01,Sat,1,18,3.17,Marina_Bay,Marina Bay / Sands,6,122.63,38.68,SGD
drv_siti_sg_10,Siti Rahman,firefighter,2026-01-03,2026-01,2026-W01,Sat,2,22,3.43,Tampines,Tampines,6,132.47,38.62,SGD
drv_siti_sg_10,Siti Rahman,firefighter,2026-01-04,2026-01,2026-W01,Sun,1,8,2.71,Jurong_East,Jurong East,5,60.93,22.48,SGD
drv_siti_sg_10,Siti Rahman,firefighter,2026-01-04,2026-01,2026-W01,Sun,2,20,3.63,Marina_Bay,Marina Bay / Sands,6,81.39,22.42,SGD
drv_siti_sg_10,Siti Rahman,firefighter,2026-01-04,2026-01,2026-W01,Sun,3,21,2.56,Tampines,Tampines,4,57.47,22.45,SGD
drv_siti_sg_10,Siti Rahman,firefighter,2026-01-05,2026-01,2026-W02,Mon,1,8,2.53,Tampines,Tampines,5,35.29,13.95,SGD
drv_siti_sg_10,Siti Rahman,firefighter,2026-01-05,2026-01,2026-W02,Mon,2,18,2.64,Sentosa_HarbF,Sentosa / HarbourFront,6,36.84,13.95,SGD
drv_siti_sg_10,Siti Rahman,firefighter,2026-01-05,2026-01,2026-W02,Mon,3,0,3.13,Jurong_East,Jurong East,7,43.61,13.93,SGD
drv_siti_sg_10,Siti Rahman,firefighter,2026-01-06,2026-01,2026-W02,Tue,1,7,3.12,Sentosa_HarbF,Sentosa / HarbourFront,7,58.75,18.83,SGD
drv_siti_sg_10,Siti Rahman,firefighter,2026-01-06,2026-01,2026-W02,Tue,2,19,3.02,Tampines,Tampines,6,56.69,18.77,SGD
drv_siti_sg_10,Siti Rahman,firefighter,2026-01-06,2026-01,2026-W02,Tue,3,23,2.76,Tampines,Tampines,6,51.9,18.8,SGD
drv_siti_sg_10,Siti Rahman,firefighter,2026-01-08,2026-01,2026-W02,Thu,1,17,3.1,Tampines,Tampines,4,71.37,23.02,SGD
drv_siti_sg_10,Siti Rahman,firefighter,2026-01-08,2026-01,2026-W02,Thu,2,22,3.5,Tampines,Tampines,5,80.56,23.02,SGD
drv_siti_sg_10,Siti Rahman,firefighter,2026-01-09,2026-01,2026-W02,Fri,1,7,2.9,Sentosa_HarbF,Sentosa / HarbourFront,6,32.6,11.24,SGD
drv_siti_sg_10,Siti Rahman,firefighter,2026-01-09,2026-01,2026-W02,Fri,2,20,3.41,Tampines,Tampines,7,38.32,11.24,SGD
drv_siti_sg_10,Siti Rahman,firefighter,2026-01-09,2026-01,2026-W02,Fri,3,22,2.89,Tampines,Tampines,6,32.51,11.25,SGD
drv_siti_sg_10,Siti Rahman,firefighter,2026-01-10,2026-01,2026-W02,Sat,1,7,2.62,Sentosa_HarbF,Sentosa / HarbourFront,4,71.47,27.28,SGD
drv_siti_sg_10,Siti Rahman,firefighter,2026-01-10,2026-01,2026-W02,Sat,2,23,3.58,Marina_Bay,Marina Bay / Sands,5,97.35,27.19,SGD
drv_siti_sg_10,Siti Rahman,firefighter,2026-01-11,2026-01,2026-W02,Sun,1,7,3.58,Sentosa_HarbF,Sentosa / HarbourFront,5,89.77,25.08,SGD
drv_siti_sg_10,Siti Rahman,firefighter,2026-01-11,2026-01,2026-W02,Sun,2,20,2.58,Tampines,Tampines,3,64.59,25.03,SGD
drv_siti_sg_10,Siti Rahman,firefighter,2026-01-11,2026-01,2026-W02,Sun,3,0,2.55,Sentosa_HarbF,Sentosa / HarbourFront,3,63.83,25.03,SGD
drv_siti_sg_10,Siti Rahman,firefighter,2026-01-12,2026-01,2026-W03,Mon,1,8,2.7,Marina_Bay,Marina Bay / Sands,5,23.85,8.83,SGD
drv_siti_sg_10,Siti Rahman,firefighter,2026-01-12,2026-01,2026-W03,Mon,2,17,2.71,Tampines,Tampines,5,23.92,8.83,SGD
drv_siti_sg_10,Siti Rahman,firefighter,2026-01-12,2026-01,2026-W03,Mon,3,23,2.69,Jurong_East,Jurong East,5,23.7,8.81,SGD
drv_siti_sg_10,Siti Rahman,firefighter,2026-01-13,2026-01,2026-W03,Tue,1,8,3.69,Sentosa_HarbF,Sentosa / HarbourFront,7,69.78,18.91,SGD
drv_siti_sg_10,Siti Rahman,firefighter,2026-01-13,2026-01,2026-W03,Tue,2,19,4.01,Jurong_East,Jurong East,7,75.99,18.95,SGD
drv_siti_sg_10,Siti Rahman,firefighter,2026-01-15,2026-01,2026-W03,Thu,1,8,3.23,Jurong_East,Jurong East,5,38.55,11.93,SGD
drv_siti_sg_10,Siti Rahman,firefighter,2026-01-15,2026-01,2026-W03,Thu,2,17,4.57,Sentosa_HarbF,Sentosa / HarbourFront,7,54.57,11.94,SGD
drv_siti_sg_10,Siti Rahman,firefighter,2026-01-15,2026-01,2026-W03,Thu,3,0,4.1,Marina_Bay,Marina Bay / Sands,6,48.96,11.94,SGD
drv_siti_sg_10,Siti Rahman,firefighter,2026-01-16,2026-01,2026-W03,Fri,1,7,2.81,Marina_Bay,Marina Bay / Sands,3,67.98,24.19,SGD
drv_siti_sg_10,Siti Rahman,firefighter,2026-01-16,2026-01,2026-W03,Fri,2,18,3.44,Marina_Bay,Marina Bay / Sands,3,82.98,24.12,SGD
drv_siti_sg_10,Siti Rahman,firefighter,2026-01-16,2026-01,2026-W03,Fri,3,21,3.15,Sentosa_HarbF,Sentosa / HarbourFront,3,76.07,24.15,SGD
drv_siti_sg_10,Siti Rahman,firefighter,2026-01-17,2026-01,2026-W03,Sat,1,8,2.9,Tampines,Tampines,5,67.09,23.13,SGD
drv_siti_sg_10,Siti Rahman,firefighter,2026-01-17,2026-01,2026-W03,Sat,2,17,3.07,Jurong_East,Jurong East,6,71.04,23.14,SGD
drv_siti_sg_10,Siti Rahman,firefighter,2026-01-17,2026-01,2026-W03,Sat,3,0,3.82,Tampines,Tampines,7,88.38,23.14,SGD
drv_siti_sg_10,Siti Rahman,firefighter,2026-01-18,2026-01,2026-W03,Sun,1,7,4.13,Jurong_East,Jurong East,10,82.72,20.03,SGD
drv_siti_sg_10,Siti Rahman,firefighter,2026-01-18,2026-01,2026-W03,Sun,2,21,3.77,Marina_Bay,Marina Bay / Sands,10,75.47,20.02,SGD
drv_siti_sg_10,Siti Rahman,firefighter,2026-01-19,2026-01,2026-W04,Mon,1,9,3.62,Jurong_East,Jurong East,9,48.64,13.44,SGD
drv_siti_sg_10,Siti Rahman,firefighter,2026-01-19,2026-01,2026-W04,Mon,2,18,3.88,Sentosa_HarbF,Sentosa / HarbourFront,10,52.1,13.43,SGD
drv_siti_sg_10,Siti Rahman,firefighter,2026-01-20,2026-01,2026-W04,Tue,1,7,3.58,Sentosa_HarbF,Sentosa / HarbourFront,8,63.5,17.74,SGD
drv_siti_sg_10,Siti Rahman,firefighter,2026-01-20,2026-01,2026-W04,Tue,2,19,3.72,Marina_Bay,Marina Bay / Sands,8,65.93,17.72,SGD
drv_siti_sg_10,Siti Rahman,firefighter,2026-01-20,2026-01,2026-W04,Tue,3,22,3.5,Jurong_East,Jurong East,7,62.02,17.72,SGD
drv_siti_sg_10,Siti Rahman,firefighter,2026-01-22,2026-01,2026-W04,Thu,1,8,3.9,Jurong_East,Jurong East,8,50.84,13.04,SGD
drv_siti_sg_10,Siti Rahman,firefighter,2026-01-22,2026-01,2026-W04,Thu,2,19,3.31,Tampines,Tampines,7,43.13,13.03,SGD
drv_siti_sg_10,Siti Rahman,firefighter,2026-01-22,2026-01,2026-W04,Thu,3,0,3.89,Tampines,Tampines,8,50.66,13.02,SGD
drv_siti_sg_10,Siti Rahman,firefighter,2026-01-23,2026-01,2026-W04,Fri,1,9,3.21,Tampines,Tampines,9,88.16,27.46,SGD
drv_siti_sg_10,Siti Rahman,firefighter,2026-01-23,2026-01,2026-W04,Fri,2,20,2.55,Marina_Bay,Marina Bay / Sands,7,70.14,27.51,SGD
drv_siti_sg_10,Siti Rahman,firefighter,2026-01-23,2026-01,2026-W04,Fri,3,0,2.44,Marina_Bay,Marina Bay / Sands,7,67.18,27.53,SGD
drv_siti_sg_10,Siti Rahman,firefighter,2026-01-24,2026-01,2026-W04,Sat,1,8,3.73,Jurong_East,Jurong East,8,90.65,24.3,SGD
drv_siti_sg_10,Siti Rahman,firefighter,2026-01-24,2026-01,2026-W04,Sat,2,0,4.17,Jurong_East,Jurong East,9,101.27,24.29,SGD
drv_siti_sg_10,Siti Rahman,firefighter,2026-01-25,2026-01,2026-W04,Sun,1,9,3.56,Sentosa_HarbF,Sentosa / HarbourFront,4,75.42,21.19,SGD
drv_siti_sg_10,Siti Rahman,firefighter,2026-01-25,2026-01,2026-W04,Sun,2,18,3.11,Marina_Bay,Marina Bay / Sands,3,65.86,21.18,SGD
drv_siti_sg_10,Siti Rahman,firefighter,2026-01-25,2026-01,2026-W04,Sun,3,0,3.24,Sentosa_HarbF,Sentosa / HarbourFront,4,68.67,21.19,SGD
drv_siti_sg_10,Siti Rahman,firefighter,2026-01-26,2026-01,2026-W05,Mon,1,8,3.25,Jurong_East,Jurong East,9,39.79,12.24,SGD
drv_siti_sg_10,Siti Rahman,firefighter,2026-01-26,2026-01,2026-W05,Mon,2,0,3.45,Tampines,Tampines,10,42.34,12.27,SGD
drv_siti_sg_10,Siti Rahman,firefighter,2026-01-27,2026-01,2026-W05,Tue,1,7,2.61,Jurong_East,Jurong East,2,24.56,9.41,SGD
drv_siti_sg_10,Siti Rahman,firefighter,2026-01-27,2026-01,2026-W05,Tue,2,18,3.41,Sentosa_HarbF,Sentosa / HarbourFront,3,32.08,9.41,SGD
drv_siti_sg_10,Siti Rahman,firefighter,2026-01-27,2026-01,2026-W05,Tue,3,21,3.68,Tampines,Tampines,3,34.63,9.41,SGD
drv_siti_sg_10,Siti Rahman,firefighter,2026-01-29,2026-01,2026-W05,Thu,1,8,3.17,Tampines,Tampines,6,51.4,16.21,SGD
drv_siti_sg_10,Siti Rahman,firefighter,2026-01-29,2026-01,2026-W05,Thu,2,20,2.84,Sentosa_HarbF,Sentosa / HarbourFront,6,46.02,16.2,SGD
drv_siti_sg_10,Siti Rahman,firefighter,2026-01-29,2026-01,2026-W05,Thu,3,21,3.18,Jurong_East,Jurong East,6,51.58,16.22,SGD
drv_siti_sg_10,Siti Rahman,firefighter,2026-01-30,2026-01,2026-W05,Fri,1,8,3.29,Tampines,Tampines,3,61.4,18.66,SGD
drv_siti_sg_10,Siti Rahman,firefighter,2026-01-30,2026-01,2026-W05,Fri,2,18,4.35,Tampines,Tampines,4,81.36,18.7,SGD
drv_siti_sg_10,Siti Rahman,firefighter,2026-01-30,2026-01,2026-W05,Fri,3,21,4.16,Sentosa_HarbF,Sentosa / HarbourFront,4,77.77,18.69,SGD
drv_siti_sg_10,Siti Rahman,firefighter,2026-01-31,2026-01,2026-W05,Sat,1,7,3.21,Tampines,Tampines,4,78.2,24.36,SGD
drv_siti_sg_10,Siti Rahman,firefighter,2026-01-31,2026-01,2026-W05,Sat,2,18,2.89,Jurong_East,Jurong East,3,70.51,24.4,SGD
drv_siti_sg_10,Siti Rahman,firefighter,2026-01-31,2026-01,2026-W05,Sat,3,22,2.7,Marina_Bay,Marina Bay / Sands,3,65.99,24.44,SGD
drv_siti_sg_10,Siti Rahman,firefighter,2026-02-01,2026-02,2026-W05,Sun,1,8,4.61,Sentosa_HarbF,Sentosa / HarbourFront,12,119.62,25.95,SGD
drv_siti_sg_10,Siti Rahman,firefighter,2026-02-01,2026-02,2026-W05,Sun,2,23,3.39,Sentosa_HarbF,Sentosa / HarbourFront,9,88.15,26.0,SGD
drv_siti_sg_10,Siti Rahman,firefighter,2026-02-02,2026-02,2026-W06,Mon,1,7,3.61,Jurong_East,Jurong East,7,44.0,12.19,SGD
drv_siti_sg_10,Siti Rahman,firefighter,2026-02-02,2026-02,2026-W06,Mon,2,18,3.64,Marina_Bay,Marina Bay / Sands,7,44.45,12.21,SGD
drv_siti_sg_10,Siti Rahman,firefighter,2026-02-02,2026-02,2026-W06,Mon,3,22,3.85,Jurong_East,Jurong East,7,46.92,12.19,SGD
drv_siti_sg_10,Siti Rahman,firefighter,2026-02-03,2026-02,2026-W06,Tue,1,7,3.47,Tampines,Tampines,8,47.66,13.73,SGD
drv_siti_sg_10,Siti Rahman,firefighter,2026-02-03,2026-02,2026-W06,Tue,2,17,3.22,Marina_Bay,Marina Bay / Sands,7,44.2,13.73,SGD
drv_siti_sg_10,Siti Rahman,firefighter,2026-02-03,2026-02,2026-W06,Tue,3,22,2.92,Sentosa_HarbF,Sentosa / HarbourFront,7,40.11,13.74,SGD
drv_siti_sg_10,Siti Rahman,firefighter,2026-02-05,2026-02,2026-W06,Thu,1,9,3.01,Sentosa_HarbF,Sentosa / HarbourFront,3,30.81,10.24,SGD
drv_siti_sg_10,Siti Rahman,firefighter,2026-02-05,2026-02,2026-W06,Thu,2,17,4.18,Jurong_East,Jurong East,4,42.74,10.22,SGD
drv_siti_sg_10,Siti Rahman,firefighter,2026-02-05,2026-02,2026-W06,Thu,3,23,3.3,Jurong_East,Jurong East,3,33.77,10.23,SGD
drv_siti_sg_10,Siti Rahman,firefighter,2026-02-06,2026-02,2026-W06,Fri,1,7,3.67,Sentosa_HarbF,Sentosa / HarbourFront,7,34.8,9.48,SGD
drv_siti_sg_10,Siti Rahman,firefighter,2026-02-06,2026-02,2026-W06,Fri,2,17,3.75,Tampines,Tampines,7,35.55,9.48,SGD
drv_siti_sg_10,Siti Rahman,firefighter,2026-02-06,2026-02,2026-W06,Fri,3,22,4.27,Tampines,Tampines,8,40.46,9.48,SGD
drv_siti_sg_10,Siti Rahman,firefighter,2026-02-07,2026-02,2026-W06,Sat,1,9,3.33,Sentosa_HarbF,Sentosa / HarbourFront,4,77.51,23.28,SGD
drv_siti_sg_10,Siti Rahman,firefighter,2026-02-07,2026-02,2026-W06,Sat,2,19,2.78,Tampines,Tampines,3,64.73,23.28,SGD
drv_siti_sg_10,Siti Rahman,firefighter,2026-02-07,2026-02,2026-W06,Sat,3,21,3.09,Jurong_East,Jurong East,4,71.89,23.27,SGD
drv_siti_sg_10,Siti Rahman,firefighter,2026-02-08,2026-02,2026-W06,Sun,1,7,4.1,Marina_Bay,Marina Bay / Sands,3,61.98,15.12,SGD
drv_siti_sg_10,Siti Rahman,firefighter,2026-02-08,2026-02,2026-W06,Sun,2,17,3.81,Tampines,Tampines,3,57.5,15.09,SGD
drv_siti_sg_10,Siti Rahman,firefighter,2026-02-08,2026-02,2026-W06,Sun,3,22,3.59,Jurong_East,Jurong East,3,54.23,15.11,SGD
drv_siti_sg_10,Siti Rahman,firefighter,2026-02-09,2026-02,2026-W07,Mon,1,19,3.81,Tampines,Tampines,9,87.0,22.83,SGD
drv_siti_sg_10,Siti Rahman,firefighter,2026-02-09,2026-02,2026-W07,Mon,2,22,3.29,Marina_Bay,Marina Bay / Sands,8,75.19,22.85,SGD
drv_siti_sg_10,Siti Rahman,firefighter,2026-02-10,2026-02,2026-W07,Tue,1,7,3.75,Jurong_East,Jurong East,7,57.24,15.26,SGD
drv_siti_sg_10,Siti Rahman,firefighter,2026-02-10,2026-02,2026-W07,Tue,2,20,3.75,Tampines,Tampines,7,57.16,15.24,SGD
drv_siti_sg_10,Siti Rahman,firefighter,2026-02-10,2026-02,2026-W07,Tue,3,0,4.4,Sentosa_HarbF,Sentosa / HarbourFront,8,67.02,15.23,SGD
drv_siti_sg_10,Siti Rahman,firefighter,2026-02-12,2026-02,2026-W07,Thu,1,7,2.89,Jurong_East,Jurong East,2,45.82,15.85,SGD
drv_siti_sg_10,Siti Rahman,firefighter,2026-02-12,2026-02,2026-W07,Thu,2,17,3.84,Sentosa_HarbF,Sentosa / HarbourFront,3,60.86,15.85,SGD
drv_siti_sg_10,Siti Rahman,firefighter,2026-02-12,2026-02,2026-W07,Thu,3,0,3.77,Tampines,Tampines,3,59.76,15.85,SGD
drv_siti_sg_10,Siti Rahman,firefighter,2026-02-13,2026-02,2026-W07,Fri,1,7,4.23,Jurong_East,Jurong East,3,78.94,18.66,SGD
drv_siti_sg_10,Siti Rahman,firefighter,2026-02-13,2026-02,2026-W07,Fri,2,19,3.93,Sentosa_HarbF,Sentosa / HarbourFront,3,73.33,18.66,SGD
drv_siti_sg_10,Siti Rahman,firefighter,2026-02-13,2026-02,2026-W07,Fri,3,21,3.24,Sentosa_HarbF,Sentosa / HarbourFront,2,60.41,18.65,SGD
drv_siti_sg_10,Siti Rahman,firefighter,2026-02-14,2026-02,2026-W07,Sat,1,7,3.1,Marina_Bay,Marina Bay / Sands,7,43.59,14.06,SGD
drv_siti_sg_10,Siti Rahman,firefighter,2026-02-14,2026-02,2026-W07,Sat,2,17,3.16,Marina_Bay,Marina Bay / Sands,7,44.49,14.08,SGD
drv_siti_sg_10,Siti Rahman,firefighter,2026-02-14,2026-02,2026-W07,Sat,3,23,2.64,Sentosa_HarbF,Sentosa / HarbourFront,6,37.17,14.08,SGD
drv_siti_sg_10,Siti Rahman,firefighter,2026-02-15,2026-02,2026-W07,Sun,1,8,3.23,Marina_Bay,Marina Bay / Sands,6,45.92,14.22,SGD
drv_siti_sg_10,Siti Rahman,firefighter,2026-02-15,2026-02,2026-W07,Sun,2,17,3.33,Jurong_East,Jurong East,6,47.3,14.2,SGD
drv_siti_sg_10,Siti Rahman,firefighter,2026-02-15,2026-02,2026-W07,Sun,3,21,3.05,Sentosa_HarbF,Sentosa / HarbourFront,6,43.32,14.2,SGD
drv_siti_sg_10,Siti Rahman,firefighter,2026-02-16,2026-02,2026-W08,Mon,1,7,3.54,Jurong_East,Jurong East,5,42.49,12.0,SGD
drv_siti_sg_10,Siti Rahman,firefighter,2026-02-16,2026-02,2026-W08,Mon,2,0,3.76,Jurong_East,Jurong East,6,45.14,12.01,SGD
drv_siti_sg_10,Siti Rahman,firefighter,2026-02-17,2026-02,2026-W08,Tue,1,9,2.96,Marina_Bay,Marina Bay / Sands,7,27.5,9.29,SGD
drv_siti_sg_10,Siti Rahman,firefighter,2026-02-17,2026-02,2026-W08,Tue,2,17,3.86,Marina_Bay,Marina Bay / Sands,9,35.87,9.29,SGD
drv_siti_sg_10,Siti Rahman,firefighter,2026-02-17,2026-02,2026-W08,Tue,3,0,2.88,Jurong_East,Jurong East,7,26.76,9.29,SGD
drv_siti_sg_10,Siti Rahman,firefighter,2026-02-19,2026-02,2026-W08,Thu,1,9,2.77,Tampines,Tampines,4,50.3,18.16,SGD
drv_siti_sg_10,Siti Rahman,firefighter,2026-02-19,2026-02,2026-W08,Thu,2,20,2.71,Jurong_East,Jurong East,3,49.31,18.2,SGD
drv_siti_sg_10,Siti Rahman,firefighter,2026-02-19,2026-02,2026-W08,Thu,3,0,3.22,Sentosa_HarbF,Sentosa / HarbourFront,4,58.4,18.14,SGD
drv_siti_sg_10,Siti Rahman,firefighter,2026-02-20,2026-02,2026-W08,Fri,1,8,3.85,Tampines,Tampines,14,90.41,23.48,SGD
drv_siti_sg_10,Siti Rahman,firefighter,2026-02-20,2026-02,2026-W08,Fri,2,18,2.95,Tampines,Tampines,10,69.16,23.44,SGD
drv_siti_sg_10,Siti Rahman,firefighter,2026-02-21,2026-02,2026-W08,Sat,1,7,2.86,Sentosa_HarbF,Sentosa / HarbourFront,3,49.4,17.27,SGD
drv_siti_sg_10,Siti Rahman,firefighter,2026-02-21,2026-02,2026-W08,Sat,2,20,2.88,Sentosa_HarbF,Sentosa / HarbourFront,3,49.79,17.29,SGD
drv_siti_sg_10,Siti Rahman,firefighter,2026-02-21,2026-02,2026-W08,Sat,3,0,3.56,Tampines,Tampines,4,61.51,17.28,SGD
drv_siti_sg_10,Siti Rahman,firefighter,2026-02-22,2026-02,2026-W08,Sun,1,18,4.25,Marina_Bay,Marina Bay / Sands,11,30.92,7.28,SGD
drv_siti_sg_10,Siti Rahman,firefighter,2026-02-22,2026-02,2026-W08,Sun,2,23,3.15,Tampines,Tampines,8,22.96,7.29,SGD
drv_siti_sg_10,Siti Rahman,firefighter,2026-02-23,2026-02,2026-W09,Mon,1,17,3.06,Jurong_East,Jurong East,7,52.63,17.2,SGD
drv_siti_sg_10,Siti Rahman,firefighter,2026-02-23,2026-02,2026-W09,Mon,2,0,3.54,Sentosa_HarbF,Sentosa / HarbourFront,8,60.91,17.21,SGD
drv_siti_sg_10,Siti Rahman,firefighter,2026-02-24,2026-02,2026-W09,Tue,1,20,3.54,Marina_Bay,Marina Bay / Sands,11,67.33,19.02,SGD
drv_siti_sg_10,Siti Rahman,firefighter,2026-02-24,2026-02,2026-W09,Tue,2,0,4.16,Sentosa_HarbF,Sentosa / HarbourFront,12,79.11,19.02,SGD
drv_siti_sg_10,Siti Rahman,firefighter,2026-02-26,2026-02,2026-W09,Thu,1,8,2.89,Tampines,Tampines,6,23.43,8.11,SGD
drv_siti_sg_10,Siti Rahman,firefighter,2026-02-26,2026-02,2026-W09,Thu,2,18,2.95,Tampines,Tampines,6,23.89,8.1,SGD
drv_siti_sg_10,Siti Rahman,firefighter,2026-02-26,2026-02,2026-W09,Thu,3,22,3.25,Marina_Bay,Marina Bay / Sands,6,26.34,8.1,SGD
drv_siti_sg_10,Siti Rahman,firefighter,2026-02-27,2026-02,2026-W09,Fri,1,8,3.45,Marina_Bay,Marina Bay / Sands,6,47.92,13.89,SGD
drv_siti_sg_10,Siti Rahman,firefighter,2026-02-27,2026-02,2026-W09,Fri,2,18,3.5,Tampines,Tampines,7,48.53,13.87,SGD
drv_siti_sg_10,Siti Rahman,firefighter,2026-02-27,2026-02,2026-W09,Fri,3,0,3.15,Sentosa_HarbF,Sentosa / HarbourFront,6,43.69,13.87,SGD
drv_siti_sg_10,Siti Rahman,firefighter,2026-02-28,2026-02,2026-W09,Sat,1,9,3.98,Jurong_East,Jurong East,3,64.7,16.26,SGD
drv_siti_sg_10,Siti Rahman,firefighter,2026-02-28,2026-02,2026-W09,Sat,2,17,3.34,Tampines,Tampines,3,54.34,16.27,SGD
drv_siti_sg_10,Siti Rahman,firefighter,2026-02-28,2026-02,2026-W09,Sat,3,23,3.37,Tampines,Tampines,3,54.81,16.26,SGD
drv_siti_sg_10,Siti Rahman,firefighter,2026-03-01,2026-03,2026-W09,Sun,1,9,2.68,Jurong_East,Jurong East,5,36.93,13.78,SGD
drv_siti_sg_10,Siti Rahman,firefighter,2026-03-01,2026-03,2026-W09,Sun,2,19,2.91,Jurong_East,Jurong East,5,40.12,13.79,SGD
drv_siti_sg_10,Siti Rahman,firefighter,2026-03-01,2026-03,2026-W09,Sun,3,23,2.92,Sentosa_HarbF,Sentosa / HarbourFront,5,40.28,13.79,SGD
drv_siti_sg_10,Siti Rahman,firefighter,2026-03-02,2026-03,2026-W10,Mon,1,7,2.57,Sentosa_HarbF,Sentosa / HarbourFront,7,27.14,10.56,SGD
drv_siti_sg_10,Siti Rahman,firefighter,2026-03-02,2026-03,2026-W10,Mon,2,19,2.6,Tampines,Tampines,7,27.4,10.54,SGD
drv_siti_sg_10,Siti Rahman,firefighter,2026-03-02,2026-03,2026-W10,Mon,3,21,3.73,Jurong_East,Jurong East,10,39.28,10.53,SGD
drv_siti_sg_10,Siti Rahman,firefighter,2026-03-03,2026-03,2026-W10,Tue,1,9,3.45,Jurong_East,Jurong East,5,18.93,5.49,SGD
drv_siti_sg_10,Siti Rahman,firefighter,2026-03-03,2026-03,2026-W10,Tue,2,19,3.5,Jurong_East,Jurong East,5,19.19,5.48,SGD
drv_siti_sg_10,Siti Rahman,firefighter,2026-03-03,2026-03,2026-W10,Tue,3,0,3.75,Sentosa_HarbF,Sentosa / HarbourFront,5,20.54,5.48,SGD
drv_siti_sg_10,Siti Rahman,firefighter,2026-03-05,2026-03,2026-W10,Thu,1,9,3.63,Jurong_East,Jurong East,3,45.8,12.62,SGD
drv_siti_sg_10,Siti Rahman,firefighter,2026-03-05,2026-03,2026-W10,Thu,2,19,3.09,Marina_Bay,Marina Bay / Sands,3,38.9,12.59,SGD
drv_siti_sg_10,Siti Rahman,firefighter,2026-03-05,2026-03,2026-W10,Thu,3,23,3.08,Marina_Bay,Marina Bay / Sands,3,38.81,12.6,SGD
drv_siti_sg_10,Siti Rahman,firefighter,2026-03-06,2026-03,2026-W10,Fri,1,7,2.8,Jurong_East,Jurong East,5,36.34,12.98,SGD
drv_siti_sg_10,Siti Rahman,firefighter,2026-03-06,2026-03,2026-W10,Fri,2,20,3.64,Tampines,Tampines,7,47.32,13.0,SGD
drv_siti_sg_10,Siti Rahman,firefighter,2026-03-06,2026-03,2026-W10,Fri,3,23,3.36,Marina_Bay,Marina Bay / Sands,7,43.58,12.97,SGD
drv_siti_sg_10,Siti Rahman,firefighter,2026-03-07,2026-03,2026-W10,Sat,1,20,3.41,Jurong_East,Jurong East,13,48.77,14.3,SGD
drv_siti_sg_10,Siti Rahman,firefighter,2026-03-07,2026-03,2026-W10,Sat,2,21,2.69,Marina_Bay,Marina Bay / Sands,10,38.54,14.33,SGD
drv_siti_sg_10,Siti Rahman,firefighter,2026-03-08,2026-03,2026-W10,Sun,1,7,3.45,Tampines,Tampines,6,43.55,12.62,SGD
drv_siti_sg_10,Siti Rahman,firefighter,2026-03-08,2026-03,2026-W10,Sun,2,20,3.98,Tampines,Tampines,7,50.18,12.61,SGD
drv_siti_sg_10,Siti Rahman,firefighter,2026-03-08,2026-03,2026-W10,Sun,3,0,3.27,Marina_Bay,Marina Bay / Sands,6,41.26,12.62,SGD
drv_siti_sg_10,Siti Rahman,firefighter,2026-03-09,2026-03,2026-W11,Mon,1,7,3.8,Marina_Bay,Marina Bay / Sands,7,17.48,4.6,SGD
drv_siti_sg_10,Siti Rahman,firefighter,2026-03-09,2026-03,2026-W11,Mon,2,19,2.82,Jurong_East,Jurong East,5,12.96,4.6,SGD
drv_siti_sg_10,Siti Rahman,firefighter,2026-03-09,2026-03,2026-W11,Mon,3,22,3.38,Sentosa_HarbF,Sentosa / HarbourFront,6,15.53,4.59,SGD
drv_siti_sg_10,Siti Rahman,firefighter,2026-03-10,2026-03,2026-W11,Tue,1,8,3.3,Jurong_East,Jurong East,2,33.8,10.24,SGD
drv_siti_sg_10,Siti Rahman,firefighter,2026-03-10,2026-03,2026-W11,Tue,2,18,4.21,Sentosa_HarbF,Sentosa / HarbourFront,3,43.21,10.26,SGD
drv_siti_sg_10,Siti Rahman,firefighter,2026-03-10,2026-03,2026-W11,Tue,3,23,4.29,Sentosa_HarbF,Sentosa / HarbourFront,3,43.98,10.25,SGD
drv_siti_sg_10,Siti Rahman,firefighter,2026-03-12,2026-03,2026-W11,Thu,1,18,3.51,Jurong_East,Jurong East,12,71.86,20.47,SGD
drv_siti_sg_10,Siti Rahman,firefighter,2026-03-12,2026-03,2026-W11,Thu,2,21,3.09,Jurong_East,Jurong East,10,63.35,20.5,SGD
drv_siti_sg_10,Siti Rahman,firefighter,2026-03-13,2026-03,2026-W11,Fri,1,19,3.28,Marina_Bay,Marina Bay / Sands,7,71.26,21.73,SGD
drv_siti_sg_10,Siti Rahman,firefighter,2026-03-13,2026-03,2026-W11,Fri,2,23,3.12,Marina_Bay,Marina Bay / Sands,6,67.78,21.72,SGD
drv_siti_sg_10,Siti Rahman,firefighter,2026-03-14,2026-03,2026-W11,Sat,1,9,3.59,Marina_Bay,Marina Bay / Sands,6,65.25,18.18,SGD
drv_siti_sg_10,Siti Rahman,firefighter,2026-03-14,2026-03,2026-W11,Sat,2,22,4.11,Sentosa_HarbF,Sentosa / HarbourFront,7,74.66,18.17,SGD
drv_siti_sg_10,Siti Rahman,firefighter,2026-03-15,2026-03,2026-W11,Sun,1,8,2.64,Sentosa_HarbF,Sentosa / HarbourFront,3,19.69,7.46,SGD
drv_siti_sg_10,Siti Rahman,firefighter,2026-03-15,2026-03,2026-W11,Sun,2,18,2.85,Sentosa_HarbF,Sentosa / HarbourFront,3,21.26,7.46,SGD
drv_siti_sg_10,Siti Rahman,firefighter,2026-03-15,2026-03,2026-W11,Sun,3,0,2.81,Sentosa_HarbF,Sentosa / HarbourFront,3,20.98,7.47,SGD
drv_siti_sg_10,Siti Rahman,firefighter,2026-03-16,2026-03,2026-W12,Mon,1,7,4.0,Tampines,Tampines,8,43.45,10.86,SGD
drv_siti_sg_10,Siti Rahman,firefighter,2026-03-16,2026-03,2026-W12,Mon,2,18,3.77,Marina_Bay,Marina Bay / Sands,8,41.0,10.88,SGD
drv_siti_sg_10,Siti Rahman,firefighter,2026-03-16,2026-03,2026-W12,Mon,3,0,2.73,Sentosa_HarbF,Sentosa / HarbourFront,6,29.69,10.88,SGD
drv_siti_sg_10,Siti Rahman,firefighter,2026-03-17,2026-03,2026-W12,Tue,1,8,3.48,Sentosa_HarbF,Sentosa / HarbourFront,4,31.98,9.19,SGD
drv_siti_sg_10,Siti Rahman,firefighter,2026-03-17,2026-03,2026-W12,Tue,2,20,3.92,Tampines,Tampines,5,36.01,9.19,SGD
drv_siti_sg_10,Siti Rahman,firefighter,2026-03-19,2026-03,2026-W12,Thu,1,8,2.81,Jurong_East,Jurong East,6,38.32,13.64,SGD
drv_siti_sg_10,Siti Rahman,firefighter,2026-03-19,2026-03,2026-W12,Thu,2,19,2.66,Tampines,Tampines,6,36.3,13.65,SGD
drv_siti_sg_10,Siti Rahman,firefighter,2026-03-19,2026-03,2026-W12,Thu,3,21,2.93,Marina_Bay,Marina Bay / Sands,6,39.9,13.62,SGD
drv_siti_sg_10,Siti Rahman,firefighter,2026-03-20,2026-03,2026-W12,Fri,1,9,2.87,Tampines,Tampines,4,26.8,9.34,SGD
drv_siti_sg_10,Siti Rahman,firefighter,2026-03-20,2026-03,2026-W12,Fri,2,20,2.81,Sentosa_HarbF,Sentosa / HarbourFront,4,26.25,9.34,SGD
drv_siti_sg_10,Siti Rahman,firefighter,2026-03-20,2026-03,2026-W12,Fri,3,0,2.52,Tampines,Tampines,3,23.54,9.34,SGD
drv_siti_sg_10,Siti Rahman,firefighter,2026-03-21,2026-03,2026-W12,Sat,1,9,3.05,Tampines,Tampines,6,22.0,7.21,SGD
drv_siti_sg_10,Siti Rahman,firefighter,2026-03-21,2026-03,2026-W12,Sat,2,18,3.84,Sentosa_HarbF,Sentosa / HarbourFront,7,27.69,7.21,SGD
drv_siti_sg_10,Siti Rahman,firefighter,2026-03-21,2026-03,2026-W12,Sat,3,22,3.22,Sentosa_HarbF,Sentosa / HarbourFront,6,23.22,7.21,SGD
drv_siti_sg_10,Siti Rahman,firefighter,2026-03-22,2026-03,2026-W12,Sun,1,19,3.21,Marina_Bay,Marina Bay / Sands,6,40.24,12.54,SGD
drv_siti_sg_10,Siti Rahman,firefighter,2026-03-22,2026-03,2026-W12,Sun,2,22,3.19,Tampines,Tampines,6,40.04,12.55,SGD
drv_siti_sg_10,Siti Rahman,firefighter,2026-03-23,2026-03,2026-W13,Mon,1,9,3.17,Jurong_East,Jurong East,9,26.17,8.26,SGD
drv_siti_sg_10,Siti Rahman,firefighter,2026-03-23,2026-03,2026-W13,Mon,2,22,3.03,Tampines,Tampines,8,25.01,8.25,SGD
drv_siti_sg_10,Siti Rahman,firefighter,2026-03-24,2026-03,2026-W13,Tue,1,8,4.04,Jurong_East,Jurong East,10,33.79,8.36,SGD
drv_siti_sg_10,Siti Rahman,firefighter,2026-03-24,2026-03,2026-W13,Tue,2,19,3.46,Tampines,Tampines,9,29.02,8.39,SGD
drv_siti_sg_10,Siti Rahman,firefighter,2026-03-26,2026-03,2026-W13,Thu,1,9,4.03,Sentosa_HarbF,Sentosa / HarbourFront,8,58.52,14.52,SGD
drv_siti_sg_10,Siti Rahman,firefighter,2026-03-26,2026-03,2026-W13,Thu,2,17,3.49,Sentosa_HarbF,Sentosa / HarbourFront,7,50.62,14.5,SGD
drv_siti_sg_10,Siti Rahman,firefighter,2026-03-26,2026-03,2026-W13,Thu,3,0,3.98,Tampines,Tampines,8,57.85,14.54,SGD
drv_siti_sg_10,Siti Rahman,firefighter,2026-03-27,2026-03,2026-W13,Fri,1,9,3.9,Marina_Bay,Marina Bay / Sands,5,58.85,15.09,SGD
drv_siti_sg_10,Siti Rahman,firefighter,2026-03-27,2026-03,2026-W13,Fri,2,17,3.56,Tampines,Tampines,5,53.63,15.06,SGD
drv_siti_sg_10,Siti Rahman,firefighter,2026-03-27,2026-03,2026-W13,Fri,3,22,4.04,Marina_Bay,Marina Bay / Sands,5,60.92,15.08,SGD
drv_siti_sg_10,Siti Rahman,firefighter,2026-03-28,2026-03,2026-W13,Sat,1,9,3.83,Marina_Bay,Marina Bay / Sands,6,111.75,29.18,SGD
drv_siti_sg_10,Siti Rahman,firefighter,2026-03-28,2026-03,2026-W13,Sat,2,21,3.57,Tampines,Tampines,6,104.27,29.21,SGD
drv_siti_sg_10,Siti Rahman,firefighter,2026-03-29,2026-03,2026-W13,Sun,1,9,3.2,Marina_Bay,Marina Bay / Sands,3,55.69,17.4,SGD
drv_siti_sg_10,Siti Rahman,firefighter,2026-03-29,2026-03,2026-W13,Sun,2,19,3.8,Sentosa_HarbF,Sentosa / HarbourFront,3,66.2,17.42,SGD
drv_siti_sg_10,Siti Rahman,firefighter,2026-03-29,2026-03,2026-W13,Sun,3,21,4.0,Sentosa_HarbF,Sentosa / HarbourFront,3,69.62,17.41,SGD
drv_siti_sg_10,Siti Rahman,firefighter,2026-03-30,2026-03,2026-W14,Mon,1,7,3.36,Sentosa_HarbF,Sentosa / HarbourFront,8,30.11,8.96,SGD
drv_siti_sg_10,Siti Rahman,firefighter,2026-03-30,2026-03,2026-W14,Mon,2,17,2.62,Jurong_East,Jurong East,6,23.47,8.96,SGD
drv_siti_sg_10,Siti Rahman,firefighter,2026-03-30,2026-03,2026-W14,Mon,3,23,2.62,Marina_Bay,Marina Bay / Sands,6,23.48,8.96,SGD
drv_siti_sg_10,Siti Rahman,firefighter,2026-03-31,2026-03,2026-W14,Tue,1,7,3.37,Jurong_East,Jurong East,11,40.58,12.04,SGD
drv_siti_sg_10,Siti Rahman,firefighter,2026-03-31,2026-03,2026-W14,Tue,2,22,3.93,Sentosa_HarbF,Sentosa / HarbourFront,12,47.27,12.03,SGD
drv_siti_sg_10,Siti Rahman,firefighter,2026-04-02,2026-04,2026-W14,Thu,1,7,3.01,Tampines,Tampines,6,41.05,13.64,SGD
drv_siti_sg_10,Siti Rahman,firefighter,2026-04-02,2026-04,2026-W14,Thu,2,20,3.45,Sentosa_HarbF,Sentosa / HarbourFront,7,47.02,13.63,SGD
drv_siti_sg_10,Siti Rahman,firefighter,2026-04-02,2026-04,2026-W14,Thu,3,22,4.04,Sentosa_HarbF,Sentosa / HarbourFront,8,55.11,13.64,SGD
drv_siti_sg_10,Siti Rahman,firefighter,2026-04-03,2026-04,2026-W14,Fri,1,9,3.58,Sentosa_HarbF,Sentosa / HarbourFront,7,61.84,17.27,SGD
drv_siti_sg_10,Siti Rahman,firefighter,2026-04-03,2026-04,2026-W14,Fri,2,17,3.75,Jurong_East,Jurong East,8,64.75,17.27,SGD
drv_siti_sg_10,Siti Rahman,firefighter,2026-04-03,2026-04,2026-W14,Fri,3,23,2.86,Marina_Bay,Marina Bay / Sands,6,49.43,17.28,SGD
drv_siti_sg_10,Siti Rahman,firefighter,2026-04-04,2026-04,2026-W14,Sat,1,8,3.51,Jurong_East,Jurong East,4,90.3,25.73,SGD
drv_siti_sg_10,Siti Rahman,firefighter,2026-04-04,2026-04,2026-W14,Sat,2,20,3.47,Marina_Bay,Marina Bay / Sands,4,89.4,25.76,SGD
drv_siti_sg_10,Siti Rahman,firefighter,2026-04-04,2026-04,2026-W14,Sat,3,0,3.32,Jurong_East,Jurong East,4,85.29,25.69,SGD
drv_siti_sg_10,Siti Rahman,firefighter,2026-04-05,2026-04,2026-W14,Sun,1,7,3.8,Jurong_East,Jurong East,3,63.74,16.77,SGD
drv_siti_sg_10,Siti Rahman,firefighter,2026-04-05,2026-04,2026-W14,Sun,2,19,3.34,Tampines,Tampines,3,56.06,16.78,SGD
drv_siti_sg_10,Siti Rahman,firefighter,2026-04-05,2026-04,2026-W14,Sun,3,21,3.26,Marina_Bay,Marina Bay / Sands,3,54.73,16.79,SGD
drv_siti_sg_10,Siti Rahman,firefighter,2026-04-06,2026-04,2026-W15,Mon,1,9,3.29,Tampines,Tampines,4,57.29,17.41,SGD
drv_siti_sg_10,Siti Rahman,firefighter,2026-04-06,2026-04,2026-W15,Mon,2,18,2.8,Marina_Bay,Marina Bay / Sands,4,48.87,17.45,SGD
drv_siti_sg_10,Siti Rahman,firefighter,2026-04-06,2026-04,2026-W15,Mon,3,0,3.21,Sentosa_HarbF,Sentosa / HarbourFront,4,55.91,17.42,SGD
drv_siti_sg_10,Siti Rahman,firefighter,2026-04-07,2026-04,2026-W15,Tue,1,9,3.69,Jurong_East,Jurong East,5,60.36,16.36,SGD
drv_siti_sg_10,Siti Rahman,firefighter,2026-04-07,2026-04,2026-W15,Tue,2,20,3.22,Jurong_East,Jurong East,5,52.6,16.34,SGD
drv_siti_sg_10,Siti Rahman,firefighter,2026-04-07,2026-04,2026-W15,Tue,3,0,3.19,Jurong_East,Jurong East,5,52.12,16.34,SGD
drv_siti_sg_10,Siti Rahman,firefighter,2026-04-09,2026-04,2026-W15,Thu,1,7,4.19,Sentosa_HarbF,Sentosa / HarbourFront,6,66.21,15.8,SGD
drv_siti_sg_10,Siti Rahman,firefighter,2026-04-09,2026-04,2026-W15,Thu,2,20,3.07,Tampines,Tampines,5,48.45,15.78,SGD
drv_siti_sg_10,Siti Rahman,firefighter,2026-04-09,2026-04,2026-W15,Thu,3,22,3.64,Sentosa_HarbF,Sentosa / HarbourFront,5,57.44,15.78,SGD
drv_siti_sg_10,Siti Rahman,firefighter,2026-04-10,2026-04,2026-W15,Fri,1,9,3.23,Sentosa_HarbF,Sentosa / HarbourFront,6,52.29,16.19,SGD
drv_siti_sg_10,Siti Rahman,firefighter,2026-04-10,2026-04,2026-W15,Fri,2,19,4.09,Jurong_East,Jurong East,8,66.14,16.17,SGD
drv_siti_sg_10,Siti Rahman,firefighter,2026-04-10,2026-04,2026-W15,Fri,3,23,3.48,Jurong_East,Jurong East,7,56.4,16.21,SGD
drv_siti_sg_10,Siti Rahman,firefighter,2026-04-11,2026-04,2026-W15,Sat,1,9,2.75,Jurong_East,Jurong East,7,66.75,24.27,SGD
drv_siti_sg_10,Siti Rahman,firefighter,2026-04-11,2026-04,2026-W15,Sat,2,20,3.02,Tampines,Tampines,7,73.27,24.26,SGD
drv_siti_sg_10,Siti Rahman,firefighter,2026-04-11,2026-04,2026-W15,Sat,3,21,3.42,Tampines,Tampines,8,82.95,24.25,SGD
drv_siti_sg_10,Siti Rahman,firefighter,2026-04-12,2026-04,2026-W15,Sun,1,8,4.09,Sentosa_HarbF,Sentosa / HarbourFront,10,49.06,12.0,SGD
drv_siti_sg_10,Siti Rahman,firefighter,2026-04-12,2026-04,2026-W15,Sun,2,0,3.01,Marina_Bay,Marina Bay / Sands,8,36.19,12.02,SGD
drv_siti_sg_10,Siti Rahman,firefighter,2026-04-13,2026-04,2026-W16,Mon,1,19,4.09,Tampines,Tampines,7,59.0,14.43,SGD
drv_siti_sg_10,Siti Rahman,firefighter,2026-04-13,2026-04,2026-W16,Mon,2,21,3.91,Marina_Bay,Marina Bay / Sands,6,56.34,14.41,SGD
drv_siti_sg_10,Siti Rahman,firefighter,2026-04-14,2026-04,2026-W16,Tue,1,8,3.32,Jurong_East,Jurong East,8,67.04,20.19,SGD
drv_siti_sg_10,Siti Rahman,firefighter,2026-04-14,2026-04,2026-W16,Tue,2,18,2.8,Sentosa_HarbF,Sentosa / HarbourFront,7,56.44,20.16,SGD
drv_siti_sg_10,Siti Rahman,firefighter,2026-04-14,2026-04,2026-W16,Tue,3,22,2.79,Tampines,Tampines,7,56.24,20.16,SGD
drv_siti_sg_10,Siti Rahman,firefighter,2026-04-16,2026-04,2026-W16,Thu,1,7,4.32,Jurong_East,Jurong East,4,49.81,11.53,SGD
drv_siti_sg_10,Siti Rahman,firefighter,2026-04-16,2026-04,2026-W16,Thu,2,22,3.68,Jurong_East,Jurong East,4,42.37,11.51,SGD
drv_siti_sg_10,Siti Rahman,firefighter,2026-04-17,2026-04,2026-W16,Fri,1,17,2.83,Sentosa_HarbF,Sentosa / HarbourFront,5,84.81,29.97,SGD
drv_siti_sg_10,Siti Rahman,firefighter,2026-04-17,2026-04,2026-W16,Fri,2,22,3.67,Jurong_East,Jurong East,7,109.65,29.88,SGD
drv_siti_sg_10,Siti Rahman,firefighter,2026-04-18,2026-04,2026-W16,Sat,1,9,3.76,Sentosa_HarbF,Sentosa / HarbourFront,13,63.25,16.82,SGD
drv_siti_sg_10,Siti Rahman,firefighter,2026-04-18,2026-04,2026-W16,Sat,2,17,3.44,Sentosa_HarbF,Sentosa / HarbourFront,11,57.76,16.79,SGD
drv_siti_sg_10,Siti Rahman,firefighter,2026-04-19,2026-04,2026-W16,Sun,1,8,2.63,Sentosa_HarbF,Sentosa / HarbourFront,6,57.06,21.7,SGD
drv_siti_sg_10,Siti Rahman,firefighter,2026-04-19,2026-04,2026-W16,Sun,2,19,3.01,Sentosa_HarbF,Sentosa / HarbourFront,7,65.2,21.66,SGD
drv_siti_sg_10,Siti Rahman,firefighter,2026-04-19,2026-04,2026-W16,Sun,3,22,3.06,Marina_Bay,Marina Bay / Sands,7,66.21,21.64,SGD
drv_siti_sg_10,Siti Rahman,firefighter,2026-04-20,2026-04,2026-W17,Mon,1,8,2.54,Tampines,Tampines,6,42.61,16.78,SGD
drv_siti_sg_10,Siti Rahman,firefighter,2026-04-20,2026-04,2026-W17,Mon,2,17,2.45,Marina_Bay,Marina Bay / Sands,6,41.01,16.74,SGD
drv_siti_sg_10,Siti Rahman,firefighter,2026-04-20,2026-04,2026-W17,Mon,3,22,3.21,Sentosa_HarbF,Sentosa / HarbourFront,7,53.86,16.78,SGD
drv_siti_sg_10,Siti Rahman,firefighter,2026-04-21,2026-04,2026-W17,Tue,1,8,3.03,Sentosa_HarbF,Sentosa / HarbourFront,5,44.41,14.66,SGD
drv_siti_sg_10,Siti Rahman,firefighter,2026-04-21,2026-04,2026-W17,Tue,2,19,3.31,Sentosa_HarbF,Sentosa / HarbourFront,6,48.46,14.64,SGD
drv_siti_sg_10,Siti Rahman,firefighter,2026-04-21,2026-04,2026-W17,Tue,3,0,3.06,Sentosa_HarbF,Sentosa / HarbourFront,5,44.74,14.62,SGD
drv_siti_sg_10,Siti Rahman,firefighter,2026-04-23,2026-04,2026-W17,Thu,1,8,2.86,Jurong_East,Jurong East,3,25.82,9.03,SGD
drv_siti_sg_10,Siti Rahman,firefighter,2026-04-23,2026-04,2026-W17,Thu,2,19,3.38,Sentosa_HarbF,Sentosa / HarbourFront,4,30.49,9.02,SGD
drv_siti_sg_10,Siti Rahman,firefighter,2026-04-23,2026-04,2026-W17,Thu,3,22,3.35,Jurong_East,Jurong East,4,30.22,9.02,SGD
drv_siti_sg_10,Siti Rahman,firefighter,2026-04-24,2026-04,2026-W17,Fri,1,8,2.88,Jurong_East,Jurong East,7,97.91,34.0,SGD
drv_siti_sg_10,Siti Rahman,firefighter,2026-04-24,2026-04,2026-W17,Fri,2,21,3.42,Marina_Bay,Marina Bay / Sands,9,116.59,34.09,SGD
drv_siti_sg_10,Siti Rahman,firefighter,2026-04-25,2026-04,2026-W17,Sat,1,8,3.18,Marina_Bay,Marina Bay / Sands,2,71.31,22.42,SGD
drv_siti_sg_10,Siti Rahman,firefighter,2026-04-25,2026-04,2026-W17,Sat,2,18,3.5,Marina_Bay,Marina Bay / Sands,3,78.69,22.48,SGD
drv_siti_sg_10,Siti Rahman,firefighter,2026-04-25,2026-04,2026-W17,Sat,3,22,4.12,Marina_Bay,Marina Bay / Sands,3,92.5,22.45,SGD
drv_siti_sg_10,Siti Rahman,firefighter,2026-04-26,2026-04,2026-W17,Sun,1,8,3.26,Marina_Bay,Marina Bay / Sands,7,79.0,24.23,SGD
drv_siti_sg_10,Siti Rahman,firefighter,2026-04-26,2026-04,2026-W17,Sun,2,19,3.54,Jurong_East,Jurong East,8,86.02,24.3,SGD
drv_siti_sg_10,Siti Rahman,firefighter,2026-04-27,2026-04,2026-W18,Mon,1,9,2.78,Sentosa_HarbF,Sentosa / HarbourFront,6,36.74,13.22,SGD
drv_siti_sg_10,Siti Rahman,firefighter,2026-04-27,2026-04,2026-W18,Mon,2,17,3.42,Marina_Bay,Marina Bay / Sands,7,45.17,13.21,SGD
drv_siti_sg_10,Siti Rahman,firefighter,2026-04-27,2026-04,2026-W18,Mon,3,21,2.9,Tampines,Tampines,6,38.31,13.21,SGD
drv_siti_sg_10,Siti Rahman,firefighter,2026-04-28,2026-04,2026-W18,Tue,1,9,3.34,Marina_Bay,Marina Bay / Sands,10,62.15,18.61,SGD
drv_siti_sg_10,Siti Rahman,firefighter,2026-04-28,2026-04,2026-W18,Tue,2,0,3.36,Tampines,Tampines,11,62.59,18.63,SGD
drv_siti_sg_10,Siti Rahman,firefighter,2026-04-30,2026-04,2026-W18,Thu,1,7,3.32,Sentosa_HarbF,Sentosa / HarbourFront,8,109.76,33.06,SGD
drv_siti_sg_10,Siti Rahman,firefighter,2026-04-30,2026-04,2026-W18,Thu,2,20,2.68,Tampines,Tampines,6,88.5,33.02,SGD
drv_siti_sg_10,Siti Rahman,firefighter,2026-05-01,2026-05,2026-W18,Fri,1,8,4.36,Tampines,Tampines,11,90.56,20.77,SGD
drv_siti_sg_10,Siti Rahman,firefighter,2026-05-01,2026-05,2026-W18,Fri,2,21,3.34,Jurong_East,Jurong East,8,69.37,20.77,SGD
drv_siti_sg_10,Siti Rahman,firefighter,2026-05-02,2026-05,2026-W18,Sat,1,7,2.61,Marina_Bay,Marina Bay / Sands,6,28.75,11.02,SGD
drv_siti_sg_10,Siti Rahman,firefighter,2026-05-02,2026-05,2026-W18,Sat,2,17,3.38,Jurong_East,Jurong East,7,37.15,10.99,SGD
drv_siti_sg_10,Siti Rahman,firefighter,2026-05-02,2026-05,2026-W18,Sat,3,21,3.21,Jurong_East,Jurong East,7,35.37,11.02,SGD
drv_siti_sg_10,Siti Rahman,firefighter,2026-05-03,2026-05,2026-W18,Sun,1,7,3.45,Jurong_East,Jurong East,5,70.1,20.32,SGD
drv_siti_sg_10,Siti Rahman,firefighter,2026-05-03,2026-05,2026-W18,Sun,2,18,3.65,Tampines,Tampines,5,74.02,20.28,SGD
drv_siti_sg_10,Siti Rahman,firefighter,2026-05-04,2026-05,2026-W19,Mon,1,7,3.79,Tampines,Tampines,8,49.38,13.03,SGD
drv_siti_sg_10,Siti Rahman,firefighter,2026-05-04,2026-05,2026-W19,Mon,2,17,3.44,Jurong_East,Jurong East,7,44.79,13.02,SGD
drv_siti_sg_10,Siti Rahman,firefighter,2026-05-04,2026-05,2026-W19,Mon,3,0,4.07,Tampines,Tampines,9,53.09,13.04,SGD
drv_siti_sg_10,Siti Rahman,firefighter,2026-05-05,2026-05,2026-W19,Tue,1,20,4.03,Jurong_East,Jurong East,6,69.89,17.34,SGD
drv_siti_sg_10,Siti Rahman,firefighter,2026-05-05,2026-05,2026-W19,Tue,2,21,3.77,Marina_Bay,Marina Bay / Sands,5,65.41,17.35,SGD
drv_siti_sg_10,Siti Rahman,firefighter,2026-05-07,2026-05,2026-W19,Thu,1,9,3.27,Marina_Bay,Marina Bay / Sands,7,42.73,13.07,SGD
drv_siti_sg_10,Siti Rahman,firefighter,2026-05-07,2026-05,2026-W19,Thu,2,18,3.5,Jurong_East,Jurong East,8,45.65,13.04,SGD
drv_siti_sg_10,Siti Rahman,firefighter,2026-05-07,2026-05,2026-W19,Thu,3,22,4.33,Sentosa_HarbF,Sentosa / HarbourFront,9,56.5,13.05,SGD
drv_siti_sg_10,Siti Rahman,firefighter,2026-05-08,2026-05,2026-W19,Fri,1,7,2.63,Jurong_East,Jurong East,3,51.78,19.69,SGD
drv_siti_sg_10,Siti Rahman,firefighter,2026-05-08,2026-05,2026-W19,Fri,2,20,3.86,Sentosa_HarbF,Sentosa / HarbourFront,4,76.01,19.69,SGD
drv_siti_sg_10,Siti Rahman,firefighter,2026-05-08,2026-05,2026-W19,Fri,3,22,3.12,Tampines,Tampines,3,61.47,19.7,SGD
drv_siti_sg_10,Siti Rahman,firefighter,2026-05-09,2026-05,2026-W19,Sat,1,9,3.92,Tampines,Tampines,4,71.38,18.21,SGD
drv_siti_sg_10,Siti Rahman,firefighter,2026-05-09,2026-05,2026-W19,Sat,2,17,3.57,Sentosa_HarbF,Sentosa / HarbourFront,3,65.09,18.23,SGD
drv_siti_sg_10,Siti Rahman,firefighter,2026-05-09,2026-05,2026-W19,Sat,3,23,4.41,Tampines,Tampines,4,80.47,18.25,SGD
drv_siti_sg_10,Siti Rahman,firefighter,2026-05-10,2026-05,2026-W19,Sun,1,9,2.47,Jurong_East,Jurong East,6,54.17,21.93,SGD
drv_siti_sg_10,Siti Rahman,firefighter,2026-05-10,2026-05,2026-W19,Sun,2,18,3.01,Marina_Bay,Marina Bay / Sands,7,66.12,21.97,SGD
drv_siti_sg_10,Siti Rahman,firefighter,2026-05-10,2026-05,2026-W19,Sun,3,23,3.02,Marina_Bay,Marina Bay / Sands,7,66.46,22.01,SGD
drv_siti_sg_10,Siti Rahman,firefighter,2026-05-11,2026-05,2026-W20,Mon,1,8,4.4,Marina_Bay,Marina Bay / Sands,5,84.71,19.25,SGD
drv_siti_sg_10,Siti Rahman,firefighter,2026-05-11,2026-05,2026-W20,Mon,2,18,3.6,Sentosa_HarbF,Sentosa / HarbourFront,4,69.21,19.22,SGD
drv_siti_sg_10,Siti Rahman,firefighter,2026-05-12,2026-05,2026-W20,Tue,1,9,3.4,Jurong_East,Jurong East,7,62.2,18.29,SGD
drv_siti_sg_10,Siti Rahman,firefighter,2026-05-12,2026-05,2026-W20,Tue,2,19,3.52,Sentosa_HarbF,Sentosa / HarbourFront,7,64.43,18.3,SGD
drv_siti_sg_10,Siti Rahman,firefighter,2026-05-12,2026-05,2026-W20,Tue,3,21,2.88,Tampines,Tampines,6,52.74,18.31,SGD
drv_siti_sg_10,Siti Rahman,firefighter,2026-05-14,2026-05,2026-W20,Thu,1,9,3.83,Tampines,Tampines,4,59.8,15.61,SGD
drv_siti_sg_10,Siti Rahman,firefighter,2026-05-14,2026-05,2026-W20,Thu,2,20,3.85,Jurong_East,Jurong East,4,60.14,15.62,SGD
drv_siti_sg_10,Siti Rahman,firefighter,2026-05-14,2026-05,2026-W20,Thu,3,23,3.63,Jurong_East,Jurong East,4,56.71,15.62,SGD
drv_siti_sg_10,Siti Rahman,firefighter,2026-05-15,2026-05,2026-W20,Fri,1,9,3.89,Tampines,Tampines,7,124.58,32.03,SGD
drv_siti_sg_10,Siti Rahman,firefighter,2026-05-15,2026-05,2026-W20,Fri,2,17,3.31,Marina_Bay,Marina Bay / Sands,6,106.25,32.1,SGD
drv_mei_sg_11,Mei Lin Tan,firefighter,2024-11-17,2024-11,2024-W46,Sun,1,8,3.31,Woodlands,Woodlands,10,33.78,10.21,SGD
drv_mei_sg_11,Mei Lin Tan,firefighter,2024-11-17,2024-11,2024-W46,Sun,2,19,4.29,Changi_Airport,Changi Airport,14,43.74,10.2,SGD
drv_mei_sg_11,Mei Lin Tan,firefighter,2024-11-18,2024-11,2024-W47,Mon,1,7,3.57,Woodlands,Woodlands,4,44.08,12.35,SGD
drv_mei_sg_11,Mei Lin Tan,firefighter,2024-11-18,2024-11,2024-W47,Mon,2,19,3.89,Jurong_East,Jurong East,4,48.06,12.35,SGD
drv_mei_sg_11,Mei Lin Tan,firefighter,2024-11-18,2024-11,2024-W47,Mon,3,0,3.64,CBD_Raffles,CBD / Raffles Place,4,44.87,12.33,SGD
drv_mei_sg_11,Mei Lin Tan,firefighter,2024-11-19,2024-11,2024-W47,Tue,1,9,3.67,Jurong_East,Jurong East,6,64.34,17.53,SGD
drv_mei_sg_11,Mei Lin Tan,firefighter,2024-11-19,2024-11,2024-W47,Tue,2,19,2.76,Woodlands,Woodlands,5,48.31,17.5,SGD
drv_mei_sg_11,Mei Lin Tan,firefighter,2024-11-19,2024-11,2024-W47,Tue,3,21,3.08,Changi_Airport,Changi Airport,5,53.94,17.51,SGD
drv_mei_sg_11,Mei Lin Tan,firefighter,2024-11-20,2024-11,2024-W47,Wed,1,8,3.16,Changi_Airport,Changi Airport,6,44.03,13.93,SGD
drv_mei_sg_11,Mei Lin Tan,firefighter,2024-11-20,2024-11,2024-W47,Wed,2,20,3.01,Woodlands,Woodlands,6,41.87,13.91,SGD
drv_mei_sg_11,Mei Lin Tan,firefighter,2024-11-20,2024-11,2024-W47,Wed,3,22,4.33,Woodlands,Woodlands,9,60.36,13.94,SGD
drv_mei_sg_11,Mei Lin Tan,firefighter,2024-11-21,2024-11,2024-W47,Thu,1,9,4.03,Jurong_East,Jurong East,4,25.97,6.44,SGD
drv_mei_sg_11,Mei Lin Tan,firefighter,2024-11-21,2024-11,2024-W47,Thu,2,18,3.8,Changi_Airport,Changi Airport,4,24.51,6.45,SGD
drv_mei_sg_11,Mei Lin Tan,firefighter,2024-11-21,2024-11,2024-W47,Thu,3,21,3.77,Woodlands,Woodlands,4,24.34,6.46,SGD
drv_mei_sg_11,Mei Lin Tan,firefighter,2024-11-22,2024-11,2024-W47,Fri,1,7,2.94,Jurong_East,Jurong East,4,62.37,21.21,SGD
drv_mei_sg_11,Mei Lin Tan,firefighter,2024-11-22,2024-11,2024-W47,Fri,2,17,3.29,Jurong_East,Jurong East,4,69.77,21.21,SGD
drv_mei_sg_11,Mei Lin Tan,firefighter,2024-11-22,2024-11,2024-W47,Fri,3,23,2.97,CBD_Raffles,CBD / Raffles Place,4,63.03,21.22,SGD
drv_mei_sg_11,Mei Lin Tan,firefighter,2024-11-24,2024-11,2024-W47,Sun,1,8,2.7,Woodlands,Woodlands,4,48.88,18.1,SGD
drv_mei_sg_11,Mei Lin Tan,firefighter,2024-11-24,2024-11,2024-W47,Sun,2,18,3.26,Changi_Airport,Changi Airport,4,59.01,18.1,SGD
drv_mei_sg_11,Mei Lin Tan,firefighter,2024-11-24,2024-11,2024-W47,Sun,3,0,3.23,CBD_Raffles,CBD / Raffles Place,4,58.47,18.1,SGD
drv_mei_sg_11,Mei Lin Tan,firefighter,2024-11-25,2024-11,2024-W48,Mon,1,8,3.32,Jurong_East,Jurong East,5,43.9,13.22,SGD
drv_mei_sg_11,Mei Lin Tan,firefighter,2024-11-25,2024-11,2024-W48,Mon,2,17,4.14,Woodlands,Woodlands,6,54.82,13.24,SGD
drv_mei_sg_11,Mei Lin Tan,firefighter,2024-11-25,2024-11,2024-W48,Mon,3,23,3.14,CBD_Raffles,CBD / Raffles Place,5,41.58,13.24,SGD
drv_mei_sg_11,Mei Lin Tan,firefighter,2024-11-26,2024-11,2024-W48,Tue,1,8,3.05,CBD_Raffles,CBD / Raffles Place,3,45.08,14.78,SGD
drv_mei_sg_11,Mei Lin Tan,firefighter,2024-11-26,2024-11,2024-W48,Tue,2,18,2.9,Woodlands,Woodlands,3,42.74,14.74,SGD
drv_mei_sg_11,Mei Lin Tan,firefighter,2024-11-26,2024-11,2024-W48,Tue,3,0,2.85,CBD_Raffles,CBD / Raffles Place,3,42.08,14.76,SGD
drv_mei_sg_11,Mei Lin Tan,firefighter,2024-11-27,2024-11,2024-W48,Wed,1,8,3.59,CBD_Raffles,CBD / Raffles Place,10,68.11,18.97,SGD
drv_mei_sg_11,Mei Lin Tan,firefighter,2024-11-27,2024-11,2024-W48,Wed,2,19,2.72,Changi_Airport,Changi Airport,7,51.62,18.98,SGD
drv_mei_sg_11,Mei Lin Tan,firefighter,2024-11-27,2024-11,2024-W48,Wed,3,0,2.68,CBD_Raffles,CBD / Raffles Place,7,50.79,18.95,SGD
drv_mei_sg_11,Mei Lin Tan,firefighter,2024-11-28,2024-11,2024-W48,Thu,1,8,3.03,Woodlands,Woodlands,6,70.71,23.34,SGD
drv_mei_sg_11,Mei Lin Tan,firefighter,2024-11-28,2024-11,2024-W48,Thu,2,18,2.31,Changi_Airport,Changi Airport,5,53.83,23.3,SGD
drv_mei_sg_11,Mei Lin Tan,firefighter,2024-11-28,2024-11,2024-W48,Thu,3,0,3.06,Jurong_East,Jurong East,7,71.37,23.32,SGD
drv_mei_sg_11,Mei Lin Tan,firefighter,2024-11-29,2024-11,2024-W48,Fri,1,9,2.92,Changi_Airport,Changi Airport,3,30.76,10.53,SGD
drv_mei_sg_11,Mei Lin Tan,firefighter,2024-11-29,2024-11,2024-W48,Fri,2,17,2.99,Jurong_East,Jurong East,3,31.51,10.54,SGD
drv_mei_sg_11,Mei Lin Tan,firefighter,2024-11-29,2024-11,2024-W48,Fri,3,23,3.89,Changi_Airport,Changi Airport,4,41.04,10.55,SGD
drv_mei_sg_11,Mei Lin Tan,firefighter,2024-12-01,2024-12,2024-W48,Sun,1,7,2.94,Changi_Airport,Changi Airport,10,105.02,35.72,SGD
drv_mei_sg_11,Mei Lin Tan,firefighter,2024-12-01,2024-12,2024-W48,Sun,2,22,3.06,Jurong_East,Jurong East,11,109.56,35.8,SGD
drv_mei_sg_11,Mei Lin Tan,firefighter,2024-12-02,2024-12,2024-W49,Mon,1,7,3.52,Changi_Airport,Changi Airport,10,62.77,17.83,SGD
drv_mei_sg_11,Mei Lin Tan,firefighter,2024-12-02,2024-12,2024-W49,Mon,2,19,3.78,Woodlands,Woodlands,11,67.48,17.85,SGD
drv_mei_sg_11,Mei Lin Tan,firefighter,2024-12-03,2024-12,2024-W49,Tue,1,8,4.06,Woodlands,Woodlands,8,51.25,12.62,SGD
drv_mei_sg_11,Mei Lin Tan,firefighter,2024-12-03,2024-12,2024-W49,Tue,2,17,3.46,Woodlands,Woodlands,7,43.67,12.62,SGD
drv_mei_sg_11,Mei Lin Tan,firefighter,2024-12-03,2024-12,2024-W49,Tue,3,0,3.38,Jurong_East,Jurong East,7,42.74,12.64,SGD
drv_mei_sg_11,Mei Lin Tan,firefighter,2024-12-04,2024-12,2024-W49,Wed,1,7,3.33,Woodlands,Woodlands,6,36.97,11.1,SGD
drv_mei_sg_11,Mei Lin Tan,firefighter,2024-12-04,2024-12,2024-W49,Wed,2,20,2.6,Woodlands,Woodlands,5,28.83,11.09,SGD
drv_mei_sg_11,Mei Lin Tan,firefighter,2024-12-04,2024-12,2024-W49,Wed,3,23,2.37,Jurong_East,Jurong East,5,26.3,11.1,SGD
drv_mei_sg_11,Mei Lin Tan,firefighter,2024-12-05,2024-12,2024-W49,Thu,1,9,3.34,CBD_Raffles,CBD / Raffles Place,4,65.07,19.48,SGD
drv_mei_sg_11,Mei Lin Tan,firefighter,2024-12-05,2024-12,2024-W49,Thu,2,18,3.1,CBD_Raffles,CBD / Raffles Place,4,60.27,19.44,SGD
drv_mei_sg_11,Mei Lin Tan,firefighter,2024-12-05,2024-12,2024-W49,Thu,3,23,3.16,Jurong_East,Jurong East,4,61.52,19.47,SGD
drv_mei_sg_11,Mei Lin Tan,firefighter,2024-12-06,2024-12,2024-W49,Fri,1,9,3.44,Jurong_East,Jurong East,6,36.87,10.72,SGD
drv_mei_sg_11,Mei Lin Tan,firefighter,2024-12-06,2024-12,2024-W49,Fri,2,19,3.87,Woodlands,Woodlands,7,41.51,10.73,SGD
drv_mei_sg_11,Mei Lin Tan,firefighter,2024-12-06,2024-12,2024-W49,Fri,3,21,3.19,CBD_Raffles,CBD / Raffles Place,5,34.26,10.74,SGD
drv_mei_sg_11,Mei Lin Tan,firefighter,2024-12-08,2024-12,2024-W49,Sun,1,18,3.0,Jurong_East,Jurong East,8,94.22,31.41,SGD
drv_mei_sg_11,Mei Lin Tan,firefighter,2024-12-08,2024-12,2024-W49,Sun,2,22,3.0,Changi_Airport,Changi Airport,8,94.52,31.51,SGD
drv_mei_sg_11,Mei Lin Tan,firefighter,2024-12-15,2024-12,2024-W50,Sun,1,7,4.46,CBD_Raffles,CBD / Raffles Place,13,125.51,28.14,SGD
drv_mei_sg_11,Mei Lin Tan,firefighter,2024-12-15,2024-12,2024-W50,Sun,2,19,3.24,Jurong_East,Jurong East,10,91.25,28.16,SGD
drv_mei_sg_11,Mei Lin Tan,firefighter,2024-12-16,2024-12,2024-W51,Mon,1,8,2.9,Woodlands,Woodlands,6,49.5,17.07,SGD
drv_mei_sg_11,Mei Lin Tan,firefighter,2024-12-16,2024-12,2024-W51,Mon,2,19,2.58,Woodlands,Woodlands,5,43.93,17.03,SGD
drv_mei_sg_11,Mei Lin Tan,firefighter,2024-12-16,2024-12,2024-W51,Mon,3,23,3.42,Jurong_East,Jurong East,7,58.36,17.06,SGD
drv_mei_sg_11,Mei Lin Tan,firefighter,2024-12-17,2024-12,2024-W51,Tue,1,7,3.15,Changi_Airport,Changi Airport,4,49.06,15.57,SGD
drv_mei_sg_11,Mei Lin Tan,firefighter,2024-12-17,2024-12,2024-W51,Tue,2,18,3.08,Changi_Airport,Changi Airport,4,47.89,15.55,SGD
drv_mei_sg_11,Mei Lin Tan,firefighter,2024-12-17,2024-12,2024-W51,Tue,3,23,2.47,Woodlands,Woodlands,3,38.47,15.57,SGD
drv_mei_sg_11,Mei Lin Tan,firefighter,2024-12-18,2024-12,2024-W51,Wed,1,8,3.02,CBD_Raffles,CBD / Raffles Place,7,41.78,13.83,SGD
drv_mei_sg_11,Mei Lin Tan,firefighter,2024-12-18,2024-12,2024-W51,Wed,2,19,3.46,Jurong_East,Jurong East,8,47.98,13.87,SGD
drv_mei_sg_11,Mei Lin Tan,firefighter,2024-12-18,2024-12,2024-W51,Wed,3,0,3.42,Woodlands,Woodlands,8,47.33,13.84,SGD
drv_mei_sg_11,Mei Lin Tan,firefighter,2024-12-19,2024-12,2024-W51,Thu,1,9,3.66,Changi_Airport,Changi Airport,3,55.93,15.28,SGD
drv_mei_sg_11,Mei Lin Tan,firefighter,2024-12-19,2024-12,2024-W51,Thu,2,17,2.86,Woodlands,Woodlands,2,43.59,15.24,SGD
drv_mei_sg_11,Mei Lin Tan,firefighter,2024-12-19,2024-12,2024-W51,Thu,3,23,3.78,Jurong_East,Jurong East,3,57.7,15.26,SGD
drv_mei_sg_11,Mei Lin Tan,firefighter,2024-12-20,2024-12,2024-W51,Fri,1,7,4.43,Woodlands,Woodlands,5,78.44,17.71,SGD
drv_mei_sg_11,Mei Lin Tan,firefighter,2024-12-20,2024-12,2024-W51,Fri,2,19,3.22,Jurong_East,Jurong East,3,57.14,17.75,SGD
drv_mei_sg_11,Mei Lin Tan,firefighter,2024-12-20,2024-12,2024-W51,Fri,3,23,3.55,CBD_Raffles,CBD / Raffles Place,4,62.92,17.72,SGD
drv_mei_sg_11,Mei Lin Tan,firefighter,2024-12-22,2024-12,2024-W51,Sun,1,7,3.25,Changi_Airport,Changi Airport,3,69.44,21.37,SGD
drv_mei_sg_11,Mei Lin Tan,firefighter,2024-12-22,2024-12,2024-W51,Sun,2,19,3.11,Changi_Airport,Changi Airport,3,66.48,21.38,SGD
drv_mei_sg_11,Mei Lin Tan,firefighter,2024-12-22,2024-12,2024-W51,Sun,3,23,2.94,Woodlands,Woodlands,3,62.89,21.39,SGD
drv_mei_sg_11,Mei Lin Tan,firefighter,2024-12-23,2024-12,2024-W52,Mon,1,19,3.18,Woodlands,Woodlands,4,47.27,14.86,SGD
drv_mei_sg_11,Mei Lin Tan,firefighter,2024-12-23,2024-12,2024-W52,Mon,2,23,3.92,Changi_Airport,Changi Airport,5,58.43,14.91,SGD
drv_mei_sg_11,Mei Lin Tan,firefighter,2024-12-24,2024-12,2024-W52,Tue,1,8,2.93,Changi_Airport,Changi Airport,8,69.88,23.85,SGD
drv_mei_sg_11,Mei Lin Tan,firefighter,2024-12-24,2024-12,2024-W52,Tue,2,18,2.65,CBD_Raffles,CBD / Raffles Place,7,63.29,23.88,SGD
drv_mei_sg_11,Mei Lin Tan,firefighter,2024-12-24,2024-12,2024-W52,Tue,3,21,2.72,Woodlands,Woodlands,8,64.91,23.86,SGD
drv_mei_sg_11,Mei Lin Tan,firefighter,2024-12-25,2024-12,2024-W52,Wed,1,8,2.76,Changi_Airport,Changi Airport,4,54.5,19.75,SGD
drv_mei_sg_11,Mei Lin Tan,firefighter,2024-12-25,2024-12,2024-W52,Wed,2,18,3.67,Changi_Airport,Changi Airport,5,72.53,19.76,SGD
drv_mei_sg_11,Mei Lin Tan,firefighter,2024-12-25,2024-12,2024-W52,Wed,3,22,2.67,Jurong_East,Jurong East,4,52.73,19.75,SGD
drv_mei_sg_11,Mei Lin Tan,firefighter,2024-12-26,2024-12,2024-W52,Thu,1,20,3.13,Woodlands,Woodlands,6,105.95,33.85,SGD
drv_mei_sg_11,Mei Lin Tan,firefighter,2024-12-26,2024-12,2024-W52,Thu,2,22,3.27,Jurong_East,Jurong East,6,110.45,33.78,SGD
drv_mei_sg_11,Mei Lin Tan,firefighter,2024-12-27,2024-12,2024-W52,Fri,1,8,3.17,Jurong_East,Jurong East,6,96.35,30.39,SGD
drv_mei_sg_11,Mei Lin Tan,firefighter,2024-12-27,2024-12,2024-W52,Fri,2,18,3.17,Changi_Airport,Changi Airport,6,96.47,30.43,SGD
drv_mei_sg_11,Mei Lin Tan,firefighter,2024-12-27,2024-12,2024-W52,Fri,3,23,2.66,Woodlands,Woodlands,5,80.76,30.36,SGD
drv_mei_sg_11,Mei Lin Tan,firefighter,2024-12-29,2024-12,2024-W52,Sun,1,7,2.75,Changi_Airport,Changi Airport,6,77.85,28.31,SGD
drv_mei_sg_11,Mei Lin Tan,firefighter,2024-12-29,2024-12,2024-W52,Sun,2,17,2.88,Woodlands,Woodlands,6,81.43,28.27,SGD
drv_mei_sg_11,Mei Lin Tan,firefighter,2024-12-29,2024-12,2024-W52,Sun,3,23,3.37,Changi_Airport,Changi Airport,7,95.41,28.31,SGD
drv_mei_sg_11,Mei Lin Tan,firefighter,2024-12-30,2024-12,2025-W01,Mon,1,7,3.4,Woodlands,Woodlands,5,47.42,13.95,SGD
drv_mei_sg_11,Mei Lin Tan,firefighter,2024-12-30,2024-12,2025-W01,Mon,2,17,3.67,CBD_Raffles,CBD / Raffles Place,6,51.08,13.92,SGD
drv_mei_sg_11,Mei Lin Tan,firefighter,2024-12-30,2024-12,2025-W01,Mon,3,21,4.13,CBD_Raffles,CBD / Raffles Place,6,57.55,13.93,SGD
drv_mei_sg_11,Mei Lin Tan,firefighter,2024-12-31,2024-12,2025-W01,Tue,1,7,3.34,Jurong_East,Jurong East,6,70.51,21.11,SGD
drv_mei_sg_11,Mei Lin Tan,firefighter,2024-12-31,2024-12,2025-W01,Tue,2,19,3.2,CBD_Raffles,CBD / Raffles Place,5,67.61,21.13,SGD
drv_mei_sg_11,Mei Lin Tan,firefighter,2024-12-31,2024-12,2025-W01,Tue,3,23,2.95,Woodlands,Woodlands,5,62.34,21.13,SGD
drv_mei_sg_11,Mei Lin Tan,firefighter,2025-01-01,2025-01,2025-W01,Wed,1,9,3.35,Jurong_East,Jurong East,8,103.8,30.99,SGD
drv_mei_sg_11,Mei Lin Tan,firefighter,2025-01-01,2025-01,2025-W01,Wed,2,0,2.75,Jurong_East,Jurong East,7,85.18,30.97,SGD
drv_mei_sg_11,Mei Lin Tan,firefighter,2025-01-02,2025-01,2025-W01,Thu,1,9,3.76,CBD_Raffles,CBD / Raffles Place,7,72.37,19.25,SGD
drv_mei_sg_11,Mei Lin Tan,firefighter,2025-01-02,2025-01,2025-W01,Thu,2,18,3.91,Woodlands,Woodlands,7,75.13,19.21,SGD
drv_mei_sg_11,Mei Lin Tan,firefighter,2025-01-02,2025-01,2025-W01,Thu,3,21,3.03,Woodlands,Woodlands,6,58.33,19.25,SGD
drv_mei_sg_11,Mei Lin Tan,firefighter,2025-01-03,2025-01,2025-W01,Fri,1,20,3.85,Jurong_East,Jurong East,11,94.83,24.63,SGD
drv_mei_sg_11,Mei Lin Tan,firefighter,2025-01-03,2025-01,2025-W01,Fri,2,21,3.75,Jurong_East,Jurong East,11,92.23,24.59,SGD
drv_mei_sg_11,Mei Lin Tan,firefighter,2025-01-05,2025-01,2025-W01,Sun,1,7,2.81,Changi_Airport,Changi Airport,6,25.75,9.16,SGD
drv_mei_sg_11,Mei Lin Tan,firefighter,2025-01-05,2025-01,2025-W01,Sun,2,20,2.97,Changi_Airport,Changi Airport,6,27.18,9.15,SGD
drv_mei_sg_11,Mei Lin Tan,firefighter,2025-01-05,2025-01,2025-W01,Sun,3,0,3.72,CBD_Raffles,CBD / Raffles Place,8,34.09,9.16,SGD
drv_mei_sg_11,Mei Lin Tan,firefighter,2025-01-06,2025-01,2025-W02,Mon,1,7,3.88,Jurong_East,Jurong East,3,44.77,11.54,SGD
drv_mei_sg_11,Mei Lin Tan,firefighter,2025-01-06,2025-01,2025-W02,Mon,2,19,4.45,Changi_Airport,Changi Airport,3,51.32,11.53,SGD
drv_mei_sg_11,Mei Lin Tan,firefighter,2025-01-06,2025-01,2025-W02,Mon,3,0,3.58,Jurong_East,Jurong East,3,41.29,11.53,SGD
drv_mei_sg_11,Mei Lin Tan,firefighter,2025-01-07,2025-01,2025-W02,Tue,1,7,3.53,Changi_Airport,Changi Airport,7,44.98,12.74,SGD
drv_mei_sg_11,Mei Lin Tan,firefighter,2025-01-07,2025-01,2025-W02,Tue,2,17,3.84,Jurong_East,Jurong East,8,48.92,12.74,SGD
drv_mei_sg_11,Mei Lin Tan,firefighter,2025-01-07,2025-01,2025-W02,Tue,3,23,4.52,Changi_Airport,Changi Airport,9,57.56,12.73,SGD
drv_mei_sg_11,Mei Lin Tan,firefighter,2025-01-08,2025-01,2025-W02,Wed,1,18,4.1,Jurong_East,Jurong East,7,52.13,12.71,SGD
drv_mei_sg_11,Mei Lin Tan,firefighter,2025-01-08,2025-01,2025-W02,Wed,2,0,3.7,Woodlands,Woodlands,6,46.98,12.7,SGD
drv_mei_sg_11,Mei Lin Tan,firefighter,2025-01-09,2025-01,2025-W02,Thu,1,7,3.48,Woodlands,Woodlands,4,60.76,17.46,SGD
drv_mei_sg_11,Mei Lin Tan,firefighter,2025-01-09,2025-01,2025-W02,Thu,2,18,3.97,Woodlands,Woodlands,5,69.29,17.45,SGD
drv_mei_sg_11,Mei Lin Tan,firefighter,2025-01-09,2025-01,2025-W02,Thu,3,22,3.04,CBD_Raffles,CBD / Raffles Place,4,53.07,17.46,SGD
drv_mei_sg_11,Mei Lin Tan,firefighter,2025-01-10,2025-01,2025-W02,Fri,1,8,3.2,CBD_Raffles,CBD / Raffles Place,8,75.96,23.74,SGD
drv_mei_sg_11,Mei Lin Tan,firefighter,2025-01-10,2025-01,2025-W02,Fri,2,19,2.74,Changi_Airport,Changi Airport,7,64.95,23.7,SGD
drv_mei_sg_11,Mei Lin Tan,firefighter,2025-01-10,2025-01,2025-W02,Fri,3,23,2.86,Woodlands,Woodlands,7,67.78,23.7,SGD
drv_mei_sg_11,Mei Lin Tan,firefighter,2025-01-12,2025-01,2025-W02,Sun,1,8,3.85,Woodlands,Woodlands,3,70.54,18.32,SGD
drv_mei_sg_11,Mei Lin Tan,firefighter,2025-01-12,2025-01,2025-W02,Sun,2,18,4.01,Changi_Airport,Changi Airport,3,73.5,18.33,SGD
drv_mei_sg_11,Mei Lin Tan,firefighter,2025-01-12,2025-01,2025-W02,Sun,3,22,3.44,Woodlands,Woodlands,2,62.99,18.31,SGD
drv_mei_sg_11,Mei Lin Tan,firefighter,2025-01-13,2025-01,2025-W03,Mon,1,9,3.66,Woodlands,Woodlands,9,77.55,21.19,SGD
drv_mei_sg_11,Mei Lin Tan,firefighter,2025-01-13,2025-01,2025-W03,Mon,2,20,3.74,CBD_Raffles,CBD / Raffles Place,9,79.24,21.19,SGD
drv_mei_sg_11,Mei Lin Tan,firefighter,2025-01-14,2025-01,2025-W03,Tue,1,8,3.67,Woodlands,Woodlands,4,45.01,12.26,SGD
drv_mei_sg_11,Mei Lin Tan,firefighter,2025-01-14,2025-01,2025-W03,Tue,2,20,3.92,Jurong_East,Jurong East,5,48.13,12.28,SGD
drv_mei_sg_11,Mei Lin Tan,firefighter,2025-01-14,2025-01,2025-W03,Tue,3,21,4.01,CBD_Raffles,CBD / Raffles Place,5,49.22,12.27,SGD
drv_mei_sg_11,Mei Lin Tan,firefighter,2025-01-15,2025-01,2025-W03,Wed,1,17,3.0,Changi_Airport,Changi Airport,5,70.55,23.52,SGD
drv_mei_sg_11,Mei Lin Tan,firefighter,2025-01-15,2025-01,2025-W03,Wed,2,22,4.3,CBD_Raffles,CBD / Raffles Place,7,101.25,23.55,SGD
drv_mei_sg_11,Mei Lin Tan,firefighter,2025-01-16,2025-01,2025-W03,Thu,1,8,4.09,CBD_Raffles,CBD / Raffles Place,8,53.58,13.1,SGD
drv_mei_sg_11,Mei Lin Tan,firefighter,2025-01-16,2025-01,2025-W03,Thu,2,19,3.76,CBD_Raffles,CBD / Raffles Place,7,49.33,13.12,SGD
drv_mei_sg_11,Mei Lin Tan,firefighter,2025-01-16,2025-01,2025-W03,Thu,3,21,3.35,Changi_Airport,Changi Airport,7,43.9,13.1,SGD
drv_mei_sg_11,Mei Lin Tan,firefighter,2025-01-17,2025-01,2025-W03,Fri,1,8,3.97,Jurong_East,Jurong East,8,30.92,7.79,SGD
drv_mei_sg_11,Mei Lin Tan,firefighter,2025-01-17,2025-01,2025-W03,Fri,2,20,3.18,Woodlands,Woodlands,7,24.75,7.78,SGD
drv_mei_sg_11,Mei Lin Tan,firefighter,2025-01-17,2025-01,2025-W03,Fri,3,0,4.05,Jurong_East,Jurong East,8,31.47,7.77,SGD
drv_mei_sg_11,Mei Lin Tan,firefighter,2025-01-19,2025-01,2025-W03,Sun,1,8,3.73,Woodlands,Woodlands,7,113.94,30.55,SGD
drv_mei_sg_11,Mei Lin Tan,firefighter,2025-01-19,2025-01,2025-W03,Sun,2,17,2.87,CBD_Raffles,CBD / Raffles Place,6,87.44,30.47,SGD
drv_mei_sg_11,Mei Lin Tan,firefighter,2025-01-20,2025-01,2025-W04,Mon,1,19,3.95,Changi_Airport,Changi Airport,8,62.07,15.71,SGD
drv_mei_sg_11,Mei Lin Tan,firefighter,2025-01-20,2025-01,2025-W04,Mon,2,22,4.05,CBD_Raffles,CBD / Raffles Place,9,63.79,15.75,SGD
drv_mei_sg_11,Mei Lin Tan,firefighter,2025-01-21,2025-01,2025-W04,Tue,1,8,4.48,Changi_Airport,Changi Airport,14,58.33,13.02,SGD
drv_mei_sg_11,Mei Lin Tan,firefighter,2025-01-21,2025-01,2025-W04,Tue,2,17,3.42,CBD_Raffles,CBD / Raffles Place,10,44.53,13.02,SGD
drv_mei_sg_11,Mei Lin Tan,firefighter,2025-01-22,2025-01,2025-W04,Wed,1,7,3.32,CBD_Raffles,CBD / Raffles Place,3,50.4,15.18,SGD
drv_mei_sg_11,Mei Lin Tan,firefighter,2025-01-22,2025-01,2025-W04,Wed,2,17,3.78,Woodlands,Woodlands,3,57.4,15.19,SGD
drv_mei_sg_11,Mei Lin Tan,firefighter,2025-01-22,2025-01,2025-W04,Wed,3,0,4.81,Jurong_East,Jurong East,4,73.07,15.19,SGD
drv_mei_sg_11,Mei Lin Tan,firefighter,2025-01-23,2025-01,2025-W04,Thu,1,9,4.04,Woodlands,Woodlands,8,34.34,8.5,SGD
drv_mei_sg_11,Mei Lin Tan,firefighter,2025-01-23,2025-01,2025-W04,Thu,2,17,3.71,CBD_Raffles,CBD / Raffles Place,7,31.53,8.5,SGD
drv_mei_sg_11,Mei Lin Tan,firefighter,2025-01-23,2025-01,2025-W04,Thu,3,23,3.75,Jurong_East,Jurong East,8,31.9,8.51,SGD
drv_mei_sg_11,Mei Lin Tan,firefighter,2025-01-24,2025-01,2025-W04,Fri,1,8,3.9,Jurong_East,Jurong East,10,93.39,23.95,SGD
drv_mei_sg_11,Mei Lin Tan,firefighter,2025-01-24,2025-01,2025-W04,Fri,2,19,3.9,Changi_Airport,Changi Airport,10,93.62,24.01,SGD
drv_mei_sg_11,Mei Lin Tan,firefighter,2025-01-26,2025-01,2025-W04,Sun,1,7,4.07,Woodlands,Woodlands,8,62.39,15.33,SGD
drv_mei_sg_11,Mei Lin Tan,firefighter,2025-01-26,2025-01,2025-W04,Sun,2,22,3.83,Woodlands,Woodlands,8,58.83,15.36,SGD
drv_mei_sg_11,Mei Lin Tan,firefighter,2025-01-27,2025-01,2025-W05,Mon,1,7,3.84,CBD_Raffles,CBD / Raffles Place,3,58.86,15.33,SGD
drv_mei_sg_11,Mei Lin Tan,firefighter,2025-01-27,2025-01,2025-W05,Mon,2,19,3.6,CBD_Raffles,CBD / Raffles Place,3,55.22,15.34,SGD
drv_mei_sg_11,Mei Lin Tan,firefighter,2025-01-27,2025-01,2025-W05,Mon,3,23,3.96,CBD_Raffles,CBD / Raffles Place,3,60.79,15.35,SGD
drv_mei_sg_11,Mei Lin Tan,firefighter,2025-01-28,2025-01,2025-W05,Tue,1,8,3.03,CBD_Raffles,CBD / Raffles Place,6,31.93,10.54,SGD
drv_mei_sg_11,Mei Lin Tan,firefighter,2025-01-28,2025-01,2025-W05,Tue,2,20,3.08,Jurong_East,Jurong East,6,32.46,10.54,SGD
drv_mei_sg_11,Mei Lin Tan,firefighter,2025-01-28,2025-01,2025-W05,Tue,3,21,2.98,CBD_Raffles,CBD / Raffles Place,6,31.4,10.54,SGD
drv_mei_sg_11,Mei Lin Tan,firefighter,2025-01-29,2025-01,2025-W05,Wed,1,8,2.74,CBD_Raffles,CBD / Raffles Place,7,34.41,12.56,SGD
drv_mei_sg_11,Mei Lin Tan,firefighter,2025-01-29,2025-01,2025-W05,Wed,2,17,3.34,CBD_Raffles,CBD / Raffles Place,8,41.89,12.54,SGD
drv_mei_sg_11,Mei Lin Tan,firefighter,2025-01-29,2025-01,2025-W05,Wed,3,23,3.32,Woodlands,Woodlands,8,41.59,12.53,SGD
drv_mei_sg_11,Mei Lin Tan,firefighter,2025-01-30,2025-01,2025-W05,Thu,1,7,2.6,Jurong_East,Jurong East,5,44.0,16.92,SGD
drv_mei_sg_11,Mei Lin Tan,firefighter,2025-01-30,2025-01,2025-W05,Thu,2,20,2.8,CBD_Raffles,CBD / Raffles Place,5,47.42,16.94,SGD
drv_mei_sg_11,Mei Lin Tan,firefighter,2025-01-30,2025-01,2025-W05,Thu,3,21,2.9,CBD_Raffles,CBD / Raffles Place,5,49.07,16.92,SGD
drv_mei_sg_11,Mei Lin Tan,firefighter,2025-01-31,2025-01,2025-W05,Fri,1,17,4.07,Woodlands,Woodlands,10,82.88,20.36,SGD
drv_mei_sg_11,Mei Lin Tan,firefighter,2025-01-31,2025-01,2025-W05,Fri,2,22,3.93,Changi_Airport,Changi Airport,9,79.96,20.35,SGD
drv_mei_sg_11,Mei Lin Tan,firefighter,2025-02-02,2025-02,2025-W05,Sun,1,9,3.07,Woodlands,Woodlands,8,62.48,20.35,SGD
drv_mei_sg_11,Mei Lin Tan,firefighter,2025-02-02,2025-02,2025-W05,Sun,2,23,4.23,Jurong_East,Jurong East,11,85.98,20.33,SGD
drv_mei_sg_11,Mei Lin Tan,firefighter,2025-02-03,2025-02,2025-W06,Mon,1,8,3.04,CBD_Raffles,CBD / Raffles Place,5,69.75,22.94,SGD
drv_mei_sg_11,Mei Lin Tan,firefighter,2025-02-03,2025-02,2025-W06,Mon,2,17,3.76,Jurong_East,Jurong East,7,86.37,22.97,SGD
drv_mei_sg_11,Mei Lin Tan,firefighter,2025-02-04,2025-02,2025-W06,Tue,1,9,2.58,Jurong_East,Jurong East,7,49.91,19.34,SGD
drv_mei_sg_11,Mei Lin Tan,firefighter,2025-02-04,2025-02,2025-W06,Tue,2,19,2.83,Woodlands,Woodlands,8,54.89,19.4,SGD
drv_mei_sg_11,Mei Lin Tan,firefighter,2025-02-04,2025-02,2025-W06,Tue,3,0,2.79,Changi_Airport,Changi Airport,8,54.09,19.39,SGD
drv_mei_sg_11,Mei Lin Tan,firefighter,2025-02-05,2025-02,2025-W06,Wed,1,8,3.89,Woodlands,Woodlands,7,72.97,18.76,SGD
drv_mei_sg_11,Mei Lin Tan,firefighter,2025-02-05,2025-02,2025-W06,Wed,2,23,3.81,Jurong_East,Jurong East,7,71.41,18.74,SGD
drv_mei_sg_11,Mei Lin Tan,firefighter,2025-02-06,2025-02,2025-W06,Thu,1,9,2.81,Changi_Airport,Changi Airport,6,75.99,27.04,SGD
drv_mei_sg_11,Mei Lin Tan,firefighter,2025-02-06,2025-02,2025-W06,Thu,2,19,3.39,Woodlands,Woodlands,7,91.72,27.06,SGD
drv_mei_sg_11,Mei Lin Tan,firefighter,2025-02-07,2025-02,2025-W06,Fri,1,7,4.02,Woodlands,Woodlands,4,56.76,14.12,SGD
drv_mei_sg_11,Mei Lin Tan,firefighter,2025-02-07,2025-02,2025-W06,Fri,2,18,3.34,Changi_Airport,Changi Airport,3,47.12,14.11,SGD
drv_mei_sg_11,Mei Lin Tan,firefighter,2025-02-07,2025-02,2025-W06,Fri,3,0,4.64,Jurong_East,Jurong East,4,65.49,14.11,SGD
drv_mei_sg_11,Mei Lin Tan,firefighter,2025-02-09,2025-02,2025-W06,Sun,1,8,3.27,Jurong_East,Jurong East,4,92.18,28.19,SGD
drv_mei_sg_11,Mei Lin Tan,firefighter,2025-02-09,2025-02,2025-W06,Sun,2,18,3.53,Woodlands,Woodlands,5,99.34,28.14,SGD
drv_mei_sg_11,Mei Lin Tan,firefighter,2025-02-10,2025-02,2025-W07,Mon,1,7,3.05,Jurong_East,Jurong East,7,50.28,16.49,SGD
drv_mei_sg_11,Mei Lin Tan,firefighter,2025-02-10,2025-02,2025-W07,Mon,2,19,3.06,Jurong_East,Jurong East,7,50.36,16.46,SGD
drv_mei_sg_11,Mei Lin Tan,firefighter,2025-02-10,2025-02,2025-W07,Mon,3,22,3.39,Jurong_East,Jurong East,7,55.71,16.43,SGD
drv_mei_sg_11,Mei Lin Tan,firefighter,2025-02-11,2025-02,2025-W07,Tue,1,9,3.44,Jurong_East,Jurong East,4,99.59,28.95,SGD
drv_mei_sg_11,Mei Lin Tan,firefighter,2025-02-11,2025-02,2025-W07,Tue,2,0,2.76,Jurong_East,Jurong East,4,80.03,29.0,SGD
drv_mei_sg_11,Mei Lin Tan,firefighter,2025-02-12,2025-02,2025-W07,Wed,1,9,3.49,Woodlands,Woodlands,7,42.77,12.26,SGD
drv_mei_sg_11,Mei Lin Tan,firefighter,2025-02-12,2025-02,2025-W07,Wed,2,20,3.97,Changi_Airport,Changi Airport,8,48.69,12.26,SGD
drv_mei_sg_11,Mei Lin Tan,firefighter,2025-02-12,2025-02,2025-W07,Wed,3,23,4.15,Jurong_East,Jurong East,9,50.88,12.26,SGD
drv_mei_sg_11,Mei Lin Tan,firefighter,2025-02-13,2025-02,2025-W07,Thu,1,7,3.3,Woodlands,Woodlands,5,87.69,26.57,SGD
drv_mei_sg_11,Mei Lin Tan,firefighter,2025-02-13,2025-02,2025-W07,Thu,2,17,3.1,Changi_Airport,Changi Airport,5,82.59,26.64,SGD
drv_mei_sg_11,Mei Lin Tan,firefighter,2025-02-14,2025-02,2025-W07,Fri,1,8,3.57,Woodlands,Woodlands,5,85.5,23.95,SGD
drv_mei_sg_11,Mei Lin Tan,firefighter,2025-02-14,2025-02,2025-W07,Fri,2,17,4.03,Woodlands,Woodlands,5,96.66,23.99,SGD
drv_mei_sg_11,Mei Lin Tan,firefighter,2025-02-16,2025-02,2025-W07,Sun,1,8,2.88,Jurong_East,Jurong East,6,65.86,22.87,SGD
drv_mei_sg_11,Mei Lin Tan,firefighter,2025-02-16,2025-02,2025-W07,Sun,2,20,3.15,Changi_Airport,Changi Airport,6,71.98,22.85,SGD
drv_mei_sg_11,Mei Lin Tan,firefighter,2025-02-16,2025-02,2025-W07,Sun,3,0,3.18,Changi_Airport,Changi Airport,6,72.7,22.86,SGD
drv_mei_sg_11,Mei Lin Tan,firefighter,2025-02-17,2025-02,2025-W08,Mon,1,9,2.62,Changi_Airport,Changi Airport,7,41.91,16.0,SGD
drv_mei_sg_11,Mei Lin Tan,firefighter,2025-02-17,2025-02,2025-W08,Mon,2,20,2.97,Changi_Airport,Changi Airport,8,47.47,15.98,SGD
drv_mei_sg_11,Mei Lin Tan,firefighter,2025-02-17,2025-02,2025-W08,Mon,3,23,2.61,CBD_Raffles,CBD / Raffles Place,7,41.64,15.95,SGD
drv_mei_sg_11,Mei Lin Tan,firefighter,2025-02-18,2025-02,2025-W08,Tue,1,7,3.28,Jurong_East,Jurong East,5,70.93,21.63,SGD
drv_mei_sg_11,Mei Lin Tan,firefighter,2025-02-18,2025-02,2025-W08,Tue,2,0,2.82,Changi_Airport,Changi Airport,5,60.9,21.6,SGD
drv_mei_sg_11,Mei Lin Tan,firefighter,2025-02-19,2025-02,2025-W08,Wed,1,9,2.55,CBD_Raffles,CBD / Raffles Place,5,50.32,19.73,SGD
drv_mei_sg_11,Mei Lin Tan,firefighter,2025-02-19,2025-02,2025-W08,Wed,2,19,3.3,Woodlands,Woodlands,6,65.04,19.71,SGD
drv_mei_sg_11,Mei Lin Tan,firefighter,2025-02-19,2025-02,2025-W08,Wed,3,23,2.85,Woodlands,Woodlands,5,56.14,19.7,SGD
drv_mei_sg_11,Mei Lin Tan,firefighter,2025-02-20,2025-02,2025-W08,Thu,1,8,3.31,Woodlands,Woodlands,3,54.48,16.46,SGD
drv_mei_sg_11,Mei Lin Tan,firefighter,2025-02-20,2025-02,2025-W08,Thu,2,17,4.38,Woodlands,Woodlands,3,72.13,16.47,SGD
drv_mei_sg_11,Mei Lin Tan,firefighter,2025-02-20,2025-02,2025-W08,Thu,3,0,3.8,Woodlands,Woodlands,3,62.58,16.47,SGD
drv_mei_sg_11,Mei Lin Tan,firefighter,2025-02-21,2025-02,2025-W08,Fri,1,9,3.54,Woodlands,Woodlands,9,101.88,28.78,SGD
drv_mei_sg_11,Mei Lin Tan,firefighter,2025-02-21,2025-02,2025-W08,Fri,2,17,3.76,CBD_Raffles,CBD / Raffles Place,9,108.4,28.83,SGD
drv_mei_sg_11,Mei Lin Tan,firefighter,2025-02-23,2025-02,2025-W08,Sun,1,18,2.89,Woodlands,Woodlands,11,67.9,23.49,SGD
drv_mei_sg_11,Mei Lin Tan,firefighter,2025-02-23,2025-02,2025-W08,Sun,2,21,3.31,Woodlands,Woodlands,13,77.95,23.55,SGD
drv_mei_sg_11,Mei Lin Tan,firefighter,2025-03-05,2025-03,2025-W10,Wed,1,19,3.09,Changi_Airport,Changi Airport,10,67.11,21.72,SGD
drv_mei_sg_11,Mei Lin Tan,firefighter,2025-03-05,2025-03,2025-W10,Wed,2,22,4.11,Jurong_East,Jurong East,14,89.21,21.71,SGD
drv_mei_sg_11,Mei Lin Tan,firefighter,2025-03-06,2025-03,2025-W10,Thu,1,17,3.39,Woodlands,Woodlands,9,102.13,30.13,SGD
drv_mei_sg_11,Mei Lin Tan,firefighter,2025-03-06,2025-03,2025-W10,Thu,2,22,3.41,Jurong_East,Jurong East,10,102.72,30.12,SGD
drv_mei_sg_11,Mei Lin Tan,firefighter,2025-03-07,2025-03,2025-W10,Fri,1,7,3.57,CBD_Raffles,CBD / Raffles Place,9,110.33,30.9,SGD
drv_mei_sg_11,Mei Lin Tan,firefighter,2025-03-07,2025-03,2025-W10,Fri,2,22,3.63,Changi_Airport,Changi Airport,10,112.41,30.97,SGD
drv_mei_sg_11,Mei Lin Tan,firefighter,2025-03-09,2025-03,2025-W10,Sun,1,9,4.08,Changi_Airport,Changi Airport,6,73.92,18.12,SGD
drv_mei_sg_11,Mei Lin Tan,firefighter,2025-03-09,2025-03,2025-W10,Sun,2,17,3.55,Changi_Airport,Changi Airport,5,64.35,18.13,SGD
drv_mei_sg_11,Mei Lin Tan,firefighter,2025-03-09,2025-03,2025-W10,Sun,3,0,3.06,Jurong_East,Jurong East,5,55.42,18.11,SGD
drv_mei_sg_11,Mei Lin Tan,firefighter,2025-03-10,2025-03,2025-W11,Mon,1,8,3.9,CBD_Raffles,CBD / Raffles Place,10,78.75,20.19,SGD
drv_mei_sg_11,Mei Lin Tan,firefighter,2025-03-10,2025-03,2025-W11,Mon,2,20,4.1,Changi_Airport,Changi Airport,10,82.85,20.21,SGD
drv_mei_sg_11,Mei Lin Tan,firefighter,2025-03-11,2025-03,2025-W11,Tue,1,8,3.82,Jurong_East,Jurong East,7,64.27,16.82,SGD
drv_mei_sg_11,Mei Lin Tan,firefighter,2025-03-11,2025-03,2025-W11,Tue,2,0,3.88,Woodlands,Woodlands,8,65.29,16.83,SGD
drv_mei_sg_11,Mei Lin Tan,firefighter,2025-03-12,2025-03,2025-W11,Wed,1,7,3.86,Changi_Airport,Changi Airport,7,83.72,21.69,SGD
drv_mei_sg_11,Mei Lin Tan,firefighter,2025-03-12,2025-03,2025-W11,Wed,2,22,4.14,Jurong_East,Jurong East,8,89.86,21.71,SGD
drv_mei_sg_11,Mei Lin Tan,firefighter,2025-03-13,2025-03,2025-W11,Thu,1,9,3.62,Jurong_East,Jurong East,11,41.4,11.44,SGD
drv_mei_sg_11,Mei Lin Tan,firefighter,2025-03-13,2025-03,2025-W11,Thu,2,18,4.08,Woodlands,Woodlands,13,46.67,11.44,SGD
drv_mei_sg_11,Mei Lin Tan,firefighter,2025-03-14,2025-03,2025-W11,Fri,1,9,3.67,CBD_Raffles,CBD / Raffles Place,6,74.19,20.22,SGD
drv_mei_sg_11,Mei Lin Tan,firefighter,2025-03-14,2025-03,2025-W11,Fri,2,18,4.18,CBD_Raffles,CBD / Raffles Place,7,84.57,20.23,SGD
drv_mei_sg_11,Mei Lin Tan,firefighter,2025-03-14,2025-03,2025-W11,Fri,3,23,3.55,Jurong_East,Jurong East,6,71.82,20.23,SGD
drv_mei_sg_11,Mei Lin Tan,firefighter,2025-03-16,2025-03,2025-W11,Sun,1,8,3.49,Woodlands,Woodlands,8,98.78,28.3,SGD
drv_mei_sg_11,Mei Lin Tan,firefighter,2025-03-16,2025-03,2025-W11,Sun,2,21,3.71,Woodlands,Woodlands,8,105.1,28.33,SGD
drv_mei_sg_11,Mei Lin Tan,firefighter,2025-03-17,2025-03,2025-W12,Mon,1,7,3.88,CBD_Raffles,CBD / Raffles Place,11,79.18,20.41,SGD
drv_mei_sg_11,Mei Lin Tan,firefighter,2025-03-17,2025-03,2025-W12,Mon,2,17,3.62,CBD_Raffles,CBD / Raffles Place,11,73.76,20.38,SGD
drv_mei_sg_11,Mei Lin Tan,firefighter,2025-03-18,2025-03,2025-W12,Tue,1,8,2.71,CBD_Raffles,CBD / Raffles Place,5,45.48,16.78,SGD
drv_mei_sg_11,Mei Lin Tan,firefighter,2025-03-18,2025-03,2025-W12,Tue,2,18,3.42,CBD_Raffles,CBD / Raffles Place,7,57.41,16.79,SGD
drv_mei_sg_11,Mei Lin Tan,firefighter,2025-03-18,2025-03,2025-W12,Tue,3,21,3.28,Woodlands,Woodlands,6,55.02,16.77,SGD
drv_mei_sg_11,Mei Lin Tan,firefighter,2025-03-19,2025-03,2025-W12,Wed,1,19,3.05,Woodlands,Woodlands,8,97.14,31.85,SGD
drv_mei_sg_11,Mei Lin Tan,firefighter,2025-03-19,2025-03,2025-W12,Wed,2,21,3.05,CBD_Raffles,CBD / Raffles Place,8,97.11,31.84,SGD
drv_mei_sg_11,Mei Lin Tan,firefighter,2025-03-20,2025-03,2025-W12,Thu,1,8,3.07,Woodlands,Woodlands,3,70.48,22.96,SGD
drv_mei_sg_11,Mei Lin Tan,firefighter,2025-03-20,2025-03,2025-W12,Thu,2,20,2.83,Changi_Airport,Changi Airport,3,65.08,23.0,SGD
drv_mei_sg_11,Mei Lin Tan,firefighter,2025-03-20,2025-03,2025-W12,Thu,3,21,2.4,Jurong_East,Jurong East,3,55.12,22.97,SGD
drv_mei_sg_11,Mei Lin Tan,firefighter,2025-03-21,2025-03,2025-W12,Fri,1,7,2.6,Changi_Airport,Changi Airport,3,75.91,29.2,SGD
drv_mei_sg_11,Mei Lin Tan,firefighter,2025-03-21,2025-03,2025-W12,Fri,2,17,2.6,CBD_Raffles,CBD / Raffles Place,3,76.06,29.25,SGD
drv_mei_sg_11,Mei Lin Tan,firefighter,2025-03-21,2025-03,2025-W12,Fri,3,21,3.2,Woodlands,Woodlands,4,93.73,29.29,SGD
drv_mei_sg_11,Mei Lin Tan,firefighter,2025-03-23,2025-03,2025-W12,Sun,1,8,3.23,CBD_Raffles,CBD / Raffles Place,4,49.4,15.29,SGD
drv_mei_sg_11,Mei Lin Tan,firefighter,2025-03-23,2025-03,2025-W12,Sun,2,17,3.36,Woodlands,Woodlands,4,51.32,15.27,SGD
drv_mei_sg_11,Mei Lin Tan,firefighter,2025-03-23,2025-03,2025-W12,Sun,3,21,4.01,Jurong_East,Jurong East,5,61.18,15.26,SGD
drv_mei_sg_11,Mei Lin Tan,firefighter,2025-03-24,2025-03,2025-W13,Mon,1,20,3.74,Woodlands,Woodlands,4,73.67,19.7,SGD
drv_mei_sg_11,Mei Lin Tan,firefighter,2025-03-24,2025-03,2025-W13,Mon,2,22,4.06,Woodlands,Woodlands,4,80.14,19.74,SGD
drv_mei_sg_11,Mei Lin Tan,firefighter,2025-03-25,2025-03,2025-W13,Tue,1,8,2.96,Jurong_East,Jurong East,9,66.39,22.43,SGD
drv_mei_sg_11,Mei Lin Tan,firefighter,2025-03-25,2025-03,2025-W13,Tue,2,23,4.24,CBD_Raffles,CBD / Raffles Place,14,94.93,22.39,SGD
drv_mei_sg_11,Mei Lin Tan,firefighter,2025-03-26,2025-03,2025-W13,Wed,1,9,3.2,Woodlands,Woodlands,6,44.39,13.87,SGD
drv_mei_sg_11,Mei Lin Tan,firefighter,2025-03-26,2025-03,2025-W13,Wed,2,17,3.68,Woodlands,Woodlands,7,51.05,13.87,SGD
drv_mei_sg_11,Mei Lin Tan,firefighter,2025-03-26,2025-03,2025-W13,Wed,3,0,3.11,Jurong_East,Jurong East,6,43.11,13.86,SGD
drv_mei_sg_11,Mei Lin Tan,firefighter,2025-03-27,2025-03,2025-W13,Thu,1,8,2.46,CBD_Raffles,CBD / Raffles Place,6,27.24,11.07,SGD
drv_mei_sg_11,Mei Lin Tan,firefighter,2025-03-27,2025-03,2025-W13,Thu,2,18,3.17,Changi_Airport,Changi Airport,7,35.12,11.08,SGD
drv_mei_sg_11,Mei Lin Tan,firefighter,2025-03-27,2025-03,2025-W13,Thu,3,23,2.87,Woodlands,Woodlands,7,31.81,11.08,SGD
drv_mei_sg_11,Mei Lin Tan,firefighter,2025-03-28,2025-03,2025-W13,Fri,1,7,4.08,Jurong_East,Jurong East,7,108.0,26.47,SGD
drv_mei_sg_11,Mei Lin Tan,firefighter,2025-03-28,2025-03,2025-W13,Fri,2,20,3.42,Jurong_East,Jurong East,6,90.58,26.49,SGD
drv_mei_sg_11,Mei Lin Tan,firefighter,2025-03-30,2025-03,2025-W13,Sun,1,9,4.3,Jurong_East,Jurong East,5,53.44,12.43,SGD
drv_mei_sg_11,Mei Lin Tan,firefighter,2025-03-30,2025-03,2025-W13,Sun,2,19,3.63,Changi_Airport,Changi Airport,4,45.16,12.44,SGD
drv_mei_sg_11,Mei Lin Tan,firefighter,2025-03-30,2025-03,2025-W13,Sun,3,0,3.57,Jurong_East,Jurong East,4,44.36,12.43,SGD
drv_mei_sg_11,Mei Lin Tan,firefighter,2025-03-31,2025-03,2025-W14,Mon,1,18,4.01,CBD_Raffles,CBD / Raffles Place,4,81.12,20.23,SGD
drv_mei_sg_11,Mei Lin Tan,firefighter,2025-03-31,2025-03,2025-W14,Mon,2,23,3.89,Jurong_East,Jurong East,4,78.74,20.24,SGD
drv_mei_sg_11,Mei Lin Tan,firefighter,2025-04-01,2025-04,2025-W14,Tue,1,8,3.26,Jurong_East,Jurong East,3,71.68,21.99,SGD
drv_mei_sg_11,Mei Lin Tan,firefighter,2025-04-01,2025-04,2025-W14,Tue,2,20,2.52,Changi_Airport,Changi Airport,2,55.49,22.02,SGD
drv_mei_sg_11,Mei Lin Tan,firefighter,2025-04-01,2025-04,2025-W14,Tue,3,0,2.42,Changi_Airport,Changi Airport,2,53.09,21.94,SGD
drv_mei_sg_11,Mei Lin Tan,firefighter,2025-04-02,2025-04,2025-W14,Wed,1,7,3.38,CBD_Raffles,CBD / Raffles Place,6,54.28,16.06,SGD
drv_mei_sg_11,Mei Lin Tan,firefighter,2025-04-02,2025-04,2025-W14,Wed,2,19,3.78,Changi_Airport,Changi Airport,7,60.63,16.04,SGD
drv_mei_sg_11,Mei Lin Tan,firefighter,2025-04-02,2025-04,2025-W14,Wed,3,0,3.54,CBD_Raffles,CBD / Raffles Place,7,56.92,16.08,SGD
drv_mei_sg_11,Mei Lin Tan,firefighter,2025-04-03,2025-04,2025-W14,Thu,1,7,2.74,Changi_Airport,Changi Airport,3,29.53,10.78,SGD
drv_mei_sg_11,Mei Lin Tan,firefighter,2025-04-03,2025-04,2025-W14,Thu,2,19,3.41,Jurong_East,Jurong East,3,36.74,10.77,SGD
drv_mei_sg_11,Mei Lin Tan,firefighter,2025-04-03,2025-04,2025-W14,Thu,3,0,2.76,Changi_Airport,Changi Airport,3,29.76,10.78,SGD
drv_mei_sg_11,Mei Lin Tan,firefighter,2025-04-04,2025-04,2025-W14,Fri,1,8,3.3,Changi_Airport,Changi Airport,7,94.81,28.73,SGD
drv_mei_sg_11,Mei Lin Tan,firefighter,2025-04-04,2025-04,2025-W14,Fri,2,23,4.3,Woodlands,Woodlands,8,123.82,28.8,SGD
drv_mei_sg_11,Mei Lin Tan,firefighter,2025-04-06,2025-04,2025-W14,Sun,1,7,3.58,Jurong_East,Jurong East,7,98.95,27.64,SGD
drv_mei_sg_11,Mei Lin Tan,firefighter,2025-04-06,2025-04,2025-W14,Sun,2,19,2.82,CBD_Raffles,CBD / Raffles Place,5,78.1,27.7,SGD
drv_mei_sg_11,Mei Lin Tan,firefighter,2025-04-07,2025-04,2025-W15,Mon,1,8,3.85,Changi_Airport,Changi Airport,4,47.59,12.36,SGD
drv_mei_sg_11,Mei Lin Tan,firefighter,2025-04-07,2025-04,2025-W15,Mon,2,19,3.0,Changi_Airport,Changi Airport,3,37.13,12.38,SGD
drv_mei_sg_11,Mei Lin Tan,firefighter,2025-04-07,2025-04,2025-W15,Mon,3,23,3.55,Jurong_East,Jurong East,4,43.87,12.36,SGD
drv_mei_sg_11,Mei Lin Tan,firefighter,2025-04-08,2025-04,2025-W15,Tue,1,9,3.06,Jurong_East,Jurong East,9,75.23,24.58,SGD
drv_mei_sg_11,Mei Lin Tan,firefighter,2025-04-08,2025-04,2025-W15,Tue,2,18,3.84,CBD_Raffles,CBD / Raffles Place,11,94.31,24.56,SGD
drv_mei_sg_11,Mei Lin Tan,firefighter,2025-04-09,2025-04,2025-W15,Wed,1,9,3.93,CBD_Raffles,CBD / Raffles Place,5,55.95,14.24,SGD
drv_mei_sg_11,Mei Lin Tan,firefighter,2025-04-09,2025-04,2025-W15,Wed,2,18,3.07,Jurong_East,Jurong East,4,43.74,14.25,SGD
drv_mei_sg_11,Mei Lin Tan,firefighter,2025-04-09,2025-04,2025-W15,Wed,3,21,4.31,CBD_Raffles,CBD / Raffles Place,5,61.36,14.24,SGD
drv_mei_sg_11,Mei Lin Tan,firefighter,2025-04-10,2025-04,2025-W15,Thu,1,7,3.7,Jurong_East,Jurong East,8,55.31,14.95,SGD
drv_mei_sg_11,Mei Lin Tan,firefighter,2025-04-10,2025-04,2025-W15,Thu,2,20,3.26,Jurong_East,Jurong East,7,48.66,14.93,SGD
drv_mei_sg_11,Mei Lin Tan,firefighter,2025-04-10,2025-04,2025-W15,Thu,3,0,3.85,CBD_Raffles,CBD / Raffles Place,8,57.48,14.93,SGD
drv_mei_sg_11,Mei Lin Tan,firefighter,2025-04-11,2025-04,2025-W15,Fri,1,8,3.55,Changi_Airport,Changi Airport,6,56.86,16.02,SGD
drv_mei_sg_11,Mei Lin Tan,firefighter,2025-04-11,2025-04,2025-W15,Fri,2,19,3.34,Woodlands,Woodlands,5,53.47,16.01,SGD
drv_mei_sg_11,Mei Lin Tan,firefighter,2025-04-11,2025-04,2025-W15,Fri,3,0,3.51,Jurong_East,Jurong East,6,56.13,15.99,SGD
drv_mei_sg_11,Mei Lin Tan,firefighter,2025-04-13,2025-04,2025-W15,Sun,1,9,3.41,Changi_Airport,Changi Airport,3,60.89,17.86,SGD
drv_mei_sg_11,Mei Lin Tan,firefighter,2025-04-13,2025-04,2025-W15,Sun,2,19,2.97,Changi_Airport,Changi Airport,3,53.07,17.87,SGD
drv_mei_sg_11,Mei Lin Tan,firefighter,2025-04-13,2025-04,2025-W15,Sun,3,0,2.83,Jurong_East,Jurong East,2,50.54,17.86,SGD
drv_mei_sg_11,Mei Lin Tan,firefighter,2025-04-14,2025-04,2025-W16,Mon,1,7,3.39,Jurong_East,Jurong East,5,47.55,14.03,SGD
drv_mei_sg_11,Mei Lin Tan,firefighter,2025-04-14,2025-04,2025-W16,Mon,2,20,3.03,Woodlands,Woodlands,4,42.38,13.99,SGD
drv_mei_sg_11,Mei Lin Tan,firefighter,2025-04-14,2025-04,2025-W16,Mon,3,0,3.38,Jurong_East,Jurong East,5,47.34,14.01,SGD
drv_mei_sg_11,Mei Lin Tan,firefighter,2025-04-15,2025-04,2025-W16,Tue,1,8,3.44,Changi_Airport,Changi Airport,3,58.41,16.98,SGD
drv_mei_sg_11,Mei Lin Tan,firefighter,2025-04-15,2025-04,2025-W16,Tue,2,18,3.45,Changi_Airport,Changi Airport,3,58.52,16.96,SGD
drv_mei_sg_11,Mei Lin Tan,firefighter,2025-04-15,2025-04,2025-W16,Tue,3,0,3.22,Changi_Airport,Changi Airport,3,54.61,16.96,SGD
drv_mei_sg_11,Mei Lin Tan,firefighter,2025-04-16,2025-04,2025-W16,Wed,1,7,3.17,CBD_Raffles,CBD / Raffles Place,4,70.98,22.39,SGD
drv_mei_sg_11,Mei Lin Tan,firefighter,2025-04-16,2025-04,2025-W16,Wed,2,22,3.83,Changi_Airport,Changi Airport,4,85.74,22.39,SGD
drv_mei_sg_11,Mei Lin Tan,firefighter,2025-04-17,2025-04,2025-W16,Thu,1,9,4.24,Changi_Airport,Changi Airport,5,51.26,12.09,SGD
drv_mei_sg_11,Mei Lin Tan,firefighter,2025-04-17,2025-04,2025-W16,Thu,2,17,3.36,Changi_Airport,Changi Airport,4,40.56,12.07,SGD
drv_mei_sg_11,Mei Lin Tan,firefighter,2025-04-18,2025-04,2025-W16,Fri,1,7,3.08,CBD_Raffles,CBD / Raffles Place,7,69.91,22.7,SGD
drv_mei_sg_11,Mei Lin Tan,firefighter,2025-04-18,2025-04,2025-W16,Fri,2,19,3.48,Jurong_East,Jurong East,8,78.88,22.67,SGD
drv_mei_sg_11,Mei Lin Tan,firefighter,2025-04-18,2025-04,2025-W16,Fri,3,23,2.54,Woodlands,Woodlands,6,57.65,22.7,SGD
drv_mei_sg_11,Mei Lin Tan,firefighter,2025-04-20,2025-04,2025-W16,Sun,1,9,3.83,Woodlands,Woodlands,7,73.72,19.25,SGD
drv_mei_sg_11,Mei Lin Tan,firefighter,2025-04-20,2025-04,2025-W16,Sun,2,19,2.7,CBD_Raffles,CBD / Raffles Place,5,51.93,19.23,SGD
drv_mei_sg_11,Mei Lin Tan,firefighter,2025-04-20,2025-04,2025-W16,Sun,3,0,2.67,Woodlands,Woodlands,5,51.37,19.24,SGD
drv_mei_sg_11,Mei Lin Tan,firefighter,2025-04-21,2025-04,2025-W17,Mon,1,7,3.07,Jurong_East,Jurong East,8,35.32,11.5,SGD
drv_mei_sg_11,Mei Lin Tan,firefighter,2025-04-21,2025-04,2025-W17,Mon,2,17,3.28,Jurong_East,Jurong East,8,37.73,11.5,SGD
drv_mei_sg_11,Mei Lin Tan,firefighter,2025-04-21,2025-04,2025-W17,Mon,3,21,3.46,Woodlands,Woodlands,8,39.85,11.52,SGD
drv_mei_sg_11,Mei Lin Tan,firefighter,2025-04-22,2025-04,2025-W17,Tue,1,7,3.74,CBD_Raffles,CBD / Raffles Place,10,102.48,27.4,SGD
drv_mei_sg_11,Mei Lin Tan,firefighter,2025-04-22,2025-04,2025-W17,Tue,2,18,2.86,Woodlands,Woodlands,7,78.42,27.42,SGD
drv_mei_sg_11,Mei Lin Tan,firefighter,2025-04-23,2025-04,2025-W17,Wed,1,8,2.8,CBD_Raffles,CBD / Raffles Place,6,49.59,17.71,SGD
drv_mei_sg_11,Mei Lin Tan,firefighter,2025-04-23,2025-04,2025-W17,Wed,2,17,3.12,CBD_Raffles,CBD / Raffles Place,7,55.26,17.71,SGD
drv_mei_sg_11,Mei Lin Tan,firefighter,2025-04-23,2025-04,2025-W17,Wed,3,0,3.19,Woodlands,Woodlands,7,56.58,17.74,SGD
drv_mei_sg_11,Mei Lin Tan,firefighter,2025-04-24,2025-04,2025-W17,Thu,1,7,2.93,Woodlands,Woodlands,3,48.36,16.51,SGD
drv_mei_sg_11,Mei Lin Tan,firefighter,2025-04-24,2025-04,2025-W17,Thu,2,17,3.39,Woodlands,Woodlands,3,55.98,16.51,SGD
drv_mei_sg_11,Mei Lin Tan,firefighter,2025-04-24,2025-04,2025-W17,Thu,3,22,3.38,CBD_Raffles,CBD / Raffles Place,3,55.81,16.51,SGD
drv_mei_sg_11,Mei Lin Tan,firefighter,2025-04-25,2025-04,2025-W17,Fri,1,8,3.02,CBD_Raffles,CBD / Raffles Place,6,96.1,31.82,SGD
drv_mei_sg_11,Mei Lin Tan,firefighter,2025-04-25,2025-04,2025-W17,Fri,2,19,3.18,CBD_Raffles,CBD / Raffles Place,6,101.0,31.76,SGD
drv_mei_sg_11,Mei Lin Tan,firefighter,2025-04-27,2025-04,2025-W17,Sun,1,7,3.88,CBD_Raffles,CBD / Raffles Place,7,92.15,23.75,SGD
drv_mei_sg_11,Mei Lin Tan,firefighter,2025-04-27,2025-04,2025-W17,Sun,2,22,3.42,Woodlands,Woodlands,6,81.31,23.77,SGD
drv_mei_sg_11,Mei Lin Tan,firefighter,2025-04-28,2025-04,2025-W18,Mon,1,7,3.04,Jurong_East,Jurong East,5,39.5,12.99,SGD
drv_mei_sg_11,Mei Lin Tan,firefighter,2025-04-28,2025-04,2025-W18,Mon,2,18,3.91,CBD_Raffles,CBD / Raffles Place,7,50.91,13.02,SGD
drv_mei_sg_11,Mei Lin Tan,firefighter,2025-04-28,2025-04,2025-W18,Mon,3,23,3.25,Changi_Airport,Changi Airport,5,42.31,13.02,SGD
drv_mei_sg_11,Mei Lin Tan,firefighter,2025-04-29,2025-04,2025-W18,Tue,1,9,2.85,CBD_Raffles,CBD / Raffles Place,5,44.8,15.72,SGD
drv_mei_sg_11,Mei Lin Tan,firefighter,2025-04-29,2025-04,2025-W18,Tue,2,19,3.59,Woodlands,Woodlands,7,56.39,15.71,SGD
drv_mei_sg_11,Mei Lin Tan,firefighter,2025-04-29,2025-04,2025-W18,Tue,3,0,3.56,CBD_Raffles,CBD / Raffles Place,7,55.9,15.7,SGD
drv_mei_sg_11,Mei Lin Tan,firefighter,2025-04-30,2025-04,2025-W18,Wed,1,8,3.61,Woodlands,Woodlands,7,90.1,24.96,SGD
drv_mei_sg_11,Mei Lin Tan,firefighter,2025-04-30,2025-04,2025-W18,Wed,2,19,3.99,CBD_Raffles,CBD / Raffles Place,8,99.54,24.95,SGD
drv_mei_sg_11,Mei Lin Tan,firefighter,2025-05-01,2025-05,2025-W18,Thu,1,9,3.83,CBD_Raffles,CBD / Raffles Place,7,57.47,15.01,SGD
drv_mei_sg_11,Mei Lin Tan,firefighter,2025-05-01,2025-05,2025-W18,Thu,2,18,3.41,Jurong_East,Jurong East,6,51.16,15.0,SGD
drv_mei_sg_11,Mei Lin Tan,firefighter,2025-05-01,2025-05,2025-W18,Thu,3,23,3.86,Changi_Airport,Changi Airport,7,58.0,15.03,SGD
drv_mei_sg_11,Mei Lin Tan,firefighter,2025-05-02,2025-05,2025-W18,Fri,1,9,3.69,Woodlands,Woodlands,6,59.62,16.16,SGD
drv_mei_sg_11,Mei Lin Tan,firefighter,2025-05-02,2025-05,2025-W18,Fri,2,20,2.84,CBD_Raffles,CBD / Raffles Place,4,45.79,16.12,SGD
drv_mei_sg_11,Mei Lin Tan,firefighter,2025-05-02,2025-05,2025-W18,Fri,3,22,4.17,Jurong_East,Jurong East,6,67.26,16.13,SGD
drv_mei_sg_11,Mei Lin Tan,firefighter,2025-05-04,2025-05,2025-W18,Sun,1,9,2.72,CBD_Raffles,CBD / Raffles Place,5,68.93,25.34,SGD
drv_mei_sg_11,Mei Lin Tan,firefighter,2025-05-04,2025-05,2025-W18,Sun,2,19,2.93,Woodlands,Woodlands,5,74.18,25.32,SGD
drv_mei_sg_11,Mei Lin Tan,firefighter,2025-05-04,2025-05,2025-W18,Sun,3,21,2.45,Woodlands,Woodlands,4,61.9,25.27,SGD
drv_mei_sg_11,Mei Lin Tan,firefighter,2025-05-05,2025-05,2025-W19,Mon,1,7,3.67,Woodlands,Woodlands,6,60.08,16.37,SGD
drv_mei_sg_11,Mei Lin Tan,firefighter,2025-05-05,2025-05,2025-W19,Mon,2,18,3.28,Changi_Airport,Changi Airport,5,53.76,16.39,SGD
drv_mei_sg_11,Mei Lin Tan,firefighter,2025-05-05,2025-05,2025-W19,Mon,3,22,3.04,Woodlands,Woodlands,5,49.83,16.39,SGD
drv_mei_sg_11,Mei Lin Tan,firefighter,2025-05-06,2025-05,2025-W19,Tue,1,9,4.42,Changi_Airport,Changi Airport,3,52.31,11.83,SGD
drv_mei_sg_11,Mei Lin Tan,firefighter,2025-05-06,2025-05,2025-W19,Tue,2,20,3.18,Jurong_East,Jurong East,2,37.61,11.83,SGD
drv_mei_sg_11,Mei Lin Tan,firefighter,2025-05-06,2025-05,2025-W19,Tue,3,0,4.4,CBD_Raffles,CBD / Raffles Place,3,52.06,11.83,SGD
drv_mei_sg_11,Mei Lin Tan,firefighter,2025-05-07,2025-05,2025-W19,Wed,1,7,3.89,Woodlands,Woodlands,6,47.81,12.29,SGD
drv_mei_sg_11,Mei Lin Tan,firefighter,2025-05-07,2025-05,2025-W19,Wed,2,17,3.91,Jurong_East,Jurong East,7,48.04,12.29,SGD
drv_mei_sg_11,Mei Lin Tan,firefighter,2025-05-07,2025-05,2025-W19,Wed,3,21,3.61,CBD_Raffles,CBD / Raffles Place,6,44.33,12.28,SGD
drv_mei_sg_11,Mei Lin Tan,firefighter,2025-05-08,2025-05,2025-W19,Thu,1,9,3.45,Jurong_East,Jurong East,6,46.76,13.55,SGD
drv_mei_sg_11,Mei Lin Tan,firefighter,2025-05-08,2025-05,2025-W19,Thu,2,0,2.95,Jurong_East,Jurong East,6,39.98,13.55,SGD
drv_mei_sg_11,Mei Lin Tan,firefighter,2025-05-09,2025-05,2025-W19,Fri,1,8,3.86,CBD_Raffles,CBD / Raffles Place,6,38.64,10.01,SGD
drv_mei_sg_11,Mei Lin Tan,firefighter,2025-05-09,2025-05,2025-W19,Fri,2,20,3.63,CBD_Raffles,CBD / Raffles Place,6,36.33,10.01,SGD
drv_mei_sg_11,Mei Lin Tan,firefighter,2025-05-09,2025-05,2025-W19,Fri,3,23,4.21,Jurong_East,Jurong East,6,42.2,10.02,SGD
drv_mei_sg_11,Mei Lin Tan,firefighter,2025-05-11,2025-05,2025-W19,Sun,1,8,3.43,Jurong_East,Jurong East,10,65.09,18.98,SGD
drv_mei_sg_11,Mei Lin Tan,firefighter,2025-05-11,2025-05,2025-W19,Sun,2,0,4.47,CBD_Raffles,CBD / Raffles Place,13,84.72,18.95,SGD
drv_mei_sg_11,Mei Lin Tan,firefighter,2025-05-12,2025-05,2025-W20,Mon,1,8,3.53,CBD_Raffles,CBD / Raffles Place,5,57.8,16.37,SGD
drv_mei_sg_11,Mei Lin Tan,firefighter,2025-05-12,2025-05,2025-W20,Mon,2,18,3.25,CBD_Raffles,CBD / Raffles Place,5,53.17,16.36,SGD
drv_mei_sg_11,Mei Lin Tan,firefighter,2025-05-12,2025-05,2025-W20,Mon,3,21,3.22,Woodlands,Woodlands,5,52.71,16.37,SGD
drv_mei_sg_11,Mei Lin Tan,firefighter,2025-05-13,2025-05,2025-W20,Tue,1,7,4.21,CBD_Raffles,CBD / Raffles Place,5,61.1,14.51,SGD
drv_mei_sg_11,Mei Lin Tan,firefighter,2025-05-13,2025-05,2025-W20,Tue,2,19,3.69,Jurong_East,Jurong East,4,53.56,14.51,SGD
drv_mei_sg_11,Mei Lin Tan,firefighter,2025-05-13,2025-05,2025-W20,Tue,3,21,3.21,CBD_Raffles,CBD / Raffles Place,3,46.56,14.5,SGD
drv_mei_sg_11,Mei Lin Tan,firefighter,2025-05-14,2025-05,2025-W20,Wed,1,8,4.38,CBD_Raffles,CBD / Raffles Place,9,92.02,21.01,SGD
drv_mei_sg_11,Mei Lin Tan,firefighter,2025-05-14,2025-05,2025-W20,Wed,2,21,3.62,Changi_Airport,Changi Airport,8,76.16,21.04,SGD
drv_mei_sg_11,Mei Lin Tan,firefighter,2025-05-15,2025-05,2025-W20,Thu,1,8,4.04,Woodlands,Woodlands,9,87.65,21.7,SGD
drv_mei_sg_11,Mei Lin Tan,firefighter,2025-05-15,2025-05,2025-W20,Thu,2,19,2.96,Changi_Airport,Changi Airport,7,64.37,21.75,SGD
drv_mei_sg_11,Mei Lin Tan,firefighter,2025-05-16,2025-05,2025-W20,Fri,1,9,3.0,Changi_Airport,Changi Airport,4,82.76,27.59,SGD
drv_mei_sg_11,Mei Lin Tan,firefighter,2025-05-16,2025-05,2025-W20,Fri,2,20,2.53,CBD_Raffles,CBD / Raffles Place,4,69.89,27.62,SGD
drv_mei_sg_11,Mei Lin Tan,firefighter,2025-05-16,2025-05,2025-W20,Fri,3,21,2.86,CBD_Raffles,CBD / Raffles Place,4,78.98,27.62,SGD
drv_mei_sg_11,Mei Lin Tan,firefighter,2025-05-18,2025-05,2025-W20,Sun,1,7,2.96,CBD_Raffles,CBD / Raffles Place,8,77.61,26.22,SGD
drv_mei_sg_11,Mei Lin Tan,firefighter,2025-05-18,2025-05,2025-W20,Sun,2,20,3.14,Woodlands,Woodlands,9,82.08,26.14,SGD
drv_mei_sg_11,Mei Lin Tan,firefighter,2025-05-19,2025-05,2025-W21,Mon,1,20,3.25,Woodlands,Woodlands,7,75.71,23.3,SGD
drv_mei_sg_11,Mei Lin Tan,firefighter,2025-05-19,2025-05,2025-W21,Mon,2,23,3.95,Jurong_East,Jurong East,9,91.87,23.26,SGD
drv_mei_sg_11,Mei Lin Tan,firefighter,2025-05-20,2025-05,2025-W21,Tue,1,9,2.98,Changi_Airport,Changi Airport,5,44.86,15.05,SGD
drv_mei_sg_11,Mei Lin Tan,firefighter,2025-05-20,2025-05,2025-W21,Tue,2,17,2.97,Jurong_East,Jurong East,5,44.8,15.08,SGD
drv_mei_sg_11,Mei Lin Tan,firefighter,2025-05-20,2025-05,2025-W21,Tue,3,0,3.25,Changi_Airport,Changi Airport,5,48.96,15.06,SGD
drv_mei_sg_11,Mei Lin Tan,firefighter,2025-05-21,2025-05,2025-W21,Wed,1,19,3.7,Changi_Airport,Changi Airport,9,78.46,21.21,SGD
drv_mei_sg_11,Mei Lin Tan,firefighter,2025-05-21,2025-05,2025-W21,Wed,2,23,3.5,Woodlands,Woodlands,8,74.42,21.26,SGD
drv_mei_sg_11,Mei Lin Tan,firefighter,2025-05-22,2025-05,2025-W21,Thu,1,7,4.11,Woodlands,Woodlands,8,104.92,25.53,SGD
drv_mei_sg_11,Mei Lin Tan,firefighter,2025-05-22,2025-05,2025-W21,Thu,2,0,2.99,Changi_Airport,Changi Airport,6,76.55,25.6,SGD
drv_mei_sg_11,Mei Lin Tan,firefighter,2025-05-23,2025-05,2025-W21,Fri,1,8,3.07,Jurong_East,Jurong East,4,28.67,9.34,SGD
drv_mei_sg_11,Mei Lin Tan,firefighter,2025-05-23,2025-05,2025-W21,Fri,2,19,3.24,Woodlands,Woodlands,4,30.32,9.36,SGD
drv_mei_sg_11,Mei Lin Tan,firefighter,2025-05-23,2025-05,2025-W21,Fri,3,22,4.09,Woodlands,Woodlands,5,38.22,9.34,SGD
drv_mei_sg_11,Mei Lin Tan,firefighter,2025-05-25,2025-05,2025-W21,Sun,1,8,2.95,Jurong_East,Jurong East,3,44.92,15.23,SGD
drv_mei_sg_11,Mei Lin Tan,firefighter,2025-05-25,2025-05,2025-W21,Sun,2,17,3.85,Jurong_East,Jurong East,4,58.58,15.22,SGD
drv_mei_sg_11,Mei Lin Tan,firefighter,2025-05-25,2025-05,2025-W21,Sun,3,21,3.0,Woodlands,Woodlands,3,45.77,15.26,SGD
drv_mei_sg_11,Mei Lin Tan,firefighter,2025-05-26,2025-05,2025-W22,Mon,1,8,2.91,Woodlands,Woodlands,6,40.52,13.92,SGD
drv_mei_sg_11,Mei Lin Tan,firefighter,2025-05-26,2025-05,2025-W22,Mon,2,20,3.96,CBD_Raffles,CBD / Raffles Place,8,55.06,13.9,SGD
drv_mei_sg_11,Mei Lin Tan,firefighter,2025-05-26,2025-05,2025-W22,Mon,3,23,3.93,Woodlands,Woodlands,8,54.63,13.9,SGD
drv_mei_sg_11,Mei Lin Tan,firefighter,2025-05-27,2025-05,2025-W22,Tue,1,8,3.34,CBD_Raffles,CBD / Raffles Place,4,46.58,13.95,SGD
drv_mei_sg_11,Mei Lin Tan,firefighter,2025-05-27,2025-05,2025-W22,Tue,2,19,4.33,Jurong_East,Jurong East,6,60.41,13.95,SGD
drv_mei_sg_11,Mei Lin Tan,firefighter,2025-05-27,2025-05,2025-W22,Tue,3,0,3.33,Jurong_East,Jurong East,4,46.36,13.92,SGD
drv_mei_sg_11,Mei Lin Tan,firefighter,2025-05-28,2025-05,2025-W22,Wed,1,7,3.08,Jurong_East,Jurong East,7,56.2,18.25,SGD
drv_mei_sg_11,Mei Lin Tan,firefighter,2025-05-28,2025-05,2025-W22,Wed,2,18,3.02,Jurong_East,Jurong East,7,54.97,18.2,SGD
drv_mei_sg_11,Mei Lin Tan,firefighter,2025-05-28,2025-05,2025-W22,Wed,3,22,3.9,CBD_Raffles,CBD / Raffles Place,9,71.14,18.24,SGD
drv_mei_sg_11,Mei Lin Tan,firefighter,2025-05-29,2025-05,2025-W22,Thu,1,8,2.7,Jurong_East,Jurong East,7,56.15,20.8,SGD
drv_mei_sg_11,Mei Lin Tan,firefighter,2025-05-29,2025-05,2025-W22,Thu,2,20,3.3,Jurong_East,Jurong East,8,68.64,20.8,SGD
drv_mei_sg_11,Mei Lin Tan,firefighter,2025-05-29,2025-05,2025-W22,Thu,3,23,2.99,Changi_Airport,Changi Airport,7,62.2,20.8,SGD
drv_mei_sg_11,Mei Lin Tan,firefighter,2025-05-30,2025-05,2025-W22,Fri,1,8,3.49,Changi_Airport,Changi Airport,5,57.22,16.4,SGD
drv_mei_sg_11,Mei Lin Tan,firefighter,2025-05-30,2025-05,2025-W22,Fri,2,18,3.88,Jurong_East,Jurong East,5,63.58,16.39,SGD
drv_mei_sg_11,Mei Lin Tan,firefighter,2025-05-30,2025-05,2025-W22,Fri,3,0,3.13,Woodlands,Woodlands,4,51.38,16.42,SGD
drv_mei_sg_11,Mei Lin Tan,firefighter,2025-06-01,2025-06,2025-W22,Sun,1,7,3.67,Jurong_East,Jurong East,8,66.22,18.04,SGD
drv_mei_sg_11,Mei Lin Tan,firefighter,2025-06-01,2025-06,2025-W22,Sun,2,20,2.87,CBD_Raffles,CBD / Raffles Place,6,51.88,18.08,SGD
drv_mei_sg_11,Mei Lin Tan,firefighter,2025-06-01,2025-06,2025-W22,Sun,3,21,3.66,Jurong_East,Jurong East,8,66.0,18.03,SGD
drv_mei_sg_11,Mei Lin Tan,firefighter,2025-06-02,2025-06,2025-W23,Mon,1,8,3.08,CBD_Raffles,CBD / Raffles Place,8,53.92,17.51,SGD
drv_mei_sg_11,Mei Lin Tan,firefighter,2025-06-02,2025-06,2025-W23,Mon,2,17,2.44,Changi_Airport,Changi Airport,6,42.71,17.5,SGD
drv_mei_sg_11,Mei Lin Tan,firefighter,2025-06-02,2025-06,2025-W23,Mon,3,0,2.69,Changi_Airport,Changi Airport,7,47.11,17.51,SGD
drv_mei_sg_11,Mei Lin Tan,firefighter,2025-06-03,2025-06,2025-W23,Tue,1,9,3.14,Changi_Airport,Changi Airport,7,79.61,25.35,SGD
drv_mei_sg_11,Mei Lin Tan,firefighter,2025-06-03,2025-06,2025-W23,Tue,2,21,3.66,CBD_Raffles,CBD / Raffles Place,8,92.76,25.34,SGD
drv_mei_sg_11,Mei Lin Tan,firefighter,2025-06-04,2025-06,2025-W23,Wed,1,8,2.7,CBD_Raffles,CBD / Raffles Place,4,61.96,22.95,SGD
drv_mei_sg_11,Mei Lin Tan,firefighter,2025-06-04,2025-06,2025-W23,Wed,2,18,2.95,Changi_Airport,Changi Airport,5,67.54,22.89,SGD
drv_mei_sg_11,Mei Lin Tan,firefighter,2025-06-04,2025-06,2025-W23,Wed,3,22,3.15,CBD_Raffles,CBD / Raffles Place,5,72.32,22.96,SGD
drv_mei_sg_11,Mei Lin Tan,firefighter,2025-06-05,2025-06,2025-W23,Thu,1,7,3.24,Jurong_East,Jurong East,6,31.71,9.79,SGD
drv_mei_sg_11,Mei Lin Tan,firefighter,2025-06-05,2025-06,2025-W23,Thu,2,18,3.86,Woodlands,Woodlands,7,37.78,9.79,SGD
drv_mei_sg_11,Mei Lin Tan,firefighter,2025-06-06,2025-06,2025-W23,Fri,1,18,3.19,Woodlands,Woodlands,9,51.35,16.1,SGD
drv_mei_sg_11,Mei Lin Tan,firefighter,2025-06-06,2025-06,2025-W23,Fri,2,23,3.21,Woodlands,Woodlands,10,51.67,16.1,SGD
drv_mei_sg_11,Mei Lin Tan,firefighter,2025-06-08,2025-06,2025-W23,Sun,1,9,3.18,Changi_Airport,Changi Airport,8,74.95,23.57,SGD
drv_mei_sg_11,Mei Lin Tan,firefighter,2025-06-08,2025-06,2025-W23,Sun,2,20,3.55,Changi_Airport,Changi Airport,9,83.75,23.59,SGD
drv_mei_sg_11,Mei Lin Tan,firefighter,2025-06-08,2025-06,2025-W23,Sun,3,0,2.67,Changi_Airport,Changi Airport,7,63.08,23.63,SGD
drv_mei_sg_11,Mei Lin Tan,firefighter,2025-06-09,2025-06,2025-W24,Mon,1,9,2.32,Changi_Airport,Changi Airport,6,46.23,19.93,SGD
drv_mei_sg_11,Mei Lin Tan,firefighter,2025-06-09,2025-06,2025-W24,Mon,2,17,3.15,Woodlands,Woodlands,9,62.8,19.94,SGD
drv_mei_sg_11,Mei Lin Tan,firefighter,2025-06-09,2025-06,2025-W24,Mon,3,21,2.83,CBD_Raffles,CBD / Raffles Place,8,56.35,19.91,SGD
drv_mei_sg_11,Mei Lin Tan,firefighter,2025-06-10,2025-06,2025-W24,Tue,1,9,2.88,CBD_Raffles,CBD / Raffles Place,3,58.68,20.38,SGD
drv_mei_sg_11,Mei Lin Tan,firefighter,2025-06-10,2025-06,2025-W24,Tue,2,18,2.88,Woodlands,Woodlands,3,58.65,20.36,SGD
drv_mei_sg_11,Mei Lin Tan,firefighter,2025-06-10,2025-06,2025-W24,Tue,3,23,2.55,CBD_Raffles,CBD / Raffles Place,3,51.95,20.37,SGD
drv_mei_sg_11,Mei Lin Tan,firefighter,2025-06-11,2025-06,2025-W24,Wed,1,9,2.99,CBD_Raffles,CBD / Raffles Place,5,28.94,9.68,SGD
drv_mei_sg_11,Mei Lin Tan,firefighter,2025-06-11,2025-06,2025-W24,Wed,2,18,4.25,Woodlands,Woodlands,8,41.23,9.7,SGD
drv_mei_sg_11,Mei Lin Tan,firefighter,2025-06-11,2025-06,2025-W24,Wed,3,21,2.96,Woodlands,Woodlands,5,28.69,9.69,SGD
drv_mei_sg_11,Mei Lin Tan,firefighter,2025-06-12,2025-06,2025-W24,Thu,1,7,3.36,Jurong_East,Jurong East,6,51.24,15.25,SGD
drv_mei_sg_11,Mei Lin Tan,firefighter,2025-06-12,2025-06,2025-W24,Thu,2,18,3.08,Woodlands,Woodlands,5,46.84,15.21,SGD
drv_mei_sg_11,Mei Lin Tan,firefighter,2025-06-12,2025-06,2025-W24,Thu,3,21,2.96,CBD_Raffles,CBD / Raffles Place,5,45.1,15.24,SGD
drv_mei_sg_11,Mei Lin Tan,firefighter,2025-06-13,2025-06,2025-W24,Fri,1,8,2.4,Jurong_East,Jurong East,5,31.71,13.21,SGD
drv_mei_sg_11,Mei Lin Tan,firefighter,2025-06-13,2025-06,2025-W24,Fri,2,20,3.03,CBD_Raffles,CBD / Raffles Place,6,40.05,13.22,SGD
drv_mei_sg_11,Mei Lin Tan,firefighter,2025-06-13,2025-06,2025-W24,Fri,3,23,2.97,Woodlands,Woodlands,6,39.3,13.23,SGD
drv_mei_sg_11,Mei Lin Tan,firefighter,2025-06-15,2025-06,2025-W24,Sun,1,19,2.93,Changi_Airport,Changi Airport,5,104.47,35.66,SGD
drv_mei_sg_11,Mei Lin Tan,firefighter,2025-06-15,2025-06,2025-W24,Sun,2,21,3.57,Woodlands,Woodlands,5,126.94,35.56,SGD
drv_mei_sg_11,Mei Lin Tan,firefighter,2025-06-16,2025-06,2025-W25,Mon,1,9,3.96,Woodlands,Woodlands,8,53.38,13.48,SGD
drv_mei_sg_11,Mei Lin Tan,firefighter,2025-06-16,2025-06,2025-W25,Mon,2,19,4.28,Woodlands,Woodlands,9,57.78,13.5,SGD
drv_mei_sg_11,Mei Lin Tan,firefighter,2025-06-16,2025-06,2025-W25,Mon,3,22,3.16,CBD_Raffles,CBD / Raffles Place,6,42.68,13.51,SGD
drv_mei_sg_11,Mei Lin Tan,firefighter,2025-06-17,2025-06,2025-W25,Tue,1,18,3.96,Changi_Airport,Changi Airport,11,51.89,13.1,SGD
drv_mei_sg_11,Mei Lin Tan,firefighter,2025-06-17,2025-06,2025-W25,Tue,2,23,3.44,Changi_Airport,Changi Airport,10,45.07,13.1,SGD
drv_mei_sg_11,Mei Lin Tan,firefighter,2025-06-18,2025-06,2025-W25,Wed,1,20,3.73,Jurong_East,Jurong East,8,99.54,26.69,SGD
drv_mei_sg_11,Mei Lin Tan,firefighter,2025-06-18,2025-06,2025-W25,Wed,2,23,3.47,CBD_Raffles,CBD / Raffles Place,8,92.37,26.62,SGD
drv_mei_sg_11,Mei Lin Tan,firefighter,2025-06-19,2025-06,2025-W25,Thu,1,9,3.55,CBD_Raffles,CBD / Raffles Place,4,67.91,19.13,SGD
drv_mei_sg_11,Mei Lin Tan,firefighter,2025-06-19,2025-06,2025-W25,Thu,2,20,3.32,Changi_Airport,Changi Airport,4,63.51,19.13,SGD
drv_mei_sg_11,Mei Lin Tan,firefighter,2025-06-19,2025-06,2025-W25,Thu,3,22,3.13,Woodlands,Woodlands,3,59.86,19.12,SGD
drv_mei_sg_11,Mei Lin Tan,firefighter,2025-06-20,2025-06,2025-W25,Fri,1,7,3.88,CBD_Raffles,CBD / Raffles Place,10,120.53,31.06,SGD
drv_mei_sg_11,Mei Lin Tan,firefighter,2025-06-20,2025-06,2025-W25,Fri,2,22,3.62,Changi_Airport,Changi Airport,9,112.24,31.01,SGD
drv_mei_sg_11,Mei Lin Tan,firefighter,2025-06-22,2025-06,2025-W25,Sun,1,7,3.62,Changi_Airport,Changi Airport,3,32.67,9.02,SGD
drv_mei_sg_11,Mei Lin Tan,firefighter,2025-06-22,2025-06,2025-W25,Sun,2,18,3.92,CBD_Raffles,CBD / Raffles Place,4,35.3,9.01,SGD
drv_mei_sg_11,Mei Lin Tan,firefighter,2025-06-22,2025-06,2025-W25,Sun,3,22,3.46,Jurong_East,Jurong East,3,31.21,9.02,SGD
drv_mei_sg_11,Mei Lin Tan,firefighter,2025-06-23,2025-06,2025-W26,Mon,1,9,3.3,Changi_Airport,Changi Airport,8,57.27,17.35,SGD
drv_mei_sg_11,Mei Lin Tan,firefighter,2025-06-23,2025-06,2025-W26,Mon,2,19,3.23,Jurong_East,Jurong East,8,56.01,17.34,SGD
drv_mei_sg_11,Mei Lin Tan,firefighter,2025-06-23,2025-06,2025-W26,Mon,3,0,2.96,Changi_Airport,Changi Airport,7,51.39,17.36,SGD
drv_mei_sg_11,Mei Lin Tan,firefighter,2025-06-24,2025-06,2025-W26,Tue,1,8,3.51,CBD_Raffles,CBD / Raffles Place,5,58.56,16.68,SGD
drv_mei_sg_11,Mei Lin Tan,firefighter,2025-06-24,2025-06,2025-W26,Tue,2,20,2.9,Changi_Airport,Changi Airport,4,48.39,16.69,SGD
drv_mei_sg_11,Mei Lin Tan,firefighter,2025-06-24,2025-06,2025-W26,Tue,3,22,3.38,Woodlands,Woodlands,5,56.43,16.7,SGD
drv_mei_sg_11,Mei Lin Tan,firefighter,2025-06-25,2025-06,2025-W26,Wed,1,7,3.94,Woodlands,Woodlands,4,79.6,20.2,SGD
drv_mei_sg_11,Mei Lin Tan,firefighter,2025-06-25,2025-06,2025-W26,Wed,2,21,3.56,Jurong_East,Jurong East,4,72.09,20.25,SGD
drv_mei_sg_11,Mei Lin Tan,firefighter,2025-06-26,2025-06,2025-W26,Thu,1,20,3.34,CBD_Raffles,CBD / Raffles Place,5,102.36,30.65,SGD
drv_mei_sg_11,Mei Lin Tan,firefighter,2025-06-26,2025-06,2025-W26,Thu,2,22,2.96,Jurong_East,Jurong East,4,90.6,30.61,SGD
drv_mei_sg_11,Mei Lin Tan,firefighter,2025-06-27,2025-06,2025-W26,Fri,1,9,3.94,Changi_Airport,Changi Airport,4,62.99,15.99,SGD
drv_mei_sg_11,Mei Lin Tan,firefighter,2025-06-27,2025-06,2025-W26,Fri,2,19,3.96,Changi_Airport,Changi Airport,4,63.29,15.98,SGD
drv_mei_sg_11,Mei Lin Tan,firefighter,2025-06-27,2025-06,2025-W26,Fri,3,21,3.39,Woodlands,Woodlands,3,54.2,15.99,SGD
drv_mei_sg_11,Mei Lin Tan,firefighter,2025-06-29,2025-06,2025-W26,Sun,1,8,3.8,Changi_Airport,Changi Airport,7,60.2,15.84,SGD
drv_mei_sg_11,Mei Lin Tan,firefighter,2025-06-29,2025-06,2025-W26,Sun,2,20,2.67,CBD_Raffles,CBD / Raffles Place,5,42.23,15.82,SGD
drv_mei_sg_11,Mei Lin Tan,firefighter,2025-06-29,2025-06,2025-W26,Sun,3,23,3.33,Changi_Airport,Changi Airport,6,52.64,15.81,SGD
drv_mei_sg_11,Mei Lin Tan,firefighter,2025-06-30,2025-06,2025-W27,Mon,1,7,3.33,Jurong_East,Jurong East,6,53.6,16.1,SGD
drv_mei_sg_11,Mei Lin Tan,firefighter,2025-06-30,2025-06,2025-W27,Mon,2,18,3.42,Changi_Airport,Changi Airport,6,54.97,16.07,SGD
drv_mei_sg_11,Mei Lin Tan,firefighter,2025-06-30,2025-06,2025-W27,Mon,3,22,3.75,CBD_Raffles,CBD / Raffles Place,7,60.28,16.07,SGD
drv_mei_sg_11,Mei Lin Tan,firefighter,2025-07-01,2025-07,2025-W27,Tue,1,9,3.73,Changi_Airport,Changi Airport,7,62.64,16.79,SGD
drv_mei_sg_11,Mei Lin Tan,firefighter,2025-07-01,2025-07,2025-W27,Tue,2,18,3.37,CBD_Raffles,CBD / Raffles Place,7,56.57,16.79,SGD
drv_mei_sg_11,Mei Lin Tan,firefighter,2025-07-01,2025-07,2025-W27,Tue,3,21,4.4,CBD_Raffles,CBD / Raffles Place,9,73.97,16.81,SGD
drv_mei_sg_11,Mei Lin Tan,firefighter,2025-07-02,2025-07,2025-W27,Wed,1,17,4.01,CBD_Raffles,CBD / Raffles Place,6,98.41,24.54,SGD
drv_mei_sg_11,Mei Lin Tan,firefighter,2025-07-02,2025-07,2025-W27,Wed,2,21,3.99,Woodlands,Woodlands,5,97.91,24.54,SGD
drv_mei_sg_11,Mei Lin Tan,firefighter,2025-07-03,2025-07,2025-W27,Thu,1,9,2.98,Changi_Airport,Changi Airport,4,51.82,17.39,SGD
drv_mei_sg_11,Mei Lin Tan,firefighter,2025-07-03,2025-07,2025-W27,Thu,2,17,3.05,CBD_Raffles,CBD / Raffles Place,4,53.12,17.42,SGD
drv_mei_sg_11,Mei Lin Tan,firefighter,2025-07-03,2025-07,2025-W27,Thu,3,21,4.27,CBD_Raffles,CBD / Raffles Place,5,74.4,17.42,SGD
drv_mei_sg_11,Mei Lin Tan,firefighter,2025-07-04,2025-07,2025-W27,Fri,1,9,3.69,CBD_Raffles,CBD / Raffles Place,9,36.77,9.96,SGD
drv_mei_sg_11,Mei Lin Tan,firefighter,2025-07-04,2025-07,2025-W27,Fri,2,19,3.7,Woodlands,Woodlands,9,36.84,9.96,SGD
drv_mei_sg_11,Mei Lin Tan,firefighter,2025-07-04,2025-07,2025-W27,Fri,3,0,3.02,CBD_Raffles,CBD / Raffles Place,7,30.06,9.95,SGD
drv_mei_sg_11,Mei Lin Tan,firefighter,2025-07-06,2025-07,2025-W27,Sun,1,7,2.45,CBD_Raffles,CBD / Raffles Place,3,57.96,23.66,SGD
drv_mei_sg_11,Mei Lin Tan,firefighter,2025-07-06,2025-07,2025-W27,Sun,2,20,3.17,CBD_Raffles,CBD / Raffles Place,4,75.18,23.72,SGD
drv_mei_sg_11,Mei Lin Tan,firefighter,2025-07-06,2025-07,2025-W27,Sun,3,23,2.98,Woodlands,Woodlands,4,70.67,23.71,SGD
drv_mei_sg_11,Mei Lin Tan,firefighter,2025-07-07,2025-07,2025-W28,Mon,1,7,3.52,Changi_Airport,Changi Airport,6,57.16,16.24,SGD
drv_mei_sg_11,Mei Lin Tan,firefighter,2025-07-07,2025-07,2025-W28,Mon,2,20,3.53,CBD_Raffles,CBD / Raffles Place,6,57.38,16.25,SGD
drv_mei_sg_11,Mei Lin Tan,firefighter,2025-07-07,2025-07,2025-W28,Mon,3,0,2.75,Jurong_East,Jurong East,5,44.73,16.27,SGD
drv_mei_sg_11,Mei Lin Tan,firefighter,2025-07-08,2025-07,2025-W28,Tue,1,8,3.18,CBD_Raffles,CBD / Raffles Place,9,50.32,15.82,SGD
drv_mei_sg_11,Mei Lin Tan,firefighter,2025-07-08,2025-07,2025-W28,Tue,2,19,2.62,Changi_Airport,Changi Airport,7,41.44,15.82,SGD
drv_mei_sg_11,Mei Lin Tan,firefighter,2025-07-08,2025-07,2025-W28,Tue,3,23,2.7,Changi_Airport,Changi Airport,8,42.72,15.82,SGD
drv_mei_sg_11,Mei Lin Tan,firefighter,2025-07-09,2025-07,2025-W28,Wed,1,8,3.7,Woodlands,Woodlands,7,101.1,27.32,SGD
drv_mei_sg_11,Mei Lin Tan,firefighter,2025-07-09,2025-07,2025-W28,Wed,2,19,3.1,Woodlands,Woodlands,5,84.95,27.4,SGD
drv_mei_sg_11,Mei Lin Tan,firefighter,2025-07-10,2025-07,2025-W28,Thu,1,9,3.2,CBD_Raffles,CBD / Raffles Place,4,72.87,22.77,SGD
drv_mei_sg_11,Mei Lin Tan,firefighter,2025-07-10,2025-07,2025-W28,Thu,2,18,3.29,Woodlands,Woodlands,4,74.95,22.78,SGD
drv_mei_sg_11,Mei Lin Tan,firefighter,2025-07-10,2025-07,2025-W28,Thu,3,22,3.0,Woodlands,Woodlands,3,68.31,22.77,SGD
drv_mei_sg_11,Mei Lin Tan,firefighter,2025-07-11,2025-07,2025-W28,Fri,1,9,2.9,Changi_Airport,Changi Airport,4,67.03,23.11,SGD
drv_mei_sg_11,Mei Lin Tan,firefighter,2025-07-11,2025-07,2025-W28,Fri,2,20,3.06,Changi_Airport,Changi Airport,4,70.68,23.1,SGD
drv_mei_sg_11,Mei Lin Tan,firefighter,2025-07-11,2025-07,2025-W28,Fri,3,21,3.74,Changi_Airport,Changi Airport,5,86.29,23.07,SGD
drv_mei_sg_11,Mei Lin Tan,firefighter,2025-07-13,2025-07,2025-W28,Sun,1,9,3.44,Changi_Airport,Changi Airport,7,56.1,16.31,SGD
drv_mei_sg_11,Mei Lin Tan,firefighter,2025-07-13,2025-07,2025-W28,Sun,2,18,3.54,Jurong_East,Jurong East,8,57.73,16.31,SGD
drv_mei_sg_11,Mei Lin Tan,firefighter,2025-07-13,2025-07,2025-W28,Sun,3,0,3.23,CBD_Raffles,CBD / Raffles Place,7,52.74,16.33,SGD
drv_mei_sg_11,Mei Lin Tan,firefighter,2025-07-14,2025-07,2025-W29,Mon,1,9,3.33,Woodlands,Woodlands,11,73.58,22.1,SGD
drv_mei_sg_11,Mei Lin Tan,firefighter,2025-07-14,2025-07,2025-W29,Mon,2,19,2.87,Jurong_East,Jurong East,10,63.48,22.12,SGD
drv_mei_sg_11,Mei Lin Tan,firefighter,2025-07-15,2025-07,2025-W29,Tue,1,7,3.87,Woodlands,Woodlands,5,67.41,17.42,SGD
drv_mei_sg_11,Mei Lin Tan,firefighter,2025-07-15,2025-07,2025-W29,Tue,2,17,4.13,Woodlands,Woodlands,5,71.82,17.39,SGD
drv_mei_sg_11,Mei Lin Tan,firefighter,2025-07-16,2025-07,2025-W29,Wed,1,8,4.21,Changi_Airport,Changi Airport,7,85.2,20.24,SGD
drv_mei_sg_11,Mei Lin Tan,firefighter,2025-07-16,2025-07,2025-W29,Wed,2,21,3.79,Jurong_East,Jurong East,7,76.61,20.21,SGD
drv_mei_sg_11,Mei Lin Tan,firefighter,2025-07-17,2025-07,2025-W29,Thu,1,7,4.34,Jurong_East,Jurong East,4,87.74,20.22,SGD
drv_mei_sg_11,Mei Lin Tan,firefighter,2025-07-17,2025-07,2025-W29,Thu,2,17,3.52,Jurong_East,Jurong East,3,71.21,20.23,SGD
drv_mei_sg_11,Mei Lin Tan,firefighter,2025-07-17,2025-07,2025-W29,Thu,3,0,3.24,CBD_Raffles,CBD / Raffles Place,3,65.65,20.26,SGD
drv_mei_sg_11,Mei Lin Tan,firefighter,2025-07-18,2025-07,2025-W29,Fri,1,7,3.3,Jurong_East,Jurong East,3,68.62,20.79,SGD
drv_mei_sg_11,Mei Lin Tan,firefighter,2025-07-18,2025-07,2025-W29,Fri,2,18,3.28,Woodlands,Woodlands,3,68.1,20.76,SGD
drv_mei_sg_11,Mei Lin Tan,firefighter,2025-07-18,2025-07,2025-W29,Fri,3,21,2.42,Woodlands,Woodlands,2,50.42,20.83,SGD
drv_mei_sg_11,Mei Lin Tan,firefighter,2025-07-20,2025-07,2025-W29,Sun,1,7,4.26,Changi_Airport,Changi Airport,4,69.39,16.29,SGD
drv_mei_sg_11,Mei Lin Tan,firefighter,2025-07-20,2025-07,2025-W29,Sun,2,20,3.24,Changi_Airport,Changi Airport,3,52.79,16.29,SGD
drv_mei_sg_11,Mei Lin Tan,firefighter,2025-07-20,2025-07,2025-W29,Sun,3,23,4.2,Changi_Airport,Changi Airport,4,68.32,16.27,SGD
drv_mei_sg_11,Mei Lin Tan,firefighter,2025-07-21,2025-07,2025-W30,Mon,1,8,2.42,Jurong_East,Jurong East,4,45.34,18.74,SGD
drv_mei_sg_11,Mei Lin Tan,firefighter,2025-07-21,2025-07,2025-W30,Mon,2,17,2.83,Changi_Airport,Changi Airport,5,53.01,18.73,SGD
drv_mei_sg_11,Mei Lin Tan,firefighter,2025-07-21,2025-07,2025-W30,Mon,3,23,2.86,CBD_Raffles,CBD / Raffles Place,5,53.59,18.74,SGD
drv_mei_sg_11,Mei Lin Tan,firefighter,2025-07-22,2025-07,2025-W30,Tue,1,8,2.96,Jurong_East,Jurong East,5,57.81,19.53,SGD
drv_mei_sg_11,Mei Lin Tan,firefighter,2025-07-22,2025-07,2025-W30,Tue,2,18,3.75,Jurong_East,Jurong East,6,73.25,19.53,SGD
drv_mei_sg_11,Mei Lin Tan,firefighter,2025-07-22,2025-07,2025-W30,Tue,3,0,3.6,Jurong_East,Jurong East,6,70.31,19.53,SGD
drv_mei_sg_11,Mei Lin Tan,firefighter,2025-07-23,2025-07,2025-W30,Wed,1,8,3.08,Jurong_East,Jurong East,6,57.96,18.82,SGD
drv_mei_sg_11,Mei Lin Tan,firefighter,2025-07-23,2025-07,2025-W30,Wed,2,18,3.55,Woodlands,Woodlands,7,66.79,18.81,SGD
drv_mei_sg_11,Mei Lin Tan,firefighter,2025-07-23,2025-07,2025-W30,Wed,3,22,3.17,CBD_Raffles,CBD / Raffles Place,6,59.58,18.79,SGD
drv_mei_sg_11,Mei Lin Tan,firefighter,2025-07-24,2025-07,2025-W30,Thu,1,8,2.76,Woodlands,Woodlands,3,20.73,7.51,SGD
drv_mei_sg_11,Mei Lin Tan,firefighter,2025-07-24,2025-07,2025-W30,Thu,2,20,3.72,Changi_Airport,Changi Airport,4,28.01,7.53,SGD
drv_mei_sg_11,Mei Lin Tan,firefighter,2025-07-24,2025-07,2025-W30,Thu,3,22,3.42,Woodlands,Woodlands,4,25.72,7.52,SGD
drv_mei_sg_11,Mei Lin Tan,firefighter,2025-07-25,2025-07,2025-W30,Fri,1,9,3.85,Woodlands,Woodlands,8,69.98,18.18,SGD
drv_mei_sg_11,Mei Lin Tan,firefighter,2025-07-25,2025-07,2025-W30,Fri,2,19,3.9,Jurong_East,Jurong East,8,70.99,18.2,SGD
drv_mei_sg_11,Mei Lin Tan,firefighter,2025-07-25,2025-07,2025-W30,Fri,3,0,3.85,CBD_Raffles,CBD / Raffles Place,8,70.09,18.21,SGD
drv_mei_sg_11,Mei Lin Tan,firefighter,2025-07-27,2025-07,2025-W30,Sun,1,7,3.04,Woodlands,Woodlands,4,56.81,18.69,SGD
drv_mei_sg_11,Mei Lin Tan,firefighter,2025-07-27,2025-07,2025-W30,Sun,2,19,3.86,Woodlands,Woodlands,5,72.25,18.72,SGD
drv_mei_sg_11,Mei Lin Tan,firefighter,2025-07-27,2025-07,2025-W30,Sun,3,21,3.7,Changi_Airport,Changi Airport,5,69.32,18.74,SGD
drv_mei_sg_11,Mei Lin Tan,firefighter,2025-07-28,2025-07,2025-W31,Mon,1,7,3.89,Woodlands,Woodlands,11,82.14,21.12,SGD
drv_mei_sg_11,Mei Lin Tan,firefighter,2025-07-28,2025-07,2025-W31,Mon,2,0,4.01,Jurong_East,Jurong East,12,84.84,21.16,SGD
drv_mei_sg_11,Mei Lin Tan,firefighter,2025-07-29,2025-07,2025-W31,Tue,1,7,4.21,Changi_Airport,Changi Airport,6,101.43,24.09,SGD
drv_mei_sg_11,Mei Lin Tan,firefighter,2025-07-29,2025-07,2025-W31,Tue,2,23,3.79,Changi_Airport,Changi Airport,6,91.26,24.08,SGD
drv_mei_sg_11,Mei Lin Tan,firefighter,2025-07-30,2025-07,2025-W31,Wed,1,8,3.84,Jurong_East,Jurong East,6,82.62,21.52,SGD
drv_mei_sg_11,Mei Lin Tan,firefighter,2025-07-30,2025-07,2025-W31,Wed,2,23,3.26,Woodlands,Woodlands,5,70.32,21.57,SGD
drv_mei_sg_11,Mei Lin Tan,firefighter,2025-07-31,2025-07,2025-W31,Thu,1,8,2.73,CBD_Raffles,CBD / Raffles Place,4,64.78,23.73,SGD
drv_mei_sg_11,Mei Lin Tan,firefighter,2025-07-31,2025-07,2025-W31,Thu,2,18,2.61,Jurong_East,Jurong East,4,61.97,23.74,SGD
drv_mei_sg_11,Mei Lin Tan,firefighter,2025-07-31,2025-07,2025-W31,Thu,3,23,2.86,Woodlands,Woodlands,4,68.06,23.8,SGD
drv_mei_sg_11,Mei Lin Tan,firefighter,2025-08-01,2025-08,2025-W31,Fri,1,7,3.51,Woodlands,Woodlands,8,49.69,14.16,SGD
drv_mei_sg_11,Mei Lin Tan,firefighter,2025-08-01,2025-08,2025-W31,Fri,2,20,2.79,CBD_Raffles,CBD / Raffles Place,7,39.47,14.15,SGD
drv_mei_sg_11,Mei Lin Tan,firefighter,2025-08-03,2025-08,2025-W31,Sun,1,7,3.23,CBD_Raffles,CBD / Raffles Place,8,58.81,18.21,SGD
drv_mei_sg_11,Mei Lin Tan,firefighter,2025-08-03,2025-08,2025-W31,Sun,2,18,2.93,Woodlands,Woodlands,7,53.38,18.22,SGD
drv_mei_sg_11,Mei Lin Tan,firefighter,2025-08-03,2025-08,2025-W31,Sun,3,0,2.94,CBD_Raffles,CBD / Raffles Place,7,53.47,18.19,SGD
drv_mei_sg_11,Mei Lin Tan,firefighter,2025-08-04,2025-08,2025-W32,Mon,1,9,2.73,Jurong_East,Jurong East,6,46.34,16.97,SGD
drv_mei_sg_11,Mei Lin Tan,firefighter,2025-08-04,2025-08,2025-W32,Mon,2,18,3.14,Jurong_East,Jurong East,7,53.38,17.0,SGD
drv_mei_sg_11,Mei Lin Tan,firefighter,2025-08-04,2025-08,2025-W32,Mon,3,21,2.83,CBD_Raffles,CBD / Raffles Place,6,47.96,16.95,SGD
drv_mei_sg_11,Mei Lin Tan,firefighter,2025-08-05,2025-08,2025-W32,Tue,1,7,3.36,Woodlands,Woodlands,7,57.69,17.17,SGD
drv_mei_sg_11,Mei Lin Tan,firefighter,2025-08-05,2025-08,2025-W32,Tue,2,17,2.56,Jurong_East,Jurong East,5,43.87,17.14,SGD
drv_mei_sg_11,Mei Lin Tan,firefighter,2025-08-05,2025-08,2025-W32,Tue,3,21,3.28,Changi_Airport,Changi Airport,7,56.19,17.13,SGD
drv_mei_sg_11,Mei Lin Tan,firefighter,2025-08-06,2025-08,2025-W32,Wed,1,7,3.61,Changi_Airport,Changi Airport,6,55.55,15.39,SGD
drv_mei_sg_11,Mei Lin Tan,firefighter,2025-08-06,2025-08,2025-W32,Wed,2,18,4.37,Changi_Airport,Changi Airport,8,67.23,15.38,SGD
drv_mei_sg_11,Mei Lin Tan,firefighter,2025-08-06,2025-08,2025-W32,Wed,3,22,3.62,Jurong_East,Jurong East,6,55.8,15.41,SGD
drv_mei_sg_11,Mei Lin Tan,firefighter,2025-08-07,2025-08,2025-W32,Thu,1,9,3.36,Woodlands,Woodlands,5,51.85,15.43,SGD
drv_mei_sg_11,Mei Lin Tan,firefighter,2025-08-07,2025-08,2025-W32,Thu,2,18,4.11,Woodlands,Woodlands,6,63.36,15.42,SGD
drv_mei_sg_11,Mei Lin Tan,firefighter,2025-08-07,2025-08,2025-W32,Thu,3,23,3.83,Jurong_East,Jurong East,6,59.12,15.44,SGD
drv_mei_sg_11,Mei Lin Tan,firefighter,2025-08-08,2025-08,2025-W32,Fri,1,8,3.14,Changi_Airport,Changi Airport,8,72.32,23.03,SGD
drv_mei_sg_11,Mei Lin Tan,firefighter,2025-08-08,2025-08,2025-W32,Fri,2,0,4.16,Jurong_East,Jurong East,10,95.94,23.06,SGD
drv_mei_sg_11,Mei Lin Tan,firefighter,2025-08-10,2025-08,2025-W32,Sun,1,9,3.55,CBD_Raffles,CBD / Raffles Place,7,63.38,17.85,SGD
drv_mei_sg_11,Mei Lin Tan,firefighter,2025-08-10,2025-08,2025-W32,Sun,2,18,3.73,CBD_Raffles,CBD / Raffles Place,7,66.68,17.88,SGD
drv_mei_sg_11,Mei Lin Tan,firefighter,2025-08-10,2025-08,2025-W32,Sun,3,0,4.12,CBD_Raffles,CBD / Raffles Place,8,73.63,17.87,SGD
drv_mei_sg_11,Mei Lin Tan,firefighter,2025-08-11,2025-08,2025-W33,Mon,1,7,3.94,Changi_Airport,Changi Airport,4,49.89,12.66,SGD
drv_mei_sg_11,Mei Lin Tan,firefighter,2025-08-11,2025-08,2025-W33,Mon,2,19,3.03,Woodlands,Woodlands,3,38.37,12.66,SGD
drv_mei_sg_11,Mei Lin Tan,firefighter,2025-08-11,2025-08,2025-W33,Mon,3,22,3.92,Changi_Airport,Changi Airport,4,49.62,12.66,SGD
drv_mei_sg_11,Mei Lin Tan,firefighter,2025-08-12,2025-08,2025-W33,Tue,1,7,2.96,CBD_Raffles,CBD / Raffles Place,4,48.11,16.25,SGD
drv_mei_sg_11,Mei Lin Tan,firefighter,2025-08-12,2025-08,2025-W33,Tue,2,20,2.69,CBD_Raffles,CBD / Raffles Place,4,43.67,16.23,SGD
drv_mei_sg_11,Mei Lin Tan,firefighter,2025-08-12,2025-08,2025-W33,Tue,3,22,2.75,Jurong_East,Jurong East,4,44.66,16.24,SGD
drv_mei_sg_11,Mei Lin Tan,firefighter,2025-08-13,2025-08,2025-W33,Wed,1,8,3.63,Woodlands,Woodlands,7,68.52,18.88,SGD
drv_mei_sg_11,Mei Lin Tan,firefighter,2025-08-13,2025-08,2025-W33,Wed,2,20,3.9,Changi_Airport,Changi Airport,8,73.6,18.87,SGD
drv_mei_sg_11,Mei Lin Tan,firefighter,2025-08-13,2025-08,2025-W33,Wed,3,23,3.37,CBD_Raffles,CBD / Raffles Place,7,63.68,18.9,SGD
drv_mei_sg_11,Mei Lin Tan,firefighter,2025-08-14,2025-08,2025-W33,Thu,1,9,3.7,Jurong_East,Jurong East,4,54.93,14.85,SGD
drv_mei_sg_11,Mei Lin Tan,firefighter,2025-08-14,2025-08,2025-W33,Thu,2,17,3.23,Changi_Airport,Changi Airport,3,47.98,14.85,SGD
drv_mei_sg_11,Mei Lin Tan,firefighter,2025-08-14,2025-08,2025-W33,Thu,3,21,2.97,Changi_Airport,Changi Airport,3,44.19,14.88,SGD
drv_mei_sg_11,Mei Lin Tan,firefighter,2025-08-15,2025-08,2025-W33,Fri,1,8,4.15,Jurong_East,Jurong East,7,38.91,9.38,SGD
drv_mei_sg_11,Mei Lin Tan,firefighter,2025-08-15,2025-08,2025-W33,Fri,2,20,3.87,Jurong_East,Jurong East,7,36.24,9.36,SGD
drv_mei_sg_11,Mei Lin Tan,firefighter,2025-08-15,2025-08,2025-W33,Fri,3,21,3.68,Jurong_East,Jurong East,7,34.52,9.38,SGD
drv_mei_sg_11,Mei Lin Tan,firefighter,2025-08-17,2025-08,2025-W33,Sun,1,8,2.93,CBD_Raffles,CBD / Raffles Place,3,50.13,17.11,SGD
drv_mei_sg_11,Mei Lin Tan,firefighter,2025-08-17,2025-08,2025-W33,Sun,2,17,3.18,Woodlands,Woodlands,4,54.42,17.11,SGD
drv_mei_sg_11,Mei Lin Tan,firefighter,2025-08-17,2025-08,2025-W33,Sun,3,22,2.89,Changi_Airport,Changi Airport,3,49.36,17.08,SGD
drv_mei_sg_11,Mei Lin Tan,firefighter,2025-08-18,2025-08,2025-W34,Mon,1,7,2.98,Jurong_East,Jurong East,7,47.93,16.08,SGD
drv_mei_sg_11,Mei Lin Tan,firefighter,2025-08-18,2025-08,2025-W34,Mon,2,18,2.82,CBD_Raffles,CBD / Raffles Place,7,45.46,16.12,SGD
drv_mei_sg_11,Mei Lin Tan,firefighter,2025-08-18,2025-08,2025-W34,Mon,3,0,3.8,Woodlands,Woodlands,9,61.21,16.11,SGD
drv_mei_sg_11,Mei Lin Tan,firefighter,2025-08-19,2025-08,2025-W34,Tue,1,7,3.34,CBD_Raffles,CBD / Raffles Place,6,73.55,22.02,SGD
drv_mei_sg_11,Mei Lin Tan,firefighter,2025-08-19,2025-08,2025-W34,Tue,2,0,3.16,CBD_Raffles,CBD / Raffles Place,5,69.72,22.06,SGD
drv_mei_sg_11,Mei Lin Tan,firefighter,2025-08-20,2025-08,2025-W34,Wed,1,8,4.01,CBD_Raffles,CBD / Raffles Place,6,61.89,15.43,SGD
drv_mei_sg_11,Mei Lin Tan,firefighter,2025-08-20,2025-08,2025-W34,Wed,2,19,3.51,Changi_Airport,Changi Airport,6,54.23,15.45,SGD
drv_mei_sg_11,Mei Lin Tan,firefighter,2025-08-20,2025-08,2025-W34,Wed,3,0,3.58,Changi_Airport,Changi Airport,6,55.35,15.46,SGD
drv_mei_sg_11,Mei Lin Tan,firefighter,2025-08-21,2025-08,2025-W34,Thu,1,8,4.04,Changi_Airport,Changi Airport,7,65.27,16.16,SGD
drv_mei_sg_11,Mei Lin Tan,firefighter,2025-08-21,2025-08,2025-W34,Thu,2,18,3.32,Jurong_East,Jurong East,5,53.54,16.13,SGD
drv_mei_sg_11,Mei Lin Tan,firefighter,2025-08-21,2025-08,2025-W34,Thu,3,23,3.74,Changi_Airport,Changi Airport,6,60.39,16.15,SGD
drv_mei_sg_11,Mei Lin Tan,firefighter,2025-08-22,2025-08,2025-W34,Fri,1,7,3.02,Changi_Airport,Changi Airport,4,93.47,30.95,SGD
drv_mei_sg_11,Mei Lin Tan,firefighter,2025-08-22,2025-08,2025-W34,Fri,2,20,3.38,Woodlands,Woodlands,4,104.58,30.94,SGD
drv_mei_sg_11,Mei Lin Tan,firefighter,2025-08-24,2025-08,2025-W34,Sun,1,9,4.84,CBD_Raffles,CBD / Raffles Place,8,67.64,13.98,SGD
drv_mei_sg_11,Mei Lin Tan,firefighter,2025-08-24,2025-08,2025-W34,Sun,2,20,3.58,Changi_Airport,Changi Airport,6,50.05,13.98,SGD
drv_mei_sg_11,Mei Lin Tan,firefighter,2025-08-24,2025-08,2025-W34,Sun,3,22,3.47,CBD_Raffles,CBD / Raffles Place,6,48.52,13.98,SGD
drv_mei_sg_11,Mei Lin Tan,firefighter,2025-08-25,2025-08,2025-W35,Mon,1,8,3.63,Woodlands,Woodlands,6,44.37,12.22,SGD
drv_mei_sg_11,Mei Lin Tan,firefighter,2025-08-25,2025-08,2025-W35,Mon,2,19,3.63,Woodlands,Woodlands,6,44.34,12.21,SGD
drv_mei_sg_11,Mei Lin Tan,firefighter,2025-08-25,2025-08,2025-W35,Mon,3,21,4.04,Jurong_East,Jurong East,6,49.38,12.22,SGD
drv_mei_sg_11,Mei Lin Tan,firefighter,2025-08-26,2025-08,2025-W35,Tue,1,7,3.74,CBD_Raffles,CBD / Raffles Place,3,63.72,17.04,SGD
drv_mei_sg_11,Mei Lin Tan,firefighter,2025-08-26,2025-08,2025-W35,Tue,2,20,3.69,Woodlands,Woodlands,3,62.8,17.02,SGD
drv_mei_sg_11,Mei Lin Tan,firefighter,2025-08-26,2025-08,2025-W35,Tue,3,21,3.67,CBD_Raffles,CBD / Raffles Place,3,62.52,17.04,SGD
drv_mei_sg_11,Mei Lin Tan,firefighter,2025-08-27,2025-08,2025-W35,Wed,1,8,3.2,CBD_Raffles,CBD / Raffles Place,4,55.42,17.32,SGD
drv_mei_sg_11,Mei Lin Tan,firefighter,2025-08-27,2025-08,2025-W35,Wed,2,17,3.02,CBD_Raffles,CBD / Raffles Place,4,52.28,17.31,SGD
drv_mei_sg_11,Mei Lin Tan,firefighter,2025-08-27,2025-08,2025-W35,Wed,3,0,4.08,CBD_Raffles,CBD / Raffles Place,5,70.65,17.32,SGD
drv_mei_sg_11,Mei Lin Tan,firefighter,2025-08-28,2025-08,2025-W35,Thu,1,9,3.91,Jurong_East,Jurong East,7,60.61,15.5,SGD
drv_mei_sg_11,Mei Lin Tan,firefighter,2025-08-28,2025-08,2025-W35,Thu,2,20,2.96,Woodlands,Woodlands,5,45.9,15.51,SGD
drv_mei_sg_11,Mei Lin Tan,firefighter,2025-08-28,2025-08,2025-W35,Thu,3,0,2.92,Jurong_East,Jurong East,5,45.28,15.51,SGD
drv_mei_sg_11,Mei Lin Tan,firefighter,2025-08-29,2025-08,2025-W35,Fri,1,7,3.94,Changi_Airport,Changi Airport,7,69.18,17.56,SGD
drv_mei_sg_11,Mei Lin Tan,firefighter,2025-08-29,2025-08,2025-W35,Fri,2,18,3.41,Jurong_East,Jurong East,6,59.83,17.55,SGD
drv_mei_sg_11,Mei Lin Tan,firefighter,2025-08-29,2025-08,2025-W35,Fri,3,21,3.05,Woodlands,Woodlands,5,53.54,17.55,SGD
drv_mei_sg_11,Mei Lin Tan,firefighter,2025-08-31,2025-08,2025-W35,Sun,1,7,3.12,CBD_Raffles,CBD / Raffles Place,11,98.5,31.57,SGD
drv_mei_sg_11,Mei Lin Tan,firefighter,2025-08-31,2025-08,2025-W35,Sun,2,21,2.98,Jurong_East,Jurong East,10,93.99,31.54,SGD
drv_mei_sg_11,Mei Lin Tan,firefighter,2025-09-01,2025-09,2025-W36,Mon,1,7,2.39,CBD_Raffles,CBD / Raffles Place,5,41.65,17.43,SGD
drv_mei_sg_11,Mei Lin Tan,firefighter,2025-09-01,2025-09,2025-W36,Mon,2,18,3.08,Woodlands,Woodlands,6,53.61,17.41,SGD
drv_mei_sg_11,Mei Lin Tan,firefighter,2025-09-01,2025-09,2025-W36,Mon,3,22,2.93,Jurong_East,Jurong East,6,51.04,17.42,SGD
drv_mei_sg_11,Mei Lin Tan,firefighter,2025-09-02,2025-09,2025-W36,Tue,1,19,4.12,Changi_Airport,Changi Airport,8,68.14,16.54,SGD
drv_mei_sg_11,Mei Lin Tan,firefighter,2025-09-02,2025-09,2025-W36,Tue,2,21,3.38,Woodlands,Woodlands,7,55.87,16.53,SGD
drv_mei_sg_11,Mei Lin Tan,firefighter,2025-09-03,2025-09,2025-W36,Wed,1,20,3.74,Woodlands,Woodlands,8,76.92,20.57,SGD
drv_mei_sg_11,Mei Lin Tan,firefighter,2025-09-03,2025-09,2025-W36,Wed,2,23,3.16,CBD_Raffles,CBD / Raffles Place,6,65.01,20.57,SGD
drv_mei_sg_11,Mei Lin Tan,firefighter,2025-09-04,2025-09,2025-W36,Thu,1,8,3.33,Changi_Airport,Changi Airport,3,62.55,18.78,SGD
drv_mei_sg_11,Mei Lin Tan,firefighter,2025-09-04,2025-09,2025-W36,Thu,2,19,2.71,Changi_Airport,Changi Airport,2,50.79,18.74,SGD
drv_mei_sg_11,Mei Lin Tan,firefighter,2025-09-04,2025-09,2025-W36,Thu,3,21,3.86,Woodlands,Woodlands,4,72.47,18.77,SGD
drv_mei_sg_11,Mei Lin Tan,firefighter,2025-09-05,2025-09,2025-W36,Fri,1,9,3.2,Jurong_East,Jurong East,4,55.58,17.37,SGD
drv_mei_sg_11,Mei Lin Tan,firefighter,2025-09-05,2025-09,2025-W36,Fri,2,18,4.07,Woodlands,Woodlands,5,70.66,17.36,SGD
drv_mei_sg_11,Mei Lin Tan,firefighter,2025-09-05,2025-09,2025-W36,Fri,3,0,3.82,Woodlands,Woodlands,4,66.29,17.35,SGD
drv_mei_sg_11,Mei Lin Tan,firefighter,2025-09-07,2025-09,2025-W36,Sun,1,19,3.27,Woodlands,Woodlands,12,111.39,34.06,SGD
drv_mei_sg_11,Mei Lin Tan,firefighter,2025-09-07,2025-09,2025-W36,Sun,2,23,3.03,CBD_Raffles,CBD / Raffles Place,11,103.4,34.13,SGD
drv_mei_sg_11,Mei Lin Tan,firefighter,2025-09-08,2025-09,2025-W37,Mon,1,8,3.25,Changi_Airport,Changi Airport,5,27.57,8.48,SGD
drv_mei_sg_11,Mei Lin Tan,firefighter,2025-09-08,2025-09,2025-W37,Mon,2,17,3.87,Woodlands,Woodlands,6,32.85,8.49,SGD
drv_mei_sg_11,Mei Lin Tan,firefighter,2025-09-08,2025-09,2025-W37,Mon,3,23,3.28,Jurong_East,Jurong East,5,27.82,8.48,SGD
drv_mei_sg_11,Mei Lin Tan,firefighter,2025-09-09,2025-09,2025-W37,Tue,1,18,3.25,CBD_Raffles,CBD / Raffles Place,6,67.98,20.92,SGD
drv_mei_sg_11,Mei Lin Tan,firefighter,2025-09-09,2025-09,2025-W37,Tue,2,21,2.75,CBD_Raffles,CBD / Raffles Place,5,57.64,20.96,SGD
drv_mei_sg_11,Mei Lin Tan,firefighter,2025-09-10,2025-09,2025-W37,Wed,1,7,4.35,Woodlands,Woodlands,6,82.64,19.0,SGD
drv_mei_sg_11,Mei Lin Tan,firefighter,2025-09-10,2025-09,2025-W37,Wed,2,18,3.55,Changi_Airport,Changi Airport,5,67.44,19.0,SGD
drv_mei_sg_11,Mei Lin Tan,firefighter,2025-09-11,2025-09,2025-W37,Thu,1,8,3.6,Woodlands,Woodlands,5,55.51,15.42,SGD
drv_mei_sg_11,Mei Lin Tan,firefighter,2025-09-11,2025-09,2025-W37,Thu,2,18,2.55,Woodlands,Woodlands,4,39.36,15.44,SGD
drv_mei_sg_11,Mei Lin Tan,firefighter,2025-09-11,2025-09,2025-W37,Thu,3,23,3.25,Changi_Airport,Changi Airport,4,50.09,15.41,SGD
drv_mei_sg_11,Mei Lin Tan,firefighter,2025-09-12,2025-09,2025-W37,Fri,1,9,2.81,Woodlands,Woodlands,4,62.24,22.15,SGD
drv_mei_sg_11,Mei Lin Tan,firefighter,2025-09-12,2025-09,2025-W37,Fri,2,20,3.03,Woodlands,Woodlands,4,67.19,22.17,SGD
drv_mei_sg_11,Mei Lin Tan,firefighter,2025-09-12,2025-09,2025-W37,Fri,3,23,2.55,CBD_Raffles,CBD / Raffles Place,4,56.56,22.18,SGD
drv_mei_sg_11,Mei Lin Tan,firefighter,2025-09-14,2025-09,2025-W37,Sun,1,8,2.78,Woodlands,Woodlands,3,63.2,22.73,SGD
drv_mei_sg_11,Mei Lin Tan,firefighter,2025-09-14,2025-09,2025-W37,Sun,2,17,3.72,CBD_Raffles,CBD / Raffles Place,3,84.47,22.71,SGD
drv_mei_sg_11,Mei Lin Tan,firefighter,2025-09-14,2025-09,2025-W37,Sun,3,23,3.49,Changi_Airport,Changi Airport,3,79.3,22.72,SGD
drv_mei_sg_11,Mei Lin Tan,firefighter,2025-09-15,2025-09,2025-W38,Mon,1,7,2.56,Woodlands,Woodlands,5,43.41,16.96,SGD
drv_mei_sg_11,Mei Lin Tan,firefighter,2025-09-15,2025-09,2025-W38,Mon,2,19,3.54,Woodlands,Woodlands,7,60.05,16.96,SGD
drv_mei_sg_11,Mei Lin Tan,firefighter,2025-09-15,2025-09,2025-W38,Mon,3,21,2.6,Jurong_East,Jurong East,5,44.08,16.95,SGD
drv_mei_sg_11,Mei Lin Tan,firefighter,2025-09-16,2025-09,2025-W38,Tue,1,8,4.21,Jurong_East,Jurong East,4,33.84,8.04,SGD
drv_mei_sg_11,Mei Lin Tan,firefighter,2025-09-16,2025-09,2025-W38,Tue,2,20,3.72,Changi_Airport,Changi Airport,3,29.87,8.03,SGD
drv_mei_sg_11,Mei Lin Tan,firefighter,2025-09-16,2025-09,2025-W38,Tue,3,23,3.17,Woodlands,Woodlands,3,25.49,8.04,SGD
drv_mei_sg_11,Mei Lin Tan,firefighter,2025-09-17,2025-09,2025-W38,Wed,1,7,3.03,Changi_Airport,Changi Airport,7,53.82,17.76,SGD
drv_mei_sg_11,Mei Lin Tan,firefighter,2025-09-17,2025-09,2025-W38,Wed,2,20,3.64,CBD_Raffles,CBD / Raffles Place,8,64.58,17.74,SGD
drv_mei_sg_11,Mei Lin Tan,firefighter,2025-09-17,2025-09,2025-W38,Wed,3,0,3.44,Changi_Airport,Changi Airport,7,61.04,17.74,SGD
drv_mei_sg_11,Mei Lin Tan,firefighter,2025-09-18,2025-09,2025-W38,Thu,1,8,4.15,CBD_Raffles,CBD / Raffles Place,8,29.98,7.22,SGD
drv_mei_sg_11,Mei Lin Tan,firefighter,2025-09-18,2025-09,2025-W38,Thu,2,20,4.17,Jurong_East,Jurong East,8,30.15,7.23,SGD
drv_mei_sg_11,Mei Lin Tan,firefighter,2025-09-18,2025-09,2025-W38,Thu,3,22,3.58,Woodlands,Woodlands,7,25.83,7.22,SGD
drv_mei_sg_11,Mei Lin Tan,firefighter,2025-09-19,2025-09,2025-W38,Fri,1,7,3.52,CBD_Raffles,CBD / Raffles Place,12,109.03,30.97,SGD
drv_mei_sg_11,Mei Lin Tan,firefighter,2025-09-19,2025-09,2025-W38,Fri,2,18,3.38,Changi_Airport,Changi Airport,11,104.75,30.99,SGD
drv_mei_sg_11,Mei Lin Tan,firefighter,2025-09-21,2025-09,2025-W38,Sun,1,18,3.59,CBD_Raffles,CBD / Raffles Place,11,84.22,23.46,SGD
drv_mei_sg_11,Mei Lin Tan,firefighter,2025-09-21,2025-09,2025-W38,Sun,2,23,3.41,Woodlands,Woodlands,10,80.04,23.47,SGD
drv_mei_sg_11,Mei Lin Tan,firefighter,2025-09-22,2025-09,2025-W39,Mon,1,7,3.63,Changi_Airport,Changi Airport,9,61.54,16.95,SGD
drv_mei_sg_11,Mei Lin Tan,firefighter,2025-09-22,2025-09,2025-W39,Mon,2,0,3.97,CBD_Raffles,CBD / Raffles Place,9,67.4,16.98,SGD
drv_mei_sg_11,Mei Lin Tan,firefighter,2025-09-23,2025-09,2025-W39,Tue,1,7,3.92,Jurong_East,Jurong East,4,57.15,14.58,SGD
drv_mei_sg_11,Mei Lin Tan,firefighter,2025-09-23,2025-09,2025-W39,Tue,2,19,3.18,Jurong_East,Jurong East,3,46.3,14.56,SGD
drv_mei_sg_11,Mei Lin Tan,firefighter,2025-09-23,2025-09,2025-W39,Tue,3,0,3.5,CBD_Raffles,CBD / Raffles Place,4,50.91,14.55,SGD
drv_mei_sg_11,Mei Lin Tan,firefighter,2025-09-24,2025-09,2025-W39,Wed,1,8,2.44,Woodlands,Woodlands,3,52.74,21.61,SGD
drv_mei_sg_11,Mei Lin Tan,firefighter,2025-09-24,2025-09,2025-W39,Wed,2,20,2.99,CBD_Raffles,CBD / Raffles Place,3,64.66,21.63,SGD
drv_mei_sg_11,Mei Lin Tan,firefighter,2025-09-24,2025-09,2025-W39,Wed,3,0,2.67,Jurong_East,Jurong East,3,57.67,21.6,SGD
drv_mei_sg_11,Mei Lin Tan,firefighter,2025-09-25,2025-09,2025-W39,Thu,1,8,3.39,Changi_Airport,Changi Airport,10,73.78,21.76,SGD
drv_mei_sg_11,Mei Lin Tan,firefighter,2025-09-25,2025-09,2025-W39,Thu,2,0,4.11,Changi_Airport,Changi Airport,12,89.39,21.75,SGD
drv_mei_sg_11,Mei Lin Tan,firefighter,2025-09-26,2025-09,2025-W39,Fri,1,8,4.12,Changi_Airport,Changi Airport,5,65.15,15.81,SGD
drv_mei_sg_11,Mei Lin Tan,firefighter,2025-09-26,2025-09,2025-W39,Fri,2,17,4.17,Changi_Airport,Changi Airport,5,65.92,15.81,SGD
drv_mei_sg_11,Mei Lin Tan,firefighter,2025-09-26,2025-09,2025-W39,Fri,3,21,3.51,Woodlands,Woodlands,4,55.46,15.8,SGD
drv_mei_sg_11,Mei Lin Tan,firefighter,2025-09-28,2025-09,2025-W39,Sun,1,9,3.6,Woodlands,Woodlands,6,62.31,17.31,SGD
drv_mei_sg_11,Mei Lin Tan,firefighter,2025-09-28,2025-09,2025-W39,Sun,2,19,2.83,Woodlands,Woodlands,4,49.08,17.34,SGD
drv_mei_sg_11,Mei Lin Tan,firefighter,2025-09-28,2025-09,2025-W39,Sun,3,21,3.07,CBD_Raffles,CBD / Raffles Place,5,53.2,17.33,SGD
drv_mei_sg_11,Mei Lin Tan,firefighter,2025-09-29,2025-09,2025-W40,Mon,1,8,3.91,Changi_Airport,Changi Airport,3,51.3,13.12,SGD
drv_mei_sg_11,Mei Lin Tan,firefighter,2025-09-29,2025-09,2025-W40,Mon,2,19,3.22,Changi_Airport,Changi Airport,3,42.22,13.11,SGD
drv_mei_sg_11,Mei Lin Tan,firefighter,2025-09-29,2025-09,2025-W40,Mon,3,23,2.97,Woodlands,Woodlands,3,38.96,13.12,SGD
drv_mei_sg_11,Mei Lin Tan,firefighter,2025-09-30,2025-09,2025-W40,Tue,1,8,3.4,Woodlands,Woodlands,6,46.28,13.61,SGD
drv_mei_sg_11,Mei Lin Tan,firefighter,2025-09-30,2025-09,2025-W40,Tue,2,19,4.87,CBD_Raffles,CBD / Raffles Place,8,66.29,13.61,SGD
drv_mei_sg_11,Mei Lin Tan,firefighter,2025-09-30,2025-09,2025-W40,Tue,3,22,3.43,CBD_Raffles,CBD / Raffles Place,6,46.73,13.62,SGD
drv_mei_sg_11,Mei Lin Tan,firefighter,2025-10-01,2025-10,2025-W40,Wed,1,9,3.72,Changi_Airport,Changi Airport,4,46.24,12.43,SGD
drv_mei_sg_11,Mei Lin Tan,firefighter,2025-10-01,2025-10,2025-W40,Wed,2,18,3.33,Changi_Airport,Changi Airport,4,41.35,12.42,SGD
drv_mei_sg_11,Mei Lin Tan,firefighter,2025-10-01,2025-10,2025-W40,Wed,3,23,4.75,CBD_Raffles,CBD / Raffles Place,5,59.03,12.43,SGD
drv_mei_sg_11,Mei Lin Tan,firefighter,2025-10-02,2025-10,2025-W40,Thu,1,9,3.03,CBD_Raffles,CBD / Raffles Place,6,62.07,20.49,SGD
drv_mei_sg_11,Mei Lin Tan,firefighter,2025-10-02,2025-10,2025-W40,Thu,2,20,3.02,Woodlands,Woodlands,6,61.92,20.5,SGD
drv_mei_sg_11,Mei Lin Tan,firefighter,2025-10-02,2025-10,2025-W40,Thu,3,22,3.04,Woodlands,Woodlands,6,62.31,20.5,SGD
drv_mei_sg_11,Mei Lin Tan,firefighter,2025-10-03,2025-10,2025-W40,Fri,1,8,4.02,Changi_Airport,Changi Airport,9,69.46,17.28,SGD
drv_mei_sg_11,Mei Lin Tan,firefighter,2025-10-03,2025-10,2025-W40,Fri,2,18,2.95,Woodlands,Woodlands,7,50.97,17.28,SGD
drv_mei_sg_11,Mei Lin Tan,firefighter,2025-10-03,2025-10,2025-W40,Fri,3,23,3.24,Changi_Airport,Changi Airport,7,55.99,17.28,SGD
drv_mei_sg_11,Mei Lin Tan,firefighter,2025-10-05,2025-10,2025-W40,Sun,1,9,3.52,Changi_Airport,Changi Airport,5,72.61,20.63,SGD
drv_mei_sg_11,Mei Lin Tan,firefighter,2025-10-05,2025-10,2025-W40,Sun,2,19,2.46,Changi_Airport,Changi Airport,3,50.84,20.67,SGD
drv_mei_sg_11,Mei Lin Tan,firefighter,2025-10-05,2025-10,2025-W40,Sun,3,21,2.92,Woodlands,Woodlands,4,60.32,20.66,SGD
drv_mei_sg_11,Mei Lin Tan,firefighter,2025-10-06,2025-10,2025-W41,Mon,1,8,3.21,Changi_Airport,Changi Airport,4,72.79,22.68,SGD
drv_mei_sg_11,Mei Lin Tan,firefighter,2025-10-06,2025-10,2025-W41,Mon,2,18,3.49,CBD_Raffles,CBD / Raffles Place,4,78.92,22.61,SGD
drv_mei_sg_11,Mei Lin Tan,firefighter,2025-10-07,2025-10,2025-W41,Tue,1,8,3.56,Jurong_East,Jurong East,9,81.42,22.87,SGD
drv_mei_sg_11,Mei Lin Tan,firefighter,2025-10-07,2025-10,2025-W41,Tue,2,21,2.84,Changi_Airport,Changi Airport,7,64.87,22.84,SGD
drv_mei_sg_11,Mei Lin Tan,firefighter,2025-10-08,2025-10,2025-W41,Wed,1,7,3.87,Jurong_East,Jurong East,4,53.94,13.94,SGD
drv_mei_sg_11,Mei Lin Tan,firefighter,2025-10-08,2025-10,2025-W41,Wed,2,18,3.08,Changi_Airport,Changi Airport,3,42.88,13.92,SGD
drv_mei_sg_11,Mei Lin Tan,firefighter,2025-10-08,2025-10,2025-W41,Wed,3,21,3.75,Woodlands,Woodlands,4,52.14,13.9,SGD
drv_mei_sg_11,Mei Lin Tan,firefighter,2025-10-09,2025-10,2025-W41,Thu,1,7,3.6,Woodlands,Woodlands,4,58.77,16.32,SGD
drv_mei_sg_11,Mei Lin Tan,firefighter,2025-10-09,2025-10,2025-W41,Thu,2,17,3.43,Woodlands,Woodlands,4,56.07,16.35,SGD
drv_mei_sg_11,Mei Lin Tan,firefighter,2025-10-09,2025-10,2025-W41,Thu,3,22,2.47,Jurong_East,Jurong East,3,40.37,16.34,SGD
drv_mei_sg_11,Mei Lin Tan,firefighter,2025-10-10,2025-10,2025-W41,Fri,1,9,2.38,Changi_Airport,Changi Airport,3,49.43,20.77,SGD
drv_mei_sg_11,Mei Lin Tan,firefighter,2025-10-10,2025-10,2025-W41,Fri,2,20,3.48,Changi_Airport,Changi Airport,4,72.15,20.73,SGD
drv_mei_sg_11,Mei Lin Tan,firefighter,2025-10-10,2025-10,2025-W41,Fri,3,22,3.24,Jurong_East,Jurong East,4,67.08,20.7,SGD
drv_mei_sg_11,Mei Lin Tan,firefighter,2025-10-12,2025-10,2025-W41,Sun,1,8,3.63,Jurong_East,Jurong East,10,105.64,29.1,SGD
drv_mei_sg_11,Mei Lin Tan,firefighter,2025-10-12,2025-10,2025-W41,Sun,2,21,3.17,Woodlands,Woodlands,9,92.26,29.1,SGD
drv_mei_sg_11,Mei Lin Tan,firefighter,2025-10-13,2025-10,2025-W42,Mon,1,7,4.05,Woodlands,Woodlands,5,53.32,13.17,SGD
drv_mei_sg_11,Mei Lin Tan,firefighter,2025-10-13,2025-10,2025-W42,Mon,2,18,3.52,Changi_Airport,Changi Airport,4,46.35,13.17,SGD
drv_mei_sg_11,Mei Lin Tan,firefighter,2025-10-13,2025-10,2025-W42,Mon,3,22,3.73,Woodlands,Woodlands,4,49.03,13.14,SGD
drv_mei_sg_11,Mei Lin Tan,firefighter,2025-10-14,2025-10,2025-W42,Tue,1,9,2.85,Woodlands,Woodlands,7,55.57,19.5,SGD
drv_mei_sg_11,Mei Lin Tan,firefighter,2025-10-14,2025-10,2025-W42,Tue,2,19,3.24,Jurong_East,Jurong East,8,63.19,19.5,SGD
drv_mei_sg_11,Mei Lin Tan,firefighter,2025-10-14,2025-10,2025-W42,Tue,3,23,2.71,Jurong_East,Jurong East,7,52.98,19.55,SGD
drv_mei_sg_11,Mei Lin Tan,firefighter,2025-10-15,2025-10,2025-W42,Wed,1,8,2.94,CBD_Raffles,CBD / Raffles Place,3,44.66,15.19,SGD
drv_mei_sg_11,Mei Lin Tan,firefighter,2025-10-15,2025-10,2025-W42,Wed,2,17,2.81,CBD_Raffles,CBD / Raffles Place,3,42.72,15.2,SGD
drv_mei_sg_11,Mei Lin Tan,firefighter,2025-10-15,2025-10,2025-W42,Wed,3,0,3.45,Jurong_East,Jurong East,4,52.41,15.19,SGD
drv_mei_sg_11,Mei Lin Tan,firefighter,2025-10-16,2025-10,2025-W42,Thu,1,9,3.72,CBD_Raffles,CBD / Raffles Place,6,69.53,18.69,SGD
drv_mei_sg_11,Mei Lin Tan,firefighter,2025-10-16,2025-10,2025-W42,Thu,2,20,3.16,Jurong_East,Jurong East,5,58.99,18.67,SGD
drv_mei_sg_11,Mei Lin Tan,firefighter,2025-10-16,2025-10,2025-W42,Thu,3,0,2.52,Jurong_East,Jurong East,4,47.18,18.72,SGD
drv_mei_sg_11,Mei Lin Tan,firefighter,2025-10-17,2025-10,2025-W42,Fri,1,7,2.85,CBD_Raffles,CBD / Raffles Place,8,67.4,23.65,SGD
drv_mei_sg_11,Mei Lin Tan,firefighter,2025-10-17,2025-10,2025-W42,Fri,2,19,2.72,Changi_Airport,Changi Airport,7,64.31,23.64,SGD
drv_mei_sg_11,Mei Lin Tan,firefighter,2025-10-17,2025-10,2025-W42,Fri,3,22,3.23,Changi_Airport,Changi Airport,9,76.34,23.63,SGD
drv_mei_sg_11,Mei Lin Tan,firefighter,2025-10-19,2025-10,2025-W42,Sun,1,8,3.38,CBD_Raffles,CBD / Raffles Place,3,56.68,16.77,SGD
drv_mei_sg_11,Mei Lin Tan,firefighter,2025-10-19,2025-10,2025-W42,Sun,2,19,3.67,Woodlands,Woodlands,3,61.61,16.79,SGD
drv_mei_sg_11,Mei Lin Tan,firefighter,2025-10-19,2025-10,2025-W42,Sun,3,21,3.55,Woodlands,Woodlands,3,59.49,16.76,SGD
drv_mei_sg_11,Mei Lin Tan,firefighter,2025-10-20,2025-10,2025-W43,Mon,1,9,3.24,Woodlands,Woodlands,5,68.72,21.21,SGD
drv_mei_sg_11,Mei Lin Tan,firefighter,2025-10-20,2025-10,2025-W43,Mon,2,20,3.36,Changi_Airport,Changi Airport,5,71.3,21.22,SGD
drv_mei_sg_11,Mei Lin Tan,firefighter,2025-10-21,2025-10,2025-W43,Tue,1,7,2.75,Jurong_East,Jurong East,7,51.63,18.77,SGD
drv_mei_sg_11,Mei Lin Tan,firefighter,2025-10-21,2025-10,2025-W43,Tue,2,18,2.51,Changi_Airport,Changi Airport,7,47.11,18.77,SGD
drv_mei_sg_11,Mei Lin Tan,firefighter,2025-10-21,2025-10,2025-W43,Tue,3,21,3.14,Changi_Airport,Changi Airport,8,58.93,18.77,SGD
drv_mei_sg_11,Mei Lin Tan,firefighter,2025-10-22,2025-10,2025-W43,Wed,1,7,2.82,Changi_Airport,Changi Airport,7,61.25,21.72,SGD
drv_mei_sg_11,Mei Lin Tan,firefighter,2025-10-22,2025-10,2025-W43,Wed,2,18,2.83,Jurong_East,Jurong East,7,61.44,21.71,SGD
drv_mei_sg_11,Mei Lin Tan,firefighter,2025-10-22,2025-10,2025-W43,Wed,3,22,2.94,Woodlands,Woodlands,7,63.87,21.72,SGD
drv_mei_sg_11,Mei Lin Tan,firefighter,2025-10-23,2025-10,2025-W43,Thu,1,8,3.65,Changi_Airport,Changi Airport,5,52.49,14.38,SGD
drv_mei_sg_11,Mei Lin Tan,firefighter,2025-10-23,2025-10,2025-W43,Thu,2,18,3.18,CBD_Raffles,CBD / Raffles Place,5,45.8,14.4,SGD
drv_mei_sg_11,Mei Lin Tan,firefighter,2025-10-23,2025-10,2025-W43,Thu,3,23,2.57,Woodlands,Woodlands,4,37.01,14.4,SGD
drv_mei_sg_11,Mei Lin Tan,firefighter,2025-10-24,2025-10,2025-W43,Fri,1,7,3.85,Woodlands,Woodlands,11,101.11,26.26,SGD
drv_mei_sg_11,Mei Lin Tan,firefighter,2025-10-24,2025-10,2025-W43,Fri,2,22,3.45,Changi_Airport,Changi Airport,10,90.46,26.22,SGD
drv_mei_sg_11,Mei Lin Tan,firefighter,2025-10-26,2025-10,2025-W43,Sun,1,9,3.3,Changi_Airport,Changi Airport,5,71.94,21.8,SGD
drv_mei_sg_11,Mei Lin Tan,firefighter,2025-10-26,2025-10,2025-W43,Sun,2,17,3.37,Woodlands,Woodlands,5,73.48,21.8,SGD
drv_mei_sg_11,Mei Lin Tan,firefighter,2025-10-26,2025-10,2025-W43,Sun,3,22,2.54,CBD_Raffles,CBD / Raffles Place,4,55.39,21.81,SGD
drv_mei_sg_11,Mei Lin Tan,firefighter,2025-10-27,2025-10,2025-W44,Mon,1,7,3.41,Changi_Airport,Changi Airport,3,43.59,12.78,SGD
drv_mei_sg_11,Mei Lin Tan,firefighter,2025-10-27,2025-10,2025-W44,Mon,2,20,3.72,Changi_Airport,Changi Airport,3,47.53,12.78,SGD
drv_mei_sg_11,Mei Lin Tan,firefighter,2025-10-27,2025-10,2025-W44,Mon,3,22,3.66,CBD_Raffles,CBD / Raffles Place,3,46.78,12.78,SGD
drv_mei_sg_11,Mei Lin Tan,firefighter,2025-10-28,2025-10,2025-W44,Tue,1,8,3.64,CBD_Raffles,CBD / Raffles Place,5,50.05,13.75,SGD
drv_mei_sg_11,Mei Lin Tan,firefighter,2025-10-28,2025-10,2025-W44,Tue,2,20,3.04,Changi_Airport,Changi Airport,5,41.8,13.75,SGD
drv_mei_sg_11,Mei Lin Tan,firefighter,2025-10-28,2025-10,2025-W44,Tue,3,21,3.32,Woodlands,Woodlands,5,45.57,13.73,SGD
drv_mei_sg_11,Mei Lin Tan,firefighter,2025-10-29,2025-10,2025-W44,Wed,1,7,4.03,Changi_Airport,Changi Airport,3,35.76,8.87,SGD
drv_mei_sg_11,Mei Lin Tan,firefighter,2025-10-29,2025-10,2025-W44,Wed,2,19,3.47,Woodlands,Woodlands,2,30.8,8.88,SGD
drv_mei_sg_11,Mei Lin Tan,firefighter,2025-10-29,2025-10,2025-W44,Wed,3,21,4.3,Changi_Airport,Changi Airport,3,38.16,8.87,SGD
drv_mei_sg_11,Mei Lin Tan,firefighter,2025-10-30,2025-10,2025-W44,Thu,1,7,2.76,Changi_Airport,Changi Airport,4,40.81,14.79,SGD
drv_mei_sg_11,Mei Lin Tan,firefighter,2025-10-30,2025-10,2025-W44,Thu,2,19,3.77,Jurong_East,Jurong East,5,55.78,14.8,SGD
drv_mei_sg_11,Mei Lin Tan,firefighter,2025-10-30,2025-10,2025-W44,Thu,3,23,3.67,CBD_Raffles,CBD / Raffles Place,5,54.23,14.78,SGD
drv_mei_sg_11,Mei Lin Tan,firefighter,2025-10-31,2025-10,2025-W44,Fri,1,9,3.18,Woodlands,Woodlands,3,55.71,17.52,SGD
drv_mei_sg_11,Mei Lin Tan,firefighter,2025-10-31,2025-10,2025-W44,Fri,2,20,3.32,CBD_Raffles,CBD / Raffles Place,3,58.16,17.52,SGD
drv_mei_sg_11,Mei Lin Tan,firefighter,2025-10-31,2025-10,2025-W44,Fri,3,0,3.5,Changi_Airport,Changi Airport,3,61.27,17.51,SGD
drv_mei_sg_11,Mei Lin Tan,firefighter,2025-11-02,2025-11,2025-W44,Sun,1,8,2.85,Woodlands,Woodlands,5,56.8,19.93,SGD
drv_mei_sg_11,Mei Lin Tan,firefighter,2025-11-02,2025-11,2025-W44,Sun,2,18,3.18,Changi_Airport,Changi Airport,5,63.55,19.98,SGD
drv_mei_sg_11,Mei Lin Tan,firefighter,2025-11-02,2025-11,2025-W44,Sun,3,0,2.47,Jurong_East,Jurong East,4,49.27,19.95,SGD
drv_mei_sg_11,Mei Lin Tan,firefighter,2025-11-03,2025-11,2025-W45,Mon,1,9,3.44,CBD_Raffles,CBD / Raffles Place,10,84.25,24.49,SGD
drv_mei_sg_11,Mei Lin Tan,firefighter,2025-11-03,2025-11,2025-W45,Mon,2,23,3.66,Changi_Airport,Changi Airport,10,89.77,24.53,SGD
drv_mei_sg_11,Mei Lin Tan,firefighter,2025-11-04,2025-11,2025-W45,Tue,1,7,3.06,Changi_Airport,Changi Airport,4,43.92,14.35,SGD
drv_mei_sg_11,Mei Lin Tan,firefighter,2025-11-04,2025-11,2025-W45,Tue,2,19,3.55,Changi_Airport,Changi Airport,4,50.86,14.33,SGD
drv_mei_sg_11,Mei Lin Tan,firefighter,2025-11-04,2025-11,2025-W45,Tue,3,22,3.99,CBD_Raffles,CBD / Raffles Place,5,57.12,14.32,SGD
drv_mei_sg_11,Mei Lin Tan,firefighter,2025-11-05,2025-11,2025-W45,Wed,1,7,3.48,Jurong_East,Jurong East,7,66.63,19.15,SGD
drv_mei_sg_11,Mei Lin Tan,firefighter,2025-11-05,2025-11,2025-W45,Wed,2,20,2.55,Woodlands,Woodlands,5,48.88,19.17,SGD
drv_mei_sg_11,Mei Lin Tan,firefighter,2025-11-05,2025-11,2025-W45,Wed,3,23,2.87,Changi_Airport,Changi Airport,6,54.84,19.11,SGD
drv_mei_sg_11,Mei Lin Tan,firefighter,2025-11-06,2025-11,2025-W45,Thu,1,7,2.73,Woodlands,Woodlands,7,58.54,21.44,SGD
drv_mei_sg_11,Mei Lin Tan,firefighter,2025-11-06,2025-11,2025-W45,Thu,2,20,2.69,CBD_Raffles,CBD / Raffles Place,7,57.69,21.45,SGD
drv_mei_sg_11,Mei Lin Tan,firefighter,2025-11-06,2025-11,2025-W45,Thu,3,21,2.69,CBD_Raffles,CBD / Raffles Place,7,57.68,21.44,SGD
drv_mei_sg_11,Mei Lin Tan,firefighter,2025-11-07,2025-11,2025-W45,Fri,1,7,2.88,CBD_Raffles,CBD / Raffles Place,6,62.32,21.64,SGD
drv_mei_sg_11,Mei Lin Tan,firefighter,2025-11-07,2025-11,2025-W45,Fri,2,18,3.35,Woodlands,Woodlands,7,72.59,21.67,SGD
drv_mei_sg_11,Mei Lin Tan,firefighter,2025-11-07,2025-11,2025-W45,Fri,3,0,2.58,Woodlands,Woodlands,6,55.83,21.64,SGD
drv_mei_sg_11,Mei Lin Tan,firefighter,2025-11-09,2025-11,2025-W45,Sun,1,20,3.41,Jurong_East,Jurong East,7,114.9,33.7,SGD
drv_mei_sg_11,Mei Lin Tan,firefighter,2025-11-09,2025-11,2025-W45,Sun,2,21,3.39,Jurong_East,Jurong East,6,114.42,33.75,SGD
drv_mei_sg_11,Mei Lin Tan,firefighter,2025-11-10,2025-11,2025-W46,Mon,1,7,2.98,Changi_Airport,Changi Airport,5,40.44,13.57,SGD
drv_mei_sg_11,Mei Lin Tan,firefighter,2025-11-10,2025-11,2025-W46,Mon,2,18,4.31,Woodlands,Woodlands,7,58.51,13.58,SGD
drv_mei_sg_11,Mei Lin Tan,firefighter,2025-11-10,2025-11,2025-W46,Mon,3,21,4.11,Changi_Airport,Changi Airport,7,55.75,13.56,SGD
drv_mei_sg_11,Mei Lin Tan,firefighter,2025-11-11,2025-11,2025-W46,Tue,1,8,3.65,CBD_Raffles,CBD / Raffles Place,6,43.43,11.9,SGD
drv_mei_sg_11,Mei Lin Tan,firefighter,2025-11-11,2025-11,2025-W46,Tue,2,18,3.06,Woodlands,Woodlands,5,36.39,11.89,SGD
drv_mei_sg_11,Mei Lin Tan,firefighter,2025-11-11,2025-11,2025-W46,Tue,3,0,3.78,Changi_Airport,Changi Airport,6,44.95,11.89,SGD
drv_mei_sg_11,Mei Lin Tan,firefighter,2025-11-12,2025-11,2025-W46,Wed,1,7,2.64,Jurong_East,Jurong East,3,56.82,21.52,SGD
drv_mei_sg_11,Mei Lin Tan,firefighter,2025-11-12,2025-11,2025-W46,Wed,2,18,3.3,Changi_Airport,Changi Airport,3,70.97,21.51,SGD
drv_mei_sg_11,Mei Lin Tan,firefighter,2025-11-12,2025-11,2025-W46,Wed,3,22,2.76,Changi_Airport,Changi Airport,3,59.32,21.49,SGD
drv_mei_sg_11,Mei Lin Tan,firefighter,2025-11-13,2025-11,2025-W46,Thu,1,8,3.62,Jurong_East,Jurong East,7,74.67,20.63,SGD
drv_mei_sg_11,Mei Lin Tan,firefighter,2025-11-13,2025-11,2025-W46,Thu,2,17,3.18,CBD_Raffles,CBD / Raffles Place,6,65.76,20.68,SGD
drv_mei_sg_11,Mei Lin Tan,firefighter,2025-11-14,2025-11,2025-W46,Fri,1,9,3.33,Jurong_East,Jurong East,5,62.59,18.8,SGD
drv_mei_sg_11,Mei Lin Tan,firefighter,2025-11-14,2025-11,2025-W46,Fri,2,18,2.77,Changi_Airport,Changi Airport,4,51.93,18.75,SGD
drv_mei_sg_11,Mei Lin Tan,firefighter,2025-11-14,2025-11,2025-W46,Fri,3,22,3.1,CBD_Raffles,CBD / Raffles Place,5,58.18,18.77,SGD
drv_mei_sg_11,Mei Lin Tan,firefighter,2025-11-16,2025-11,2025-W46,Sun,1,8,4.15,Changi_Airport,Changi Airport,4,70.9,17.08,SGD
drv_mei_sg_11,Mei Lin Tan,firefighter,2025-11-16,2025-11,2025-W46,Sun,2,18,3.84,Jurong_East,Jurong East,4,65.62,17.09,SGD
drv_mei_sg_11,Mei Lin Tan,firefighter,2025-11-16,2025-11,2025-W46,Sun,3,0,3.11,Woodlands,Woodlands,3,53.2,17.11,SGD
drv_mei_sg_11,Mei Lin Tan,firefighter,2025-11-17,2025-11,2025-W47,Mon,1,9,2.94,CBD_Raffles,CBD / Raffles Place,9,60.33,20.52,SGD
drv_mei_sg_11,Mei Lin Tan,firefighter,2025-11-17,2025-11,2025-W47,Mon,2,22,3.26,CBD_Raffles,CBD / Raffles Place,9,66.81,20.49,SGD
drv_mei_sg_11,Mei Lin Tan,firefighter,2025-11-18,2025-11,2025-W47,Tue,1,9,3.22,CBD_Raffles,CBD / Raffles Place,3,50.23,15.6,SGD
drv_mei_sg_11,Mei Lin Tan,firefighter,2025-11-18,2025-11,2025-W47,Tue,2,17,3.62,Jurong_East,Jurong East,3,56.51,15.61,SGD
drv_mei_sg_11,Mei Lin Tan,firefighter,2025-11-18,2025-11,2025-W47,Tue,3,21,3.26,Woodlands,Woodlands,3,50.9,15.61,SGD
drv_mei_sg_11,Mei Lin Tan,firefighter,2025-11-19,2025-11,2025-W47,Wed,1,8,2.88,Woodlands,Woodlands,3,61.89,21.49,SGD
drv_mei_sg_11,Mei Lin Tan,firefighter,2025-11-19,2025-11,2025-W47,Wed,2,19,2.39,Woodlands,Woodlands,3,51.2,21.42,SGD
drv_mei_sg_11,Mei Lin Tan,firefighter,2025-11-19,2025-11,2025-W47,Wed,3,23,3.03,CBD_Raffles,CBD / Raffles Place,4,64.97,21.44,SGD
drv_mei_sg_11,Mei Lin Tan,firefighter,2025-11-20,2025-11,2025-W47,Thu,1,7,2.97,Changi_Airport,Changi Airport,5,48.08,16.19,SGD
drv_mei_sg_11,Mei Lin Tan,firefighter,2025-11-20,2025-11,2025-W47,Thu,2,21,3.43,Changi_Airport,Changi Airport,6,55.55,16.2,SGD
drv_mei_sg_11,Mei Lin Tan,firefighter,2025-11-21,2025-11,2025-W47,Fri,1,8,3.5,Jurong_East,Jurong East,11,91.78,26.22,SGD
drv_mei_sg_11,Mei Lin Tan,firefighter,2025-11-21,2025-11,2025-W47,Fri,2,17,3.6,Woodlands,Woodlands,12,94.62,26.28,SGD
drv_mei_sg_11,Mei Lin Tan,firefighter,2025-11-23,2025-11,2025-W47,Sun,1,7,3.89,Woodlands,Woodlands,6,74.69,19.2,SGD
drv_mei_sg_11,Mei Lin Tan,firefighter,2025-11-23,2025-11,2025-W47,Sun,2,19,3.78,CBD_Raffles,CBD / Raffles Place,6,72.64,19.22,SGD
drv_mei_sg_11,Mei Lin Tan,firefighter,2025-11-23,2025-11,2025-W47,Sun,3,0,3.93,CBD_Raffles,CBD / Raffles Place,6,75.61,19.24,SGD
drv_mei_sg_11,Mei Lin Tan,firefighter,2025-11-24,2025-11,2025-W48,Mon,1,7,4.21,Changi_Airport,Changi Airport,4,49.99,11.87,SGD
drv_mei_sg_11,Mei Lin Tan,firefighter,2025-11-24,2025-11,2025-W48,Mon,2,17,4.19,CBD_Raffles,CBD / Raffles Place,4,49.8,11.89,SGD
drv_mei_sg_11,Mei Lin Tan,firefighter,2025-11-24,2025-11,2025-W48,Mon,3,22,3.2,CBD_Raffles,CBD / Raffles Place,3,38.03,11.88,SGD
drv_mei_sg_11,Mei Lin Tan,firefighter,2025-11-25,2025-11,2025-W48,Tue,1,8,3.43,Changi_Airport,Changi Airport,7,48.2,14.05,SGD
drv_mei_sg_11,Mei Lin Tan,firefighter,2025-11-25,2025-11,2025-W48,Tue,2,20,3.69,Woodlands,Woodlands,8,51.8,14.04,SGD
drv_mei_sg_11,Mei Lin Tan,firefighter,2025-11-25,2025-11,2025-W48,Tue,3,22,3.48,Jurong_East,Jurong East,7,48.97,14.07,SGD
drv_mei_sg_11,Mei Lin Tan,firefighter,2025-11-26,2025-11,2025-W48,Wed,1,8,3.25,Jurong_East,Jurong East,4,30.13,9.27,SGD
drv_mei_sg_11,Mei Lin Tan,firefighter,2025-11-26,2025-11,2025-W48,Wed,2,17,4.03,Woodlands,Woodlands,5,37.39,9.28,SGD
drv_mei_sg_11,Mei Lin Tan,firefighter,2025-11-26,2025-11,2025-W48,Wed,3,0,3.52,CBD_Raffles,CBD / Raffles Place,4,32.68,9.28,SGD
drv_mei_sg_11,Mei Lin Tan,firefighter,2025-11-27,2025-11,2025-W48,Thu,1,8,3.83,Changi_Airport,Changi Airport,4,50.0,13.05,SGD
drv_mei_sg_11,Mei Lin Tan,firefighter,2025-11-27,2025-11,2025-W48,Thu,2,19,2.81,CBD_Raffles,CBD / Raffles Place,3,36.67,13.05,SGD
drv_mei_sg_11,Mei Lin Tan,firefighter,2025-11-27,2025-11,2025-W48,Thu,3,22,3.86,Woodlands,Woodlands,4,50.48,13.08,SGD
drv_mei_sg_11,Mei Lin Tan,firefighter,2025-11-28,2025-11,2025-W48,Fri,1,18,4.25,CBD_Raffles,CBD / Raffles Place,10,118.07,27.78,SGD
drv_mei_sg_11,Mei Lin Tan,firefighter,2025-11-28,2025-11,2025-W48,Fri,2,23,3.65,Woodlands,Woodlands,9,101.37,27.77,SGD
drv_mei_sg_11,Mei Lin Tan,firefighter,2025-11-30,2025-11,2025-W48,Sun,1,8,3.04,Woodlands,Woodlands,11,75.24,24.75,SGD
drv_mei_sg_11,Mei Lin Tan,firefighter,2025-11-30,2025-11,2025-W48,Sun,2,22,3.56,Jurong_East,Jurong East,12,87.84,24.67,SGD
drv_mei_sg_11,Mei Lin Tan,firefighter,2025-12-01,2025-12,2025-W49,Mon,1,7,3.51,CBD_Raffles,CBD / Raffles Place,8,82.17,23.41,SGD
drv_mei_sg_11,Mei Lin Tan,firefighter,2025-12-01,2025-12,2025-W49,Mon,2,22,2.99,Jurong_East,Jurong East,7,69.87,23.37,SGD
drv_mei_sg_11,Mei Lin Tan,firefighter,2025-12-02,2025-12,2025-W49,Tue,1,8,3.53,Jurong_East,Jurong East,7,26.62,7.54,SGD
drv_mei_sg_11,Mei Lin Tan,firefighter,2025-12-02,2025-12,2025-W49,Tue,2,20,3.86,CBD_Raffles,CBD / Raffles Place,8,29.17,7.56,SGD
drv_mei_sg_11,Mei Lin Tan,firefighter,2025-12-02,2025-12,2025-W49,Tue,3,22,3.21,Woodlands,Woodlands,7,24.26,7.56,SGD
drv_mei_sg_11,Mei Lin Tan,firefighter,2025-12-03,2025-12,2025-W49,Wed,1,9,3.23,Changi_Airport,Changi Airport,3,53.64,16.61,SGD
drv_mei_sg_11,Mei Lin Tan,firefighter,2025-12-03,2025-12,2025-W49,Wed,2,19,3.38,CBD_Raffles,CBD / Raffles Place,3,55.99,16.57,SGD
drv_mei_sg_11,Mei Lin Tan,firefighter,2025-12-03,2025-12,2025-W49,Wed,3,22,3.69,CBD_Raffles,CBD / Raffles Place,3,61.18,16.58,SGD
drv_mei_sg_11,Mei Lin Tan,firefighter,2025-12-04,2025-12,2025-W49,Thu,1,7,2.97,Changi_Airport,Changi Airport,7,59.5,20.03,SGD
drv_mei_sg_11,Mei Lin Tan,firefighter,2025-12-04,2025-12,2025-W49,Thu,2,19,2.87,Changi_Airport,Changi Airport,6,57.54,20.05,SGD
drv_mei_sg_11,Mei Lin Tan,firefighter,2025-12-04,2025-12,2025-W49,Thu,3,21,2.36,Woodlands,Woodlands,5,47.37,20.07,SGD
drv_mei_sg_11,Mei Lin Tan,firefighter,2025-12-05,2025-12,2025-W49,Fri,1,7,2.95,Jurong_East,Jurong East,4,80.5,27.29,SGD
drv_mei_sg_11,Mei Lin Tan,firefighter,2025-12-05,2025-12,2025-W49,Fri,2,0,3.85,CBD_Raffles,CBD / Raffles Place,5,105.21,27.33,SGD
drv_mei_sg_11,Mei Lin Tan,firefighter,2025-12-07,2025-12,2025-W49,Sun,1,9,3.81,Woodlands,Woodlands,8,73.29,19.24,SGD
drv_mei_sg_11,Mei Lin Tan,firefighter,2025-12-07,2025-12,2025-W49,Sun,2,17,3.47,Jurong_East,Jurong East,7,66.83,19.26,SGD
drv_mei_sg_11,Mei Lin Tan,firefighter,2025-12-07,2025-12,2025-W49,Sun,3,23,2.82,Jurong_East,Jurong East,6,54.28,19.25,SGD
drv_mei_sg_11,Mei Lin Tan,firefighter,2025-12-08,2025-12,2025-W50,Mon,1,8,4.26,Woodlands,Woodlands,9,62.74,14.73,SGD
drv_mei_sg_11,Mei Lin Tan,firefighter,2025-12-08,2025-12,2025-W50,Mon,2,18,3.63,Changi_Airport,Changi Airport,7,53.44,14.72,SGD
drv_mei_sg_11,Mei Lin Tan,firefighter,2025-12-08,2025-12,2025-W50,Mon,3,23,4.0,Changi_Airport,Changi Airport,8,58.88,14.72,SGD
drv_mei_sg_11,Mei Lin Tan,firefighter,2025-12-09,2025-12,2025-W50,Tue,1,7,3.65,Changi_Airport,Changi Airport,7,86.62,23.73,SGD
drv_mei_sg_11,Mei Lin Tan,firefighter,2025-12-09,2025-12,2025-W50,Tue,2,20,3.85,CBD_Raffles,CBD / Raffles Place,8,91.25,23.7,SGD
drv_mei_sg_11,Mei Lin Tan,firefighter,2025-12-10,2025-12,2025-W50,Wed,1,9,3.08,Woodlands,Woodlands,4,44.77,14.54,SGD
drv_mei_sg_11,Mei Lin Tan,firefighter,2025-12-10,2025-12,2025-W50,Wed,2,19,2.95,Jurong_East,Jurong East,4,42.91,14.55,SGD
drv_mei_sg_11,Mei Lin Tan,firefighter,2025-12-10,2025-12,2025-W50,Wed,3,21,4.28,Jurong_East,Jurong East,5,62.28,14.55,SGD
drv_mei_sg_11,Mei Lin Tan,firefighter,2025-12-11,2025-12,2025-W50,Thu,1,9,3.82,Jurong_East,Jurong East,5,43.21,11.31,SGD
drv_mei_sg_11,Mei Lin Tan,firefighter,2025-12-11,2025-12,2025-W50,Thu,2,19,4.3,CBD_Raffles,CBD / Raffles Place,6,48.67,11.32,SGD
drv_mei_sg_11,Mei Lin Tan,firefighter,2025-12-11,2025-12,2025-W50,Thu,3,0,3.88,Jurong_East,Jurong East,6,43.98,11.34,SGD
drv_mei_sg_11,Mei Lin Tan,firefighter,2025-12-12,2025-12,2025-W50,Fri,1,8,3.77,Woodlands,Woodlands,6,62.42,16.56,SGD
drv_mei_sg_11,Mei Lin Tan,firefighter,2025-12-12,2025-12,2025-W50,Fri,2,19,3.99,Woodlands,Woodlands,6,66.03,16.55,SGD
drv_mei_sg_11,Mei Lin Tan,firefighter,2025-12-12,2025-12,2025-W50,Fri,3,0,3.43,Jurong_East,Jurong East,6,56.75,16.55,SGD
drv_mei_sg_11,Mei Lin Tan,firefighter,2025-12-14,2025-12,2025-W50,Sun,1,8,3.72,Changi_Airport,Changi Airport,5,39.38,10.59,SGD
drv_mei_sg_11,Mei Lin Tan,firefighter,2025-12-14,2025-12,2025-W50,Sun,2,19,4.22,Jurong_East,Jurong East,6,44.71,10.59,SGD
drv_mei_sg_11,Mei Lin Tan,firefighter,2025-12-14,2025-12,2025-W50,Sun,3,21,3.56,Woodlands,Woodlands,5,37.71,10.59,SGD
drv_mei_sg_11,Mei Lin Tan,firefighter,2025-12-15,2025-12,2025-W51,Mon,1,8,3.55,CBD_Raffles,CBD / Raffles Place,4,28.17,7.94,SGD
drv_mei_sg_11,Mei Lin Tan,firefighter,2025-12-15,2025-12,2025-W51,Mon,2,18,3.09,CBD_Raffles,CBD / Raffles Place,4,24.51,7.93,SGD
drv_mei_sg_11,Mei Lin Tan,firefighter,2025-12-15,2025-12,2025-W51,Mon,3,23,2.96,Changi_Airport,Changi Airport,4,23.43,7.92,SGD
drv_mei_sg_11,Mei Lin Tan,firefighter,2025-12-16,2025-12,2025-W51,Tue,1,7,3.47,CBD_Raffles,CBD / Raffles Place,7,29.81,8.59,SGD
drv_mei_sg_11,Mei Lin Tan,firefighter,2025-12-16,2025-12,2025-W51,Tue,2,20,3.02,CBD_Raffles,CBD / Raffles Place,6,25.97,8.6,SGD
drv_mei_sg_11,Mei Lin Tan,firefighter,2025-12-16,2025-12,2025-W51,Tue,3,23,3.81,Woodlands,Woodlands,7,32.7,8.58,SGD
drv_mei_sg_11,Mei Lin Tan,firefighter,2025-12-17,2025-12,2025-W51,Wed,1,8,3.61,Changi_Airport,Changi Airport,4,78.82,21.83,SGD
drv_mei_sg_11,Mei Lin Tan,firefighter,2025-12-17,2025-12,2025-W51,Wed,2,19,3.39,Jurong_East,Jurong East,4,74.01,21.83,SGD
drv_mei_sg_11,Mei Lin Tan,firefighter,2025-12-18,2025-12,2025-W51,Thu,1,7,3.84,CBD_Raffles,CBD / Raffles Place,12,75.01,19.53,SGD
drv_mei_sg_11,Mei Lin Tan,firefighter,2025-12-18,2025-12,2025-W51,Thu,2,22,4.06,Jurong_East,Jurong East,12,79.46,19.57,SGD
drv_mei_sg_11,Mei Lin Tan,firefighter,2025-12-19,2025-12,2025-W51,Fri,1,9,4.21,Woodlands,Woodlands,7,82.93,19.7,SGD
drv_mei_sg_11,Mei Lin Tan,firefighter,2025-12-19,2025-12,2025-W51,Fri,2,20,3.2,Changi_Airport,Changi Airport,6,62.98,19.68,SGD
drv_mei_sg_11,Mei Lin Tan,firefighter,2025-12-19,2025-12,2025-W51,Fri,3,23,3.39,Woodlands,Woodlands,6,66.61,19.65,SGD
drv_mei_sg_11,Mei Lin Tan,firefighter,2025-12-21,2025-12,2025-W51,Sun,1,20,2.94,Woodlands,Woodlands,8,78.89,26.83,SGD
drv_mei_sg_11,Mei Lin Tan,firefighter,2025-12-21,2025-12,2025-W51,Sun,2,22,4.26,Jurong_East,Jurong East,12,114.17,26.8,SGD
drv_mei_sg_11,Mei Lin Tan,firefighter,2025-12-22,2025-12,2025-W52,Mon,1,8,2.63,CBD_Raffles,CBD / Raffles Place,9,64.35,24.47,SGD
drv_mei_sg_11,Mei Lin Tan,firefighter,2025-12-22,2025-12,2025-W52,Mon,2,23,3.57,CBD_Raffles,CBD / Raffles Place,13,87.1,24.4,SGD
drv_mei_sg_11,Mei Lin Tan,firefighter,2025-12-23,2025-12,2025-W52,Tue,1,9,2.83,Woodlands,Woodlands,10,96.01,33.93,SGD
drv_mei_sg_11,Mei Lin Tan,firefighter,2025-12-23,2025-12,2025-W52,Tue,2,23,3.17,CBD_Raffles,CBD / Raffles Place,12,107.55,33.93,SGD
drv_mei_sg_11,Mei Lin Tan,firefighter,2025-12-24,2025-12,2025-W52,Wed,1,9,3.83,Changi_Airport,Changi Airport,6,96.34,25.15,SGD
drv_mei_sg_11,Mei Lin Tan,firefighter,2025-12-24,2025-12,2025-W52,Wed,2,18,3.57,Jurong_East,Jurong East,6,89.73,25.13,SGD
drv_mei_sg_11,Mei Lin Tan,firefighter,2025-12-25,2025-12,2025-W52,Thu,1,8,4.27,Woodlands,Woodlands,4,75.39,17.66,SGD
drv_mei_sg_11,Mei Lin Tan,firefighter,2025-12-25,2025-12,2025-W52,Thu,2,17,3.37,Changi_Airport,Changi Airport,3,59.6,17.69,SGD
drv_mei_sg_11,Mei Lin Tan,firefighter,2025-12-25,2025-12,2025-W52,Thu,3,23,4.16,Woodlands,Woodlands,4,73.43,17.65,SGD
drv_mei_sg_11,Mei Lin Tan,firefighter,2025-12-26,2025-12,2025-W52,Fri,1,8,3.55,CBD_Raffles,CBD / Raffles Place,10,141.44,39.84,SGD
drv_mei_sg_11,Mei Lin Tan,firefighter,2025-12-26,2025-12,2025-W52,Fri,2,23,3.05,Changi_Airport,Changi Airport,8,121.56,39.86,SGD
drv_mei_sg_11,Mei Lin Tan,firefighter,2025-12-28,2025-12,2025-W52,Sun,1,8,3.19,Woodlands,Woodlands,5,84.14,26.38,SGD
drv_mei_sg_11,Mei Lin Tan,firefighter,2025-12-28,2025-12,2025-W52,Sun,2,18,2.87,Woodlands,Woodlands,5,75.61,26.34,SGD
drv_mei_sg_11,Mei Lin Tan,firefighter,2025-12-28,2025-12,2025-W52,Sun,3,23,2.84,Woodlands,Woodlands,5,74.67,26.29,SGD
drv_mei_sg_11,Mei Lin Tan,firefighter,2025-12-29,2025-12,2026-W01,Mon,1,20,3.81,Changi_Airport,Changi Airport,7,105.39,27.66,SGD
drv_mei_sg_11,Mei Lin Tan,firefighter,2025-12-29,2025-12,2026-W01,Mon,2,22,3.19,Jurong_East,Jurong East,5,88.05,27.6,SGD
drv_mei_sg_11,Mei Lin Tan,firefighter,2025-12-30,2025-12,2026-W01,Tue,1,8,3.08,Changi_Airport,Changi Airport,5,57.59,18.7,SGD
drv_mei_sg_11,Mei Lin Tan,firefighter,2025-12-30,2025-12,2026-W01,Tue,2,17,2.96,Jurong_East,Jurong East,5,55.32,18.69,SGD
drv_mei_sg_11,Mei Lin Tan,firefighter,2025-12-30,2025-12,2026-W01,Tue,3,21,2.67,Jurong_East,Jurong East,5,49.96,18.71,SGD
drv_mei_sg_11,Mei Lin Tan,firefighter,2025-12-31,2025-12,2026-W01,Wed,1,7,3.5,CBD_Raffles,CBD / Raffles Place,11,90.06,25.73,SGD
drv_mei_sg_11,Mei Lin Tan,firefighter,2025-12-31,2025-12,2026-W01,Wed,2,19,3.7,Woodlands,Woodlands,11,94.95,25.66,SGD
drv_mei_sg_11,Mei Lin Tan,firefighter,2026-01-01,2026-01,2026-W01,Thu,1,9,3.13,Jurong_East,Jurong East,6,121.29,38.75,SGD
drv_mei_sg_11,Mei Lin Tan,firefighter,2026-01-01,2026-01,2026-W01,Thu,2,20,2.97,Changi_Airport,Changi Airport,5,114.83,38.66,SGD
drv_mei_sg_11,Mei Lin Tan,firefighter,2026-01-02,2026-01,2026-W01,Fri,1,8,3.51,Woodlands,Woodlands,4,74.61,21.26,SGD
drv_mei_sg_11,Mei Lin Tan,firefighter,2026-01-02,2026-01,2026-W01,Fri,2,20,3.66,Jurong_East,Jurong East,5,77.69,21.23,SGD
drv_mei_sg_11,Mei Lin Tan,firefighter,2026-01-02,2026-01,2026-W01,Fri,3,22,3.03,Jurong_East,Jurong East,4,64.23,21.2,SGD
drv_mei_sg_11,Mei Lin Tan,firefighter,2026-01-04,2026-01,2026-W01,Sun,1,9,3.5,Woodlands,Woodlands,4,61.44,17.55,SGD
drv_mei_sg_11,Mei Lin Tan,firefighter,2026-01-04,2026-01,2026-W01,Sun,2,18,2.97,CBD_Raffles,CBD / Raffles Place,3,52.28,17.6,SGD
drv_mei_sg_11,Mei Lin Tan,firefighter,2026-01-04,2026-01,2026-W01,Sun,3,21,3.03,Woodlands,Woodlands,4,53.23,17.57,SGD
drv_mei_sg_11,Mei Lin Tan,firefighter,2026-01-05,2026-01,2026-W02,Mon,1,20,3.64,CBD_Raffles,CBD / Raffles Place,4,85.59,23.51,SGD
drv_mei_sg_11,Mei Lin Tan,firefighter,2026-01-05,2026-01,2026-W02,Mon,2,23,3.86,Woodlands,Woodlands,4,90.94,23.56,SGD
drv_mei_sg_11,Mei Lin Tan,firefighter,2026-01-06,2026-01,2026-W02,Tue,1,7,3.37,Woodlands,Woodlands,4,76.79,22.79,SGD
drv_mei_sg_11,Mei Lin Tan,firefighter,2026-01-06,2026-01,2026-W02,Tue,2,0,4.03,Woodlands,Woodlands,4,91.78,22.77,SGD
drv_mei_sg_11,Mei Lin Tan,firefighter,2026-01-07,2026-01,2026-W02,Wed,1,17,3.71,Changi_Airport,Changi Airport,11,78.66,21.2,SGD
drv_mei_sg_11,Mei Lin Tan,firefighter,2026-01-07,2026-01,2026-W02,Wed,2,21,3.79,Woodlands,Woodlands,12,80.39,21.21,SGD
drv_mei_sg_11,Mei Lin Tan,firefighter,2026-01-08,2026-01,2026-W02,Thu,1,9,3.08,Changi_Airport,Changi Airport,8,54.15,17.58,SGD
drv_mei_sg_11,Mei Lin Tan,firefighter,2026-01-08,2026-01,2026-W02,Thu,2,17,3.23,Changi_Airport,Changi Airport,8,56.86,17.6,SGD
drv_mei_sg_11,Mei Lin Tan,firefighter,2026-01-08,2026-01,2026-W02,Thu,3,23,3.49,Jurong_East,Jurong East,9,61.35,17.58,SGD
drv_mei_sg_11,Mei Lin Tan,firefighter,2026-01-09,2026-01,2026-W02,Fri,1,9,2.68,Jurong_East,Jurong East,3,71.76,26.78,SGD
drv_mei_sg_11,Mei Lin Tan,firefighter,2026-01-09,2026-01,2026-W02,Fri,2,19,2.82,Woodlands,Woodlands,3,75.41,26.74,SGD
drv_mei_sg_11,Mei Lin Tan,firefighter,2026-01-09,2026-01,2026-W02,Fri,3,23,2.8,Changi_Airport,Changi Airport,3,74.91,26.75,SGD
drv_mei_sg_11,Mei Lin Tan,firefighter,2026-01-11,2026-01,2026-W02,Sun,1,7,3.06,Woodlands,Woodlands,7,50.79,16.6,SGD
drv_mei_sg_11,Mei Lin Tan,firefighter,2026-01-11,2026-01,2026-W02,Sun,2,18,4.02,Changi_Airport,Changi Airport,9,66.7,16.59,SGD
drv_mei_sg_11,Mei Lin Tan,firefighter,2026-01-11,2026-01,2026-W02,Sun,3,21,3.12,Woodlands,Woodlands,7,51.78,16.6,SGD
drv_mei_sg_11,Mei Lin Tan,firefighter,2026-01-12,2026-01,2026-W03,Mon,1,7,3.03,Woodlands,Woodlands,5,42.24,13.94,SGD
drv_mei_sg_11,Mei Lin Tan,firefighter,2026-01-12,2026-01,2026-W03,Mon,2,19,2.88,Woodlands,Woodlands,5,40.19,13.95,SGD
drv_mei_sg_11,Mei Lin Tan,firefighter,2026-01-12,2026-01,2026-W03,Mon,3,21,2.69,CBD_Raffles,CBD / Raffles Place,5,37.48,13.93,SGD
drv_mei_sg_11,Mei Lin Tan,firefighter,2026-01-13,2026-01,2026-W03,Tue,1,9,3.82,Woodlands,Woodlands,7,67.58,17.69,SGD
drv_mei_sg_11,Mei Lin Tan,firefighter,2026-01-13,2026-01,2026-W03,Tue,2,21,3.78,Jurong_East,Jurong East,6,66.99,17.72,SGD
drv_mei_sg_11,Mei Lin Tan,firefighter,2026-01-14,2026-01,2026-W03,Wed,1,8,3.25,Changi_Airport,Changi Airport,6,43.11,13.26,SGD
drv_mei_sg_11,Mei Lin Tan,firefighter,2026-01-14,2026-01,2026-W03,Wed,2,19,3.68,Changi_Airport,Changi Airport,6,48.82,13.27,SGD
drv_mei_sg_11,Mei Lin Tan,firefighter,2026-01-14,2026-01,2026-W03,Wed,3,23,3.57,Changi_Airport,Changi Airport,6,47.26,13.24,SGD
drv_mei_sg_11,Mei Lin Tan,firefighter,2026-01-15,2026-01,2026-W03,Thu,1,9,2.95,Jurong_East,Jurong East,8,53.71,18.21,SGD
drv_mei_sg_11,Mei Lin Tan,firefighter,2026-01-15,2026-01,2026-W03,Thu,2,17,3.44,Woodlands,Woodlands,9,62.59,18.19,SGD
drv_mei_sg_11,Mei Lin Tan,firefighter,2026-01-15,2026-01,2026-W03,Thu,3,0,3.01,Woodlands,Woodlands,8,54.91,18.24,SGD
drv_mei_sg_11,Mei Lin Tan,firefighter,2026-01-16,2026-01,2026-W03,Fri,1,7,2.7,Woodlands,Woodlands,5,57.21,21.19,SGD
drv_mei_sg_11,Mei Lin Tan,firefighter,2026-01-16,2026-01,2026-W03,Fri,2,19,2.91,Changi_Airport,Changi Airport,6,61.77,21.23,SGD
drv_mei_sg_11,Mei Lin Tan,firefighter,2026-01-16,2026-01,2026-W03,Fri,3,21,2.79,Jurong_East,Jurong East,6,59.28,21.25,SGD
drv_mei_sg_11,Mei Lin Tan,firefighter,2026-01-18,2026-01,2026-W03,Sun,1,9,3.34,Jurong_East,Jurong East,9,72.26,21.63,SGD
drv_mei_sg_11,Mei Lin Tan,firefighter,2026-01-18,2026-01,2026-W03,Sun,2,19,3.09,Woodlands,Woodlands,8,66.87,21.64,SGD
drv_mei_sg_11,Mei Lin Tan,firefighter,2026-01-18,2026-01,2026-W03,Sun,3,0,2.77,CBD_Raffles,CBD / Raffles Place,7,59.86,21.61,SGD
drv_mei_sg_11,Mei Lin Tan,firefighter,2026-01-19,2026-01,2026-W04,Mon,1,8,3.93,CBD_Raffles,CBD / Raffles Place,5,43.9,11.17,SGD
drv_mei_sg_11,Mei Lin Tan,firefighter,2026-01-19,2026-01,2026-W04,Mon,2,19,4.22,Changi_Airport,Changi Airport,6,47.17,11.18,SGD
drv_mei_sg_11,Mei Lin Tan,firefighter,2026-01-19,2026-01,2026-W04,Mon,3,0,3.65,Changi_Airport,Changi Airport,5,40.85,11.19,SGD
drv_mei_sg_11,Mei Lin Tan,firefighter,2026-01-20,2026-01,2026-W04,Tue,1,9,4.08,Woodlands,Woodlands,4,26.31,6.45,SGD
drv_mei_sg_11,Mei Lin Tan,firefighter,2026-01-20,2026-01,2026-W04,Tue,2,18,3.88,Changi_Airport,Changi Airport,4,25.03,6.45,SGD
drv_mei_sg_11,Mei Lin Tan,firefighter,2026-01-20,2026-01,2026-W04,Tue,3,21,3.93,Woodlands,Woodlands,4,25.36,6.45,SGD
drv_mei_sg_11,Mei Lin Tan,firefighter,2026-01-21,2026-01,2026-W04,Wed,1,19,3.63,Jurong_East,Jurong East,12,81.27,22.39,SGD
drv_mei_sg_11,Mei Lin Tan,firefighter,2026-01-21,2026-01,2026-W04,Wed,2,23,3.67,CBD_Raffles,CBD / Raffles Place,12,82.06,22.36,SGD
drv_mei_sg_11,Mei Lin Tan,firefighter,2026-01-22,2026-01,2026-W04,Thu,1,9,3.31,Jurong_East,Jurong East,9,78.21,23.63,SGD
drv_mei_sg_11,Mei Lin Tan,firefighter,2026-01-22,2026-01,2026-W04,Thu,2,19,4.39,Woodlands,Woodlands,13,103.47,23.57,SGD
drv_mei_sg_11,Mei Lin Tan,firefighter,2026-01-23,2026-01,2026-W04,Fri,1,7,3.96,Changi_Airport,Changi Airport,14,142.82,36.07,SGD
drv_mei_sg_11,Mei Lin Tan,firefighter,2026-01-23,2026-01,2026-W04,Fri,2,18,3.04,Changi_Airport,Changi Airport,10,109.79,36.12,SGD
drv_mei_sg_11,Mei Lin Tan,firefighter,2026-01-25,2026-01,2026-W04,Sun,1,8,3.89,Changi_Airport,Changi Airport,5,70.1,18.02,SGD
drv_mei_sg_11,Mei Lin Tan,firefighter,2026-01-25,2026-01,2026-W04,Sun,2,20,4.02,Changi_Airport,Changi Airport,5,72.44,18.02,SGD
drv_mei_sg_11,Mei Lin Tan,firefighter,2026-01-25,2026-01,2026-W04,Sun,3,22,3.2,Changi_Airport,Changi Airport,4,57.7,18.03,SGD
drv_mei_sg_11,Mei Lin Tan,firefighter,2026-01-26,2026-01,2026-W05,Mon,1,9,3.71,Jurong_East,Jurong East,6,53.34,14.38,SGD
drv_mei_sg_11,Mei Lin Tan,firefighter,2026-01-26,2026-01,2026-W05,Mon,2,17,2.8,Woodlands,Woodlands,4,40.23,14.37,SGD
drv_mei_sg_11,Mei Lin Tan,firefighter,2026-01-26,2026-01,2026-W05,Mon,3,23,3.18,Changi_Airport,Changi Airport,5,45.71,14.37,SGD
drv_mei_sg_11,Mei Lin Tan,firefighter,2026-01-27,2026-01,2026-W05,Tue,1,8,2.53,Changi_Airport,Changi Airport,3,50.98,20.15,SGD
drv_mei_sg_11,Mei Lin Tan,firefighter,2026-01-27,2026-01,2026-W05,Tue,2,19,2.75,Jurong_East,Jurong East,3,55.48,20.17,SGD
drv_mei_sg_11,Mei Lin Tan,firefighter,2026-01-27,2026-01,2026-W05,Tue,3,0,3.42,CBD_Raffles,CBD / Raffles Place,4,69.06,20.19,SGD
drv_mei_sg_11,Mei Lin Tan,firefighter,2026-01-28,2026-01,2026-W05,Wed,1,8,3.72,Jurong_East,Jurong East,10,82.71,22.23,SGD
drv_mei_sg_11,Mei Lin Tan,firefighter,2026-01-28,2026-01,2026-W05,Wed,2,20,3.58,Changi_Airport,Changi Airport,9,79.75,22.28,SGD
drv_mei_sg_11,Mei Lin Tan,firefighter,2026-01-29,2026-01,2026-W05,Thu,1,7,2.94,Jurong_East,Jurong East,3,54.21,18.44,SGD
drv_mei_sg_11,Mei Lin Tan,firefighter,2026-01-29,2026-01,2026-W05,Thu,2,18,3.14,Changi_Airport,Changi Airport,3,58.01,18.47,SGD
drv_mei_sg_11,Mei Lin Tan,firefighter,2026-01-29,2026-01,2026-W05,Thu,3,23,3.02,Changi_Airport,Changi Airport,3,55.74,18.46,SGD
drv_mei_sg_11,Mei Lin Tan,firefighter,2026-01-30,2026-01,2026-W05,Fri,1,8,3.96,Jurong_East,Jurong East,3,82.64,20.87,SGD
drv_mei_sg_11,Mei Lin Tan,firefighter,2026-01-30,2026-01,2026-W05,Fri,2,20,3.29,CBD_Raffles,CBD / Raffles Place,3,68.79,20.91,SGD
drv_mei_sg_11,Mei Lin Tan,firefighter,2026-01-30,2026-01,2026-W05,Fri,3,23,4.35,Woodlands,Woodlands,3,90.91,20.9,SGD
drv_mei_sg_11,Mei Lin Tan,firefighter,2026-02-01,2026-02,2026-W05,Sun,1,8,3.98,CBD_Raffles,CBD / Raffles Place,6,99.77,25.07,SGD
drv_mei_sg_11,Mei Lin Tan,firefighter,2026-02-01,2026-02,2026-W05,Sun,2,23,3.72,CBD_Raffles,CBD / Raffles Place,5,93.09,25.02,SGD
drv_mei_sg_11,Mei Lin Tan,firefighter,2026-02-02,2026-02,2026-W06,Mon,1,8,3.63,Changi_Airport,Changi Airport,4,47.0,12.95,SGD
drv_mei_sg_11,Mei Lin Tan,firefighter,2026-02-02,2026-02,2026-W06,Mon,2,18,3.48,CBD_Raffles,CBD / Raffles Place,4,45.09,12.96,SGD
drv_mei_sg_11,Mei Lin Tan,firefighter,2026-02-02,2026-02,2026-W06,Mon,3,23,3.69,CBD_Raffles,CBD / Raffles Place,4,47.73,12.93,SGD
drv_mei_sg_11,Mei Lin Tan,firefighter,2026-02-03,2026-02,2026-W06,Tue,1,18,3.33,Changi_Airport,Changi Airport,5,41.56,12.48,SGD
drv_mei_sg_11,Mei Lin Tan,firefighter,2026-02-03,2026-02,2026-W06,Tue,2,21,3.47,Jurong_East,Jurong East,6,43.36,12.5,SGD
drv_mei_sg_11,Mei Lin Tan,firefighter,2026-02-04,2026-02,2026-W06,Wed,1,9,2.82,CBD_Raffles,CBD / Raffles Place,3,59.51,21.1,SGD
drv_mei_sg_11,Mei Lin Tan,firefighter,2026-02-04,2026-02,2026-W06,Wed,2,17,3.49,Changi_Airport,Changi Airport,4,73.64,21.1,SGD
drv_mei_sg_11,Mei Lin Tan,firefighter,2026-02-04,2026-02,2026-W06,Wed,3,23,3.49,Changi_Airport,Changi Airport,4,73.54,21.07,SGD
drv_mei_sg_11,Mei Lin Tan,firefighter,2026-02-05,2026-02,2026-W06,Thu,1,8,3.51,Woodlands,Woodlands,8,75.94,21.64,SGD
drv_mei_sg_11,Mei Lin Tan,firefighter,2026-02-05,2026-02,2026-W06,Thu,2,0,2.69,Woodlands,Woodlands,6,58.1,21.6,SGD
drv_mei_sg_11,Mei Lin Tan,firefighter,2026-02-06,2026-02,2026-W06,Fri,1,18,3.23,Woodlands,Woodlands,10,88.17,27.3,SGD
drv_mei_sg_11,Mei Lin Tan,firefighter,2026-02-06,2026-02,2026-W06,Fri,2,22,3.07,Woodlands,Woodlands,10,84.03,27.37,SGD
drv_mei_sg_11,Mei Lin Tan,firefighter,2026-02-08,2026-02,2026-W06,Sun,1,18,3.56,CBD_Raffles,CBD / Raffles Place,10,102.2,28.71,SGD
drv_mei_sg_11,Mei Lin Tan,firefighter,2026-02-08,2026-02,2026-W06,Sun,2,0,3.14,Jurong_East,Jurong East,9,90.16,28.71,SGD
drv_mei_sg_11,Mei Lin Tan,firefighter,2026-02-09,2026-02,2026-W07,Mon,1,7,3.45,Changi_Airport,Changi Airport,9,64.57,18.72,SGD
drv_mei_sg_11,Mei Lin Tan,firefighter,2026-02-09,2026-02,2026-W07,Mon,2,23,3.55,Changi_Airport,Changi Airport,9,66.47,18.72,SGD
drv_mei_sg_11,Mei Lin Tan,firefighter,2026-02-10,2026-02,2026-W07,Tue,1,7,3.52,CBD_Raffles,CBD / Raffles Place,8,50.95,14.47,SGD
drv_mei_sg_11,Mei Lin Tan,firefighter,2026-02-10,2026-02,2026-W07,Tue,2,19,2.89,Woodlands,Woodlands,6,41.91,14.5,SGD
drv_mei_sg_11,Mei Lin Tan,firefighter,2026-02-10,2026-02,2026-W07,Tue,3,0,3.69,Jurong_East,Jurong East,8,53.43,14.48,SGD
drv_mei_sg_11,Mei Lin Tan,firefighter,2026-02-11,2026-02,2026-W07,Wed,1,8,3.76,Jurong_East,Jurong East,4,28.73,7.64,SGD
drv_mei_sg_11,Mei Lin Tan,firefighter,2026-02-11,2026-02,2026-W07,Wed,2,18,3.0,Woodlands,Woodlands,3,22.88,7.63,SGD
drv_mei_sg_11,Mei Lin Tan,firefighter,2026-02-11,2026-02,2026-W07,Wed,3,22,2.94,Woodlands,Woodlands,3,22.48,7.65,SGD
drv_mei_sg_11,Mei Lin Tan,firefighter,2026-02-12,2026-02,2026-W07,Thu,1,9,3.98,CBD_Raffles,CBD / Raffles Place,6,110.52,27.77,SGD
drv_mei_sg_11,Mei Lin Tan,firefighter,2026-02-12,2026-02,2026-W07,Thu,2,22,3.12,CBD_Raffles,CBD / Raffles Place,5,86.45,27.71,SGD
drv_mei_sg_11,Mei Lin Tan,firefighter,2026-02-13,2026-02,2026-W07,Fri,1,9,3.24,Changi_Airport,Changi Airport,5,52.93,16.34,SGD
drv_mei_sg_11,Mei Lin Tan,firefighter,2026-02-13,2026-02,2026-W07,Fri,2,20,3.83,Woodlands,Woodlands,5,62.62,16.35,SGD
drv_mei_sg_11,Mei Lin Tan,firefighter,2026-02-13,2026-02,2026-W07,Fri,3,21,2.73,Changi_Airport,Changi Airport,4,44.67,16.36,SGD
drv_mei_sg_11,Mei Lin Tan,firefighter,2026-02-15,2026-02,2026-W07,Sun,1,8,3.52,Jurong_East,Jurong East,4,48.22,13.7,SGD
drv_mei_sg_11,Mei Lin Tan,firefighter,2026-02-15,2026-02,2026-W07,Sun,2,21,4.18,Changi_Airport,Changi Airport,5,57.39,13.73,SGD
drv_mei_sg_11,Mei Lin Tan,firefighter,2026-02-16,2026-02,2026-W08,Mon,1,9,3.93,CBD_Raffles,CBD / Raffles Place,6,36.45,9.27,SGD
drv_mei_sg_11,Mei Lin Tan,firefighter,2026-02-16,2026-02,2026-W08,Mon,2,18,4.0,Changi_Airport,Changi Airport,7,37.07,9.27,SGD
drv_mei_sg_11,Mei Lin Tan,firefighter,2026-02-16,2026-02,2026-W08,Mon,3,22,2.97,CBD_Raffles,CBD / Raffles Place,5,27.58,9.29,SGD
drv_mei_sg_11,Mei Lin Tan,firefighter,2026-02-17,2026-02,2026-W08,Tue,1,8,2.97,Changi_Airport,Changi Airport,4,30.61,10.31,SGD
drv_mei_sg_11,Mei Lin Tan,firefighter,2026-02-17,2026-02,2026-W08,Tue,2,18,3.52,Changi_Airport,Changi Airport,4,36.28,10.31,SGD
drv_mei_sg_11,Mei Lin Tan,firefighter,2026-02-17,2026-02,2026-W08,Tue,3,0,3.11,Woodlands,Woodlands,4,32.12,10.33,SGD
drv_mei_sg_11,Mei Lin Tan,firefighter,2026-02-18,2026-02,2026-W08,Wed,1,8,3.75,Changi_Airport,Changi Airport,8,38.54,10.28,SGD
drv_mei_sg_11,Mei Lin Tan,firefighter,2026-02-18,2026-02,2026-W08,Wed,2,17,3.35,Woodlands,Woodlands,8,34.49,10.3,SGD
drv_mei_sg_11,Mei Lin Tan,firefighter,2026-02-19,2026-02,2026-W08,Thu,1,9,3.49,CBD_Raffles,CBD / Raffles Place,9,62.64,17.95,SGD
drv_mei_sg_11,Mei Lin Tan,firefighter,2026-02-19,2026-02,2026-W08,Thu,2,23,4.11,Woodlands,Woodlands,11,73.79,17.95,SGD
drv_mei_sg_11,Mei Lin Tan,firefighter,2026-02-20,2026-02,2026-W08,Fri,1,8,2.75,CBD_Raffles,CBD / Raffles Place,4,73.72,26.81,SGD
drv_mei_sg_11,Mei Lin Tan,firefighter,2026-02-20,2026-02,2026-W08,Fri,2,19,3.27,Jurong_East,Jurong East,5,87.73,26.83,SGD
drv_mei_sg_11,Mei Lin Tan,firefighter,2026-02-20,2026-02,2026-W08,Fri,3,21,2.98,CBD_Raffles,CBD / Raffles Place,4,79.95,26.83,SGD
drv_mei_sg_11,Mei Lin Tan,firefighter,2026-02-22,2026-02,2026-W08,Sun,1,9,3.87,Changi_Airport,Changi Airport,10,101.85,26.32,SGD
drv_mei_sg_11,Mei Lin Tan,firefighter,2026-02-22,2026-02,2026-W08,Sun,2,0,3.03,Jurong_East,Jurong East,8,79.52,26.24,SGD
drv_mei_sg_11,Mei Lin Tan,firefighter,2026-02-23,2026-02,2026-W09,Mon,1,8,4.16,Changi_Airport,Changi Airport,4,56.97,13.69,SGD
drv_mei_sg_11,Mei Lin Tan,firefighter,2026-02-23,2026-02,2026-W09,Mon,2,18,4.33,Jurong_East,Jurong East,4,59.38,13.71,SGD
drv_mei_sg_11,Mei Lin Tan,firefighter,2026-02-23,2026-02,2026-W09,Mon,3,23,3.31,CBD_Raffles,CBD / Raffles Place,3,45.43,13.73,SGD
drv_mei_sg_11,Mei Lin Tan,firefighter,2026-02-24,2026-02,2026-W09,Tue,1,19,4.02,CBD_Raffles,CBD / Raffles Place,7,34.82,8.66,SGD
drv_mei_sg_11,Mei Lin Tan,firefighter,2026-02-24,2026-02,2026-W09,Tue,2,0,3.38,CBD_Raffles,CBD / Raffles Place,6,29.32,8.67,SGD
drv_mei_sg_11,Mei Lin Tan,firefighter,2026-02-25,2026-02,2026-W09,Wed,1,8,3.38,Changi_Airport,Changi Airport,5,67.6,20.0,SGD
drv_mei_sg_11,Mei Lin Tan,firefighter,2026-02-25,2026-02,2026-W09,Wed,2,20,3.16,Woodlands,Woodlands,5,63.16,19.99,SGD
drv_mei_sg_11,Mei Lin Tan,firefighter,2026-02-25,2026-02,2026-W09,Wed,3,23,2.97,CBD_Raffles,CBD / Raffles Place,5,59.39,20.0,SGD
drv_mei_sg_11,Mei Lin Tan,firefighter,2026-02-26,2026-02,2026-W09,Thu,1,9,2.92,Changi_Airport,Changi Airport,6,79.12,27.1,SGD
drv_mei_sg_11,Mei Lin Tan,firefighter,2026-02-26,2026-02,2026-W09,Thu,2,17,3.18,Woodlands,Woodlands,7,85.91,27.02,SGD
drv_mei_sg_11,Mei Lin Tan,firefighter,2026-02-27,2026-02,2026-W09,Fri,1,8,2.79,CBD_Raffles,CBD / Raffles Place,3,68.44,24.53,SGD
drv_mei_sg_11,Mei Lin Tan,firefighter,2026-02-27,2026-02,2026-W09,Fri,2,19,3.42,Woodlands,Woodlands,3,83.86,24.52,SGD
drv_mei_sg_11,Mei Lin Tan,firefighter,2026-02-27,2026-02,2026-W09,Fri,3,0,3.2,Jurong_East,Jurong East,3,78.5,24.53,SGD
drv_mei_sg_11,Mei Lin Tan,firefighter,2026-03-01,2026-03,2026-W09,Sun,1,7,3.16,CBD_Raffles,CBD / Raffles Place,2,61.91,19.59,SGD
drv_mei_sg_11,Mei Lin Tan,firefighter,2026-03-01,2026-03,2026-W09,Sun,2,18,3.82,Jurong_East,Jurong East,3,74.91,19.61,SGD
drv_mei_sg_11,Mei Lin Tan,firefighter,2026-03-01,2026-03,2026-W09,Sun,3,23,3.52,Changi_Airport,Changi Airport,3,68.97,19.59,SGD
drv_mei_sg_11,Mei Lin Tan,firefighter,2026-03-02,2026-03,2026-W10,Mon,1,7,3.89,CBD_Raffles,CBD / Raffles Place,4,24.56,6.31,SGD
drv_mei_sg_11,Mei Lin Tan,firefighter,2026-03-02,2026-03,2026-W10,Mon,2,17,3.14,Jurong_East,Jurong East,3,19.79,6.3,SGD
drv_mei_sg_11,Mei Lin Tan,firefighter,2026-03-02,2026-03,2026-W10,Mon,3,22,3.47,CBD_Raffles,CBD / Raffles Place,4,21.87,6.3,SGD
drv_mei_sg_11,Mei Lin Tan,firefighter,2026-03-03,2026-03,2026-W10,Tue,1,8,3.28,CBD_Raffles,CBD / Raffles Place,3,62.01,18.91,SGD
drv_mei_sg_11,Mei Lin Tan,firefighter,2026-03-03,2026-03,2026-W10,Tue,2,18,3.67,Jurong_East,Jurong East,3,69.32,18.89,SGD
drv_mei_sg_11,Mei Lin Tan,firefighter,2026-03-03,2026-03,2026-W10,Tue,3,0,3.15,Changi_Airport,Changi Airport,2,59.65,18.94,SGD
drv_mei_sg_11,Mei Lin Tan,firefighter,2026-03-04,2026-03,2026-W10,Wed,1,9,3.27,Changi_Airport,Changi Airport,4,49.91,15.26,SGD
drv_mei_sg_11,Mei Lin Tan,firefighter,2026-03-04,2026-03,2026-W10,Wed,2,19,4.0,Woodlands,Woodlands,5,61.16,15.29,SGD
drv_mei_sg_11,Mei Lin Tan,firefighter,2026-03-04,2026-03,2026-W10,Wed,3,0,4.13,Jurong_East,Jurong East,5,63.1,15.28,SGD
drv_mei_sg_11,Mei Lin Tan,firefighter,2026-03-05,2026-03,2026-W10,Thu,1,7,2.67,Jurong_East,Jurong East,4,58.75,22.0,SGD
drv_mei_sg_11,Mei Lin Tan,firefighter,2026-03-05,2026-03,2026-W10,Thu,2,20,2.85,Woodlands,Woodlands,4,62.67,21.99,SGD
drv_mei_sg_11,Mei Lin Tan,firefighter,2026-03-05,2026-03,2026-W10,Thu,3,22,2.68,Woodlands,Woodlands,4,58.91,21.98,SGD
drv_mei_sg_11,Mei Lin Tan,firefighter,2026-03-06,2026-03,2026-W10,Fri,1,7,4.28,Changi_Airport,Changi Airport,10,125.6,29.35,SGD
drv_mei_sg_11,Mei Lin Tan,firefighter,2026-03-06,2026-03,2026-W10,Fri,2,17,3.22,CBD_Raffles,CBD / Raffles Place,7,94.58,29.37,SGD
drv_mei_sg_11,Mei Lin Tan,firefighter,2026-03-08,2026-03,2026-W10,Sun,1,8,3.69,Changi_Airport,Changi Airport,7,83.9,22.74,SGD
drv_mei_sg_11,Mei Lin Tan,firefighter,2026-03-08,2026-03,2026-W10,Sun,2,21,3.11,CBD_Raffles,CBD / Raffles Place,5,70.89,22.79,SGD
drv_mei_sg_11,Mei Lin Tan,firefighter,2026-03-09,2026-03,2026-W11,Mon,1,8,2.74,Changi_Airport,Changi Airport,4,40.67,14.84,SGD
drv_mei_sg_11,Mei Lin Tan,firefighter,2026-03-09,2026-03,2026-W11,Mon,2,19,3.55,Woodlands,Woodlands,5,52.68,14.84,SGD
drv_mei_sg_11,Mei Lin Tan,firefighter,2026-03-09,2026-03,2026-W11,Mon,3,21,3.61,Changi_Airport,Changi Airport,5,53.59,14.84,SGD
drv_mei_sg_11,Mei Lin Tan,firefighter,2026-03-10,2026-03,2026-W11,Tue,1,9,4.09,CBD_Raffles,CBD / Raffles Place,5,56.48,13.81,SGD
drv_mei_sg_11,Mei Lin Tan,firefighter,2026-03-10,2026-03,2026-W11,Tue,2,18,4.23,Jurong_East,Jurong East,5,58.37,13.8,SGD
drv_mei_sg_11,Mei Lin Tan,firefighter,2026-03-10,2026-03,2026-W11,Tue,3,23,3.08,CBD_Raffles,CBD / Raffles Place,4,42.45,13.78,SGD
drv_mei_sg_11,Mei Lin Tan,firefighter,2026-03-11,2026-03,2026-W11,Wed,1,7,4.06,Woodlands,Woodlands,5,35.75,8.81,SGD
drv_mei_sg_11,Mei Lin Tan,firefighter,2026-03-11,2026-03,2026-W11,Wed,2,19,3.75,Woodlands,Woodlands,5,33.04,8.81,SGD
drv_mei_sg_11,Mei Lin Tan,firefighter,2026-03-11,2026-03,2026-W11,Wed,3,23,3.6,Jurong_East,Jurong East,5,31.71,8.81,SGD
drv_mei_sg_11,Mei Lin Tan,firefighter,2026-03-12,2026-03,2026-W11,Thu,1,8,3.82,Changi_Airport,Changi Airport,4,21.96,5.75,SGD
drv_mei_sg_11,Mei Lin Tan,firefighter,2026-03-12,2026-03,2026-W11,Thu,2,17,3.58,CBD_Raffles,CBD / Raffles Place,4,20.59,5.75,SGD
drv_mei_sg_11,Mei Lin Tan,firefighter,2026-03-12,2026-03,2026-W11,Thu,3,21,3.7,Jurong_East,Jurong East,4,21.27,5.75,SGD
drv_mei_sg_11,Mei Lin Tan,firefighter,2026-03-13,2026-03,2026-W11,Fri,1,7,2.74,Woodlands,Woodlands,3,28.81,10.51,SGD
drv_mei_sg_11,Mei Lin Tan,firefighter,2026-03-13,2026-03,2026-W11,Fri,2,17,3.67,CBD_Raffles,CBD / Raffles Place,4,38.58,10.51,SGD
drv_mei_sg_11,Mei Lin Tan,firefighter,2026-03-13,2026-03,2026-W11,Fri,3,0,2.89,Jurong_East,Jurong East,3,30.43,10.53,SGD
drv_mei_sg_11,Mei Lin Tan,firefighter,2026-03-15,2026-03,2026-W11,Sun,1,8,3.9,Changi_Airport,Changi Airport,7,67.77,17.38,SGD
drv_mei_sg_11,Mei Lin Tan,firefighter,2026-03-15,2026-03,2026-W11,Sun,2,19,4.26,CBD_Raffles,CBD / Raffles Place,8,73.96,17.36,SGD
drv_mei_sg_11,Mei Lin Tan,firefighter,2026-03-15,2026-03,2026-W11,Sun,3,22,3.54,Jurong_East,Jurong East,6,61.43,17.35,SGD
drv_mei_sg_11,Mei Lin Tan,firefighter,2026-03-16,2026-03,2026-W12,Mon,1,8,3.72,Jurong_East,Jurong East,6,30.19,8.12,SGD
drv_mei_sg_11,Mei Lin Tan,firefighter,2026-03-16,2026-03,2026-W12,Mon,2,19,2.54,Changi_Airport,Changi Airport,4,20.59,8.11,SGD
drv_mei_sg_11,Mei Lin Tan,firefighter,2026-03-16,2026-03,2026-W12,Mon,3,22,2.84,CBD_Raffles,CBD / Raffles Place,4,23.01,8.1,SGD
drv_mei_sg_11,Mei Lin Tan,firefighter,2026-03-17,2026-03,2026-W12,Tue,1,9,3.05,Jurong_East,Jurong East,6,51.29,16.82,SGD
drv_mei_sg_11,Mei Lin Tan,firefighter,2026-03-17,2026-03,2026-W12,Tue,2,20,3.81,Changi_Airport,Changi Airport,7,64.14,16.83,SGD
drv_mei_sg_11,Mei Lin Tan,firefighter,2026-03-17,2026-03,2026-W12,Tue,3,0,2.84,Woodlands,Woodlands,6,47.77,16.82,SGD
drv_mei_sg_11,Mei Lin Tan,firefighter,2026-03-18,2026-03,2026-W12,Wed,1,7,2.65,CBD_Raffles,CBD / Raffles Place,3,46.2,17.43,SGD
drv_mei_sg_11,Mei Lin Tan,firefighter,2026-03-18,2026-03,2026-W12,Wed,2,18,3.27,Jurong_East,Jurong East,4,56.89,17.4,SGD
drv_mei_sg_11,Mei Lin Tan,firefighter,2026-03-18,2026-03,2026-W12,Wed,3,21,3.28,Jurong_East,Jurong East,4,57.09,17.41,SGD
drv_mei_sg_11,Mei Lin Tan,firefighter,2026-03-19,2026-03,2026-W12,Thu,1,19,3.18,Jurong_East,Jurong East,6,84.32,26.52,SGD
drv_mei_sg_11,Mei Lin Tan,firefighter,2026-03-19,2026-03,2026-W12,Thu,2,0,4.22,CBD_Raffles,CBD / Raffles Place,7,111.73,26.48,SGD
drv_mei_sg_11,Mei Lin Tan,firefighter,2026-03-20,2026-03,2026-W12,Fri,1,7,4.09,CBD_Raffles,CBD / Raffles Place,3,44.7,10.93,SGD
drv_mei_sg_11,Mei Lin Tan,firefighter,2026-03-20,2026-03,2026-W12,Fri,2,20,4.48,CBD_Raffles,CBD / Raffles Place,3,48.91,10.92,SGD
drv_mei_sg_11,Mei Lin Tan,firefighter,2026-03-20,2026-03,2026-W12,Fri,3,21,3.33,Woodlands,Woodlands,3,36.34,10.91,SGD
drv_mei_sg_11,Mei Lin Tan,firefighter,2026-03-22,2026-03,2026-W12,Sun,1,7,4.34,CBD_Raffles,CBD / Raffles Place,9,61.09,14.08,SGD
drv_mei_sg_11,Mei Lin Tan,firefighter,2026-03-22,2026-03,2026-W12,Sun,2,18,3.63,Jurong_East,Jurong East,7,51.05,14.06,SGD
drv_mei_sg_11,Mei Lin Tan,firefighter,2026-03-22,2026-03,2026-W12,Sun,3,0,3.82,Woodlands,Woodlands,8,53.78,14.08,SGD
drv_mei_sg_11,Mei Lin Tan,firefighter,2026-03-23,2026-03,2026-W13,Mon,1,9,3.02,Jurong_East,Jurong East,6,39.76,13.17,SGD
drv_mei_sg_11,Mei Lin Tan,firefighter,2026-03-23,2026-03,2026-W13,Mon,2,17,3.73,CBD_Raffles,CBD / Raffles Place,7,49.11,13.17,SGD
drv_mei_sg_11,Mei Lin Tan,firefighter,2026-03-23,2026-03,2026-W13,Mon,3,21,4.06,Changi_Airport,Changi Airport,8,53.46,13.17,SGD
drv_mei_sg_11,Mei Lin Tan,firefighter,2026-03-24,2026-03,2026-W13,Tue,1,18,3.66,Woodlands,Woodlands,4,65.65,17.94,SGD
drv_mei_sg_11,Mei Lin Tan,firefighter,2026-03-24,2026-03,2026-W13,Tue,2,23,3.14,Changi_Airport,Changi Airport,4,56.38,17.96,SGD
drv_mei_sg_11,Mei Lin Tan,firefighter,2026-03-25,2026-03,2026-W13,Wed,1,9,3.76,Changi_Airport,Changi Airport,3,30.52,8.12,SGD
drv_mei_sg_11,Mei Lin Tan,firefighter,2026-03-25,2026-03,2026-W13,Wed,2,20,3.27,Woodlands,Woodlands,2,26.55,8.12,SGD
drv_mei_sg_11,Mei Lin Tan,firefighter,2026-03-25,2026-03,2026-W13,Wed,3,22,4.47,Changi_Airport,Changi Airport,3,36.25,8.11,SGD
drv_mei_sg_11,Mei Lin Tan,firefighter,2026-03-26,2026-03,2026-W13,Thu,1,7,3.11,Changi_Airport,Changi Airport,9,71.85,23.1,SGD
drv_mei_sg_11,Mei Lin Tan,firefighter,2026-03-26,2026-03,2026-W13,Thu,2,0,2.99,CBD_Raffles,CBD / Raffles Place,8,68.97,23.07,SGD
drv_mei_sg_11,Mei Lin Tan,firefighter,2026-03-27,2026-03,2026-W13,Fri,1,9,2.63,Woodlands,Woodlands,6,72.94,27.73,SGD
drv_mei_sg_11,Mei Lin Tan,firefighter,2026-03-27,2026-03,2026-W13,Fri,2,19,2.34,Woodlands,Woodlands,5,64.88,27.73,SGD
drv_mei_sg_11,Mei Lin Tan,firefighter,2026-03-27,2026-03,2026-W13,Fri,3,21,3.12,Woodlands,Woodlands,7,86.45,27.71,SGD
drv_mei_sg_11,Mei Lin Tan,firefighter,2026-04-03,2026-04,2026-W14,Fri,1,7,3.41,Jurong_East,Jurong East,4,58.8,17.24,SGD
drv_mei_sg_11,Mei Lin Tan,firefighter,2026-04-03,2026-04,2026-W14,Fri,2,18,2.77,Jurong_East,Jurong East,4,47.85,17.27,SGD
drv_mei_sg_11,Mei Lin Tan,firefighter,2026-04-03,2026-04,2026-W14,Fri,3,22,3.22,CBD_Raffles,CBD / Raffles Place,4,55.45,17.22,SGD
drv_mei_sg_11,Mei Lin Tan,firefighter,2026-04-05,2026-04,2026-W14,Sun,1,9,3.47,CBD_Raffles,CBD / Raffles Place,4,61.26,17.65,SGD
drv_mei_sg_11,Mei Lin Tan,firefighter,2026-04-05,2026-04,2026-W14,Sun,2,20,3.23,Woodlands,Woodlands,4,56.95,17.63,SGD
drv_mei_sg_11,Mei Lin Tan,firefighter,2026-04-05,2026-04,2026-W14,Sun,3,0,4.3,Woodlands,Woodlands,5,75.96,17.67,SGD
drv_mei_sg_11,Mei Lin Tan,firefighter,2026-04-06,2026-04,2026-W15,Mon,1,8,4.45,Woodlands,Woodlands,9,56.25,12.64,SGD
drv_mei_sg_11,Mei Lin Tan,firefighter,2026-04-06,2026-04,2026-W15,Mon,2,17,3.61,CBD_Raffles,CBD / Raffles Place,7,45.59,12.63,SGD
drv_mei_sg_11,Mei Lin Tan,firefighter,2026-04-06,2026-04,2026-W15,Mon,3,23,3.94,Jurong_East,Jurong East,8,49.86,12.65,SGD
drv_mei_sg_11,Mei Lin Tan,firefighter,2026-04-07,2026-04,2026-W15,Tue,1,7,3.2,CBD_Raffles,CBD / Raffles Place,5,46.96,14.67,SGD
drv_mei_sg_11,Mei Lin Tan,firefighter,2026-04-07,2026-04,2026-W15,Tue,2,18,4.14,Changi_Airport,Changi Airport,6,60.87,14.7,SGD
drv_mei_sg_11,Mei Lin Tan,firefighter,2026-04-07,2026-04,2026-W15,Tue,3,21,3.56,Woodlands,Woodlands,6,52.24,14.67,SGD
drv_mei_sg_11,Mei Lin Tan,firefighter,2026-04-08,2026-04,2026-W15,Wed,1,9,4.22,Jurong_East,Jurong East,8,52.91,12.54,SGD
drv_mei_sg_11,Mei Lin Tan,firefighter,2026-04-08,2026-04,2026-W15,Wed,2,19,4.0,Changi_Airport,Changi Airport,7,50.19,12.55,SGD
drv_mei_sg_11,Mei Lin Tan,firefighter,2026-04-08,2026-04,2026-W15,Wed,3,21,3.68,Changi_Airport,Changi Airport,7,46.18,12.55,SGD
drv_mei_sg_11,Mei Lin Tan,firefighter,2026-04-09,2026-04,2026-W15,Thu,1,7,3.39,Changi_Airport,Changi Airport,5,86.45,25.5,SGD
drv_mei_sg_11,Mei Lin Tan,firefighter,2026-04-09,2026-04,2026-W15,Thu,2,18,4.11,Woodlands,Woodlands,6,104.84,25.51,SGD
drv_mei_sg_11,Mei Lin Tan,firefighter,2026-04-10,2026-04,2026-W15,Fri,1,7,3.71,Jurong_East,Jurong East,7,78.97,21.29,SGD
drv_mei_sg_11,Mei Lin Tan,firefighter,2026-04-10,2026-04,2026-W15,Fri,2,19,3.44,Woodlands,Woodlands,6,73.28,21.3,SGD
drv_mei_sg_11,Mei Lin Tan,firefighter,2026-04-10,2026-04,2026-W15,Fri,3,22,3.65,Changi_Airport,Changi Airport,7,77.68,21.28,SGD
drv_mei_sg_11,Mei Lin Tan,firefighter,2026-04-12,2026-04,2026-W15,Sun,1,8,3.23,Woodlands,Woodlands,3,25.22,7.81,SGD
drv_mei_sg_11,Mei Lin Tan,firefighter,2026-04-12,2026-04,2026-W15,Sun,2,19,3.86,Changi_Airport,Changi Airport,4,30.13,7.81,SGD
drv_mei_sg_11,Mei Lin Tan,firefighter,2026-04-12,2026-04,2026-W15,Sun,3,21,3.9,CBD_Raffles,CBD / Raffles Place,4,30.45,7.81,SGD
drv_mei_sg_11,Mei Lin Tan,firefighter,2026-04-13,2026-04,2026-W16,Mon,1,8,2.71,CBD_Raffles,CBD / Raffles Place,5,46.45,17.14,SGD
drv_mei_sg_11,Mei Lin Tan,firefighter,2026-04-13,2026-04,2026-W16,Mon,2,19,2.37,Woodlands,Woodlands,4,40.68,17.16,SGD
drv_mei_sg_11,Mei Lin Tan,firefighter,2026-04-13,2026-04,2026-W16,Mon,3,22,3.12,Jurong_East,Jurong East,5,53.58,17.17,SGD
drv_mei_sg_11,Mei Lin Tan,firefighter,2026-04-14,2026-04,2026-W16,Tue,1,7,3.58,Jurong_East,Jurong East,4,56.79,15.86,SGD
drv_mei_sg_11,Mei Lin Tan,firefighter,2026-04-14,2026-04,2026-W16,Tue,2,18,3.46,Woodlands,Woodlands,4,54.98,15.89,SGD
drv_mei_sg_11,Mei Lin Tan,firefighter,2026-04-14,2026-04,2026-W16,Tue,3,0,3.46,Changi_Airport,Changi Airport,4,55.01,15.9,SGD
drv_mei_sg_11,Mei Lin Tan,firefighter,2026-04-15,2026-04,2026-W16,Wed,1,8,3.62,Jurong_East,Jurong East,8,53.81,14.86,SGD
drv_mei_sg_11,Mei Lin Tan,firefighter,2026-04-15,2026-04,2026-W16,Wed,2,18,3.38,CBD_Raffles,CBD / Raffles Place,7,50.31,14.88,SGD
drv_mei_sg_11,Mei Lin Tan,firefighter,2026-04-15,2026-04,2026-W16,Wed,3,22,3.7,Changi_Airport,Changi Airport,8,54.99,14.86,SGD
drv_mei_sg_11,Mei Lin Tan,firefighter,2026-04-16,2026-04,2026-W16,Thu,1,7,2.85,Jurong_East,Jurong East,4,53.08,18.62,SGD
drv_mei_sg_11,Mei Lin Tan,firefighter,2026-04-16,2026-04,2026-W16,Thu,2,20,3.0,Woodlands,Woodlands,5,55.79,18.6,SGD
drv_mei_sg_11,Mei Lin Tan,firefighter,2026-04-16,2026-04,2026-W16,Thu,3,0,2.65,Woodlands,Woodlands,4,49.37,18.63,SGD
drv_mei_sg_11,Mei Lin Tan,firefighter,2026-04-17,2026-04,2026-W16,Fri,1,8,3.77,CBD_Raffles,CBD / Raffles Place,7,111.94,29.69,SGD
drv_mei_sg_11,Mei Lin Tan,firefighter,2026-04-17,2026-04,2026-W16,Fri,2,18,3.83,Woodlands,Woodlands,7,113.94,29.75,SGD
drv_mei_sg_11,Mei Lin Tan,firefighter,2026-04-19,2026-04,2026-W16,Sun,1,18,2.9,Woodlands,Woodlands,6,75.75,26.12,SGD
drv_mei_sg_11,Mei Lin Tan,firefighter,2026-04-19,2026-04,2026-W16,Sun,2,0,3.2,Woodlands,Woodlands,6,83.37,26.05,SGD
drv_mei_sg_11,Mei Lin Tan,firefighter,2026-04-20,2026-04,2026-W17,Mon,1,17,3.22,Changi_Airport,Changi Airport,5,61.64,19.14,SGD
drv_mei_sg_11,Mei Lin Tan,firefighter,2026-04-20,2026-04,2026-W17,Mon,2,0,4.08,Jurong_East,Jurong East,7,78.21,19.17,SGD
drv_mei_sg_11,Mei Lin Tan,firefighter,2026-04-21,2026-04,2026-W17,Tue,1,8,3.49,Jurong_East,Jurong East,6,85.93,24.62,SGD
drv_mei_sg_11,Mei Lin Tan,firefighter,2026-04-21,2026-04,2026-W17,Tue,2,0,3.01,Jurong_East,Jurong East,6,74.22,24.66,SGD
drv_mei_sg_11,Mei Lin Tan,firefighter,2026-04-22,2026-04,2026-W17,Wed,1,9,3.78,Woodlands,Woodlands,7,55.69,14.73,SGD
drv_mei_sg_11,Mei Lin Tan,firefighter,2026-04-22,2026-04,2026-W17,Wed,2,20,3.98,CBD_Raffles,CBD / Raffles Place,8,58.68,14.74,SGD
drv_mei_sg_11,Mei Lin Tan,firefighter,2026-04-22,2026-04,2026-W17,Wed,3,21,3.24,Jurong_East,Jurong East,6,47.77,14.74,SGD
drv_mei_sg_11,Mei Lin Tan,firefighter,2026-04-23,2026-04,2026-W17,Thu,1,8,3.38,Changi_Airport,Changi Airport,7,68.34,20.22,SGD
drv_mei_sg_11,Mei Lin Tan,firefighter,2026-04-23,2026-04,2026-W17,Thu,2,19,2.75,Woodlands,Woodlands,6,55.57,20.21,SGD
drv_mei_sg_11,Mei Lin Tan,firefighter,2026-04-23,2026-04,2026-W17,Thu,3,23,3.67,Changi_Airport,Changi Airport,8,74.15,20.2,SGD
drv_mei_sg_11,Mei Lin Tan,firefighter,2026-04-24,2026-04,2026-W17,Fri,1,18,3.11,Woodlands,Woodlands,11,105.22,33.83,SGD
drv_mei_sg_11,Mei Lin Tan,firefighter,2026-04-24,2026-04,2026-W17,Fri,2,0,3.99,CBD_Raffles,CBD / Raffles Place,13,134.69,33.76,SGD
drv_mei_sg_11,Mei Lin Tan,firefighter,2026-04-26,2026-04,2026-W17,Sun,1,7,3.26,Changi_Airport,Changi Airport,4,57.62,17.67,SGD
drv_mei_sg_11,Mei Lin Tan,firefighter,2026-04-26,2026-04,2026-W17,Sun,2,19,3.76,Jurong_East,Jurong East,5,66.32,17.64,SGD
drv_mei_sg_11,Mei Lin Tan,firefighter,2026-04-26,2026-04,2026-W17,Sun,3,21,3.68,CBD_Raffles,CBD / Raffles Place,4,65.0,17.66,SGD
drv_mei_sg_11,Mei Lin Tan,firefighter,2026-04-27,2026-04,2026-W18,Mon,1,7,2.64,Jurong_East,Jurong East,6,38.48,14.58,SGD
drv_mei_sg_11,Mei Lin Tan,firefighter,2026-04-27,2026-04,2026-W18,Mon,2,18,2.92,Woodlands,Woodlands,7,42.42,14.53,SGD
drv_mei_sg_11,Mei Lin Tan,firefighter,2026-04-27,2026-04,2026-W18,Mon,3,22,2.74,Woodlands,Woodlands,6,39.88,14.55,SGD
drv_mei_sg_11,Mei Lin Tan,firefighter,2026-04-28,2026-04,2026-W18,Tue,1,7,3.33,Jurong_East,Jurong East,3,50.94,15.3,SGD
drv_mei_sg_11,Mei Lin Tan,firefighter,2026-04-28,2026-04,2026-W18,Tue,2,18,3.29,Woodlands,Woodlands,3,50.35,15.3,SGD
drv_mei_sg_11,Mei Lin Tan,firefighter,2026-04-28,2026-04,2026-W18,Tue,3,23,3.49,Changi_Airport,Changi Airport,3,53.41,15.3,SGD
drv_mei_sg_11,Mei Lin Tan,firefighter,2026-04-29,2026-04,2026-W18,Wed,1,9,3.97,Woodlands,Woodlands,3,26.9,6.78,SGD
drv_mei_sg_11,Mei Lin Tan,firefighter,2026-04-29,2026-04,2026-W18,Wed,2,17,3.94,Jurong_East,Jurong East,3,26.65,6.76,SGD
drv_mei_sg_11,Mei Lin Tan,firefighter,2026-04-29,2026-04,2026-W18,Wed,3,22,3.99,Changi_Airport,Changi Airport,3,26.98,6.76,SGD
drv_mei_sg_11,Mei Lin Tan,firefighter,2026-04-30,2026-04,2026-W18,Thu,1,8,3.1,Jurong_East,Jurong East,5,96.3,31.06,SGD
drv_mei_sg_11,Mei Lin Tan,firefighter,2026-04-30,2026-04,2026-W18,Thu,2,20,3.1,Changi_Airport,Changi Airport,5,96.07,30.99,SGD
drv_mei_sg_11,Mei Lin Tan,firefighter,2026-05-01,2026-05,2026-W18,Fri,1,9,3.51,Jurong_East,Jurong East,4,69.13,19.7,SGD
drv_mei_sg_11,Mei Lin Tan,firefighter,2026-05-01,2026-05,2026-W18,Fri,2,20,3.19,Changi_Airport,Changi Airport,3,62.73,19.66,SGD
drv_mei_sg_11,Mei Lin Tan,firefighter,2026-05-01,2026-05,2026-W18,Fri,3,0,4.0,Changi_Airport,Changi Airport,4,78.85,19.71,SGD
drv_mei_sg_11,Mei Lin Tan,firefighter,2026-05-03,2026-05,2026-W18,Sun,1,7,3.86,Changi_Airport,Changi Airport,6,97.54,25.27,SGD
drv_mei_sg_11,Mei Lin Tan,firefighter,2026-05-03,2026-05,2026-W18,Sun,2,23,3.04,Jurong_East,Jurong East,4,77.03,25.34,SGD
drv_mei_sg_11,Mei Lin Tan,firefighter,2026-05-04,2026-05,2026-W19,Mon,1,18,2.86,Jurong_East,Jurong East,4,63.35,22.15,SGD
drv_mei_sg_11,Mei Lin Tan,firefighter,2026-05-04,2026-05,2026-W19,Mon,2,21,3.94,Jurong_East,Jurong East,5,87.53,22.22,SGD
drv_mei_sg_11,Mei Lin Tan,firefighter,2026-05-05,2026-05,2026-W19,Tue,1,8,2.35,Woodlands,Woodlands,3,35.96,15.3,SGD
drv_mei_sg_11,Mei Lin Tan,firefighter,2026-05-05,2026-05,2026-W19,Tue,2,18,2.85,Changi_Airport,Changi Airport,3,43.59,15.29,SGD
drv_mei_sg_11,Mei Lin Tan,firefighter,2026-05-05,2026-05,2026-W19,Tue,3,21,3.11,Woodlands,Woodlands,4,47.62,15.31,SGD
drv_mei_sg_11,Mei Lin Tan,firefighter,2026-05-06,2026-05,2026-W19,Wed,1,7,2.95,Jurong_East,Jurong East,4,52.98,17.96,SGD
drv_mei_sg_11,Mei Lin Tan,firefighter,2026-05-06,2026-05,2026-W19,Wed,2,17,2.53,CBD_Raffles,CBD / Raffles Place,4,45.46,17.97,SGD
drv_mei_sg_11,Mei Lin Tan,firefighter,2026-05-06,2026-05,2026-W19,Wed,3,21,3.12,Changi_Airport,Changi Airport,5,56.1,17.98,SGD
drv_mei_sg_11,Mei Lin Tan,firefighter,2026-05-07,2026-05,2026-W19,Thu,1,9,3.72,Changi_Airport,Changi Airport,5,60.45,16.25,SGD
drv_mei_sg_11,Mei Lin Tan,firefighter,2026-05-07,2026-05,2026-W19,Thu,2,18,3.46,CBD_Raffles,CBD / Raffles Place,4,56.13,16.22,SGD
drv_mei_sg_11,Mei Lin Tan,firefighter,2026-05-07,2026-05,2026-W19,Thu,3,23,2.92,Woodlands,Woodlands,4,47.45,16.25,SGD
drv_mei_sg_11,Mei Lin Tan,firefighter,2026-05-08,2026-05,2026-W19,Fri,1,18,4.19,Jurong_East,Jurong East,5,55.06,13.14,SGD
drv_mei_sg_11,Mei Lin Tan,firefighter,2026-05-08,2026-05,2026-W19,Fri,2,22,3.81,Woodlands,Woodlands,4,50.03,13.13,SGD
drv_mei_sg_11,Mei Lin Tan,firefighter,2026-05-10,2026-05,2026-W19,Sun,1,8,3.28,Changi_Airport,Changi Airport,7,71.76,21.88,SGD
drv_mei_sg_11,Mei Lin Tan,firefighter,2026-05-10,2026-05,2026-W19,Sun,2,20,3.09,CBD_Raffles,CBD / Raffles Place,6,67.59,21.87,SGD
drv_mei_sg_11,Mei Lin Tan,firefighter,2026-05-10,2026-05,2026-W19,Sun,3,21,3.14,Changi_Airport,Changi Airport,7,68.76,21.9,SGD
drv_mei_sg_11,Mei Lin Tan,firefighter,2026-05-11,2026-05,2026-W20,Mon,1,7,4.03,Changi_Airport,Changi Airport,10,74.76,18.55,SGD
drv_mei_sg_11,Mei Lin Tan,firefighter,2026-05-11,2026-05,2026-W20,Mon,2,20,3.87,Changi_Airport,Changi Airport,9,71.85,18.57,SGD
drv_mei_sg_11,Mei Lin Tan,firefighter,2026-05-12,2026-05,2026-W20,Tue,1,7,3.36,Jurong_East,Jurong East,6,44.29,13.18,SGD
drv_mei_sg_11,Mei Lin Tan,firefighter,2026-05-12,2026-05,2026-W20,Tue,2,19,3.01,Changi_Airport,Changi Airport,5,39.67,13.18,SGD
drv_mei_sg_11,Mei Lin Tan,firefighter,2026-05-12,2026-05,2026-W20,Tue,3,21,3.13,Changi_Airport,Changi Airport,5,41.22,13.17,SGD
drv_mei_sg_11,Mei Lin Tan,firefighter,2026-05-13,2026-05,2026-W20,Wed,1,8,3.56,Jurong_East,Jurong East,7,60.74,17.06,SGD
drv_mei_sg_11,Mei Lin Tan,firefighter,2026-05-13,2026-05,2026-W20,Wed,2,20,2.96,CBD_Raffles,CBD / Raffles Place,5,50.37,17.02,SGD
drv_mei_sg_11,Mei Lin Tan,firefighter,2026-05-13,2026-05,2026-W20,Wed,3,0,2.78,Changi_Airport,Changi Airport,5,47.39,17.05,SGD
drv_mei_sg_11,Mei Lin Tan,firefighter,2026-05-14,2026-05,2026-W20,Thu,1,8,2.91,Woodlands,Woodlands,3,34.57,11.88,SGD
drv_mei_sg_11,Mei Lin Tan,firefighter,2026-05-14,2026-05,2026-W20,Thu,2,19,2.54,Jurong_East,Jurong East,3,30.23,11.9,SGD
drv_mei_sg_11,Mei Lin Tan,firefighter,2026-05-14,2026-05,2026-W20,Thu,3,23,2.95,Woodlands,Woodlands,3,34.99,11.86,SGD
drv_mei_sg_11,Mei Lin Tan,firefighter,2026-05-15,2026-05,2026-W20,Fri,1,7,3.44,Jurong_East,Jurong East,7,66.66,19.38,SGD
drv_mei_sg_11,Mei Lin Tan,firefighter,2026-05-15,2026-05,2026-W20,Fri,2,19,3.7,Woodlands,Woodlands,7,71.69,19.38,SGD
drv_mei_sg_11,Mei Lin Tan,firefighter,2026-05-15,2026-05,2026-W20,Fri,3,21,4.67,CBD_Raffles,CBD / Raffles Place,9,90.48,19.37,SGD
drv_kumar_sg_12,Kumar Raj,grower,2024-11-16,2024-11,2024-W46,Sat,1,6,3.17,CBD_Raffles,CBD / Raffles Place,4,47.66,15.03,SGD
drv_kumar_sg_12,Kumar Raj,grower,2024-11-16,2024-11,2024-W46,Sat,2,13,3.28,Orchard,Orchard Road,4,49.33,15.04,SGD
drv_kumar_sg_12,Kumar Raj,grower,2024-11-16,2024-11,2024-W46,Sat,3,19,3.34,Tampines,Tampines,4,50.26,15.05,SGD
drv_kumar_sg_12,Kumar Raj,grower,2024-11-18,2024-11,2024-W47,Mon,1,6,2.94,Woodlands,Woodlands,2,58.34,19.84,SGD
drv_kumar_sg_12,Kumar Raj,grower,2024-11-18,2024-11,2024-W47,Mon,2,12,4.02,Tampines,Tampines,3,79.81,19.85,SGD
drv_kumar_sg_12,Kumar Raj,grower,2024-11-18,2024-11,2024-W47,Mon,3,18,3.84,Woodlands,Woodlands,3,76.18,19.84,SGD
drv_kumar_sg_12,Kumar Raj,grower,2024-11-19,2024-11,2024-W47,Tue,1,9,3.14,Tampines,Tampines,12,117.99,37.58,SGD
drv_kumar_sg_12,Kumar Raj,grower,2024-11-19,2024-11,2024-W47,Tue,2,13,3.06,CBD_Raffles,CBD / Raffles Place,11,115.18,37.64,SGD
drv_kumar_sg_12,Kumar Raj,grower,2024-11-20,2024-11,2024-W47,Wed,1,7,3.22,Woodlands,Woodlands,11,109.67,34.06,SGD
drv_kumar_sg_12,Kumar Raj,grower,2024-11-20,2024-11,2024-W47,Wed,2,12,4.08,Tampines,Tampines,13,138.64,33.98,SGD
drv_kumar_sg_12,Kumar Raj,grower,2024-11-21,2024-11,2024-W47,Thu,1,9,3.6,CBD_Raffles,CBD / Raffles Place,4,43.31,12.03,SGD
drv_kumar_sg_12,Kumar Raj,grower,2024-11-21,2024-11,2024-W47,Thu,2,11,3.85,CBD_Raffles,CBD / Raffles Place,4,46.37,12.04,SGD
drv_kumar_sg_12,Kumar Raj,grower,2024-11-21,2024-11,2024-W47,Thu,3,17,4.45,Woodlands,Woodlands,5,53.5,12.02,SGD
drv_kumar_sg_12,Kumar Raj,grower,2024-11-22,2024-11,2024-W47,Fri,1,11,2.87,CBD_Raffles,CBD / Raffles Place,9,143.4,49.97,SGD
drv_kumar_sg_12,Kumar Raj,grower,2024-11-22,2024-11,2024-W47,Fri,2,18,3.23,Orchard,Orchard Road,11,161.65,50.05,SGD
drv_kumar_sg_12,Kumar Raj,grower,2024-11-23,2024-11,2024-W47,Sat,1,8,2.71,Woodlands,Woodlands,5,101.28,37.37,SGD
drv_kumar_sg_12,Kumar Raj,grower,2024-11-23,2024-11,2024-W47,Sat,2,11,3.34,CBD_Raffles,CBD / Raffles Place,6,124.85,37.38,SGD
drv_kumar_sg_12,Kumar Raj,grower,2024-11-23,2024-11,2024-W47,Sat,3,19,3.04,CBD_Raffles,CBD / Raffles Place,6,113.7,37.4,SGD
drv_kumar_sg_12,Kumar Raj,grower,2024-11-25,2024-11,2024-W48,Mon,1,8,2.98,Tampines,Tampines,3,55.91,18.76,SGD
drv_kumar_sg_12,Kumar Raj,grower,2024-11-25,2024-11,2024-W48,Mon,2,11,3.13,Orchard,Orchard Road,3,58.59,18.72,SGD
drv_kumar_sg_12,Kumar Raj,grower,2024-11-25,2024-11,2024-W48,Mon,3,20,3.49,Orchard,Orchard Road,3,65.45,18.75,SGD
drv_kumar_sg_12,Kumar Raj,grower,2024-11-26,2024-11,2024-W48,Tue,1,6,4.17,CBD_Raffles,CBD / Raffles Place,3,97.1,23.29,SGD
drv_kumar_sg_12,Kumar Raj,grower,2024-11-26,2024-11,2024-W48,Tue,2,11,3.78,CBD_Raffles,CBD / Raffles Place,3,88.17,23.33,SGD
drv_kumar_sg_12,Kumar Raj,grower,2024-11-26,2024-11,2024-W48,Tue,3,19,3.55,CBD_Raffles,CBD / Raffles Place,2,82.7,23.3,SGD
drv_kumar_sg_12,Kumar Raj,grower,2024-11-27,2024-11,2024-W48,Wed,1,8,3.54,Tampines,Tampines,6,104.68,29.57,SGD
drv_kumar_sg_12,Kumar Raj,grower,2024-11-27,2024-11,2024-W48,Wed,2,19,3.06,Tampines,Tampines,6,90.22,29.48,SGD
drv_kumar_sg_12,Kumar Raj,grower,2024-11-28,2024-11,2024-W48,Thu,1,6,4.2,Woodlands,Woodlands,12,118.72,28.27,SGD
drv_kumar_sg_12,Kumar Raj,grower,2024-11-28,2024-11,2024-W48,Thu,2,13,3.7,Woodlands,Woodlands,11,104.59,28.27,SGD
drv_kumar_sg_12,Kumar Raj,grower,2024-11-29,2024-11,2024-W48,Fri,1,6,2.65,Tampines,Tampines,5,82.21,31.02,SGD
drv_kumar_sg_12,Kumar Raj,grower,2024-11-29,2024-11,2024-W48,Fri,2,11,3.49,Woodlands,Woodlands,7,108.52,31.09,SGD
drv_kumar_sg_12,Kumar Raj,grower,2024-11-29,2024-11,2024-W48,Fri,3,19,2.56,CBD_Raffles,CBD / Raffles Place,5,79.53,31.07,SGD
drv_kumar_sg_12,Kumar Raj,grower,2024-11-30,2024-11,2024-W48,Sat,1,6,4.0,Orchard,Orchard Road,5,98.46,24.61,SGD
drv_kumar_sg_12,Kumar Raj,grower,2024-11-30,2024-11,2024-W48,Sat,2,13,3.68,CBD_Raffles,CBD / Raffles Place,5,90.44,24.58,SGD
drv_kumar_sg_12,Kumar Raj,grower,2024-11-30,2024-11,2024-W48,Sat,3,20,4.32,Woodlands,Woodlands,5,106.36,24.62,SGD
drv_kumar_sg_12,Kumar Raj,grower,2024-12-02,2024-12,2024-W49,Mon,1,8,3.55,CBD_Raffles,CBD / Raffles Place,5,59.87,16.86,SGD
drv_kumar_sg_12,Kumar Raj,grower,2024-12-02,2024-12,2024-W49,Mon,2,13,3.44,Tampines,Tampines,5,57.98,16.85,SGD
drv_kumar_sg_12,Kumar Raj,grower,2024-12-02,2024-12,2024-W49,Mon,3,20,3.6,CBD_Raffles,CBD / Raffles Place,5,60.72,16.87,SGD
drv_kumar_sg_12,Kumar Raj,grower,2024-12-03,2024-12,2024-W49,Tue,1,12,3.71,Orchard,Orchard Road,9,104.44,28.15,SGD
drv_kumar_sg_12,Kumar Raj,grower,2024-12-03,2024-12,2024-W49,Tue,2,18,2.99,Tampines,Tampines,7,83.98,28.09,SGD
drv_kumar_sg_12,Kumar Raj,grower,2024-12-04,2024-12,2024-W49,Wed,1,9,4.0,Orchard,Orchard Road,7,72.67,18.17,SGD
drv_kumar_sg_12,Kumar Raj,grower,2024-12-04,2024-12,2024-W49,Wed,2,12,3.76,Woodlands,Woodlands,7,68.31,18.17,SGD
drv_kumar_sg_12,Kumar Raj,grower,2024-12-04,2024-12,2024-W49,Wed,3,20,3.85,CBD_Raffles,CBD / Raffles Place,7,69.98,18.18,SGD
drv_kumar_sg_12,Kumar Raj,grower,2024-12-05,2024-12,2024-W49,Thu,1,6,3.49,CBD_Raffles,CBD / Raffles Place,6,123.87,35.49,SGD
drv_kumar_sg_12,Kumar Raj,grower,2024-12-05,2024-12,2024-W49,Thu,2,17,3.81,Woodlands,Woodlands,6,135.32,35.52,SGD
drv_kumar_sg_12,Kumar Raj,grower,2024-12-06,2024-12,2024-W49,Fri,1,8,3.13,Orchard,Orchard Road,3,89.22,28.5,SGD
drv_kumar_sg_12,Kumar Raj,grower,2024-12-06,2024-12,2024-W49,Fri,2,13,3.59,Orchard,Orchard Road,3,102.46,28.54,SGD
drv_kumar_sg_12,Kumar Raj,grower,2024-12-06,2024-12,2024-W49,Fri,3,17,3.88,CBD_Raffles,CBD / Raffles Place,4,110.76,28.55,SGD
drv_kumar_sg_12,Kumar Raj,grower,2024-12-07,2024-12,2024-W49,Sat,1,7,2.86,Orchard,Orchard Road,4,79.25,27.71,SGD
drv_kumar_sg_12,Kumar Raj,grower,2024-12-07,2024-12,2024-W49,Sat,2,11,3.57,Orchard,Orchard Road,4,98.85,27.69,SGD
drv_kumar_sg_12,Kumar Raj,grower,2024-12-07,2024-12,2024-W49,Sat,3,17,3.26,Tampines,Tampines,4,90.26,27.69,SGD
drv_kumar_sg_12,Kumar Raj,grower,2024-12-09,2024-12,2024-W50,Mon,1,8,4.6,Woodlands,Woodlands,8,89.45,19.45,SGD
drv_kumar_sg_12,Kumar Raj,grower,2024-12-09,2024-12,2024-W50,Mon,2,11,3.56,Woodlands,Woodlands,6,69.36,19.48,SGD
drv_kumar_sg_12,Kumar Raj,grower,2024-12-09,2024-12,2024-W50,Mon,3,17,3.34,CBD_Raffles,CBD / Raffles Place,6,65.05,19.48,SGD
drv_kumar_sg_12,Kumar Raj,grower,2024-12-10,2024-12,2024-W50,Tue,1,6,2.94,Woodlands,Woodlands,5,59.47,20.23,SGD
drv_kumar_sg_12,Kumar Raj,grower,2024-12-10,2024-12,2024-W50,Tue,2,11,3.02,Tampines,Tampines,5,61.07,20.22,SGD
drv_kumar_sg_12,Kumar Raj,grower,2024-12-10,2024-12,2024-W50,Tue,3,18,3.54,Orchard,Orchard Road,6,71.46,20.19,SGD
drv_kumar_sg_12,Kumar Raj,grower,2024-12-11,2024-12,2024-W50,Wed,1,9,4.05,CBD_Raffles,CBD / Raffles Place,8,121.71,30.05,SGD
drv_kumar_sg_12,Kumar Raj,grower,2024-12-11,2024-12,2024-W50,Wed,2,19,3.95,Tampines,Tampines,8,118.87,30.09,SGD
drv_kumar_sg_12,Kumar Raj,grower,2024-12-12,2024-12,2024-W50,Thu,1,6,3.04,CBD_Raffles,CBD / Raffles Place,4,62.19,20.46,SGD
drv_kumar_sg_12,Kumar Raj,grower,2024-12-12,2024-12,2024-W50,Thu,2,11,2.89,Tampines,Tampines,4,59.13,20.46,SGD
drv_kumar_sg_12,Kumar Raj,grower,2024-12-12,2024-12,2024-W50,Thu,3,17,4.26,Orchard,Orchard Road,6,87.16,20.46,SGD
drv_kumar_sg_12,Kumar Raj,grower,2024-12-13,2024-12,2024-W50,Fri,1,7,2.74,CBD_Raffles,CBD / Raffles Place,3,70.13,25.59,SGD
drv_kumar_sg_12,Kumar Raj,grower,2024-12-13,2024-12,2024-W50,Fri,2,11,3.28,CBD_Raffles,CBD / Raffles Place,3,84.02,25.62,SGD
drv_kumar_sg_12,Kumar Raj,grower,2024-12-13,2024-12,2024-W50,Fri,3,20,2.78,Orchard,Orchard Road,3,71.04,25.55,SGD
drv_kumar_sg_12,Kumar Raj,grower,2024-12-14,2024-12,2024-W50,Sat,1,9,3.95,Orchard,Orchard Road,7,122.96,31.13,SGD
drv_kumar_sg_12,Kumar Raj,grower,2024-12-14,2024-12,2024-W50,Sat,2,11,2.87,Tampines,Tampines,5,89.32,31.12,SGD
drv_kumar_sg_12,Kumar Raj,grower,2024-12-14,2024-12,2024-W50,Sat,3,18,3.77,Woodlands,Woodlands,7,117.37,31.13,SGD
drv_kumar_sg_12,Kumar Raj,grower,2024-12-16,2024-12,2024-W51,Mon,1,6,2.63,Tampines,Tampines,5,68.41,26.01,SGD
drv_kumar_sg_12,Kumar Raj,grower,2024-12-16,2024-12,2024-W51,Mon,2,11,2.84,Tampines,Tampines,6,73.8,25.99,SGD
drv_kumar_sg_12,Kumar Raj,grower,2024-12-16,2024-12,2024-W51,Mon,3,18,2.73,Tampines,Tampines,6,71.05,26.03,SGD
drv_kumar_sg_12,Kumar Raj,grower,2024-12-17,2024-12,2024-W51,Tue,1,11,3.24,Tampines,Tampines,10,108.39,33.45,SGD
drv_kumar_sg_12,Kumar Raj,grower,2024-12-17,2024-12,2024-W51,Tue,2,18,3.16,Woodlands,Woodlands,10,105.91,33.52,SGD
drv_kumar_sg_12,Kumar Raj,grower,2024-12-18,2024-12,2024-W51,Wed,1,6,3.16,Woodlands,Woodlands,3,80.99,25.63,SGD
drv_kumar_sg_12,Kumar Raj,grower,2024-12-18,2024-12,2024-W51,Wed,2,11,2.95,Tampines,Tampines,3,75.45,25.58,SGD
drv_kumar_sg_12,Kumar Raj,grower,2024-12-18,2024-12,2024-W51,Wed,3,18,3.69,Tampines,Tampines,4,94.44,25.59,SGD
drv_kumar_sg_12,Kumar Raj,grower,2024-12-19,2024-12,2024-W51,Thu,1,7,2.71,Orchard,Orchard Road,3,69.21,25.54,SGD
drv_kumar_sg_12,Kumar Raj,grower,2024-12-19,2024-12,2024-W51,Thu,2,13,2.66,CBD_Raffles,CBD / Raffles Place,3,67.76,25.47,SGD
drv_kumar_sg_12,Kumar Raj,grower,2024-12-19,2024-12,2024-W51,Thu,3,20,3.63,Woodlands,Woodlands,4,92.59,25.51,SGD
drv_kumar_sg_12,Kumar Raj,grower,2024-12-20,2024-12,2024-W51,Fri,1,12,3.92,Woodlands,Woodlands,13,161.05,41.08,SGD
drv_kumar_sg_12,Kumar Raj,grower,2024-12-20,2024-12,2024-W51,Fri,2,18,3.58,Orchard,Orchard Road,11,147.35,41.16,SGD
drv_kumar_sg_12,Kumar Raj,grower,2024-12-21,2024-12,2024-W51,Sat,1,13,3.99,Orchard,Orchard Road,5,151.83,38.05,SGD
drv_kumar_sg_12,Kumar Raj,grower,2024-12-21,2024-12,2024-W51,Sat,2,18,3.21,Orchard,Orchard Road,4,122.33,38.11,SGD
drv_kumar_sg_12,Kumar Raj,grower,2024-12-23,2024-12,2024-W52,Mon,1,11,4.33,CBD_Raffles,CBD / Raffles Place,4,111.47,25.74,SGD
drv_kumar_sg_12,Kumar Raj,grower,2024-12-23,2024-12,2024-W52,Mon,2,17,3.57,CBD_Raffles,CBD / Raffles Place,4,92.09,25.8,SGD
drv_kumar_sg_12,Kumar Raj,grower,2024-12-24,2024-12,2024-W52,Tue,1,6,4.48,CBD_Raffles,CBD / Raffles Place,8,127.05,28.36,SGD
drv_kumar_sg_12,Kumar Raj,grower,2024-12-24,2024-12,2024-W52,Tue,2,12,3.15,Woodlands,Woodlands,6,89.28,28.34,SGD
drv_kumar_sg_12,Kumar Raj,grower,2024-12-24,2024-12,2024-W52,Tue,3,20,4.08,CBD_Raffles,CBD / Raffles Place,8,115.72,28.36,SGD
drv_kumar_sg_12,Kumar Raj,grower,2024-12-25,2024-12,2024-W52,Wed,1,13,3.5,Woodlands,Woodlands,9,135.13,38.61,SGD
drv_kumar_sg_12,Kumar Raj,grower,2024-12-25,2024-12,2024-W52,Wed,2,18,2.9,Orchard,Orchard Road,8,111.66,38.5,SGD
drv_kumar_sg_12,Kumar Raj,grower,2024-12-26,2024-12,2024-W52,Thu,1,11,4.21,Tampines,Tampines,13,161.89,38.45,SGD
drv_kumar_sg_12,Kumar Raj,grower,2024-12-26,2024-12,2024-W52,Thu,2,18,3.49,Woodlands,Woodlands,11,134.1,38.42,SGD
drv_kumar_sg_12,Kumar Raj,grower,2024-12-27,2024-12,2024-W52,Fri,1,9,3.0,Woodlands,Woodlands,2,109.94,36.65,SGD
drv_kumar_sg_12,Kumar Raj,grower,2024-12-27,2024-12,2024-W52,Fri,2,11,2.86,CBD_Raffles,CBD / Raffles Place,2,104.74,36.62,SGD
drv_kumar_sg_12,Kumar Raj,grower,2024-12-27,2024-12,2024-W52,Fri,3,18,3.84,Orchard,Orchard Road,3,140.63,36.62,SGD
drv_kumar_sg_12,Kumar Raj,grower,2024-12-28,2024-12,2024-W52,Sat,1,6,3.61,Orchard,Orchard Road,7,106.1,29.39,SGD
drv_kumar_sg_12,Kumar Raj,grower,2024-12-28,2024-12,2024-W52,Sat,2,12,3.71,Orchard,Orchard Road,7,109.05,29.39,SGD
drv_kumar_sg_12,Kumar Raj,grower,2024-12-28,2024-12,2024-W52,Sat,3,19,4.08,CBD_Raffles,CBD / Raffles Place,8,119.81,29.37,SGD
drv_kumar_sg_12,Kumar Raj,grower,2024-12-30,2024-12,2025-W01,Mon,1,8,2.89,Tampines,Tampines,4,70.35,24.34,SGD
drv_kumar_sg_12,Kumar Raj,grower,2024-12-30,2024-12,2025-W01,Mon,2,13,3.32,CBD_Raffles,CBD / Raffles Place,4,80.89,24.36,SGD
drv_kumar_sg_12,Kumar Raj,grower,2024-12-30,2024-12,2025-W01,Mon,3,17,3.99,Woodlands,Woodlands,5,97.25,24.37,SGD
drv_kumar_sg_12,Kumar Raj,grower,2024-12-31,2024-12,2025-W01,Tue,1,6,3.36,Tampines,Tampines,7,101.23,30.13,SGD
drv_kumar_sg_12,Kumar Raj,grower,2024-12-31,2024-12,2025-W01,Tue,2,12,2.99,Woodlands,Woodlands,7,90.32,30.21,SGD
drv_kumar_sg_12,Kumar Raj,grower,2024-12-31,2024-12,2025-W01,Tue,3,20,2.65,Tampines,Tampines,6,79.97,30.18,SGD
drv_kumar_sg_12,Kumar Raj,grower,2025-01-01,2025-01,2025-W01,Wed,1,8,4.04,Tampines,Tampines,12,158.64,39.27,SGD
drv_kumar_sg_12,Kumar Raj,grower,2025-01-01,2025-01,2025-W01,Wed,2,20,3.26,Tampines,Tampines,10,127.86,39.22,SGD
drv_kumar_sg_12,Kumar Raj,grower,2025-01-02,2025-01,2025-W01,Thu,1,13,2.69,Orchard,Orchard Road,10,145.45,54.07,SGD
drv_kumar_sg_12,Kumar Raj,grower,2025-01-02,2025-01,2025-W01,Thu,2,17,3.41,Orchard,Orchard Road,12,184.18,54.01,SGD
drv_kumar_sg_12,Kumar Raj,grower,2025-01-03,2025-01,2025-W01,Fri,1,6,2.71,Tampines,Tampines,4,80.03,29.53,SGD
drv_kumar_sg_12,Kumar Raj,grower,2025-01-03,2025-01,2025-W01,Fri,2,12,3.15,CBD_Raffles,CBD / Raffles Place,5,93.15,29.57,SGD
drv_kumar_sg_12,Kumar Raj,grower,2025-01-03,2025-01,2025-W01,Fri,3,18,2.74,Woodlands,Woodlands,4,80.85,29.51,SGD
drv_kumar_sg_12,Kumar Raj,grower,2025-01-04,2025-01,2025-W01,Sat,1,9,2.72,Woodlands,Woodlands,5,73.07,26.86,SGD
drv_kumar_sg_12,Kumar Raj,grower,2025-01-04,2025-01,2025-W01,Sat,2,11,2.7,CBD_Raffles,CBD / Raffles Place,5,72.67,26.91,SGD
drv_kumar_sg_12,Kumar Raj,grower,2025-01-04,2025-01,2025-W01,Sat,3,19,3.68,CBD_Raffles,CBD / Raffles Place,6,99.08,26.92,SGD
drv_kumar_sg_12,Kumar Raj,grower,2025-01-06,2025-01,2025-W02,Mon,1,9,2.79,CBD_Raffles,CBD / Raffles Place,5,60.01,21.51,SGD
drv_kumar_sg_12,Kumar Raj,grower,2025-01-06,2025-01,2025-W02,Mon,2,11,3.39,Orchard,Orchard Road,6,72.79,21.47,SGD
drv_kumar_sg_12,Kumar Raj,grower,2025-01-06,2025-01,2025-W02,Mon,3,18,2.62,Orchard,Orchard Road,5,56.29,21.48,SGD
drv_kumar_sg_12,Kumar Raj,grower,2025-01-07,2025-01,2025-W02,Tue,1,8,3.19,CBD_Raffles,CBD / Raffles Place,10,97.91,30.69,SGD
drv_kumar_sg_12,Kumar Raj,grower,2025-01-07,2025-01,2025-W02,Tue,2,13,4.11,Tampines,Tampines,12,126.36,30.74,SGD
drv_kumar_sg_12,Kumar Raj,grower,2025-01-08,2025-01,2025-W02,Wed,1,9,2.62,CBD_Raffles,CBD / Raffles Place,4,54.36,20.75,SGD
drv_kumar_sg_12,Kumar Raj,grower,2025-01-08,2025-01,2025-W02,Wed,2,11,3.33,Woodlands,Woodlands,6,68.97,20.71,SGD
drv_kumar_sg_12,Kumar Raj,grower,2025-01-08,2025-01,2025-W02,Wed,3,17,3.05,CBD_Raffles,CBD / Raffles Place,5,63.08,20.68,SGD
drv_kumar_sg_12,Kumar Raj,grower,2025-01-09,2025-01,2025-W02,Thu,1,7,3.49,Woodlands,Woodlands,4,75.85,21.73,SGD
drv_kumar_sg_12,Kumar Raj,grower,2025-01-09,2025-01,2025-W02,Thu,2,13,2.57,Orchard,Orchard Road,3,55.99,21.79,SGD
drv_kumar_sg_12,Kumar Raj,grower,2025-01-09,2025-01,2025-W02,Thu,3,20,2.74,CBD_Raffles,CBD / Raffles Place,3,59.54,21.73,SGD
drv_kumar_sg_12,Kumar Raj,grower,2025-01-10,2025-01,2025-W02,Fri,1,7,3.36,Tampines,Tampines,5,89.9,26.76,SGD
drv_kumar_sg_12,Kumar Raj,grower,2025-01-10,2025-01,2025-W02,Fri,2,13,2.75,CBD_Raffles,CBD / Raffles Place,4,73.52,26.73,SGD
drv_kumar_sg_12,Kumar Raj,grower,2025-01-10,2025-01,2025-W02,Fri,3,19,2.9,Tampines,Tampines,5,77.51,26.73,SGD
drv_kumar_sg_12,Kumar Raj,grower,2025-01-11,2025-01,2025-W02,Sat,1,8,3.04,Woodlands,Woodlands,5,96.48,31.74,SGD
drv_kumar_sg_12,Kumar Raj,grower,2025-01-11,2025-01,2025-W02,Sat,2,12,3.07,Tampines,Tampines,5,97.24,31.67,SGD
drv_kumar_sg_12,Kumar Raj,grower,2025-01-11,2025-01,2025-W02,Sat,3,19,3.29,Orchard,Orchard Road,5,104.26,31.69,SGD
drv_kumar_sg_12,Kumar Raj,grower,2025-01-13,2025-01,2025-W03,Mon,1,13,3.18,CBD_Raffles,CBD / Raffles Place,11,96.57,30.37,SGD
drv_kumar_sg_12,Kumar Raj,grower,2025-01-13,2025-01,2025-W03,Mon,2,18,2.92,Orchard,Orchard Road,11,88.82,30.42,SGD
drv_kumar_sg_12,Kumar Raj,grower,2025-01-14,2025-01,2025-W03,Tue,1,9,3.44,Orchard,Orchard Road,5,114.56,33.3,SGD
drv_kumar_sg_12,Kumar Raj,grower,2025-01-14,2025-01,2025-W03,Tue,2,20,3.06,CBD_Raffles,CBD / Raffles Place,4,102.22,33.41,SGD
drv_kumar_sg_12,Kumar Raj,grower,2025-01-15,2025-01,2025-W03,Wed,1,6,3.32,Orchard,Orchard Road,5,78.78,23.73,SGD
drv_kumar_sg_12,Kumar Raj,grower,2025-01-15,2025-01,2025-W03,Wed,2,13,3.59,Woodlands,Woodlands,5,85.08,23.7,SGD
drv_kumar_sg_12,Kumar Raj,grower,2025-01-15,2025-01,2025-W03,Wed,3,18,3.59,Tampines,Tampines,5,85.28,23.75,SGD
drv_kumar_sg_12,Kumar Raj,grower,2025-01-16,2025-01,2025-W03,Thu,1,9,3.24,Woodlands,Woodlands,8,66.76,20.6,SGD
drv_kumar_sg_12,Kumar Raj,grower,2025-01-16,2025-01,2025-W03,Thu,2,11,3.11,Tampines,Tampines,8,64.02,20.59,SGD
drv_kumar_sg_12,Kumar Raj,grower,2025-01-16,2025-01,2025-W03,Thu,3,19,3.05,CBD_Raffles,CBD / Raffles Place,7,62.69,20.55,SGD
drv_kumar_sg_12,Kumar Raj,grower,2025-01-17,2025-01,2025-W03,Fri,1,8,3.93,Tampines,Tampines,3,45.45,11.56,SGD
drv_kumar_sg_12,Kumar Raj,grower,2025-01-17,2025-01,2025-W03,Fri,2,13,4.26,CBD_Raffles,CBD / Raffles Place,3,49.34,11.58,SGD
drv_kumar_sg_12,Kumar Raj,grower,2025-01-17,2025-01,2025-W03,Fri,3,18,3.51,Orchard,Orchard Road,3,40.61,11.57,SGD
drv_kumar_sg_12,Kumar Raj,grower,2025-01-18,2025-01,2025-W03,Sat,1,9,2.8,Woodlands,Woodlands,6,89.08,31.81,SGD
drv_kumar_sg_12,Kumar Raj,grower,2025-01-18,2025-01,2025-W03,Sat,2,13,2.96,Orchard,Orchard Road,6,94.31,31.86,SGD
drv_kumar_sg_12,Kumar Raj,grower,2025-01-18,2025-01,2025-W03,Sat,3,20,2.94,Orchard,Orchard Road,6,93.51,31.81,SGD
drv_kumar_sg_12,Kumar Raj,grower,2025-01-20,2025-01,2025-W04,Mon,1,6,3.48,Orchard,Orchard Road,12,98.81,28.39,SGD
drv_kumar_sg_12,Kumar Raj,grower,2025-01-20,2025-01,2025-W04,Mon,2,12,3.12,CBD_Raffles,CBD / Raffles Place,10,88.75,28.45,SGD
drv_kumar_sg_12,Kumar Raj,grower,2025-01-21,2025-01,2025-W04,Tue,1,7,3.65,Tampines,Tampines,7,56.12,15.38,SGD
drv_kumar_sg_12,Kumar Raj,grower,2025-01-21,2025-01,2025-W04,Tue,2,18,3.55,Orchard,Orchard Road,7,54.56,15.37,SGD
drv_kumar_sg_12,Kumar Raj,grower,2025-01-22,2025-01,2025-W04,Wed,1,7,3.34,Tampines,Tampines,4,60.9,18.23,SGD
drv_kumar_sg_12,Kumar Raj,grower,2025-01-22,2025-01,2025-W04,Wed,2,12,4.23,Orchard,Orchard Road,4,77.25,18.26,SGD
drv_kumar_sg_12,Kumar Raj,grower,2025-01-22,2025-01,2025-W04,Wed,3,19,3.83,Orchard,Orchard Road,4,70.0,18.28,SGD
drv_kumar_sg_12,Kumar Raj,grower,2025-01-23,2025-01,2025-W04,Thu,1,9,3.71,CBD_Raffles,CBD / Raffles Place,5,90.56,24.41,SGD
drv_kumar_sg_12,Kumar Raj,grower,2025-01-23,2025-01,2025-W04,Thu,2,11,3.72,Tampines,Tampines,5,90.86,24.42,SGD
drv_kumar_sg_12,Kumar Raj,grower,2025-01-23,2025-01,2025-W04,Thu,3,17,4.17,Tampines,Tampines,6,101.88,24.43,SGD
drv_kumar_sg_12,Kumar Raj,grower,2025-01-24,2025-01,2025-W04,Fri,1,9,4.39,Woodlands,Woodlands,6,102.28,23.3,SGD
drv_kumar_sg_12,Kumar Raj,grower,2025-01-24,2025-01,2025-W04,Fri,2,12,3.66,Woodlands,Woodlands,5,85.16,23.27,SGD
drv_kumar_sg_12,Kumar Raj,grower,2025-01-24,2025-01,2025-W04,Fri,3,20,3.25,Woodlands,Woodlands,5,75.73,23.3,SGD
drv_kumar_sg_12,Kumar Raj,grower,2025-01-25,2025-01,2025-W04,Sat,1,6,2.44,Tampines,Tampines,5,95.74,39.24,SGD
drv_kumar_sg_12,Kumar Raj,grower,2025-01-25,2025-01,2025-W04,Sat,2,12,2.39,Tampines,Tampines,4,93.91,39.29,SGD
drv_kumar_sg_12,Kumar Raj,grower,2025-01-25,2025-01,2025-W04,Sat,3,20,3.27,CBD_Raffles,CBD / Raffles Place,6,128.27,39.23,SGD
drv_kumar_sg_12,Kumar Raj,grower,2025-01-27,2025-01,2025-W05,Mon,1,7,3.44,Woodlands,Woodlands,10,76.4,22.21,SGD
drv_kumar_sg_12,Kumar Raj,grower,2025-01-27,2025-01,2025-W05,Mon,2,17,3.86,CBD_Raffles,CBD / Raffles Place,12,85.92,22.26,SGD
drv_kumar_sg_12,Kumar Raj,grower,2025-01-28,2025-01,2025-W05,Tue,1,13,3.6,Woodlands,Woodlands,11,85.46,23.74,SGD
drv_kumar_sg_12,Kumar Raj,grower,2025-01-28,2025-01,2025-W05,Tue,2,20,3.9,Woodlands,Woodlands,12,92.73,23.78,SGD
drv_kumar_sg_12,Kumar Raj,grower,2025-01-29,2025-01,2025-W05,Wed,1,7,2.92,CBD_Raffles,CBD / Raffles Place,6,26.86,9.2,SGD
drv_kumar_sg_12,Kumar Raj,grower,2025-01-29,2025-01,2025-W05,Wed,2,13,2.93,CBD_Raffles,CBD / Raffles Place,6,26.91,9.18,SGD
drv_kumar_sg_12,Kumar Raj,grower,2025-01-29,2025-01,2025-W05,Wed,3,19,3.15,Woodlands,Woodlands,6,28.93,9.18,SGD
drv_kumar_sg_12,Kumar Raj,grower,2025-01-30,2025-01,2025-W05,Thu,1,8,3.53,CBD_Raffles,CBD / Raffles Place,7,45.72,12.95,SGD
drv_kumar_sg_12,Kumar Raj,grower,2025-01-30,2025-01,2025-W05,Thu,2,13,3.77,Orchard,Orchard Road,8,48.82,12.95,SGD
drv_kumar_sg_12,Kumar Raj,grower,2025-01-30,2025-01,2025-W05,Thu,3,20,3.6,CBD_Raffles,CBD / Raffles Place,8,46.69,12.97,SGD
drv_kumar_sg_12,Kumar Raj,grower,2025-01-31,2025-01,2025-W05,Fri,1,12,3.46,Orchard,Orchard Road,4,87.34,25.24,SGD
drv_kumar_sg_12,Kumar Raj,grower,2025-01-31,2025-01,2025-W05,Fri,2,20,4.24,Orchard,Orchard Road,6,107.13,25.27,SGD
drv_kumar_sg_12,Kumar Raj,grower,2025-02-01,2025-02,2025-W05,Sat,1,8,2.84,Tampines,Tampines,10,105.6,37.18,SGD
drv_kumar_sg_12,Kumar Raj,grower,2025-02-01,2025-02,2025-W05,Sat,2,12,3.56,Woodlands,Woodlands,13,132.31,37.17,SGD
drv_kumar_sg_12,Kumar Raj,grower,2025-02-03,2025-02,2025-W06,Mon,1,9,3.91,Orchard,Orchard Road,10,93.62,23.94,SGD
drv_kumar_sg_12,Kumar Raj,grower,2025-02-03,2025-02,2025-W06,Mon,2,13,3.79,Woodlands,Woodlands,9,90.82,23.96,SGD
drv_kumar_sg_12,Kumar Raj,grower,2025-02-04,2025-02,2025-W06,Tue,1,7,3.87,Tampines,Tampines,4,77.84,20.11,SGD
drv_kumar_sg_12,Kumar Raj,grower,2025-02-04,2025-02,2025-W06,Tue,2,13,3.49,CBD_Raffles,CBD / Raffles Place,4,70.11,20.09,SGD
drv_kumar_sg_12,Kumar Raj,grower,2025-02-04,2025-02,2025-W06,Tue,3,18,3.74,Tampines,Tampines,4,75.15,20.09,SGD
drv_kumar_sg_12,Kumar Raj,grower,2025-02-05,2025-02,2025-W06,Wed,1,8,3.56,CBD_Raffles,CBD / Raffles Place,6,79.7,22.39,SGD
drv_kumar_sg_12,Kumar Raj,grower,2025-02-05,2025-02,2025-W06,Wed,2,13,3.64,CBD_Raffles,CBD / Raffles Place,6,81.5,22.39,SGD
drv_kumar_sg_12,Kumar Raj,grower,2025-02-05,2025-02,2025-W06,Wed,3,20,3.69,Tampines,Tampines,6,82.52,22.36,SGD
drv_kumar_sg_12,Kumar Raj,grower,2025-02-06,2025-02,2025-W06,Thu,1,7,3.18,Tampines,Tampines,3,75.77,23.83,SGD
drv_kumar_sg_12,Kumar Raj,grower,2025-02-06,2025-02,2025-W06,Thu,2,13,2.45,CBD_Raffles,CBD / Raffles Place,3,58.39,23.83,SGD
drv_kumar_sg_12,Kumar Raj,grower,2025-02-06,2025-02,2025-W06,Thu,3,20,3.07,Woodlands,Woodlands,3,73.04,23.79,SGD
drv_kumar_sg_12,Kumar Raj,grower,2025-02-07,2025-02,2025-W06,Fri,1,7,3.63,CBD_Raffles,CBD / Raffles Place,6,83.94,23.12,SGD
drv_kumar_sg_12,Kumar Raj,grower,2025-02-07,2025-02,2025-W06,Fri,2,13,3.7,Orchard,Orchard Road,6,85.48,23.1,SGD
drv_kumar_sg_12,Kumar Raj,grower,2025-02-07,2025-02,2025-W06,Fri,3,20,3.67,Tampines,Tampines,6,84.86,23.12,SGD
drv_kumar_sg_12,Kumar Raj,grower,2025-02-08,2025-02,2025-W06,Sat,1,6,3.87,Orchard,Orchard Road,7,99.88,25.81,SGD
drv_kumar_sg_12,Kumar Raj,grower,2025-02-08,2025-02,2025-W06,Sat,2,13,3.08,Woodlands,Woodlands,5,79.5,25.81,SGD
drv_kumar_sg_12,Kumar Raj,grower,2025-02-08,2025-02,2025-W06,Sat,3,17,2.74,Woodlands,Woodlands,5,70.77,25.83,SGD
drv_kumar_sg_12,Kumar Raj,grower,2025-02-10,2025-02,2025-W07,Mon,1,7,3.04,Tampines,Tampines,4,32.22,10.6,SGD
drv_kumar_sg_12,Kumar Raj,grower,2025-02-10,2025-02,2025-W07,Mon,2,12,2.86,Tampines,Tampines,4,30.27,10.58,SGD
drv_kumar_sg_12,Kumar Raj,grower,2025-02-10,2025-02,2025-W07,Mon,3,19,2.7,Tampines,Tampines,3,28.65,10.61,SGD
drv_kumar_sg_12,Kumar Raj,grower,2025-02-11,2025-02,2025-W07,Tue,1,9,2.7,Tampines,Tampines,7,56.39,20.89,SGD
drv_kumar_sg_12,Kumar Raj,grower,2025-02-11,2025-02,2025-W07,Tue,2,11,3.88,Woodlands,Woodlands,10,80.94,20.86,SGD
drv_kumar_sg_12,Kumar Raj,grower,2025-02-11,2025-02,2025-W07,Tue,3,18,2.61,Tampines,Tampines,7,54.47,20.87,SGD
drv_kumar_sg_12,Kumar Raj,grower,2025-02-12,2025-02,2025-W07,Wed,1,7,3.84,CBD_Raffles,CBD / Raffles Place,6,139.5,36.33,SGD
drv_kumar_sg_12,Kumar Raj,grower,2025-02-12,2025-02,2025-W07,Wed,2,18,3.06,Orchard,Orchard Road,5,111.32,36.38,SGD
drv_kumar_sg_12,Kumar Raj,grower,2025-02-13,2025-02,2025-W07,Thu,1,9,2.59,Woodlands,Woodlands,3,58.81,22.71,SGD
drv_kumar_sg_12,Kumar Raj,grower,2025-02-13,2025-02,2025-W07,Thu,2,13,3.04,Orchard,Orchard Road,3,69.01,22.7,SGD
drv_kumar_sg_12,Kumar Raj,grower,2025-02-13,2025-02,2025-W07,Thu,3,18,3.06,Tampines,Tampines,4,69.38,22.67,SGD
drv_kumar_sg_12,Kumar Raj,grower,2025-02-14,2025-02,2025-W07,Fri,1,6,3.85,Woodlands,Woodlands,7,92.66,24.07,SGD
drv_kumar_sg_12,Kumar Raj,grower,2025-02-14,2025-02,2025-W07,Fri,2,13,4.12,Orchard,Orchard Road,8,99.11,24.06,SGD
drv_kumar_sg_12,Kumar Raj,grower,2025-02-14,2025-02,2025-W07,Fri,3,19,2.94,Woodlands,Woodlands,5,70.72,24.05,SGD
drv_kumar_sg_12,Kumar Raj,grower,2025-02-15,2025-02,2025-W07,Sat,1,8,3.13,Tampines,Tampines,5,69.92,22.34,SGD
drv_kumar_sg_12,Kumar Raj,grower,2025-02-15,2025-02,2025-W07,Sat,2,11,4.04,Tampines,Tampines,6,90.44,22.39,SGD
drv_kumar_sg_12,Kumar Raj,grower,2025-02-15,2025-02,2025-W07,Sat,3,17,3.53,Woodlands,Woodlands,5,78.93,22.36,SGD
drv_kumar_sg_12,Kumar Raj,grower,2025-02-17,2025-02,2025-W08,Mon,1,6,4.17,Orchard,Orchard Road,10,113.77,27.28,SGD
drv_kumar_sg_12,Kumar Raj,grower,2025-02-17,2025-02,2025-W08,Mon,2,13,3.73,Woodlands,Woodlands,9,101.85,27.31,SGD
drv_kumar_sg_12,Kumar Raj,grower,2025-02-18,2025-02,2025-W08,Tue,1,8,3.23,Tampines,Tampines,3,73.55,22.77,SGD
drv_kumar_sg_12,Kumar Raj,grower,2025-02-18,2025-02,2025-W08,Tue,2,13,3.77,Tampines,Tampines,4,85.94,22.8,SGD
drv_kumar_sg_12,Kumar Raj,grower,2025-02-18,2025-02,2025-W08,Tue,3,18,3.7,CBD_Raffles,CBD / Raffles Place,4,84.28,22.78,SGD
drv_kumar_sg_12,Kumar Raj,grower,2025-02-19,2025-02,2025-W08,Wed,1,7,4.01,Orchard,Orchard Road,13,127.18,31.72,SGD
drv_kumar_sg_12,Kumar Raj,grower,2025-02-19,2025-02,2025-W08,Wed,2,20,3.59,Orchard,Orchard Road,11,113.71,31.67,SGD
drv_kumar_sg_12,Kumar Raj,grower,2025-02-20,2025-02,2025-W08,Thu,1,9,4.38,Woodlands,Woodlands,8,107.47,24.54,SGD
drv_kumar_sg_12,Kumar Raj,grower,2025-02-20,2025-02,2025-W08,Thu,2,13,3.27,CBD_Raffles,CBD / Raffles Place,6,80.34,24.57,SGD
drv_kumar_sg_12,Kumar Raj,grower,2025-02-20,2025-02,2025-W08,Thu,3,20,4.25,Woodlands,Woodlands,8,104.42,24.57,SGD
drv_kumar_sg_12,Kumar Raj,grower,2025-02-21,2025-02,2025-W08,Fri,1,8,3.9,Woodlands,Woodlands,7,118.05,30.27,SGD
drv_kumar_sg_12,Kumar Raj,grower,2025-02-21,2025-02,2025-W08,Fri,2,13,3.49,Orchard,Orchard Road,7,105.77,30.31,SGD
drv_kumar_sg_12,Kumar Raj,grower,2025-02-21,2025-02,2025-W08,Fri,3,17,3.21,Tampines,Tampines,6,97.11,30.25,SGD
drv_kumar_sg_12,Kumar Raj,grower,2025-02-22,2025-02,2025-W08,Sat,1,9,3.77,Tampines,Tampines,6,181.3,48.09,SGD
drv_kumar_sg_12,Kumar Raj,grower,2025-02-22,2025-02,2025-W08,Sat,2,20,3.93,Tampines,Tampines,6,188.85,48.05,SGD
drv_kumar_sg_12,Kumar Raj,grower,2025-02-24,2025-02,2025-W09,Mon,1,9,2.81,CBD_Raffles,CBD / Raffles Place,4,64.4,22.92,SGD
drv_kumar_sg_12,Kumar Raj,grower,2025-02-24,2025-02,2025-W09,Mon,2,13,3.42,Orchard,Orchard Road,5,78.22,22.87,SGD
drv_kumar_sg_12,Kumar Raj,grower,2025-02-24,2025-02,2025-W09,Mon,3,18,2.67,Orchard,Orchard Road,4,61.2,22.92,SGD
drv_kumar_sg_12,Kumar Raj,grower,2025-02-25,2025-02,2025-W09,Tue,1,9,4.41,CBD_Raffles,CBD / Raffles Place,3,81.78,18.54,SGD
drv_kumar_sg_12,Kumar Raj,grower,2025-02-25,2025-02,2025-W09,Tue,2,11,3.13,CBD_Raffles,CBD / Raffles Place,2,58.03,18.54,SGD
drv_kumar_sg_12,Kumar Raj,grower,2025-02-25,2025-02,2025-W09,Tue,3,17,3.56,Tampines,Tampines,3,65.88,18.51,SGD
drv_kumar_sg_12,Kumar Raj,grower,2025-02-26,2025-02,2025-W09,Wed,1,7,3.91,CBD_Raffles,CBD / Raffles Place,12,121.79,31.15,SGD
drv_kumar_sg_12,Kumar Raj,grower,2025-02-26,2025-02,2025-W09,Wed,2,18,3.29,Orchard,Orchard Road,11,102.62,31.19,SGD
drv_kumar_sg_12,Kumar Raj,grower,2025-02-27,2025-02,2025-W09,Thu,1,9,3.15,Woodlands,Woodlands,10,121.29,38.5,SGD
drv_kumar_sg_12,Kumar Raj,grower,2025-02-27,2025-02,2025-W09,Thu,2,11,3.25,Tampines,Tampines,10,124.78,38.39,SGD
drv_kumar_sg_12,Kumar Raj,grower,2025-02-28,2025-02,2025-W09,Fri,1,9,3.33,CBD_Raffles,CBD / Raffles Place,4,99.58,29.9,SGD
drv_kumar_sg_12,Kumar Raj,grower,2025-02-28,2025-02,2025-W09,Fri,2,13,3.4,Tampines,Tampines,4,101.67,29.9,SGD
drv_kumar_sg_12,Kumar Raj,grower,2025-02-28,2025-02,2025-W09,Fri,3,20,3.36,Woodlands,Woodlands,4,100.33,29.86,SGD
drv_kumar_sg_12,Kumar Raj,grower,2025-03-01,2025-03,2025-W09,Sat,1,8,3.77,CBD_Raffles,CBD / Raffles Place,5,105.04,27.86,SGD
drv_kumar_sg_12,Kumar Raj,grower,2025-03-01,2025-03,2025-W09,Sat,2,11,3.25,Orchard,Orchard Road,4,90.58,27.87,SGD
drv_kumar_sg_12,Kumar Raj,grower,2025-03-01,2025-03,2025-W09,Sat,3,17,3.19,Orchard,Orchard Road,4,88.82,27.84,SGD
drv_kumar_sg_12,Kumar Raj,grower,2025-03-03,2025-03,2025-W10,Mon,1,6,3.48,Tampines,Tampines,8,108.51,31.18,SGD
drv_kumar_sg_12,Kumar Raj,grower,2025-03-03,2025-03,2025-W10,Mon,2,19,3.52,Tampines,Tampines,9,109.71,31.17,SGD
drv_kumar_sg_12,Kumar Raj,grower,2025-03-04,2025-03,2025-W10,Tue,1,8,3.31,Woodlands,Woodlands,6,62.29,18.82,SGD
drv_kumar_sg_12,Kumar Raj,grower,2025-03-04,2025-03,2025-W10,Tue,2,12,3.34,Tampines,Tampines,6,62.85,18.82,SGD
drv_kumar_sg_12,Kumar Raj,grower,2025-03-04,2025-03,2025-W10,Tue,3,18,3.84,Woodlands,Woodlands,7,72.19,18.8,SGD
drv_kumar_sg_12,Kumar Raj,grower,2025-03-05,2025-03,2025-W10,Wed,1,6,3.68,Orchard,Orchard Road,7,92.04,25.01,SGD
drv_kumar_sg_12,Kumar Raj,grower,2025-03-05,2025-03,2025-W10,Wed,2,13,2.92,Woodlands,Woodlands,6,73.2,25.07,SGD
drv_kumar_sg_12,Kumar Raj,grower,2025-03-05,2025-03,2025-W10,Wed,3,18,3.3,CBD_Raffles,CBD / Raffles Place,6,82.54,25.01,SGD
drv_kumar_sg_12,Kumar Raj,grower,2025-03-06,2025-03,2025-W10,Thu,1,9,4.13,Orchard,Orchard Road,8,135.65,32.85,SGD
drv_kumar_sg_12,Kumar Raj,grower,2025-03-06,2025-03,2025-W10,Thu,2,18,3.67,Tampines,Tampines,7,120.5,32.83,SGD
drv_kumar_sg_12,Kumar Raj,grower,2025-03-07,2025-03,2025-W10,Fri,1,12,3.16,Tampines,Tampines,11,132.78,42.02,SGD
drv_kumar_sg_12,Kumar Raj,grower,2025-03-07,2025-03,2025-W10,Fri,2,17,2.84,Orchard,Orchard Road,10,119.16,41.96,SGD
drv_kumar_sg_12,Kumar Raj,grower,2025-03-08,2025-03,2025-W10,Sat,1,6,3.48,CBD_Raffles,CBD / Raffles Place,3,99.91,28.71,SGD
drv_kumar_sg_12,Kumar Raj,grower,2025-03-08,2025-03,2025-W10,Sat,2,12,3.48,Woodlands,Woodlands,3,99.98,28.73,SGD
drv_kumar_sg_12,Kumar Raj,grower,2025-03-08,2025-03,2025-W10,Sat,3,20,3.24,Woodlands,Woodlands,3,93.16,28.75,SGD
drv_kumar_sg_12,Kumar Raj,grower,2025-03-10,2025-03,2025-W11,Mon,1,11,3.72,Orchard,Orchard Road,7,99.64,26.78,SGD
drv_kumar_sg_12,Kumar Raj,grower,2025-03-10,2025-03,2025-W11,Mon,2,20,3.48,CBD_Raffles,CBD / Raffles Place,7,93.06,26.74,SGD
drv_kumar_sg_12,Kumar Raj,grower,2025-03-11,2025-03,2025-W11,Tue,1,12,2.88,Orchard,Orchard Road,10,88.4,30.69,SGD
drv_kumar_sg_12,Kumar Raj,grower,2025-03-11,2025-03,2025-W11,Tue,2,19,3.22,CBD_Raffles,CBD / Raffles Place,11,99.1,30.78,SGD
drv_kumar_sg_12,Kumar Raj,grower,2025-03-12,2025-03,2025-W11,Wed,1,6,2.75,Woodlands,Woodlands,6,67.62,24.59,SGD
drv_kumar_sg_12,Kumar Raj,grower,2025-03-12,2025-03,2025-W11,Wed,2,13,2.67,Orchard,Orchard Road,6,65.7,24.61,SGD
drv_kumar_sg_12,Kumar Raj,grower,2025-03-12,2025-03,2025-W11,Wed,3,19,2.88,Orchard,Orchard Road,7,70.7,24.55,SGD
drv_kumar_sg_12,Kumar Raj,grower,2025-03-13,2025-03,2025-W11,Thu,1,13,4.21,Orchard,Orchard Road,12,108.12,25.68,SGD
drv_kumar_sg_12,Kumar Raj,grower,2025-03-13,2025-03,2025-W11,Thu,2,18,3.39,Woodlands,Woodlands,10,87.25,25.74,SGD
drv_kumar_sg_12,Kumar Raj,grower,2025-03-14,2025-03,2025-W11,Fri,1,8,3.99,Tampines,Tampines,5,103.87,26.03,SGD
drv_kumar_sg_12,Kumar Raj,grower,2025-03-14,2025-03,2025-W11,Fri,2,13,3.97,Orchard,Orchard Road,5,103.17,25.99,SGD
drv_kumar_sg_12,Kumar Raj,grower,2025-03-14,2025-03,2025-W11,Fri,3,19,3.44,Orchard,Orchard Road,4,89.47,26.01,SGD
drv_kumar_sg_12,Kumar Raj,grower,2025-03-15,2025-03,2025-W11,Sat,1,7,3.4,Tampines,Tampines,5,83.56,24.58,SGD
drv_kumar_sg_12,Kumar Raj,grower,2025-03-15,2025-03,2025-W11,Sat,2,11,3.31,Tampines,Tampines,5,81.19,24.53,SGD
drv_kumar_sg_12,Kumar Raj,grower,2025-03-15,2025-03,2025-W11,Sat,3,19,3.69,Woodlands,Woodlands,5,90.47,24.52,SGD
drv_kumar_sg_12,Kumar Raj,grower,2025-03-17,2025-03,2025-W12,Mon,1,8,3.42,Orchard,Orchard Road,6,68.98,20.17,SGD
drv_kumar_sg_12,Kumar Raj,grower,2025-03-17,2025-03,2025-W12,Mon,2,11,3.32,CBD_Raffles,CBD / Raffles Place,6,66.99,20.18,SGD
drv_kumar_sg_12,Kumar Raj,grower,2025-03-17,2025-03,2025-W12,Mon,3,17,3.07,Woodlands,Woodlands,5,61.91,20.17,SGD
drv_kumar_sg_12,Kumar Raj,grower,2025-03-18,2025-03,2025-W12,Tue,1,6,2.65,Orchard,Orchard Road,4,96.82,36.54,SGD
drv_kumar_sg_12,Kumar Raj,grower,2025-03-18,2025-03,2025-W12,Tue,2,17,3.75,Woodlands,Woodlands,6,137.21,36.59,SGD
drv_kumar_sg_12,Kumar Raj,grower,2025-03-19,2025-03,2025-W12,Wed,1,9,3.23,Orchard,Orchard Road,7,47.69,14.76,SGD
drv_kumar_sg_12,Kumar Raj,grower,2025-03-19,2025-03,2025-W12,Wed,2,11,3.17,Tampines,Tampines,6,46.89,14.79,SGD
drv_kumar_sg_12,Kumar Raj,grower,2025-03-20,2025-03,2025-W12,Thu,1,7,3.28,CBD_Raffles,CBD / Raffles Place,7,81.36,24.8,SGD
drv_kumar_sg_12,Kumar Raj,grower,2025-03-20,2025-03,2025-W12,Thu,2,13,3.25,Orchard,Orchard Road,7,80.66,24.82,SGD
drv_kumar_sg_12,Kumar Raj,grower,2025-03-20,2025-03,2025-W12,Thu,3,17,3.56,CBD_Raffles,CBD / Raffles Place,8,88.29,24.8,SGD
drv_kumar_sg_12,Kumar Raj,grower,2025-03-21,2025-03,2025-W12,Fri,1,9,3.22,Tampines,Tampines,3,77.21,23.98,SGD
drv_kumar_sg_12,Kumar Raj,grower,2025-03-21,2025-03,2025-W12,Fri,2,13,3.34,Woodlands,Woodlands,3,80.1,23.98,SGD
drv_kumar_sg_12,Kumar Raj,grower,2025-03-21,2025-03,2025-W12,Fri,3,17,3.84,CBD_Raffles,CBD / Raffles Place,3,92.24,24.02,SGD
drv_kumar_sg_12,Kumar Raj,grower,2025-03-22,2025-03,2025-W12,Sat,1,7,3.15,Orchard,Orchard Road,5,107.25,34.05,SGD
drv_kumar_sg_12,Kumar Raj,grower,2025-03-22,2025-03,2025-W12,Sat,2,11,4.02,Tampines,Tampines,6,136.76,34.02,SGD
drv_kumar_sg_12,Kumar Raj,grower,2025-03-22,2025-03,2025-W12,Sat,3,19,3.83,Woodlands,Woodlands,6,130.1,33.97,SGD
drv_kumar_sg_12,Kumar Raj,grower,2025-03-24,2025-03,2025-W13,Mon,1,9,2.72,Tampines,Tampines,7,78.22,28.76,SGD
drv_kumar_sg_12,Kumar Raj,grower,2025-03-24,2025-03,2025-W13,Mon,2,18,3.58,Tampines,Tampines,10,102.77,28.71,SGD
drv_kumar_sg_12,Kumar Raj,grower,2025-03-25,2025-03,2025-W13,Tue,1,8,2.98,Orchard,Orchard Road,3,56.78,19.05,SGD
drv_kumar_sg_12,Kumar Raj,grower,2025-03-25,2025-03,2025-W13,Tue,2,13,3.59,CBD_Raffles,CBD / Raffles Place,4,68.58,19.1,SGD
drv_kumar_sg_12,Kumar Raj,grower,2025-03-25,2025-03,2025-W13,Tue,3,18,3.43,Woodlands,Woodlands,3,65.48,19.09,SGD
drv_kumar_sg_12,Kumar Raj,grower,2025-03-26,2025-03,2025-W13,Wed,1,9,2.98,Tampines,Tampines,7,84.28,28.28,SGD
drv_kumar_sg_12,Kumar Raj,grower,2025-03-26,2025-03,2025-W13,Wed,2,13,2.65,CBD_Raffles,CBD / Raffles Place,6,74.96,28.29,SGD
drv_kumar_sg_12,Kumar Raj,grower,2025-03-26,2025-03,2025-W13,Wed,3,18,2.98,Tampines,Tampines,7,84.34,28.3,SGD
drv_kumar_sg_12,Kumar Raj,grower,2025-03-27,2025-03,2025-W13,Thu,1,6,3.22,CBD_Raffles,CBD / Raffles Place,4,74.63,23.18,SGD
drv_kumar_sg_12,Kumar Raj,grower,2025-03-27,2025-03,2025-W13,Thu,2,11,3.07,Tampines,Tampines,3,71.23,23.2,SGD
drv_kumar_sg_12,Kumar Raj,grower,2025-03-27,2025-03,2025-W13,Thu,3,18,3.81,CBD_Raffles,CBD / Raffles Place,4,88.36,23.19,SGD
drv_kumar_sg_12,Kumar Raj,grower,2025-03-28,2025-03,2025-W13,Fri,1,13,4.07,Tampines,Tampines,9,150.92,37.08,SGD
drv_kumar_sg_12,Kumar Raj,grower,2025-03-28,2025-03,2025-W13,Fri,2,20,3.33,Woodlands,Woodlands,7,123.21,37.0,SGD
drv_kumar_sg_12,Kumar Raj,grower,2025-03-29,2025-03,2025-W13,Sat,1,8,4.4,CBD_Raffles,CBD / Raffles Place,9,102.63,23.32,SGD
drv_kumar_sg_12,Kumar Raj,grower,2025-03-29,2025-03,2025-W13,Sat,2,12,3.58,CBD_Raffles,CBD / Raffles Place,7,83.38,23.29,SGD
drv_kumar_sg_12,Kumar Raj,grower,2025-03-29,2025-03,2025-W13,Sat,3,17,3.52,Tampines,Tampines,7,82.01,23.3,SGD
drv_kumar_sg_12,Kumar Raj,grower,2025-03-31,2025-03,2025-W14,Mon,1,9,2.88,Woodlands,Woodlands,3,62.16,21.58,SGD
drv_kumar_sg_12,Kumar Raj,grower,2025-03-31,2025-03,2025-W14,Mon,2,12,2.35,Orchard,Orchard Road,2,50.66,21.56,SGD
drv_kumar_sg_12,Kumar Raj,grower,2025-03-31,2025-03,2025-W14,Mon,3,19,3.47,Orchard,Orchard Road,3,74.69,21.52,SGD
drv_kumar_sg_12,Kumar Raj,grower,2025-04-01,2025-04,2025-W14,Tue,1,6,3.45,CBD_Raffles,CBD / Raffles Place,6,124.87,36.19,SGD
drv_kumar_sg_12,Kumar Raj,grower,2025-04-01,2025-04,2025-W14,Tue,2,20,3.95,Tampines,Tampines,7,142.65,36.11,SGD
drv_kumar_sg_12,Kumar Raj,grower,2025-04-02,2025-04,2025-W14,Wed,1,8,3.44,Orchard,Orchard Road,6,88.57,25.75,SGD
drv_kumar_sg_12,Kumar Raj,grower,2025-04-02,2025-04,2025-W14,Wed,2,12,4.12,Woodlands,Woodlands,7,106.06,25.74,SGD
drv_kumar_sg_12,Kumar Raj,grower,2025-04-02,2025-04,2025-W14,Wed,3,19,3.43,Orchard,Orchard Road,6,88.26,25.73,SGD
drv_kumar_sg_12,Kumar Raj,grower,2025-04-03,2025-04,2025-W14,Thu,1,6,3.57,Tampines,Tampines,8,80.52,22.55,SGD
drv_kumar_sg_12,Kumar Raj,grower,2025-04-03,2025-04,2025-W14,Thu,2,12,3.45,Orchard,Orchard Road,8,77.75,22.54,SGD
drv_kumar_sg_12,Kumar Raj,grower,2025-04-03,2025-04,2025-W14,Thu,3,20,3.78,CBD_Raffles,CBD / Raffles Place,8,85.17,22.53,SGD
drv_kumar_sg_12,Kumar Raj,grower,2025-04-04,2025-04,2025-W14,Fri,1,9,4.06,Woodlands,Woodlands,6,152.27,37.5,SGD
drv_kumar_sg_12,Kumar Raj,grower,2025-04-04,2025-04,2025-W14,Fri,2,13,3.44,Orchard,Orchard Road,5,128.72,37.42,SGD
drv_kumar_sg_12,Kumar Raj,grower,2025-04-05,2025-04,2025-W14,Sat,1,8,3.62,Woodlands,Woodlands,10,171.71,47.43,SGD
drv_kumar_sg_12,Kumar Raj,grower,2025-04-05,2025-04,2025-W14,Sat,2,11,3.78,CBD_Raffles,CBD / Raffles Place,11,178.98,47.35,SGD
drv_kumar_sg_12,Kumar Raj,grower,2025-04-07,2025-04,2025-W15,Mon,1,8,3.59,Tampines,Tampines,13,121.17,33.75,SGD
drv_kumar_sg_12,Kumar Raj,grower,2025-04-07,2025-04,2025-W15,Mon,2,17,3.01,Tampines,Tampines,11,101.86,33.84,SGD
drv_kumar_sg_12,Kumar Raj,grower,2025-04-08,2025-04,2025-W15,Tue,1,9,2.92,Woodlands,Woodlands,4,72.21,24.73,SGD
drv_kumar_sg_12,Kumar Raj,grower,2025-04-08,2025-04,2025-W15,Tue,2,11,2.92,Tampines,Tampines,4,72.28,24.75,SGD
drv_kumar_sg_12,Kumar Raj,grower,2025-04-08,2025-04,2025-W15,Tue,3,17,3.36,Tampines,Tampines,5,83.19,24.76,SGD
drv_kumar_sg_12,Kumar Raj,grower,2025-04-09,2025-04,2025-W15,Wed,1,6,3.52,Orchard,Orchard Road,4,67.51,19.18,SGD
drv_kumar_sg_12,Kumar Raj,grower,2025-04-09,2025-04,2025-W15,Wed,2,13,3.55,CBD_Raffles,CBD / Raffles Place,4,68.06,19.17,SGD
drv_kumar_sg_12,Kumar Raj,grower,2025-04-09,2025-04,2025-W15,Wed,3,17,4.43,Woodlands,Woodlands,5,85.01,19.19,SGD
drv_kumar_sg_12,Kumar Raj,grower,2025-04-10,2025-04,2025-W15,Thu,1,6,2.76,Tampines,Tampines,3,86.99,31.52,SGD
drv_kumar_sg_12,Kumar Raj,grower,2025-04-10,2025-04,2025-W15,Thu,2,11,3.03,Woodlands,Woodlands,3,95.46,31.5,SGD
drv_kumar_sg_12,Kumar Raj,grower,2025-04-10,2025-04,2025-W15,Thu,3,17,2.92,Woodlands,Woodlands,3,92.0,31.51,SGD
drv_kumar_sg_12,Kumar Raj,grower,2025-04-11,2025-04,2025-W15,Fri,1,9,3.51,CBD_Raffles,CBD / Raffles Place,7,119.24,33.97,SGD
drv_kumar_sg_12,Kumar Raj,grower,2025-04-11,2025-04,2025-W15,Fri,2,13,3.09,Woodlands,Woodlands,6,105.12,34.02,SGD
drv_kumar_sg_12,Kumar Raj,grower,2025-04-11,2025-04,2025-W15,Fri,3,17,3.4,CBD_Raffles,CBD / Raffles Place,7,115.82,34.06,SGD
drv_kumar_sg_12,Kumar Raj,grower,2025-04-12,2025-04,2025-W15,Sat,1,9,2.93,Woodlands,Woodlands,5,74.68,25.49,SGD
drv_kumar_sg_12,Kumar Raj,grower,2025-04-12,2025-04,2025-W15,Sat,2,12,3.63,CBD_Raffles,CBD / Raffles Place,6,92.46,25.47,SGD
drv_kumar_sg_12,Kumar Raj,grower,2025-04-12,2025-04,2025-W15,Sat,3,17,3.84,CBD_Raffles,CBD / Raffles Place,6,97.92,25.5,SGD
drv_kumar_sg_12,Kumar Raj,grower,2025-04-14,2025-04,2025-W16,Mon,1,7,3.09,Orchard,Orchard Road,3,79.83,25.83,SGD
drv_kumar_sg_12,Kumar Raj,grower,2025-04-14,2025-04,2025-W16,Mon,2,12,2.78,CBD_Raffles,CBD / Raffles Place,3,71.82,25.83,SGD
drv_kumar_sg_12,Kumar Raj,grower,2025-04-14,2025-04,2025-W16,Mon,3,17,2.92,CBD_Raffles,CBD / Raffles Place,3,75.41,25.83,SGD
drv_kumar_sg_12,Kumar Raj,grower,2025-04-15,2025-04,2025-W16,Tue,1,6,3.21,Woodlands,Woodlands,3,88.63,27.61,SGD
drv_kumar_sg_12,Kumar Raj,grower,2025-04-15,2025-04,2025-W16,Tue,2,12,2.78,Orchard,Orchard Road,2,76.72,27.6,SGD
drv_kumar_sg_12,Kumar Raj,grower,2025-04-15,2025-04,2025-W16,Tue,3,20,3.31,CBD_Raffles,CBD / Raffles Place,3,91.38,27.61,SGD
drv_kumar_sg_12,Kumar Raj,grower,2025-04-16,2025-04,2025-W16,Wed,1,9,3.48,CBD_Raffles,CBD / Raffles Place,6,80.05,23.0,SGD
drv_kumar_sg_12,Kumar Raj,grower,2025-04-16,2025-04,2025-W16,Wed,2,11,3.35,Tampines,Tampines,6,77.03,22.99,SGD
drv_kumar_sg_12,Kumar Raj,grower,2025-04-16,2025-04,2025-W16,Wed,3,20,3.18,Woodlands,Woodlands,6,73.14,23.0,SGD
drv_kumar_sg_12,Kumar Raj,grower,2025-04-17,2025-04,2025-W16,Thu,1,6,3.51,Orchard,Orchard Road,8,70.14,19.98,SGD
drv_kumar_sg_12,Kumar Raj,grower,2025-04-17,2025-04,2025-W16,Thu,2,13,3.68,CBD_Raffles,CBD / Raffles Place,8,73.71,20.03,SGD
drv_kumar_sg_12,Kumar Raj,grower,2025-04-17,2025-04,2025-W16,Thu,3,19,2.71,Woodlands,Woodlands,6,54.26,20.02,SGD
drv_kumar_sg_12,Kumar Raj,grower,2025-04-18,2025-04,2025-W16,Fri,1,7,3.6,Woodlands,Woodlands,8,107.35,29.82,SGD
drv_kumar_sg_12,Kumar Raj,grower,2025-04-18,2025-04,2025-W16,Fri,2,12,4.1,Tampines,Tampines,10,122.51,29.88,SGD
drv_kumar_sg_12,Kumar Raj,grower,2025-04-19,2025-04,2025-W16,Sat,1,7,3.16,Woodlands,Woodlands,3,131.45,41.6,SGD
drv_kumar_sg_12,Kumar Raj,grower,2025-04-19,2025-04,2025-W16,Sat,2,13,2.6,Tampines,Tampines,3,108.19,41.61,SGD
drv_kumar_sg_12,Kumar Raj,grower,2025-04-19,2025-04,2025-W16,Sat,3,18,2.43,Orchard,Orchard Road,3,101.06,41.59,SGD
drv_kumar_sg_12,Kumar Raj,grower,2025-04-21,2025-04,2025-W17,Mon,1,9,3.27,Orchard,Orchard Road,10,96.92,29.64,SGD
drv_kumar_sg_12,Kumar Raj,grower,2025-04-21,2025-04,2025-W17,Mon,2,12,4.23,Woodlands,Woodlands,12,125.22,29.6,SGD
drv_kumar_sg_12,Kumar Raj,grower,2025-04-22,2025-04,2025-W17,Tue,1,7,3.6,Orchard,Orchard Road,3,75.69,21.02,SGD
drv_kumar_sg_12,Kumar Raj,grower,2025-04-22,2025-04,2025-W17,Tue,2,12,3.25,Tampines,Tampines,2,68.52,21.08,SGD
drv_kumar_sg_12,Kumar Raj,grower,2025-04-22,2025-04,2025-W17,Tue,3,17,3.95,Tampines,Tampines,3,83.17,21.06,SGD
drv_kumar_sg_12,Kumar Raj,grower,2025-04-23,2025-04,2025-W17,Wed,1,7,3.96,Orchard,Orchard Road,5,114.75,28.98,SGD
drv_kumar_sg_12,Kumar Raj,grower,2025-04-23,2025-04,2025-W17,Wed,2,12,3.84,Tampines,Tampines,4,111.35,29.0,SGD
drv_kumar_sg_12,Kumar Raj,grower,2025-04-24,2025-04,2025-W17,Thu,1,9,2.85,Orchard,Orchard Road,6,68.77,24.13,SGD
drv_kumar_sg_12,Kumar Raj,grower,2025-04-24,2025-04,2025-W17,Thu,2,11,3.47,Tampines,Tampines,7,83.56,24.08,SGD
drv_kumar_sg_12,Kumar Raj,grower,2025-04-24,2025-04,2025-W17,Thu,3,19,3.48,CBD_Raffles,CBD / Raffles Place,7,83.9,24.11,SGD
drv_kumar_sg_12,Kumar Raj,grower,2025-04-25,2025-04,2025-W17,Fri,1,6,3.16,Orchard,Orchard Road,8,91.96,29.1,SGD
drv_kumar_sg_12,Kumar Raj,grower,2025-04-25,2025-04,2025-W17,Fri,2,11,2.36,Tampines,Tampines,6,68.54,29.04,SGD
drv_kumar_sg_12,Kumar Raj,grower,2025-04-25,2025-04,2025-W17,Fri,3,17,2.68,CBD_Raffles,CBD / Raffles Place,7,78.12,29.15,SGD
drv_kumar_sg_12,Kumar Raj,grower,2025-04-26,2025-04,2025-W17,Sat,1,6,3.4,CBD_Raffles,CBD / Raffles Place,4,120.1,35.32,SGD
drv_kumar_sg_12,Kumar Raj,grower,2025-04-26,2025-04,2025-W17,Sat,2,11,3.06,Woodlands,Woodlands,4,108.15,35.34,SGD
drv_kumar_sg_12,Kumar Raj,grower,2025-04-26,2025-04,2025-W17,Sat,3,19,3.93,CBD_Raffles,CBD / Raffles Place,5,138.91,35.35,SGD
drv_kumar_sg_12,Kumar Raj,grower,2025-04-28,2025-04,2025-W18,Mon,1,7,3.25,Orchard,Orchard Road,4,67.22,20.68,SGD
drv_kumar_sg_12,Kumar Raj,grower,2025-04-28,2025-04,2025-W18,Mon,2,11,3.74,Orchard,Orchard Road,5,77.27,20.66,SGD
drv_kumar_sg_12,Kumar Raj,grower,2025-04-28,2025-04,2025-W18,Mon,3,17,3.3,CBD_Raffles,CBD / Raffles Place,4,68.27,20.69,SGD
drv_kumar_sg_12,Kumar Raj,grower,2025-04-29,2025-04,2025-W18,Tue,1,7,2.58,CBD_Raffles,CBD / Raffles Place,4,54.62,21.17,SGD
drv_kumar_sg_12,Kumar Raj,grower,2025-04-29,2025-04,2025-W18,Tue,2,13,3.22,Tampines,Tampines,5,68.17,21.17,SGD
drv_kumar_sg_12,Kumar Raj,grower,2025-04-29,2025-04,2025-W18,Tue,3,17,3.3,Orchard,Orchard Road,5,69.93,21.19,SGD
drv_kumar_sg_12,Kumar Raj,grower,2025-04-30,2025-04,2025-W18,Wed,1,9,4.07,Orchard,Orchard Road,6,71.02,17.45,SGD
drv_kumar_sg_12,Kumar Raj,grower,2025-04-30,2025-04,2025-W18,Wed,2,11,4.09,Orchard,Orchard Road,6,71.39,17.45,SGD
drv_kumar_sg_12,Kumar Raj,grower,2025-04-30,2025-04,2025-W18,Wed,3,19,3.64,Orchard,Orchard Road,5,63.49,17.44,SGD
drv_kumar_sg_12,Kumar Raj,grower,2025-05-01,2025-05,2025-W18,Thu,1,9,2.67,Tampines,Tampines,8,82.24,30.8,SGD
drv_kumar_sg_12,Kumar Raj,grower,2025-05-01,2025-05,2025-W18,Thu,2,11,2.73,Woodlands,Woodlands,8,84.11,30.81,SGD
drv_kumar_sg_12,Kumar Raj,grower,2025-05-01,2025-05,2025-W18,Thu,3,20,2.9,CBD_Raffles,CBD / Raffles Place,8,89.36,30.81,SGD
drv_kumar_sg_12,Kumar Raj,grower,2025-05-02,2025-05,2025-W18,Fri,1,8,3.5,Woodlands,Woodlands,7,107.39,30.68,SGD
drv_kumar_sg_12,Kumar Raj,grower,2025-05-02,2025-05,2025-W18,Fri,2,11,3.83,Woodlands,Woodlands,8,117.48,30.67,SGD
drv_kumar_sg_12,Kumar Raj,grower,2025-05-02,2025-05,2025-W18,Fri,3,18,3.57,Tampines,Tampines,7,109.33,30.62,SGD
drv_kumar_sg_12,Kumar Raj,grower,2025-05-03,2025-05,2025-W18,Sat,1,7,3.83,CBD_Raffles,CBD / Raffles Place,12,149.02,38.91,SGD
drv_kumar_sg_12,Kumar Raj,grower,2025-05-03,2025-05,2025-W18,Sat,2,20,3.57,Orchard,Orchard Road,12,138.91,38.91,SGD
drv_kumar_sg_12,Kumar Raj,grower,2025-05-05,2025-05,2025-W19,Mon,1,13,2.83,Tampines,Tampines,5,99.08,35.01,SGD
drv_kumar_sg_12,Kumar Raj,grower,2025-05-05,2025-05,2025-W19,Mon,2,18,3.37,CBD_Raffles,CBD / Raffles Place,7,117.75,34.94,SGD
drv_kumar_sg_12,Kumar Raj,grower,2025-05-06,2025-05,2025-W19,Tue,1,9,3.13,Tampines,Tampines,7,65.59,20.96,SGD
drv_kumar_sg_12,Kumar Raj,grower,2025-05-06,2025-05,2025-W19,Tue,2,13,3.51,CBD_Raffles,CBD / Raffles Place,7,73.47,20.93,SGD
drv_kumar_sg_12,Kumar Raj,grower,2025-05-06,2025-05,2025-W19,Tue,3,18,3.76,Woodlands,Woodlands,8,78.8,20.96,SGD
drv_kumar_sg_12,Kumar Raj,grower,2025-05-07,2025-05,2025-W19,Wed,1,7,3.84,Orchard,Orchard Road,7,116.31,30.29,SGD
drv_kumar_sg_12,Kumar Raj,grower,2025-05-07,2025-05,2025-W19,Wed,2,19,3.76,Tampines,Tampines,7,113.75,30.25,SGD
drv_kumar_sg_12,Kumar Raj,grower,2025-05-08,2025-05,2025-W19,Thu,1,9,4.08,Orchard,Orchard Road,8,74.79,18.33,SGD
drv_kumar_sg_12,Kumar Raj,grower,2025-05-08,2025-05,2025-W19,Thu,2,12,3.86,Woodlands,Woodlands,8,70.73,18.32,SGD
drv_kumar_sg_12,Kumar Raj,grower,2025-05-08,2025-05,2025-W19,Thu,3,20,3.36,CBD_Raffles,CBD / Raffles Place,7,61.47,18.29,SGD
drv_kumar_sg_12,Kumar Raj,grower,2025-05-09,2025-05,2025-W19,Fri,1,8,2.65,Orchard,Orchard Road,4,80.17,30.25,SGD
drv_kumar_sg_12,Kumar Raj,grower,2025-05-09,2025-05,2025-W19,Fri,2,12,2.93,Tampines,Tampines,5,88.58,30.23,SGD
drv_kumar_sg_12,Kumar Raj,grower,2025-05-09,2025-05,2025-W19,Fri,3,18,3.62,Woodlands,Woodlands,6,109.48,30.24,SGD
drv_kumar_sg_12,Kumar Raj,grower,2025-05-10,2025-05,2025-W19,Sat,1,7,3.77,Tampines,Tampines,9,97.05,25.74,SGD
drv_kumar_sg_12,Kumar Raj,grower,2025-05-10,2025-05,2025-W19,Sat,2,11,3.4,Woodlands,Woodlands,8,87.59,25.76,SGD
drv_kumar_sg_12,Kumar Raj,grower,2025-05-10,2025-05,2025-W19,Sat,3,17,3.02,Tampines,Tampines,7,77.83,25.77,SGD
drv_kumar_sg_12,Kumar Raj,grower,2025-05-12,2025-05,2025-W20,Mon,1,6,3.75,Woodlands,Woodlands,3,66.33,17.69,SGD
drv_kumar_sg_12,Kumar Raj,grower,2025-05-12,2025-05,2025-W20,Mon,2,13,2.88,Tampines,Tampines,2,50.96,17.69,SGD
drv_kumar_sg_12,Kumar Raj,grower,2025-05-12,2025-05,2025-W20,Mon,3,18,4.18,Woodlands,Woodlands,3,73.96,17.69,SGD
drv_kumar_sg_12,Kumar Raj,grower,2025-05-13,2025-05,2025-W20,Tue,1,6,3.25,CBD_Raffles,CBD / Raffles Place,4,71.16,21.9,SGD
drv_kumar_sg_12,Kumar Raj,grower,2025-05-13,2025-05,2025-W20,Tue,2,11,4.17,Orchard,Orchard Road,5,91.27,21.89,SGD
drv_kumar_sg_12,Kumar Raj,grower,2025-05-13,2025-05,2025-W20,Tue,3,18,3.98,Tampines,Tampines,5,87.22,21.91,SGD
drv_kumar_sg_12,Kumar Raj,grower,2025-05-14,2025-05,2025-W20,Wed,1,7,2.81,Tampines,Tampines,3,74.82,26.63,SGD
drv_kumar_sg_12,Kumar Raj,grower,2025-05-14,2025-05,2025-W20,Wed,2,13,4.0,Tampines,Tampines,4,106.51,26.63,SGD
drv_kumar_sg_12,Kumar Raj,grower,2025-05-14,2025-05,2025-W20,Wed,3,18,3.08,Woodlands,Woodlands,3,82.03,26.63,SGD
drv_kumar_sg_12,Kumar Raj,grower,2025-05-15,2025-05,2025-W20,Thu,1,6,3.44,Woodlands,Woodlands,6,52.05,15.13,SGD
drv_kumar_sg_12,Kumar Raj,grower,2025-05-15,2025-05,2025-W20,Thu,2,12,2.48,Tampines,Tampines,4,37.46,15.1,SGD
drv_kumar_sg_12,Kumar Raj,grower,2025-05-15,2025-05,2025-W20,Thu,3,18,2.98,Orchard,Orchard Road,5,45.13,15.14,SGD
drv_kumar_sg_12,Kumar Raj,grower,2025-05-16,2025-05,2025-W20,Fri,1,7,4.17,Orchard,Orchard Road,6,81.95,19.65,SGD
drv_kumar_sg_12,Kumar Raj,grower,2025-05-16,2025-05,2025-W20,Fri,2,11,3.51,CBD_Raffles,CBD / Raffles Place,5,68.92,19.64,SGD
drv_kumar_sg_12,Kumar Raj,grower,2025-05-16,2025-05,2025-W20,Fri,3,17,3.92,Orchard,Orchard Road,6,77.07,19.66,SGD
drv_kumar_sg_12,Kumar Raj,grower,2025-05-17,2025-05,2025-W20,Sat,1,7,3.08,CBD_Raffles,CBD / Raffles Place,4,89.29,28.99,SGD
drv_kumar_sg_12,Kumar Raj,grower,2025-05-17,2025-05,2025-W20,Sat,2,12,2.82,Woodlands,Woodlands,4,81.79,29.0,SGD
drv_kumar_sg_12,Kumar Raj,grower,2025-05-17,2025-05,2025-W20,Sat,3,20,3.1,Woodlands,Woodlands,4,89.74,28.95,SGD
drv_kumar_sg_12,Kumar Raj,grower,2025-05-19,2025-05,2025-W21,Mon,1,13,3.63,Orchard,Orchard Road,6,132.01,36.37,SGD
drv_kumar_sg_12,Kumar Raj,grower,2025-05-19,2025-05,2025-W21,Mon,2,20,2.97,Tampines,Tampines,5,107.91,36.33,SGD
drv_kumar_sg_12,Kumar Raj,grower,2025-05-20,2025-05,2025-W21,Tue,1,13,3.09,Woodlands,Woodlands,10,100.2,32.43,SGD
drv_kumar_sg_12,Kumar Raj,grower,2025-05-20,2025-05,2025-W21,Tue,2,19,3.71,Woodlands,Woodlands,13,120.45,32.47,SGD
drv_kumar_sg_12,Kumar Raj,grower,2025-05-21,2025-05,2025-W21,Wed,1,7,3.36,CBD_Raffles,CBD / Raffles Place,4,75.66,22.52,SGD
drv_kumar_sg_12,Kumar Raj,grower,2025-05-21,2025-05,2025-W21,Wed,2,13,2.84,CBD_Raffles,CBD / Raffles Place,3,63.99,22.53,SGD
drv_kumar_sg_12,Kumar Raj,grower,2025-05-21,2025-05,2025-W21,Wed,3,18,2.8,Woodlands,Woodlands,3,63.0,22.5,SGD
drv_kumar_sg_12,Kumar Raj,grower,2025-05-22,2025-05,2025-W21,Thu,1,7,3.57,CBD_Raffles,CBD / Raffles Place,9,94.01,26.33,SGD
drv_kumar_sg_12,Kumar Raj,grower,2025-05-22,2025-05,2025-W21,Thu,2,12,3.57,Woodlands,Woodlands,9,94.02,26.34,SGD
drv_kumar_sg_12,Kumar Raj,grower,2025-05-22,2025-05,2025-W21,Thu,3,19,2.86,Tampines,Tampines,7,75.2,26.29,SGD
drv_kumar_sg_12,Kumar Raj,grower,2025-05-23,2025-05,2025-W21,Fri,1,6,3.52,CBD_Raffles,CBD / Raffles Place,5,128.07,36.38,SGD
drv_kumar_sg_12,Kumar Raj,grower,2025-05-23,2025-05,2025-W21,Fri,2,19,2.98,Woodlands,Woodlands,5,108.45,36.39,SGD
drv_kumar_sg_12,Kumar Raj,grower,2025-05-24,2025-05,2025-W21,Sat,1,7,3.04,CBD_Raffles,CBD / Raffles Place,8,107.5,35.36,SGD
drv_kumar_sg_12,Kumar Raj,grower,2025-05-24,2025-05,2025-W21,Sat,2,11,3.07,Tampines,Tampines,8,108.67,35.4,SGD
drv_kumar_sg_12,Kumar Raj,grower,2025-05-24,2025-05,2025-W21,Sat,3,18,3.09,Orchard,Orchard Road,8,109.29,35.37,SGD
drv_kumar_sg_12,Kumar Raj,grower,2025-05-26,2025-05,2025-W22,Mon,1,6,3.08,Tampines,Tampines,6,56.75,18.43,SGD
drv_kumar_sg_12,Kumar Raj,grower,2025-05-26,2025-05,2025-W22,Mon,2,12,4.06,Orchard,Orchard Road,8,74.73,18.41,SGD
drv_kumar_sg_12,Kumar Raj,grower,2025-05-26,2025-05,2025-W22,Mon,3,18,3.16,CBD_Raffles,CBD / Raffles Place,6,58.19,18.41,SGD
drv_kumar_sg_12,Kumar Raj,grower,2025-05-27,2025-05,2025-W22,Tue,1,11,3.55,Tampines,Tampines,9,107.86,30.38,SGD
drv_kumar_sg_12,Kumar Raj,grower,2025-05-27,2025-05,2025-W22,Tue,2,18,3.95,CBD_Raffles,CBD / Raffles Place,11,119.96,30.37,SGD
drv_kumar_sg_12,Kumar Raj,grower,2025-05-28,2025-05,2025-W22,Wed,1,13,3.39,CBD_Raffles,CBD / Raffles Place,12,109.75,32.37,SGD
drv_kumar_sg_12,Kumar Raj,grower,2025-05-28,2025-05,2025-W22,Wed,2,19,3.21,Orchard,Orchard Road,12,103.89,32.36,SGD
drv_kumar_sg_12,Kumar Raj,grower,2025-05-29,2025-05,2025-W22,Thu,1,11,3.12,Woodlands,Woodlands,5,104.61,33.53,SGD
drv_kumar_sg_12,Kumar Raj,grower,2025-05-29,2025-05,2025-W22,Thu,2,17,4.38,Woodlands,Woodlands,7,146.84,33.53,SGD
drv_kumar_sg_12,Kumar Raj,grower,2025-05-30,2025-05,2025-W22,Fri,1,8,2.84,Orchard,Orchard Road,3,109.74,38.64,SGD
drv_kumar_sg_12,Kumar Raj,grower,2025-05-30,2025-05,2025-W22,Fri,2,11,2.42,CBD_Raffles,CBD / Raffles Place,2,93.68,38.71,SGD
drv_kumar_sg_12,Kumar Raj,grower,2025-05-30,2025-05,2025-W22,Fri,3,19,2.94,Tampines,Tampines,3,113.46,38.59,SGD
drv_kumar_sg_12,Kumar Raj,grower,2025-05-31,2025-05,2025-W22,Sat,1,8,2.71,Woodlands,Woodlands,6,93.06,34.34,SGD
drv_kumar_sg_12,Kumar Raj,grower,2025-05-31,2025-05,2025-W22,Sat,2,12,3.43,Woodlands,Woodlands,8,117.94,34.38,SGD
drv_kumar_sg_12,Kumar Raj,grower,2025-05-31,2025-05,2025-W22,Sat,3,19,3.06,CBD_Raffles,CBD / Raffles Place,7,105.38,34.44,SGD
drv_kumar_sg_12,Kumar Raj,grower,2025-06-02,2025-06,2025-W23,Mon,1,6,3.83,Tampines,Tampines,4,57.69,15.06,SGD
drv_kumar_sg_12,Kumar Raj,grower,2025-06-02,2025-06,2025-W23,Mon,2,11,3.62,Tampines,Tampines,3,54.61,15.09,SGD
drv_kumar_sg_12,Kumar Raj,grower,2025-06-02,2025-06,2025-W23,Mon,3,19,4.15,CBD_Raffles,CBD / Raffles Place,4,62.48,15.06,SGD
drv_kumar_sg_12,Kumar Raj,grower,2025-06-03,2025-06,2025-W23,Tue,1,6,4.25,CBD_Raffles,CBD / Raffles Place,9,79.51,18.71,SGD
drv_kumar_sg_12,Kumar Raj,grower,2025-06-03,2025-06,2025-W23,Tue,2,11,4.15,CBD_Raffles,CBD / Raffles Place,9,77.53,18.68,SGD
drv_kumar_sg_12,Kumar Raj,grower,2025-06-03,2025-06,2025-W23,Tue,3,17,3.3,Woodlands,Woodlands,7,61.78,18.72,SGD
drv_kumar_sg_12,Kumar Raj,grower,2025-06-04,2025-06,2025-W23,Wed,1,6,3.65,Woodlands,Woodlands,9,129.45,35.47,SGD
drv_kumar_sg_12,Kumar Raj,grower,2025-06-04,2025-06,2025-W23,Wed,2,13,3.55,Tampines,Tampines,8,125.81,35.44,SGD
drv_kumar_sg_12,Kumar Raj,grower,2025-06-05,2025-06,2025-W23,Thu,1,7,3.37,CBD_Raffles,CBD / Raffles Place,5,98.94,29.36,SGD
drv_kumar_sg_12,Kumar Raj,grower,2025-06-05,2025-06,2025-W23,Thu,2,13,2.58,Orchard,Orchard Road,4,75.69,29.34,SGD
drv_kumar_sg_12,Kumar Raj,grower,2025-06-05,2025-06,2025-W23,Thu,3,17,3.46,CBD_Raffles,CBD / Raffles Place,5,101.62,29.37,SGD
drv_kumar_sg_12,Kumar Raj,grower,2025-06-06,2025-06,2025-W23,Fri,1,8,3.73,CBD_Raffles,CBD / Raffles Place,8,110.98,29.75,SGD
drv_kumar_sg_12,Kumar Raj,grower,2025-06-06,2025-06,2025-W23,Fri,2,12,3.94,Tampines,Tampines,8,116.96,29.69,SGD
drv_kumar_sg_12,Kumar Raj,grower,2025-06-06,2025-06,2025-W23,Fri,3,19,3.13,Orchard,Orchard Road,6,93.08,29.74,SGD
drv_kumar_sg_12,Kumar Raj,grower,2025-06-07,2025-06,2025-W23,Sat,1,6,3.15,CBD_Raffles,CBD / Raffles Place,3,116.65,37.03,SGD
drv_kumar_sg_12,Kumar Raj,grower,2025-06-07,2025-06,2025-W23,Sat,2,11,3.03,Orchard,Orchard Road,3,112.23,37.04,SGD
drv_kumar_sg_12,Kumar Raj,grower,2025-06-07,2025-06,2025-W23,Sat,3,19,3.42,CBD_Raffles,CBD / Raffles Place,3,126.84,37.09,SGD
drv_kumar_sg_12,Kumar Raj,grower,2025-06-09,2025-06,2025-W24,Mon,1,9,3.23,Tampines,Tampines,7,106.05,32.83,SGD
drv_kumar_sg_12,Kumar Raj,grower,2025-06-09,2025-06,2025-W24,Mon,2,12,3.17,CBD_Raffles,CBD / Raffles Place,7,104.18,32.86,SGD
drv_kumar_sg_12,Kumar Raj,grower,2025-06-10,2025-06,2025-W24,Tue,1,6,3.75,Orchard,Orchard Road,11,65.69,17.52,SGD
drv_kumar_sg_12,Kumar Raj,grower,2025-06-10,2025-06,2025-W24,Tue,2,19,3.65,Woodlands,Woodlands,10,63.84,17.49,SGD
drv_kumar_sg_12,Kumar Raj,grower,2025-06-11,2025-06,2025-W24,Wed,1,8,3.6,CBD_Raffles,CBD / Raffles Place,5,75.84,21.07,SGD
drv_kumar_sg_12,Kumar Raj,grower,2025-06-11,2025-06,2025-W24,Wed,2,11,4.26,Woodlands,Woodlands,6,89.73,21.06,SGD
drv_kumar_sg_12,Kumar Raj,grower,2025-06-11,2025-06,2025-W24,Wed,3,17,3.55,Orchard,Orchard Road,5,74.73,21.05,SGD
drv_kumar_sg_12,Kumar Raj,grower,2025-06-12,2025-06,2025-W24,Thu,1,7,3.19,CBD_Raffles,CBD / Raffles Place,3,79.08,24.79,SGD
drv_kumar_sg_12,Kumar Raj,grower,2025-06-12,2025-06,2025-W24,Thu,2,11,3.94,Orchard,Orchard Road,3,97.63,24.78,SGD
drv_kumar_sg_12,Kumar Raj,grower,2025-06-12,2025-06,2025-W24,Thu,3,19,3.37,Woodlands,Woodlands,3,83.64,24.82,SGD
drv_kumar_sg_12,Kumar Raj,grower,2025-06-13,2025-06,2025-W24,Fri,1,8,3.02,CBD_Raffles,CBD / Raffles Place,4,95.95,31.77,SGD
drv_kumar_sg_12,Kumar Raj,grower,2025-06-13,2025-06,2025-W24,Fri,2,11,2.53,Orchard,Orchard Road,3,80.29,31.74,SGD
drv_kumar_sg_12,Kumar Raj,grower,2025-06-13,2025-06,2025-W24,Fri,3,17,3.25,CBD_Raffles,CBD / Raffles Place,4,103.21,31.76,SGD
drv_kumar_sg_12,Kumar Raj,grower,2025-06-14,2025-06,2025-W24,Sat,1,9,4.05,Tampines,Tampines,5,109.94,27.15,SGD
drv_kumar_sg_12,Kumar Raj,grower,2025-06-14,2025-06,2025-W24,Sat,2,11,3.16,CBD_Raffles,CBD / Raffles Place,4,85.64,27.1,SGD
drv_kumar_sg_12,Kumar Raj,grower,2025-06-14,2025-06,2025-W24,Sat,3,17,4.49,Orchard,Orchard Road,6,121.64,27.09,SGD
drv_kumar_sg_12,Kumar Raj,grower,2025-06-16,2025-06,2025-W25,Mon,1,7,3.57,Tampines,Tampines,6,112.95,31.64,SGD
drv_kumar_sg_12,Kumar Raj,grower,2025-06-16,2025-06,2025-W25,Mon,2,13,2.73,Woodlands,Woodlands,5,86.43,31.66,SGD
drv_kumar_sg_12,Kumar Raj,grower,2025-06-17,2025-06,2025-W25,Tue,1,13,3.18,Tampines,Tampines,6,114.92,36.14,SGD
drv_kumar_sg_12,Kumar Raj,grower,2025-06-17,2025-06,2025-W25,Tue,2,20,3.72,CBD_Raffles,CBD / Raffles Place,8,134.51,36.16,SGD
drv_kumar_sg_12,Kumar Raj,grower,2025-06-18,2025-06,2025-W25,Wed,1,9,3.54,CBD_Raffles,CBD / Raffles Place,6,105.26,29.73,SGD
drv_kumar_sg_12,Kumar Raj,grower,2025-06-18,2025-06,2025-W25,Wed,2,19,3.66,Tampines,Tampines,6,108.79,29.72,SGD
drv_kumar_sg_12,Kumar Raj,grower,2025-06-19,2025-06,2025-W25,Thu,1,6,3.74,Orchard,Orchard Road,4,82.87,22.16,SGD
drv_kumar_sg_12,Kumar Raj,grower,2025-06-19,2025-06,2025-W25,Thu,2,11,4.61,CBD_Raffles,CBD / Raffles Place,5,102.13,22.15,SGD
drv_kumar_sg_12,Kumar Raj,grower,2025-06-19,2025-06,2025-W25,Thu,3,17,3.45,Orchard,Orchard Road,4,76.48,22.17,SGD
drv_kumar_sg_12,Kumar Raj,grower,2025-06-20,2025-06,2025-W25,Fri,1,8,2.96,Tampines,Tampines,7,104.22,35.21,SGD
drv_kumar_sg_12,Kumar Raj,grower,2025-06-20,2025-06,2025-W25,Fri,2,12,3.44,Woodlands,Woodlands,8,120.95,35.16,SGD
drv_kumar_sg_12,Kumar Raj,grower,2025-06-20,2025-06,2025-W25,Fri,3,19,2.9,Woodlands,Woodlands,7,102.21,35.24,SGD
drv_kumar_sg_12,Kumar Raj,grower,2025-06-21,2025-06,2025-W25,Sat,1,12,4.21,CBD_Raffles,CBD / Raffles Place,6,154.21,36.63,SGD
drv_kumar_sg_12,Kumar Raj,grower,2025-06-21,2025-06,2025-W25,Sat,2,17,3.09,Orchard,Orchard Road,4,113.4,36.7,SGD
drv_kumar_sg_12,Kumar Raj,grower,2025-06-23,2025-06,2025-W26,Mon,1,7,3.18,Tampines,Tampines,7,69.32,21.8,SGD
drv_kumar_sg_12,Kumar Raj,grower,2025-06-23,2025-06,2025-W26,Mon,2,12,3.24,Orchard,Orchard Road,7,70.6,21.79,SGD
drv_kumar_sg_12,Kumar Raj,grower,2025-06-23,2025-06,2025-W26,Mon,3,19,3.18,Tampines,Tampines,7,69.3,21.79,SGD
drv_kumar_sg_12,Kumar Raj,grower,2025-06-24,2025-06,2025-W26,Tue,1,7,3.64,Orchard,Orchard Road,8,85.7,23.54,SGD
drv_kumar_sg_12,Kumar Raj,grower,2025-06-24,2025-06,2025-W26,Tue,2,12,3.92,Woodlands,Woodlands,8,92.26,23.54,SGD
drv_kumar_sg_12,Kumar Raj,grower,2025-06-24,2025-06,2025-W26,Tue,3,17,3.55,Tampines,Tampines,7,83.55,23.54,SGD
drv_kumar_sg_12,Kumar Raj,grower,2025-06-25,2025-06,2025-W26,Wed,1,8,2.8,Woodlands,Woodlands,3,54.04,19.3,SGD
drv_kumar_sg_12,Kumar Raj,grower,2025-06-25,2025-06,2025-W26,Wed,2,11,3.91,CBD_Raffles,CBD / Raffles Place,4,75.4,19.28,SGD
drv_kumar_sg_12,Kumar Raj,grower,2025-06-25,2025-06,2025-W26,Wed,3,18,4.09,CBD_Raffles,CBD / Raffles Place,4,78.82,19.27,SGD
drv_kumar_sg_12,Kumar Raj,grower,2025-06-26,2025-06,2025-W26,Thu,1,8,2.82,CBD_Raffles,CBD / Raffles Place,6,75.0,26.6,SGD
drv_kumar_sg_12,Kumar Raj,grower,2025-06-26,2025-06,2025-W26,Thu,2,12,2.28,Woodlands,Woodlands,5,60.76,26.65,SGD
drv_kumar_sg_12,Kumar Raj,grower,2025-06-26,2025-06,2025-W26,Thu,3,18,3.0,Tampines,Tampines,6,79.68,26.56,SGD
drv_kumar_sg_12,Kumar Raj,grower,2025-06-27,2025-06,2025-W26,Fri,1,9,3.69,Orchard,Orchard Road,4,86.45,23.43,SGD
drv_kumar_sg_12,Kumar Raj,grower,2025-06-27,2025-06,2025-W26,Fri,2,13,3.99,CBD_Raffles,CBD / Raffles Place,5,93.46,23.42,SGD
drv_kumar_sg_12,Kumar Raj,grower,2025-06-27,2025-06,2025-W26,Fri,3,18,3.72,Tampines,Tampines,4,87.03,23.4,SGD
drv_kumar_sg_12,Kumar Raj,grower,2025-06-28,2025-06,2025-W26,Sat,1,8,3.02,Tampines,Tampines,7,109.53,36.27,SGD
drv_kumar_sg_12,Kumar Raj,grower,2025-06-28,2025-06,2025-W26,Sat,2,12,3.41,Orchard,Orchard Road,8,123.69,36.27,SGD
drv_kumar_sg_12,Kumar Raj,grower,2025-06-28,2025-06,2025-W26,Sat,3,19,3.87,Orchard,Orchard Road,9,140.57,36.32,SGD
drv_kumar_sg_12,Kumar Raj,grower,2025-06-30,2025-06,2025-W27,Mon,1,6,3.25,CBD_Raffles,CBD / Raffles Place,7,53.65,16.51,SGD
drv_kumar_sg_12,Kumar Raj,grower,2025-06-30,2025-06,2025-W27,Mon,2,13,4.21,CBD_Raffles,CBD / Raffles Place,9,69.55,16.52,SGD
drv_kumar_sg_12,Kumar Raj,grower,2025-06-30,2025-06,2025-W27,Mon,3,20,3.34,Woodlands,Woodlands,7,55.25,16.54,SGD
drv_kumar_sg_12,Kumar Raj,grower,2025-07-01,2025-07,2025-W27,Tue,1,9,3.5,CBD_Raffles,CBD / Raffles Place,8,77.84,22.24,SGD
drv_kumar_sg_12,Kumar Raj,grower,2025-07-01,2025-07,2025-W27,Tue,2,12,3.69,CBD_Raffles,CBD / Raffles Place,8,81.98,22.22,SGD
drv_kumar_sg_12,Kumar Raj,grower,2025-07-01,2025-07,2025-W27,Tue,3,17,3.01,CBD_Raffles,CBD / Raffles Place,6,66.87,22.22,SGD
drv_kumar_sg_12,Kumar Raj,grower,2025-07-02,2025-07,2025-W27,Wed,1,7,3.26,Tampines,Tampines,3,88.62,27.18,SGD
drv_kumar_sg_12,Kumar Raj,grower,2025-07-02,2025-07,2025-W27,Wed,2,11,3.0,Tampines,Tampines,3,81.56,27.19,SGD
drv_kumar_sg_12,Kumar Raj,grower,2025-07-02,2025-07,2025-W27,Wed,3,20,2.94,CBD_Raffles,CBD / Raffles Place,3,79.87,27.17,SGD
drv_kumar_sg_12,Kumar Raj,grower,2025-07-03,2025-07,2025-W27,Thu,1,9,3.15,Orchard,Orchard Road,4,131.08,41.61,SGD
drv_kumar_sg_12,Kumar Raj,grower,2025-07-03,2025-07,2025-W27,Thu,2,12,3.65,Orchard,Orchard Road,5,151.7,41.56,SGD
drv_kumar_sg_12,Kumar Raj,grower,2025-07-04,2025-07,2025-W27,Fri,1,8,3.64,Tampines,Tampines,3,132.29,36.34,SGD
drv_kumar_sg_12,Kumar Raj,grower,2025-07-04,2025-07,2025-W27,Fri,2,12,2.77,Orchard,Orchard Road,2,100.9,36.43,SGD
drv_kumar_sg_12,Kumar Raj,grower,2025-07-04,2025-07,2025-W27,Fri,3,20,3.39,Tampines,Tampines,3,123.47,36.42,SGD
drv_kumar_sg_12,Kumar Raj,grower,2025-07-05,2025-07,2025-W27,Sat,1,9,3.72,Woodlands,Woodlands,9,49.19,13.22,SGD
drv_kumar_sg_12,Kumar Raj,grower,2025-07-05,2025-07,2025-W27,Sat,2,12,3.67,Orchard,Orchard Road,9,48.55,13.23,SGD
drv_kumar_sg_12,Kumar Raj,grower,2025-07-05,2025-07,2025-W27,Sat,3,19,2.72,Orchard,Orchard Road,6,35.95,13.22,SGD
drv_kumar_sg_12,Kumar Raj,grower,2025-07-07,2025-07,2025-W28,Mon,1,8,3.18,Orchard,Orchard Road,6,104.57,32.88,SGD
drv_kumar_sg_12,Kumar Raj,grower,2025-07-07,2025-07,2025-W28,Mon,2,17,3.22,Woodlands,Woodlands,7,105.77,32.85,SGD
drv_kumar_sg_12,Kumar Raj,grower,2025-07-08,2025-07,2025-W28,Tue,1,7,2.88,Woodlands,Woodlands,5,124.13,43.1,SGD
drv_kumar_sg_12,Kumar Raj,grower,2025-07-08,2025-07,2025-W28,Tue,2,12,3.22,Woodlands,Woodlands,6,138.73,43.08,SGD
drv_kumar_sg_12,Kumar Raj,grower,2025-07-09,2025-07,2025-W28,Wed,1,8,2.72,Tampines,Tampines,7,102.56,37.71,SGD
drv_kumar_sg_12,Kumar Raj,grower,2025-07-09,2025-07,2025-W28,Wed,2,12,3.48,CBD_Raffles,CBD / Raffles Place,10,130.95,37.63,SGD
drv_kumar_sg_12,Kumar Raj,grower,2025-07-10,2025-07,2025-W28,Thu,1,7,3.79,Woodlands,Woodlands,7,102.68,27.09,SGD
drv_kumar_sg_12,Kumar Raj,grower,2025-07-10,2025-07,2025-W28,Thu,2,11,3.68,CBD_Raffles,CBD / Raffles Place,7,99.79,27.12,SGD
drv_kumar_sg_12,Kumar Raj,grower,2025-07-10,2025-07,2025-W28,Thu,3,18,2.73,Tampines,Tampines,5,73.96,27.09,SGD
drv_kumar_sg_12,Kumar Raj,grower,2025-07-11,2025-07,2025-W28,Fri,1,9,3.12,Woodlands,Woodlands,5,86.75,27.8,SGD
drv_kumar_sg_12,Kumar Raj,grower,2025-07-11,2025-07,2025-W28,Fri,2,12,3.91,Orchard,Orchard Road,7,108.69,27.8,SGD
drv_kumar_sg_12,Kumar Raj,grower,2025-07-11,2025-07,2025-W28,Fri,3,19,2.98,Woodlands,Woodlands,5,82.87,27.81,SGD
drv_kumar_sg_12,Kumar Raj,grower,2025-07-12,2025-07,2025-W28,Sat,1,9,3.6,CBD_Raffles,CBD / Raffles Place,12,66.44,18.46,SGD
drv_kumar_sg_12,Kumar Raj,grower,2025-07-12,2025-07,2025-W28,Sat,2,18,3.5,Woodlands,Woodlands,11,64.64,18.47,SGD
drv_kumar_sg_12,Kumar Raj,grower,2025-07-14,2025-07,2025-W29,Mon,1,8,2.92,Orchard,Orchard Road,9,107.33,36.76,SGD
drv_kumar_sg_12,Kumar Raj,grower,2025-07-14,2025-07,2025-W29,Mon,2,12,3.38,Orchard,Orchard Road,11,124.37,36.8,SGD
drv_kumar_sg_12,Kumar Raj,grower,2025-07-15,2025-07,2025-W29,Tue,1,6,2.89,CBD_Raffles,CBD / Raffles Place,5,68.66,23.76,SGD
drv_kumar_sg_12,Kumar Raj,grower,2025-07-15,2025-07,2025-W29,Tue,2,11,3.74,Woodlands,Woodlands,6,88.7,23.72,SGD
drv_kumar_sg_12,Kumar Raj,grower,2025-07-15,2025-07,2025-W29,Tue,3,19,2.97,CBD_Raffles,CBD / Raffles Place,5,70.34,23.68,SGD
drv_kumar_sg_12,Kumar Raj,grower,2025-07-16,2025-07,2025-W29,Wed,1,11,3.93,CBD_Raffles,CBD / Raffles Place,7,106.33,27.06,SGD
drv_kumar_sg_12,Kumar Raj,grower,2025-07-16,2025-07,2025-W29,Wed,2,20,3.97,CBD_Raffles,CBD / Raffles Place,7,107.39,27.05,SGD
drv_kumar_sg_12,Kumar Raj,grower,2025-07-17,2025-07,2025-W29,Thu,1,6,3.29,Orchard,Orchard Road,7,65.12,19.79,SGD
drv_kumar_sg_12,Kumar Raj,grower,2025-07-17,2025-07,2025-W29,Thu,2,11,3.98,Orchard,Orchard Road,8,78.82,19.8,SGD
drv_kumar_sg_12,Kumar Raj,grower,2025-07-17,2025-07,2025-W29,Thu,3,17,4.13,CBD_Raffles,CBD / Raffles Place,9,81.74,19.79,SGD
drv_kumar_sg_12,Kumar Raj,grower,2025-07-18,2025-07,2025-W29,Fri,1,9,2.76,Tampines,Tampines,7,103.97,37.67,SGD
drv_kumar_sg_12,Kumar Raj,grower,2025-07-18,2025-07,2025-W29,Fri,2,13,2.94,CBD_Raffles,CBD / Raffles Place,7,110.46,37.57,SGD
drv_kumar_sg_12,Kumar Raj,grower,2025-07-18,2025-07,2025-W29,Fri,3,18,2.7,CBD_Raffles,CBD / Raffles Place,7,101.51,37.6,SGD
drv_kumar_sg_12,Kumar Raj,grower,2025-07-19,2025-07,2025-W29,Sat,1,7,3.98,Woodlands,Woodlands,4,115.62,29.05,SGD
drv_kumar_sg_12,Kumar Raj,grower,2025-07-19,2025-07,2025-W29,Sat,2,11,3.73,CBD_Raffles,CBD / Raffles Place,4,108.37,29.05,SGD
drv_kumar_sg_12,Kumar Raj,grower,2025-07-19,2025-07,2025-W29,Sat,3,18,3.9,CBD_Raffles,CBD / Raffles Place,4,113.3,29.05,SGD
drv_kumar_sg_12,Kumar Raj,grower,2025-07-21,2025-07,2025-W30,Mon,1,7,3.62,Tampines,Tampines,7,56.6,15.64,SGD
drv_kumar_sg_12,Kumar Raj,grower,2025-07-21,2025-07,2025-W30,Mon,2,11,3.78,Orchard,Orchard Road,7,59.04,15.62,SGD
drv_kumar_sg_12,Kumar Raj,grower,2025-07-21,2025-07,2025-W30,Mon,3,19,4.2,Tampines,Tampines,8,65.58,15.61,SGD
drv_kumar_sg_12,Kumar Raj,grower,2025-07-22,2025-07,2025-W30,Tue,1,6,3.28,Orchard,Orchard Road,5,66.91,20.4,SGD
drv_kumar_sg_12,Kumar Raj,grower,2025-07-22,2025-07,2025-W30,Tue,2,12,3.86,CBD_Raffles,CBD / Raffles Place,5,78.93,20.45,SGD
drv_kumar_sg_12,Kumar Raj,grower,2025-07-22,2025-07,2025-W30,Tue,3,17,4.16,Woodlands,Woodlands,6,84.94,20.42,SGD
drv_kumar_sg_12,Kumar Raj,grower,2025-07-23,2025-07,2025-W30,Wed,1,7,2.96,Tampines,Tampines,4,110.79,37.43,SGD
drv_kumar_sg_12,Kumar Raj,grower,2025-07-23,2025-07,2025-W30,Wed,2,13,3.24,Woodlands,Woodlands,4,121.01,37.35,SGD
drv_kumar_sg_12,Kumar Raj,grower,2025-07-24,2025-07,2025-W30,Thu,1,12,2.97,Woodlands,Woodlands,8,120.54,40.59,SGD
drv_kumar_sg_12,Kumar Raj,grower,2025-07-24,2025-07,2025-W30,Thu,2,17,3.23,Orchard,Orchard Road,9,131.16,40.61,SGD
drv_kumar_sg_12,Kumar Raj,grower,2025-07-25,2025-07,2025-W30,Fri,1,6,3.4,CBD_Raffles,CBD / Raffles Place,3,78.36,23.05,SGD
drv_kumar_sg_12,Kumar Raj,grower,2025-07-25,2025-07,2025-W30,Fri,2,13,3.91,CBD_Raffles,CBD / Raffles Place,4,90.1,23.04,SGD
drv_kumar_sg_12,Kumar Raj,grower,2025-07-25,2025-07,2025-W30,Fri,3,17,4.38,CBD_Raffles,CBD / Raffles Place,4,100.98,23.05,SGD
drv_kumar_sg_12,Kumar Raj,grower,2025-07-26,2025-07,2025-W30,Sat,1,7,3.48,Orchard,Orchard Road,6,117.36,33.72,SGD
drv_kumar_sg_12,Kumar Raj,grower,2025-07-26,2025-07,2025-W30,Sat,2,11,4.66,Tampines,Tampines,8,157.34,33.76,SGD
drv_kumar_sg_12,Kumar Raj,grower,2025-07-26,2025-07,2025-W30,Sat,3,20,3.46,Woodlands,Woodlands,6,116.78,33.75,SGD
drv_kumar_sg_12,Kumar Raj,grower,2025-07-28,2025-07,2025-W31,Mon,1,8,3.34,CBD_Raffles,CBD / Raffles Place,7,75.67,22.66,SGD
drv_kumar_sg_12,Kumar Raj,grower,2025-07-28,2025-07,2025-W31,Mon,2,13,4.02,Tampines,Tampines,9,91.13,22.67,SGD
drv_kumar_sg_12,Kumar Raj,grower,2025-07-28,2025-07,2025-W31,Mon,3,18,2.94,Woodlands,Woodlands,6,66.7,22.69,SGD
drv_kumar_sg_12,Kumar Raj,grower,2025-07-29,2025-07,2025-W31,Tue,1,8,3.31,CBD_Raffles,CBD / Raffles Place,3,67.62,20.43,SGD
drv_kumar_sg_12,Kumar Raj,grower,2025-07-29,2025-07,2025-W31,Tue,2,12,3.27,CBD_Raffles,CBD / Raffles Place,3,66.95,20.47,SGD
drv_kumar_sg_12,Kumar Raj,grower,2025-07-29,2025-07,2025-W31,Tue,3,17,3.22,Woodlands,Woodlands,3,65.92,20.47,SGD
drv_kumar_sg_12,Kumar Raj,grower,2025-07-30,2025-07,2025-W31,Wed,1,7,2.71,Tampines,Tampines,5,91.7,33.84,SGD
drv_kumar_sg_12,Kumar Raj,grower,2025-07-30,2025-07,2025-W31,Wed,2,11,3.39,Tampines,Tampines,6,114.7,33.83,SGD
drv_kumar_sg_12,Kumar Raj,grower,2025-07-31,2025-07,2025-W31,Thu,1,6,3.97,Woodlands,Woodlands,8,92.88,23.4,SGD
drv_kumar_sg_12,Kumar Raj,grower,2025-07-31,2025-07,2025-W31,Thu,2,11,3.98,Woodlands,Woodlands,8,93.16,23.41,SGD
drv_kumar_sg_12,Kumar Raj,grower,2025-07-31,2025-07,2025-W31,Thu,3,17,3.15,Woodlands,Woodlands,7,73.85,23.44,SGD
drv_kumar_sg_12,Kumar Raj,grower,2025-08-01,2025-08,2025-W31,Fri,1,9,3.01,Woodlands,Woodlands,5,107.47,35.7,SGD
drv_kumar_sg_12,Kumar Raj,grower,2025-08-01,2025-08,2025-W31,Fri,2,13,2.83,Orchard,Orchard Road,5,100.82,35.63,SGD
drv_kumar_sg_12,Kumar Raj,grower,2025-08-01,2025-08,2025-W31,Fri,3,20,2.56,CBD_Raffles,CBD / Raffles Place,4,91.48,35.73,SGD
drv_kumar_sg_12,Kumar Raj,grower,2025-08-02,2025-08,2025-W31,Sat,1,6,3.4,Tampines,Tampines,6,103.58,30.46,SGD
drv_kumar_sg_12,Kumar Raj,grower,2025-08-02,2025-08,2025-W31,Sat,2,12,3.15,CBD_Raffles,CBD / Raffles Place,6,95.74,30.39,SGD
drv_kumar_sg_12,Kumar Raj,grower,2025-08-02,2025-08,2025-W31,Sat,3,17,3.15,CBD_Raffles,CBD / Raffles Place,6,95.77,30.4,SGD
drv_kumar_sg_12,Kumar Raj,grower,2025-08-04,2025-08,2025-W32,Mon,1,6,3.04,Woodlands,Woodlands,5,62.6,20.59,SGD
drv_kumar_sg_12,Kumar Raj,grower,2025-08-04,2025-08,2025-W32,Mon,2,13,3.61,CBD_Raffles,CBD / Raffles Place,6,74.42,20.61,SGD
drv_kumar_sg_12,Kumar Raj,grower,2025-08-04,2025-08,2025-W32,Mon,3,19,2.95,Woodlands,Woodlands,5,60.93,20.65,SGD
drv_kumar_sg_12,Kumar Raj,grower,2025-08-05,2025-08,2025-W32,Tue,1,9,2.91,Orchard,Orchard Road,6,84.86,29.16,SGD
drv_kumar_sg_12,Kumar Raj,grower,2025-08-05,2025-08,2025-W32,Tue,2,12,2.64,Tampines,Tampines,6,76.89,29.12,SGD
drv_kumar_sg_12,Kumar Raj,grower,2025-08-05,2025-08,2025-W32,Tue,3,18,3.05,Woodlands,Woodlands,7,88.77,29.1,SGD
drv_kumar_sg_12,Kumar Raj,grower,2025-08-06,2025-08,2025-W32,Wed,1,8,3.98,Orchard,Orchard Road,9,110.85,27.85,SGD
drv_kumar_sg_12,Kumar Raj,grower,2025-08-06,2025-08,2025-W32,Wed,2,13,2.91,CBD_Raffles,CBD / Raffles Place,7,81.1,27.87,SGD
drv_kumar_sg_12,Kumar Raj,grower,2025-08-06,2025-08,2025-W32,Wed,3,17,3.0,Orchard,Orchard Road,7,83.56,27.85,SGD
drv_kumar_sg_12,Kumar Raj,grower,2025-08-07,2025-08,2025-W32,Thu,1,8,3.64,Woodlands,Woodlands,3,79.96,21.97,SGD
drv_kumar_sg_12,Kumar Raj,grower,2025-08-07,2025-08,2025-W32,Thu,2,12,2.87,Woodlands,Woodlands,2,62.99,21.95,SGD
drv_kumar_sg_12,Kumar Raj,grower,2025-08-07,2025-08,2025-W32,Thu,3,18,3.99,CBD_Raffles,CBD / Raffles Place,3,87.44,21.91,SGD
drv_kumar_sg_12,Kumar Raj,grower,2025-08-08,2025-08,2025-W32,Fri,1,12,3.27,Orchard,Orchard Road,6,155.11,47.43,SGD
drv_kumar_sg_12,Kumar Raj,grower,2025-08-08,2025-08,2025-W32,Fri,2,18,3.83,Woodlands,Woodlands,8,182.05,47.53,SGD
drv_kumar_sg_12,Kumar Raj,grower,2025-08-09,2025-08,2025-W32,Sat,1,6,2.78,CBD_Raffles,CBD / Raffles Place,7,122.33,44.0,SGD
drv_kumar_sg_12,Kumar Raj,grower,2025-08-09,2025-08,2025-W32,Sat,2,13,3.13,CBD_Raffles,CBD / Raffles Place,8,137.45,43.91,SGD
drv_kumar_sg_12,Kumar Raj,grower,2025-08-09,2025-08,2025-W32,Sat,3,20,2.19,Orchard,Orchard Road,5,96.13,43.89,SGD
drv_kumar_sg_12,Kumar Raj,grower,2025-08-11,2025-08,2025-W33,Mon,1,7,3.65,Woodlands,Woodlands,6,102.55,28.1,SGD
drv_kumar_sg_12,Kumar Raj,grower,2025-08-11,2025-08,2025-W33,Mon,2,12,3.25,Tampines,Tampines,6,91.08,28.02,SGD
drv_kumar_sg_12,Kumar Raj,grower,2025-08-12,2025-08,2025-W33,Tue,1,8,3.46,CBD_Raffles,CBD / Raffles Place,7,71.18,20.57,SGD
drv_kumar_sg_12,Kumar Raj,grower,2025-08-12,2025-08,2025-W33,Tue,2,12,3.14,CBD_Raffles,CBD / Raffles Place,6,64.65,20.59,SGD
drv_kumar_sg_12,Kumar Raj,grower,2025-08-12,2025-08,2025-W33,Tue,3,20,3.3,Woodlands,Woodlands,6,67.78,20.54,SGD
drv_kumar_sg_12,Kumar Raj,grower,2025-08-13,2025-08,2025-W33,Wed,1,8,3.04,Orchard,Orchard Road,7,100.93,33.2,SGD
drv_kumar_sg_12,Kumar Raj,grower,2025-08-13,2025-08,2025-W33,Wed,2,19,3.06,CBD_Raffles,CBD / Raffles Place,8,101.5,33.17,SGD
drv_kumar_sg_12,Kumar Raj,grower,2025-08-14,2025-08,2025-W33,Thu,1,9,3.9,Tampines,Tampines,3,83.18,21.33,SGD
drv_kumar_sg_12,Kumar Raj,grower,2025-08-14,2025-08,2025-W33,Thu,2,12,3.95,Woodlands,Woodlands,3,84.34,21.35,SGD
drv_kumar_sg_12,Kumar Raj,grower,2025-08-14,2025-08,2025-W33,Thu,3,20,3.85,CBD_Raffles,CBD / Raffles Place,3,82.29,21.37,SGD
drv_kumar_sg_12,Kumar Raj,grower,2025-08-15,2025-08,2025-W33,Fri,1,6,3.61,CBD_Raffles,CBD / Raffles Place,3,53.26,14.75,SGD
drv_kumar_sg_12,Kumar Raj,grower,2025-08-15,2025-08,2025-W33,Fri,2,13,2.53,Orchard,Orchard Road,2,37.3,14.74,SGD
drv_kumar_sg_12,Kumar Raj,grower,2025-08-15,2025-08,2025-W33,Fri,3,20,3.26,Woodlands,Woodlands,3,48.02,14.73,SGD
drv_kumar_sg_12,Kumar Raj,grower,2025-08-16,2025-08,2025-W33,Sat,1,8,2.97,Orchard,Orchard Road,3,94.88,31.95,SGD
drv_kumar_sg_12,Kumar Raj,grower,2025-08-16,2025-08,2025-W33,Sat,2,12,2.87,CBD_Raffles,CBD / Raffles Place,3,91.4,31.85,SGD
drv_kumar_sg_12,Kumar Raj,grower,2025-08-16,2025-08,2025-W33,Sat,3,19,2.66,Woodlands,Woodlands,3,84.86,31.9,SGD
drv_kumar_sg_12,Kumar Raj,grower,2025-08-18,2025-08,2025-W34,Mon,1,7,3.8,Orchard,Orchard Road,7,64.57,16.99,SGD
drv_kumar_sg_12,Kumar Raj,grower,2025-08-18,2025-08,2025-W34,Mon,2,12,3.03,Orchard,Orchard Road,6,51.36,16.95,SGD
drv_kumar_sg_12,Kumar Raj,grower,2025-08-18,2025-08,2025-W34,Mon,3,17,3.47,Woodlands,Woodlands,6,58.9,16.97,SGD
drv_kumar_sg_12,Kumar Raj,grower,2025-08-19,2025-08,2025-W34,Tue,1,6,2.91,CBD_Raffles,CBD / Raffles Place,11,93.8,32.23,SGD
drv_kumar_sg_12,Kumar Raj,grower,2025-08-19,2025-08,2025-W34,Tue,2,18,3.19,CBD_Raffles,CBD / Raffles Place,12,102.89,32.25,SGD
drv_kumar_sg_12,Kumar Raj,grower,2025-08-20,2025-08,2025-W34,Wed,1,9,3.99,CBD_Raffles,CBD / Raffles Place,9,105.08,26.34,SGD
drv_kumar_sg_12,Kumar Raj,grower,2025-08-20,2025-08,2025-W34,Wed,2,11,3.51,Orchard,Orchard Road,8,92.46,26.34,SGD
drv_kumar_sg_12,Kumar Raj,grower,2025-08-21,2025-08,2025-W34,Thu,1,12,3.42,Orchard,Orchard Road,4,117.62,34.39,SGD
drv_kumar_sg_12,Kumar Raj,grower,2025-08-21,2025-08,2025-W34,Thu,2,17,4.18,CBD_Raffles,CBD / Raffles Place,4,144.02,34.45,SGD
drv_kumar_sg_12,Kumar Raj,grower,2025-08-22,2025-08,2025-W34,Fri,1,9,3.14,Woodlands,Woodlands,6,103.06,32.82,SGD
drv_kumar_sg_12,Kumar Raj,grower,2025-08-22,2025-08,2025-W34,Fri,2,11,3.17,Woodlands,Woodlands,6,104.11,32.84,SGD
drv_kumar_sg_12,Kumar Raj,grower,2025-08-22,2025-08,2025-W34,Fri,3,19,2.79,CBD_Raffles,CBD / Raffles Place,5,91.61,32.84,SGD
drv_kumar_sg_12,Kumar Raj,grower,2025-08-23,2025-08,2025-W34,Sat,1,8,3.4,Tampines,Tampines,3,106.07,31.2,SGD
drv_kumar_sg_12,Kumar Raj,grower,2025-08-23,2025-08,2025-W34,Sat,2,13,3.96,Woodlands,Woodlands,4,123.25,31.12,SGD
drv_kumar_sg_12,Kumar Raj,grower,2025-08-23,2025-08,2025-W34,Sat,3,19,3.64,Orchard,Orchard Road,3,113.38,31.15,SGD
drv_kumar_sg_12,Kumar Raj,grower,2025-08-25,2025-08,2025-W35,Mon,1,8,3.64,Orchard,Orchard Road,6,61.97,17.02,SGD
drv_kumar_sg_12,Kumar Raj,grower,2025-08-25,2025-08,2025-W35,Mon,2,11,3.23,Orchard,Orchard Road,5,54.99,17.02,SGD
drv_kumar_sg_12,Kumar Raj,grower,2025-08-25,2025-08,2025-W35,Mon,3,17,3.93,Woodlands,Woodlands,6,66.89,17.02,SGD
drv_kumar_sg_12,Kumar Raj,grower,2025-08-26,2025-08,2025-W35,Tue,1,9,3.65,Woodlands,Woodlands,9,73.87,20.24,SGD
drv_kumar_sg_12,Kumar Raj,grower,2025-08-26,2025-08,2025-W35,Tue,2,13,2.8,Orchard,Orchard Road,7,56.71,20.25,SGD
drv_kumar_sg_12,Kumar Raj,grower,2025-08-26,2025-08,2025-W35,Tue,3,18,3.16,CBD_Raffles,CBD / Raffles Place,8,63.92,20.23,SGD
drv_kumar_sg_12,Kumar Raj,grower,2025-08-27,2025-08,2025-W35,Wed,1,12,2.72,Orchard,Orchard Road,7,86.59,31.83,SGD
drv_kumar_sg_12,Kumar Raj,grower,2025-08-27,2025-08,2025-W35,Wed,2,17,3.78,Tampines,Tampines,10,120.21,31.8,SGD
drv_kumar_sg_12,Kumar Raj,grower,2025-08-28,2025-08,2025-W35,Thu,1,6,3.16,Orchard,Orchard Road,7,76.46,24.2,SGD
drv_kumar_sg_12,Kumar Raj,grower,2025-08-28,2025-08,2025-W35,Thu,2,13,3.56,Orchard,Orchard Road,8,86.3,24.24,SGD
drv_kumar_sg_12,Kumar Raj,grower,2025-08-28,2025-08,2025-W35,Thu,3,19,3.18,Woodlands,Woodlands,7,76.93,24.19,SGD
drv_kumar_sg_12,Kumar Raj,grower,2025-08-29,2025-08,2025-W35,Fri,1,6,2.67,Orchard,Orchard Road,5,95.23,35.67,SGD
drv_kumar_sg_12,Kumar Raj,grower,2025-08-29,2025-08,2025-W35,Fri,2,12,2.31,Orchard,Orchard Road,4,82.29,35.62,SGD
drv_kumar_sg_12,Kumar Raj,grower,2025-08-29,2025-08,2025-W35,Fri,3,18,3.22,CBD_Raffles,CBD / Raffles Place,5,114.62,35.6,SGD
drv_kumar_sg_12,Kumar Raj,grower,2025-09-02,2025-09,2025-W36,Tue,1,7,3.38,Orchard,Orchard Road,5,72.61,21.48,SGD
drv_kumar_sg_12,Kumar Raj,grower,2025-09-02,2025-09,2025-W36,Tue,2,11,4.3,Woodlands,Woodlands,7,92.5,21.51,SGD
drv_kumar_sg_12,Kumar Raj,grower,2025-09-02,2025-09,2025-W36,Tue,3,20,3.42,CBD_Raffles,CBD / Raffles Place,6,73.45,21.48,SGD
drv_kumar_sg_12,Kumar Raj,grower,2025-09-03,2025-09,2025-W36,Wed,1,7,3.73,Woodlands,Woodlands,6,92.11,24.69,SGD
drv_kumar_sg_12,Kumar Raj,grower,2025-09-03,2025-09,2025-W36,Wed,2,12,2.76,Woodlands,Woodlands,4,68.14,24.69,SGD
drv_kumar_sg_12,Kumar Raj,grower,2025-09-03,2025-09,2025-W36,Wed,3,20,3.41,Woodlands,Woodlands,6,84.1,24.66,SGD
drv_kumar_sg_12,Kumar Raj,grower,2025-09-04,2025-09,2025-W36,Thu,1,8,3.31,Orchard,Orchard Road,4,46.83,14.15,SGD
drv_kumar_sg_12,Kumar Raj,grower,2025-09-04,2025-09,2025-W36,Thu,2,11,4.26,Woodlands,Woodlands,6,60.15,14.12,SGD
drv_kumar_sg_12,Kumar Raj,grower,2025-09-04,2025-09,2025-W36,Thu,3,17,3.73,Tampines,Tampines,5,52.7,14.13,SGD
drv_kumar_sg_12,Kumar Raj,grower,2025-09-05,2025-09,2025-W36,Fri,1,9,2.73,Woodlands,Woodlands,5,116.49,42.67,SGD
drv_kumar_sg_12,Kumar Raj,grower,2025-09-05,2025-09,2025-W36,Fri,2,20,3.57,Tampines,Tampines,6,152.81,42.8,SGD
drv_kumar_sg_12,Kumar Raj,grower,2025-09-06,2025-09,2025-W36,Sat,1,9,2.78,Tampines,Tampines,4,95.28,34.27,SGD
drv_kumar_sg_12,Kumar Raj,grower,2025-09-06,2025-09,2025-W36,Sat,2,12,2.56,Tampines,Tampines,3,87.76,34.28,SGD
drv_kumar_sg_12,Kumar Raj,grower,2025-09-06,2025-09,2025-W36,Sat,3,20,3.76,Woodlands,Woodlands,5,128.85,34.27,SGD
drv_kumar_sg_12,Kumar Raj,grower,2025-09-08,2025-09,2025-W37,Mon,1,9,3.07,Tampines,Tampines,4,71.88,23.41,SGD
drv_kumar_sg_12,Kumar Raj,grower,2025-09-08,2025-09,2025-W37,Mon,2,13,3.34,Orchard,Orchard Road,4,78.22,23.42,SGD
drv_kumar_sg_12,Kumar Raj,grower,2025-09-08,2025-09,2025-W37,Mon,3,19,2.79,Woodlands,Woodlands,3,65.22,23.38,SGD
drv_kumar_sg_12,Kumar Raj,grower,2025-09-09,2025-09,2025-W37,Tue,1,12,3.4,Tampines,Tampines,9,122.11,35.91,SGD
drv_kumar_sg_12,Kumar Raj,grower,2025-09-09,2025-09,2025-W37,Tue,2,18,3.4,Tampines,Tampines,8,121.93,35.86,SGD
drv_kumar_sg_12,Kumar Raj,grower,2025-09-10,2025-09,2025-W37,Wed,1,7,3.46,CBD_Raffles,CBD / Raffles Place,5,100.47,29.04,SGD
drv_kumar_sg_12,Kumar Raj,grower,2025-09-10,2025-09,2025-W37,Wed,2,11,2.82,Woodlands,Woodlands,4,81.86,29.03,SGD
drv_kumar_sg_12,Kumar Raj,grower,2025-09-10,2025-09,2025-W37,Wed,3,20,2.92,Orchard,Orchard Road,4,84.78,29.03,SGD
drv_kumar_sg_12,Kumar Raj,grower,2025-09-11,2025-09,2025-W37,Thu,1,8,3.7,Woodlands,Woodlands,7,85.82,23.19,SGD
drv_kumar_sg_12,Kumar Raj,grower,2025-09-11,2025-09,2025-W37,Thu,2,13,3.12,Woodlands,Woodlands,6,72.37,23.2,SGD
drv_kumar_sg_12,Kumar Raj,grower,2025-09-11,2025-09,2025-W37,Thu,3,18,3.18,Woodlands,Woodlands,6,73.91,23.24,SGD
drv_kumar_sg_12,Kumar Raj,grower,2025-09-12,2025-09,2025-W37,Fri,1,6,3.54,Orchard,Orchard Road,5,84.34,23.82,SGD
drv_kumar_sg_12,Kumar Raj,grower,2025-09-12,2025-09,2025-W37,Fri,2,12,3.74,Woodlands,Woodlands,6,88.94,23.78,SGD
drv_kumar_sg_12,Kumar Raj,grower,2025-09-12,2025-09,2025-W37,Fri,3,18,3.12,CBD_Raffles,CBD / Raffles Place,5,74.21,23.79,SGD
drv_kumar_sg_12,Kumar Raj,grower,2025-09-13,2025-09,2025-W37,Sat,1,9,3.36,CBD_Raffles,CBD / Raffles Place,6,104.72,31.17,SGD
drv_kumar_sg_12,Kumar Raj,grower,2025-09-13,2025-09,2025-W37,Sat,2,11,3.82,Orchard,Orchard Road,6,119.08,31.17,SGD
drv_kumar_sg_12,Kumar Raj,grower,2025-09-13,2025-09,2025-W37,Sat,3,20,3.42,CBD_Raffles,CBD / Raffles Place,6,106.74,31.21,SGD
drv_kumar_sg_12,Kumar Raj,grower,2025-09-15,2025-09,2025-W38,Mon,1,9,3.48,Orchard,Orchard Road,10,102.38,29.42,SGD
drv_kumar_sg_12,Kumar Raj,grower,2025-09-15,2025-09,2025-W38,Mon,2,11,4.22,Woodlands,Woodlands,12,123.88,29.36,SGD
drv_kumar_sg_12,Kumar Raj,grower,2025-09-16,2025-09,2025-W38,Tue,1,11,3.87,Tampines,Tampines,8,107.41,27.75,SGD
drv_kumar_sg_12,Kumar Raj,grower,2025-09-16,2025-09,2025-W38,Tue,2,17,4.03,Orchard,Orchard Road,8,111.59,27.69,SGD
drv_kumar_sg_12,Kumar Raj,grower,2025-09-17,2025-09,2025-W38,Wed,1,7,3.36,CBD_Raffles,CBD / Raffles Place,4,89.31,26.58,SGD
drv_kumar_sg_12,Kumar Raj,grower,2025-09-17,2025-09,2025-W38,Wed,2,11,3.55,Woodlands,Woodlands,4,94.42,26.6,SGD
drv_kumar_sg_12,Kumar Raj,grower,2025-09-17,2025-09,2025-W38,Wed,3,18,2.49,Tampines,Tampines,3,66.05,26.53,SGD
drv_kumar_sg_12,Kumar Raj,grower,2025-09-18,2025-09,2025-W38,Thu,1,9,3.37,Woodlands,Woodlands,7,45.04,13.36,SGD
drv_kumar_sg_12,Kumar Raj,grower,2025-09-18,2025-09,2025-W38,Thu,2,11,4.35,Tampines,Tampines,9,58.21,13.38,SGD
drv_kumar_sg_12,Kumar Raj,grower,2025-09-18,2025-09,2025-W38,Thu,3,17,3.28,CBD_Raffles,CBD / Raffles Place,7,43.96,13.4,SGD
drv_kumar_sg_12,Kumar Raj,grower,2025-09-19,2025-09,2025-W38,Fri,1,9,3.71,CBD_Raffles,CBD / Raffles Place,4,159.58,43.01,SGD
drv_kumar_sg_12,Kumar Raj,grower,2025-09-19,2025-09,2025-W38,Fri,2,11,3.09,Tampines,Tampines,4,132.54,42.89,SGD
drv_kumar_sg_12,Kumar Raj,grower,2025-09-20,2025-09,2025-W38,Sat,1,7,4.1,CBD_Raffles,CBD / Raffles Place,6,110.7,27.0,SGD
drv_kumar_sg_12,Kumar Raj,grower,2025-09-20,2025-09,2025-W38,Sat,2,12,3.13,Tampines,Tampines,5,84.5,27.0,SGD
drv_kumar_sg_12,Kumar Raj,grower,2025-09-20,2025-09,2025-W38,Sat,3,19,2.97,Orchard,Orchard Road,5,80.0,26.94,SGD
drv_kumar_sg_12,Kumar Raj,grower,2025-09-22,2025-09,2025-W39,Mon,1,9,3.34,Tampines,Tampines,9,65.01,19.46,SGD
drv_kumar_sg_12,Kumar Raj,grower,2025-09-22,2025-09,2025-W39,Mon,2,12,2.51,Orchard,Orchard Road,7,48.91,19.49,SGD
drv_kumar_sg_12,Kumar Raj,grower,2025-09-22,2025-09,2025-W39,Mon,3,18,2.45,Tampines,Tampines,6,47.69,19.47,SGD
drv_kumar_sg_12,Kumar Raj,grower,2025-09-23,2025-09,2025-W39,Tue,1,12,3.77,Woodlands,Woodlands,9,93.57,24.82,SGD
drv_kumar_sg_12,Kumar Raj,grower,2025-09-23,2025-09,2025-W39,Tue,2,18,4.03,Woodlands,Woodlands,10,100.05,24.83,SGD
drv_kumar_sg_12,Kumar Raj,grower,2025-09-24,2025-09,2025-W39,Wed,1,6,3.49,Orchard,Orchard Road,8,144.37,41.37,SGD
drv_kumar_sg_12,Kumar Raj,grower,2025-09-24,2025-09,2025-W39,Wed,2,20,3.51,Tampines,Tampines,9,145.4,41.42,SGD
drv_kumar_sg_12,Kumar Raj,grower,2025-09-25,2025-09,2025-W39,Thu,1,9,3.18,Woodlands,Woodlands,6,83.37,26.22,SGD
drv_kumar_sg_12,Kumar Raj,grower,2025-09-25,2025-09,2025-W39,Thu,2,12,4.02,Woodlands,Woodlands,8,105.35,26.21,SGD
drv_kumar_sg_12,Kumar Raj,grower,2025-09-25,2025-09,2025-W39,Thu,3,20,3.7,Tampines,Tampines,7,97.01,26.22,SGD
drv_kumar_sg_12,Kumar Raj,grower,2025-09-26,2025-09,2025-W39,Fri,1,9,3.68,Tampines,Tampines,7,116.04,31.53,SGD
drv_kumar_sg_12,Kumar Raj,grower,2025-09-26,2025-09,2025-W39,Fri,2,12,2.8,CBD_Raffles,CBD / Raffles Place,5,88.4,31.57,SGD
drv_kumar_sg_12,Kumar Raj,grower,2025-09-26,2025-09,2025-W39,Fri,3,17,3.52,CBD_Raffles,CBD / Raffles Place,7,111.09,31.56,SGD
drv_kumar_sg_12,Kumar Raj,grower,2025-09-27,2025-09,2025-W39,Sat,1,7,4.37,Tampines,Tampines,9,121.71,27.85,SGD
drv_kumar_sg_12,Kumar Raj,grower,2025-09-27,2025-09,2025-W39,Sat,2,11,3.71,Tampines,Tampines,7,103.36,27.86,SGD
drv_kumar_sg_12,Kumar Raj,grower,2025-09-27,2025-09,2025-W39,Sat,3,20,3.32,CBD_Raffles,CBD / Raffles Place,7,92.45,27.85,SGD
drv_kumar_sg_12,Kumar Raj,grower,2025-09-29,2025-09,2025-W40,Mon,1,9,3.65,Orchard,Orchard Road,12,89.61,24.55,SGD
drv_kumar_sg_12,Kumar Raj,grower,2025-09-29,2025-09,2025-W40,Mon,2,13,3.85,Tampines,Tampines,12,94.64,24.58,SGD
drv_kumar_sg_12,Kumar Raj,grower,2025-09-30,2025-09,2025-W40,Tue,1,9,2.94,Woodlands,Woodlands,6,71.44,24.3,SGD
drv_kumar_sg_12,Kumar Raj,grower,2025-09-30,2025-09,2025-W40,Tue,2,11,3.25,CBD_Raffles,CBD / Raffles Place,7,78.89,24.27,SGD
drv_kumar_sg_12,Kumar Raj,grower,2025-09-30,2025-09,2025-W40,Tue,3,18,3.61,Tampines,Tampines,7,87.73,24.3,SGD
drv_kumar_sg_12,Kumar Raj,grower,2025-10-01,2025-10,2025-W40,Wed,1,6,3.66,Tampines,Tampines,9,69.45,18.98,SGD
drv_kumar_sg_12,Kumar Raj,grower,2025-10-01,2025-10,2025-W40,Wed,2,12,3.07,Woodlands,Woodlands,7,58.33,19.0,SGD
drv_kumar_sg_12,Kumar Raj,grower,2025-10-01,2025-10,2025-W40,Wed,3,18,3.47,CBD_Raffles,CBD / Raffles Place,8,65.83,18.97,SGD
drv_kumar_sg_12,Kumar Raj,grower,2025-10-02,2025-10,2025-W40,Thu,1,9,3.44,Tampines,Tampines,4,134.07,38.97,SGD
drv_kumar_sg_12,Kumar Raj,grower,2025-10-02,2025-10,2025-W40,Thu,2,18,2.96,Woodlands,Woodlands,4,115.58,39.05,SGD
drv_kumar_sg_12,Kumar Raj,grower,2025-10-03,2025-10,2025-W40,Fri,1,7,3.27,Woodlands,Woodlands,5,87.53,26.77,SGD
drv_kumar_sg_12,Kumar Raj,grower,2025-10-03,2025-10,2025-W40,Fri,2,12,3.17,Orchard,Orchard Road,5,85.02,26.82,SGD
drv_kumar_sg_12,Kumar Raj,grower,2025-10-03,2025-10,2025-W40,Fri,3,17,3.86,Orchard,Orchard Road,6,103.51,26.82,SGD
drv_kumar_sg_12,Kumar Raj,grower,2025-10-04,2025-10,2025-W40,Sat,1,6,3.86,CBD_Raffles,CBD / Raffles Place,3,81.61,21.14,SGD
drv_kumar_sg_12,Kumar Raj,grower,2025-10-04,2025-10,2025-W40,Sat,2,12,4.18,CBD_Raffles,CBD / Raffles Place,3,88.33,21.13,SGD
drv_kumar_sg_12,Kumar Raj,grower,2025-10-04,2025-10,2025-W40,Sat,3,20,3.66,Tampines,Tampines,2,77.24,21.1,SGD
drv_kumar_sg_12,Kumar Raj,grower,2025-10-06,2025-10,2025-W41,Mon,1,6,4.18,Woodlands,Woodlands,3,86.59,20.72,SGD
drv_kumar_sg_12,Kumar Raj,grower,2025-10-06,2025-10,2025-W41,Mon,2,12,3.64,Tampines,Tampines,3,75.3,20.69,SGD
drv_kumar_sg_12,Kumar Raj,grower,2025-10-06,2025-10,2025-W41,Mon,3,17,4.18,Tampines,Tampines,3,86.6,20.72,SGD
drv_kumar_sg_12,Kumar Raj,grower,2025-10-07,2025-10,2025-W41,Tue,1,7,3.64,Orchard,Orchard Road,11,94.47,25.95,SGD
drv_kumar_sg_12,Kumar Raj,grower,2025-10-07,2025-10,2025-W41,Tue,2,20,3.36,Woodlands,Woodlands,10,87.14,25.93,SGD
drv_kumar_sg_12,Kumar Raj,grower,2025-10-08,2025-10,2025-W41,Wed,1,6,3.65,Orchard,Orchard Road,7,98.02,26.85,SGD
drv_kumar_sg_12,Kumar Raj,grower,2025-10-08,2025-10,2025-W41,Wed,2,18,4.05,CBD_Raffles,CBD / Raffles Place,7,108.73,26.85,SGD
drv_kumar_sg_12,Kumar Raj,grower,2025-10-09,2025-10,2025-W41,Thu,1,8,3.57,Woodlands,Woodlands,5,69.09,19.35,SGD
drv_kumar_sg_12,Kumar Raj,grower,2025-10-09,2025-10,2025-W41,Thu,2,13,3.51,CBD_Raffles,CBD / Raffles Place,5,67.78,19.31,SGD
drv_kumar_sg_12,Kumar Raj,grower,2025-10-09,2025-10,2025-W41,Thu,3,18,3.72,CBD_Raffles,CBD / Raffles Place,5,71.91,19.33,SGD
drv_kumar_sg_12,Kumar Raj,grower,2025-10-10,2025-10,2025-W41,Fri,1,6,3.74,Woodlands,Woodlands,5,164.33,43.94,SGD
drv_kumar_sg_12,Kumar Raj,grower,2025-10-10,2025-10,2025-W41,Fri,2,12,3.36,CBD_Raffles,CBD / Raffles Place,4,147.65,43.94,SGD
drv_kumar_sg_12,Kumar Raj,grower,2025-10-11,2025-10,2025-W41,Sat,1,7,3.07,Tampines,Tampines,6,110.74,36.07,SGD
drv_kumar_sg_12,Kumar Raj,grower,2025-10-11,2025-10,2025-W41,Sat,2,11,3.13,Orchard,Orchard Road,6,112.95,36.09,SGD
drv_kumar_sg_12,Kumar Raj,grower,2025-10-11,2025-10,2025-W41,Sat,3,17,2.91,CBD_Raffles,CBD / Raffles Place,6,104.91,36.05,SGD
drv_kumar_sg_12,Kumar Raj,grower,2025-10-13,2025-10,2025-W42,Mon,1,8,4.13,CBD_Raffles,CBD / Raffles Place,12,82.68,20.02,SGD
drv_kumar_sg_12,Kumar Raj,grower,2025-10-13,2025-10,2025-W42,Mon,2,19,3.87,CBD_Raffles,CBD / Raffles Place,12,77.42,20.01,SGD
drv_kumar_sg_12,Kumar Raj,grower,2025-10-14,2025-10,2025-W42,Tue,1,7,3.12,Woodlands,Woodlands,7,112.24,35.97,SGD
drv_kumar_sg_12,Kumar Raj,grower,2025-10-14,2025-10,2025-W42,Tue,2,13,3.78,Woodlands,Woodlands,8,136.1,36.01,SGD
drv_kumar_sg_12,Kumar Raj,grower,2025-10-15,2025-10,2025-W42,Wed,1,7,4.07,Woodlands,Woodlands,9,122.84,30.18,SGD
drv_kumar_sg_12,Kumar Raj,grower,2025-10-15,2025-10,2025-W42,Wed,2,17,3.83,Woodlands,Woodlands,8,115.81,30.24,SGD
drv_kumar_sg_12,Kumar Raj,grower,2025-10-16,2025-10,2025-W42,Thu,1,6,3.59,Tampines,Tampines,5,69.32,19.31,SGD
drv_kumar_sg_12,Kumar Raj,grower,2025-10-16,2025-10,2025-W42,Thu,2,11,4.05,Woodlands,Woodlands,6,78.37,19.35,SGD
drv_kumar_sg_12,Kumar Raj,grower,2025-10-16,2025-10,2025-W42,Thu,3,17,3.96,Orchard,Orchard Road,6,76.58,19.34,SGD
drv_kumar_sg_12,Kumar Raj,grower,2025-10-17,2025-10,2025-W42,Fri,1,9,4.11,Woodlands,Woodlands,11,164.16,39.94,SGD
drv_kumar_sg_12,Kumar Raj,grower,2025-10-17,2025-10,2025-W42,Fri,2,13,3.69,CBD_Raffles,CBD / Raffles Place,9,147.05,39.85,SGD
drv_kumar_sg_12,Kumar Raj,grower,2025-10-18,2025-10,2025-W42,Sat,1,9,3.22,Woodlands,Woodlands,8,104.7,32.52,SGD
drv_kumar_sg_12,Kumar Raj,grower,2025-10-18,2025-10,2025-W42,Sat,2,12,2.93,Orchard,Orchard Road,8,95.36,32.55,SGD
drv_kumar_sg_12,Kumar Raj,grower,2025-10-18,2025-10,2025-W42,Sat,3,20,2.75,Tampines,Tampines,7,89.66,32.6,SGD
drv_kumar_sg_12,Kumar Raj,grower,2025-10-20,2025-10,2025-W43,Mon,1,7,3.38,Orchard,Orchard Road,8,58.27,17.24,SGD
drv_kumar_sg_12,Kumar Raj,grower,2025-10-20,2025-10,2025-W43,Mon,2,13,3.92,CBD_Raffles,CBD / Raffles Place,9,67.48,17.21,SGD
drv_kumar_sg_12,Kumar Raj,grower,2025-10-20,2025-10,2025-W43,Mon,3,17,3.3,Woodlands,Woodlands,7,56.83,17.22,SGD
drv_kumar_sg_12,Kumar Raj,grower,2025-10-21,2025-10,2025-W43,Tue,1,8,3.36,Orchard,Orchard Road,7,60.34,17.96,SGD
drv_kumar_sg_12,Kumar Raj,grower,2025-10-21,2025-10,2025-W43,Tue,2,11,3.61,CBD_Raffles,CBD / Raffles Place,8,64.71,17.93,SGD
drv_kumar_sg_12,Kumar Raj,grower,2025-10-21,2025-10,2025-W43,Tue,3,18,3.73,Tampines,Tampines,8,66.84,17.92,SGD
drv_kumar_sg_12,Kumar Raj,grower,2025-10-22,2025-10,2025-W43,Wed,1,8,3.5,Tampines,Tampines,7,76.21,21.77,SGD
drv_kumar_sg_12,Kumar Raj,grower,2025-10-22,2025-10,2025-W43,Wed,2,11,3.01,Orchard,Orchard Road,6,65.43,21.74,SGD
drv_kumar_sg_12,Kumar Raj,grower,2025-10-22,2025-10,2025-W43,Wed,3,20,2.89,Tampines,Tampines,6,62.99,21.8,SGD
drv_kumar_sg_12,Kumar Raj,grower,2025-10-23,2025-10,2025-W43,Thu,1,6,4.27,Tampines,Tampines,10,143.81,33.68,SGD
drv_kumar_sg_12,Kumar Raj,grower,2025-10-23,2025-10,2025-W43,Thu,2,20,3.33,Tampines,Tampines,8,111.89,33.6,SGD
drv_kumar_sg_12,Kumar Raj,grower,2025-10-24,2025-10,2025-W43,Fri,1,7,3.29,Woodlands,Woodlands,5,85.34,25.94,SGD
drv_kumar_sg_12,Kumar Raj,grower,2025-10-24,2025-10,2025-W43,Fri,2,13,3.43,Orchard,Orchard Road,6,88.96,25.94,SGD
drv_kumar_sg_12,Kumar Raj,grower,2025-10-24,2025-10,2025-W43,Fri,3,17,4.18,CBD_Raffles,CBD / Raffles Place,7,108.53,25.96,SGD
drv_kumar_sg_12,Kumar Raj,grower,2025-10-25,2025-10,2025-W43,Sat,1,13,3.47,Orchard,Orchard Road,7,185.48,53.45,SGD
drv_kumar_sg_12,Kumar Raj,grower,2025-10-25,2025-10,2025-W43,Sat,2,18,2.93,Tampines,Tampines,5,156.35,53.36,SGD
drv_kumar_sg_12,Kumar Raj,grower,2025-10-27,2025-10,2025-W44,Mon,1,8,3.57,CBD_Raffles,CBD / Raffles Place,7,34.67,9.71,SGD
drv_kumar_sg_12,Kumar Raj,grower,2025-10-27,2025-10,2025-W44,Mon,2,13,4.51,CBD_Raffles,CBD / Raffles Place,9,43.81,9.71,SGD
drv_kumar_sg_12,Kumar Raj,grower,2025-10-27,2025-10,2025-W44,Mon,3,19,3.72,CBD_Raffles,CBD / Raffles Place,8,36.19,9.73,SGD
drv_kumar_sg_12,Kumar Raj,grower,2025-10-28,2025-10,2025-W44,Tue,1,9,3.64,Orchard,Orchard Road,8,84.96,23.34,SGD
drv_kumar_sg_12,Kumar Raj,grower,2025-10-28,2025-10,2025-W44,Tue,2,13,3.23,Orchard,Orchard Road,7,75.47,23.37,SGD
drv_kumar_sg_12,Kumar Raj,grower,2025-10-28,2025-10,2025-W44,Tue,3,20,3.43,CBD_Raffles,CBD / Raffles Place,7,80.27,23.4,SGD
drv_kumar_sg_12,Kumar Raj,grower,2025-10-29,2025-10,2025-W44,Wed,1,9,4.3,Orchard,Orchard Road,7,156.28,36.34,SGD
drv_kumar_sg_12,Kumar Raj,grower,2025-10-29,2025-10,2025-W44,Wed,2,12,3.5,CBD_Raffles,CBD / Raffles Place,5,127.36,36.39,SGD
drv_kumar_sg_12,Kumar Raj,grower,2025-10-30,2025-10,2025-W44,Thu,1,7,3.57,CBD_Raffles,CBD / Raffles Place,9,50.63,14.18,SGD
drv_kumar_sg_12,Kumar Raj,grower,2025-10-30,2025-10,2025-W44,Thu,2,13,3.23,Tampines,Tampines,8,45.78,14.17,SGD
drv_kumar_sg_12,Kumar Raj,grower,2025-10-31,2025-10,2025-W44,Fri,1,6,3.76,Tampines,Tampines,5,100.12,26.63,SGD
drv_kumar_sg_12,Kumar Raj,grower,2025-10-31,2025-10,2025-W44,Fri,2,12,4.16,CBD_Raffles,CBD / Raffles Place,6,110.83,26.64,SGD
drv_kumar_sg_12,Kumar Raj,grower,2025-10-31,2025-10,2025-W44,Fri,3,18,3.07,Tampines,Tampines,4,81.83,26.65,SGD
drv_kumar_sg_12,Kumar Raj,grower,2025-11-01,2025-11,2025-W44,Sat,1,6,3.73,Orchard,Orchard Road,4,87.75,23.53,SGD
drv_kumar_sg_12,Kumar Raj,grower,2025-11-01,2025-11,2025-W44,Sat,2,13,3.22,Orchard,Orchard Road,3,75.75,23.52,SGD
drv_kumar_sg_12,Kumar Raj,grower,2025-11-01,2025-11,2025-W44,Sat,3,17,3.25,Orchard,Orchard Road,4,76.36,23.5,SGD
drv_kumar_sg_12,Kumar Raj,grower,2025-11-03,2025-11,2025-W45,Mon,1,9,3.65,Woodlands,Woodlands,3,61.21,16.77,SGD
drv_kumar_sg_12,Kumar Raj,grower,2025-11-03,2025-11,2025-W45,Mon,2,12,3.65,Woodlands,Woodlands,3,61.2,16.77,SGD
drv_kumar_sg_12,Kumar Raj,grower,2025-11-03,2025-11,2025-W45,Mon,3,17,3.59,CBD_Raffles,CBD / Raffles Place,3,60.22,16.77,SGD
drv_kumar_sg_12,Kumar Raj,grower,2025-11-04,2025-11,2025-W45,Tue,1,6,2.55,Orchard,Orchard Road,5,61.1,23.96,SGD
drv_kumar_sg_12,Kumar Raj,grower,2025-11-04,2025-11,2025-W45,Tue,2,13,3.32,Orchard,Orchard Road,6,79.62,23.98,SGD
drv_kumar_sg_12,Kumar Raj,grower,2025-11-04,2025-11,2025-W45,Tue,3,20,3.03,Tampines,Tampines,5,72.77,24.02,SGD
drv_kumar_sg_12,Kumar Raj,grower,2025-11-05,2025-11,2025-W45,Wed,1,13,3.0,CBD_Raffles,CBD / Raffles Place,4,117.73,39.24,SGD
drv_kumar_sg_12,Kumar Raj,grower,2025-11-05,2025-11,2025-W45,Wed,2,18,3.5,Tampines,Tampines,4,137.06,39.16,SGD
drv_kumar_sg_12,Kumar Raj,grower,2025-11-06,2025-11,2025-W45,Thu,1,7,3.98,Woodlands,Woodlands,6,91.96,23.11,SGD
drv_kumar_sg_12,Kumar Raj,grower,2025-11-06,2025-11,2025-W45,Thu,2,12,3.47,Orchard,Orchard Road,5,80.23,23.12,SGD
drv_kumar_sg_12,Kumar Raj,grower,2025-11-06,2025-11,2025-W45,Thu,3,17,4.35,Orchard,Orchard Road,7,100.56,23.12,SGD
drv_kumar_sg_12,Kumar Raj,grower,2025-11-07,2025-11,2025-W45,Fri,1,9,3.81,Tampines,Tampines,6,92.59,24.3,SGD
drv_kumar_sg_12,Kumar Raj,grower,2025-11-07,2025-11,2025-W45,Fri,2,11,3.68,Woodlands,Woodlands,5,89.42,24.3,SGD
drv_kumar_sg_12,Kumar Raj,grower,2025-11-07,2025-11,2025-W45,Fri,3,20,3.52,Woodlands,Woodlands,5,85.55,24.3,SGD
drv_kumar_sg_12,Kumar Raj,grower,2025-11-08,2025-11,2025-W45,Sat,1,11,4.05,Tampines,Tampines,8,138.41,34.18,SGD
drv_kumar_sg_12,Kumar Raj,grower,2025-11-08,2025-11,2025-W45,Sat,2,17,3.95,Orchard,Orchard Road,8,135.16,34.22,SGD
drv_kumar_sg_12,Kumar Raj,grower,2025-11-10,2025-11,2025-W46,Mon,1,8,3.24,Tampines,Tampines,4,69.64,21.49,SGD
drv_kumar_sg_12,Kumar Raj,grower,2025-11-10,2025-11,2025-W46,Mon,2,12,4.01,CBD_Raffles,CBD / Raffles Place,5,86.21,21.5,SGD
drv_kumar_sg_12,Kumar Raj,grower,2025-11-10,2025-11,2025-W46,Mon,3,19,3.35,CBD_Raffles,CBD / Raffles Place,4,72.08,21.52,SGD
drv_kumar_sg_12,Kumar Raj,grower,2025-11-11,2025-11,2025-W46,Tue,1,7,3.15,Orchard,Orchard Road,6,111.72,35.47,SGD
drv_kumar_sg_12,Kumar Raj,grower,2025-11-11,2025-11,2025-W46,Tue,2,18,3.25,Woodlands,Woodlands,7,115.62,35.58,SGD
drv_kumar_sg_12,Kumar Raj,grower,2025-11-12,2025-11,2025-W46,Wed,1,7,2.84,Woodlands,Woodlands,3,71.25,25.09,SGD
drv_kumar_sg_12,Kumar Raj,grower,2025-11-12,2025-11,2025-W46,Wed,2,11,2.95,Tampines,Tampines,3,74.01,25.09,SGD
drv_kumar_sg_12,Kumar Raj,grower,2025-11-12,2025-11,2025-W46,Wed,3,18,2.71,Woodlands,Woodlands,3,67.98,25.08,SGD
drv_kumar_sg_12,Kumar Raj,grower,2025-11-13,2025-11,2025-W46,Thu,1,6,2.9,CBD_Raffles,CBD / Raffles Place,7,92.4,31.86,SGD
drv_kumar_sg_12,Kumar Raj,grower,2025-11-13,2025-11,2025-W46,Thu,2,13,2.83,CBD_Raffles,CBD / Raffles Place,7,90.08,31.83,SGD
drv_kumar_sg_12,Kumar Raj,grower,2025-11-13,2025-11,2025-W46,Thu,3,19,2.68,CBD_Raffles,CBD / Raffles Place,6,85.27,31.82,SGD
drv_kumar_sg_12,Kumar Raj,grower,2025-11-14,2025-11,2025-W46,Fri,1,6,2.9,CBD_Raffles,CBD / Raffles Place,5,96.13,33.15,SGD
drv_kumar_sg_12,Kumar Raj,grower,2025-11-14,2025-11,2025-W46,Fri,2,11,3.04,Woodlands,Woodlands,5,100.69,33.12,SGD
drv_kumar_sg_12,Kumar Raj,grower,2025-11-14,2025-11,2025-W46,Fri,3,19,2.75,Tampines,Tampines,5,91.15,33.15,SGD
drv_kumar_sg_12,Kumar Raj,grower,2025-11-15,2025-11,2025-W46,Sat,1,9,3.47,CBD_Raffles,CBD / Raffles Place,4,101.21,29.17,SGD
drv_kumar_sg_12,Kumar Raj,grower,2025-11-15,2025-11,2025-W46,Sat,2,11,3.38,Orchard,Orchard Road,4,98.59,29.17,SGD
drv_kumar_sg_12,Kumar Raj,grower,2025-11-15,2025-11,2025-W46,Sat,3,20,3.34,Woodlands,Woodlands,4,97.47,29.18,SGD
drv_kumar_sg_12,Kumar Raj,grower,2025-11-17,2025-11,2025-W47,Mon,1,9,2.87,Orchard,Orchard Road,4,92.85,32.35,SGD
drv_kumar_sg_12,Kumar Raj,grower,2025-11-17,2025-11,2025-W47,Mon,2,12,3.53,Orchard,Orchard Road,6,114.08,32.32,SGD
drv_kumar_sg_12,Kumar Raj,grower,2025-11-18,2025-11,2025-W47,Tue,1,12,2.68,Woodlands,Woodlands,10,100.03,37.32,SGD
drv_kumar_sg_12,Kumar Raj,grower,2025-11-18,2025-11,2025-W47,Tue,2,18,3.42,Orchard,Orchard Road,12,127.23,37.2,SGD
drv_kumar_sg_12,Kumar Raj,grower,2025-11-19,2025-11,2025-W47,Wed,1,9,2.85,Tampines,Tampines,5,63.09,22.14,SGD
drv_kumar_sg_12,Kumar Raj,grower,2025-11-19,2025-11,2025-W47,Wed,2,11,2.81,Orchard,Orchard Road,5,62.15,22.12,SGD
drv_kumar_sg_12,Kumar Raj,grower,2025-11-19,2025-11,2025-W47,Wed,3,17,3.24,Orchard,Orchard Road,5,71.52,22.07,SGD
drv_kumar_sg_12,Kumar Raj,grower,2025-11-20,2025-11,2025-W47,Thu,1,7,3.36,Orchard,Orchard Road,8,102.63,30.54,SGD
drv_kumar_sg_12,Kumar Raj,grower,2025-11-20,2025-11,2025-W47,Thu,2,11,2.47,Woodlands,Woodlands,6,75.34,30.5,SGD
drv_kumar_sg_12,Kumar Raj,grower,2025-11-20,2025-11,2025-W47,Thu,3,18,2.97,Orchard,Orchard Road,7,90.62,30.51,SGD
drv_kumar_sg_12,Kumar Raj,grower,2025-11-21,2025-11,2025-W47,Fri,1,8,3.37,CBD_Raffles,CBD / Raffles Place,4,92.76,27.53,SGD
drv_kumar_sg_12,Kumar Raj,grower,2025-11-21,2025-11,2025-W47,Fri,2,12,3.33,Orchard,Orchard Road,4,91.77,27.56,SGD
drv_kumar_sg_12,Kumar Raj,grower,2025-11-21,2025-11,2025-W47,Fri,3,19,3.5,Orchard,Orchard Road,4,96.2,27.49,SGD
drv_kumar_sg_12,Kumar Raj,grower,2025-11-22,2025-11,2025-W47,Sat,1,6,3.55,Tampines,Tampines,8,87.84,24.74,SGD
drv_kumar_sg_12,Kumar Raj,grower,2025-11-22,2025-11,2025-W47,Sat,2,13,3.46,Woodlands,Woodlands,8,85.58,24.73,SGD
drv_kumar_sg_12,Kumar Raj,grower,2025-11-22,2025-11,2025-W47,Sat,3,19,3.29,Woodlands,Woodlands,7,81.42,24.75,SGD
drv_kumar_sg_12,Kumar Raj,grower,2025-11-24,2025-11,2025-W48,Mon,1,6,2.53,Woodlands,Woodlands,4,55.5,21.94,SGD
drv_kumar_sg_12,Kumar Raj,grower,2025-11-24,2025-11,2025-W48,Mon,2,13,2.59,Tampines,Tampines,4,56.78,21.92,SGD
drv_kumar_sg_12,Kumar Raj,grower,2025-11-24,2025-11,2025-W48,Mon,3,20,3.08,Tampines,Tampines,5,67.47,21.91,SGD
drv_kumar_sg_12,Kumar Raj,grower,2025-11-25,2025-11,2025-W48,Tue,1,8,3.23,Tampines,Tampines,6,59.62,18.46,SGD
drv_kumar_sg_12,Kumar Raj,grower,2025-11-25,2025-11,2025-W48,Tue,2,11,3.11,Tampines,Tampines,6,57.42,18.46,SGD
drv_kumar_sg_12,Kumar Raj,grower,2025-11-25,2025-11,2025-W48,Tue,3,20,3.17,Orchard,Orchard Road,6,58.57,18.48,SGD
drv_kumar_sg_12,Kumar Raj,grower,2025-11-26,2025-11,2025-W48,Wed,1,6,3.71,Woodlands,Woodlands,4,85.62,23.08,SGD
drv_kumar_sg_12,Kumar Raj,grower,2025-11-26,2025-11,2025-W48,Wed,2,11,3.92,Tampines,Tampines,5,90.55,23.1,SGD
drv_kumar_sg_12,Kumar Raj,grower,2025-11-26,2025-11,2025-W48,Wed,3,17,3.96,CBD_Raffles,CBD / Raffles Place,5,91.47,23.1,SGD
drv_kumar_sg_12,Kumar Raj,grower,2025-11-27,2025-11,2025-W48,Thu,1,8,3.24,Woodlands,Woodlands,7,63.93,19.73,SGD
drv_kumar_sg_12,Kumar Raj,grower,2025-11-27,2025-11,2025-W48,Thu,2,12,3.2,Tampines,Tampines,7,63.16,19.74,SGD
drv_kumar_sg_12,Kumar Raj,grower,2025-11-27,2025-11,2025-W48,Thu,3,18,3.56,Tampines,Tampines,7,70.25,19.73,SGD
drv_kumar_sg_12,Kumar Raj,grower,2025-11-28,2025-11,2025-W48,Fri,1,6,2.81,CBD_Raffles,CBD / Raffles Place,3,76.22,27.12,SGD
drv_kumar_sg_12,Kumar Raj,grower,2025-11-28,2025-11,2025-W48,Fri,2,13,3.25,Orchard,Orchard Road,4,88.18,27.13,SGD
drv_kumar_sg_12,Kumar Raj,grower,2025-11-28,2025-11,2025-W48,Fri,3,17,4.15,Woodlands,Woodlands,5,112.69,27.15,SGD
drv_kumar_sg_12,Kumar Raj,grower,2025-11-29,2025-11,2025-W48,Sat,1,7,4.26,CBD_Raffles,CBD / Raffles Place,8,89.9,21.1,SGD
drv_kumar_sg_12,Kumar Raj,grower,2025-11-29,2025-11,2025-W48,Sat,2,13,4.03,Woodlands,Woodlands,7,84.93,21.07,SGD
drv_kumar_sg_12,Kumar Raj,grower,2025-11-29,2025-11,2025-W48,Sat,3,17,3.61,Orchard,Orchard Road,7,76.08,21.07,SGD
drv_kumar_sg_12,Kumar Raj,grower,2025-12-01,2025-12,2025-W49,Mon,1,6,3.5,CBD_Raffles,CBD / Raffles Place,7,91.27,26.08,SGD
drv_kumar_sg_12,Kumar Raj,grower,2025-12-01,2025-12,2025-W49,Mon,2,13,4.5,Orchard,Orchard Road,9,117.38,26.08,SGD
drv_kumar_sg_12,Kumar Raj,grower,2025-12-02,2025-12,2025-W49,Tue,1,9,4.21,CBD_Raffles,CBD / Raffles Place,6,84.13,19.98,SGD
drv_kumar_sg_12,Kumar Raj,grower,2025-12-02,2025-12,2025-W49,Tue,2,13,3.87,Orchard,Orchard Road,6,77.41,20.0,SGD
drv_kumar_sg_12,Kumar Raj,grower,2025-12-02,2025-12,2025-W49,Tue,3,18,3.02,Tampines,Tampines,4,60.33,19.98,SGD
drv_kumar_sg_12,Kumar Raj,grower,2025-12-03,2025-12,2025-W49,Wed,1,6,3.41,Orchard,Orchard Road,3,90.52,26.55,SGD
drv_kumar_sg_12,Kumar Raj,grower,2025-12-03,2025-12,2025-W49,Wed,2,13,3.27,Woodlands,Woodlands,3,86.83,26.55,SGD
drv_kumar_sg_12,Kumar Raj,grower,2025-12-03,2025-12,2025-W49,Wed,3,19,2.72,Orchard,Orchard Road,3,72.08,26.5,SGD
drv_kumar_sg_12,Kumar Raj,grower,2025-12-04,2025-12,2025-W49,Thu,1,9,3.38,Tampines,Tampines,4,53.79,15.91,SGD
drv_kumar_sg_12,Kumar Raj,grower,2025-12-04,2025-12,2025-W49,Thu,2,12,3.95,CBD_Raffles,CBD / Raffles Place,4,62.97,15.94,SGD
drv_kumar_sg_12,Kumar Raj,grower,2025-12-04,2025-12,2025-W49,Thu,3,18,3.27,Orchard,Orchard Road,3,52.01,15.91,SGD
drv_kumar_sg_12,Kumar Raj,grower,2025-12-05,2025-12,2025-W49,Fri,1,8,2.94,Tampines,Tampines,3,100.63,34.23,SGD
drv_kumar_sg_12,Kumar Raj,grower,2025-12-05,2025-12,2025-W49,Fri,2,12,2.63,CBD_Raffles,CBD / Raffles Place,3,89.93,34.19,SGD
drv_kumar_sg_12,Kumar Raj,grower,2025-12-05,2025-12,2025-W49,Fri,3,17,2.54,Tampines,Tampines,3,86.87,34.2,SGD
drv_kumar_sg_12,Kumar Raj,grower,2025-12-06,2025-12,2025-W49,Sat,1,9,4.27,Tampines,Tampines,7,96.63,22.63,SGD
drv_kumar_sg_12,Kumar Raj,grower,2025-12-06,2025-12,2025-W49,Sat,2,13,3.6,Woodlands,Woodlands,6,81.53,22.65,SGD
drv_kumar_sg_12,Kumar Raj,grower,2025-12-06,2025-12,2025-W49,Sat,3,19,3.23,Orchard,Orchard Road,6,73.06,22.62,SGD
drv_kumar_sg_12,Kumar Raj,grower,2025-12-08,2025-12,2025-W50,Mon,1,7,3.18,CBD_Raffles,CBD / Raffles Place,5,55.22,17.36,SGD
drv_kumar_sg_12,Kumar Raj,grower,2025-12-08,2025-12,2025-W50,Mon,2,13,3.63,Orchard,Orchard Road,5,62.92,17.33,SGD
drv_kumar_sg_12,Kumar Raj,grower,2025-12-08,2025-12,2025-W50,Mon,3,20,3.29,Woodlands,Woodlands,5,57.01,17.33,SGD
drv_kumar_sg_12,Kumar Raj,grower,2025-12-09,2025-12,2025-W50,Tue,1,7,3.13,CBD_Raffles,CBD / Raffles Place,7,74.95,23.95,SGD
drv_kumar_sg_12,Kumar Raj,grower,2025-12-09,2025-12,2025-W50,Tue,2,11,2.49,CBD_Raffles,CBD / Raffles Place,5,59.59,23.93,SGD
drv_kumar_sg_12,Kumar Raj,grower,2025-12-09,2025-12,2025-W50,Tue,3,17,2.78,Tampines,Tampines,6,66.64,23.97,SGD
drv_kumar_sg_12,Kumar Raj,grower,2025-12-10,2025-12,2025-W50,Wed,1,9,3.88,Tampines,Tampines,3,85.98,22.16,SGD
drv_kumar_sg_12,Kumar Raj,grower,2025-12-10,2025-12,2025-W50,Wed,2,13,3.7,CBD_Raffles,CBD / Raffles Place,3,81.8,22.11,SGD
drv_kumar_sg_12,Kumar Raj,grower,2025-12-10,2025-12,2025-W50,Wed,3,17,3.72,Orchard,Orchard Road,3,82.36,22.14,SGD
drv_kumar_sg_12,Kumar Raj,grower,2025-12-15,2025-12,2025-W51,Mon,1,6,3.41,CBD_Raffles,CBD / Raffles Place,7,55.36,16.23,SGD
drv_kumar_sg_12,Kumar Raj,grower,2025-12-15,2025-12,2025-W51,Mon,2,13,3.41,Woodlands,Woodlands,7,55.32,16.22,SGD
drv_kumar_sg_12,Kumar Raj,grower,2025-12-15,2025-12,2025-W51,Mon,3,20,4.68,CBD_Raffles,CBD / Raffles Place,9,75.88,16.21,SGD
drv_kumar_sg_12,Kumar Raj,grower,2025-12-16,2025-12,2025-W51,Tue,1,7,3.26,Woodlands,Woodlands,7,78.93,24.21,SGD
drv_kumar_sg_12,Kumar Raj,grower,2025-12-16,2025-12,2025-W51,Tue,2,12,2.98,CBD_Raffles,CBD / Raffles Place,6,72.13,24.2,SGD
drv_kumar_sg_12,Kumar Raj,grower,2025-12-16,2025-12,2025-W51,Tue,3,18,4.06,Orchard,Orchard Road,8,98.45,24.25,SGD
drv_kumar_sg_12,Kumar Raj,grower,2025-12-17,2025-12,2025-W51,Wed,1,6,4.18,CBD_Raffles,CBD / Raffles Place,9,85.49,20.45,SGD
drv_kumar_sg_12,Kumar Raj,grower,2025-12-17,2025-12,2025-W51,Wed,2,13,3.75,CBD_Raffles,CBD / Raffles Place,8,76.68,20.45,SGD
drv_kumar_sg_12,Kumar Raj,grower,2025-12-17,2025-12,2025-W51,Wed,3,19,2.88,Orchard,Orchard Road,6,58.9,20.45,SGD
drv_kumar_sg_12,Kumar Raj,grower,2025-12-18,2025-12,2025-W51,Thu,1,8,2.65,Orchard,Orchard Road,3,43.66,16.48,SGD
drv_kumar_sg_12,Kumar Raj,grower,2025-12-18,2025-12,2025-W51,Thu,2,11,3.3,Woodlands,Woodlands,4,54.41,16.49,SGD
drv_kumar_sg_12,Kumar Raj,grower,2025-12-18,2025-12,2025-W51,Thu,3,20,3.35,Orchard,Orchard Road,4,55.31,16.51,SGD
drv_kumar_sg_12,Kumar Raj,grower,2025-12-19,2025-12,2025-W51,Fri,1,13,3.01,Orchard,Orchard Road,7,108.98,36.21,SGD
drv_kumar_sg_12,Kumar Raj,grower,2025-12-19,2025-12,2025-W51,Fri,2,20,3.19,Tampines,Tampines,7,115.67,36.26,SGD
drv_kumar_sg_12,Kumar Raj,grower,2025-12-20,2025-12,2025-W51,Sat,1,8,3.02,CBD_Raffles,CBD / Raffles Place,6,80.66,26.71,SGD
drv_kumar_sg_12,Kumar Raj,grower,2025-12-20,2025-12,2025-W51,Sat,2,11,2.87,CBD_Raffles,CBD / Raffles Place,6,76.62,26.7,SGD
drv_kumar_sg_12,Kumar Raj,grower,2025-12-20,2025-12,2025-W51,Sat,3,19,3.2,Tampines,Tampines,7,85.41,26.69,SGD
drv_kumar_sg_12,Kumar Raj,grower,2025-12-22,2025-12,2025-W52,Mon,1,8,3.22,Woodlands,Woodlands,8,77.7,24.13,SGD
drv_kumar_sg_12,Kumar Raj,grower,2025-12-22,2025-12,2025-W52,Mon,2,13,3.25,CBD_Raffles,CBD / Raffles Place,8,78.29,24.09,SGD
drv_kumar_sg_12,Kumar Raj,grower,2025-12-22,2025-12,2025-W52,Mon,3,18,2.73,Orchard,Orchard Road,7,65.69,24.06,SGD
drv_kumar_sg_12,Kumar Raj,grower,2025-12-23,2025-12,2025-W52,Tue,1,9,2.49,Woodlands,Woodlands,7,79.77,32.04,SGD
drv_kumar_sg_12,Kumar Raj,grower,2025-12-23,2025-12,2025-W52,Tue,2,12,3.4,Orchard,Orchard Road,9,108.83,32.01,SGD
drv_kumar_sg_12,Kumar Raj,grower,2025-12-23,2025-12,2025-W52,Tue,3,18,2.4,CBD_Raffles,CBD / Raffles Place,6,76.82,32.01,SGD
drv_kumar_sg_12,Kumar Raj,grower,2025-12-24,2025-12,2025-W52,Wed,1,8,3.11,CBD_Raffles,CBD / Raffles Place,4,88.9,28.59,SGD
drv_kumar_sg_12,Kumar Raj,grower,2025-12-24,2025-12,2025-W52,Wed,2,13,2.94,Orchard,Orchard Road,3,84.04,28.59,SGD
drv_kumar_sg_12,Kumar Raj,grower,2025-12-24,2025-12,2025-W52,Wed,3,17,2.45,CBD_Raffles,CBD / Raffles Place,3,69.9,28.53,SGD
drv_kumar_sg_12,Kumar Raj,grower,2025-12-25,2025-12,2025-W52,Thu,1,9,3.25,Orchard,Orchard Road,11,125.51,38.62,SGD
drv_kumar_sg_12,Kumar Raj,grower,2025-12-25,2025-12,2025-W52,Thu,2,11,3.75,Orchard,Orchard Road,13,144.86,38.63,SGD
drv_kumar_sg_12,Kumar Raj,grower,2025-12-26,2025-12,2025-W52,Fri,1,7,3.72,CBD_Raffles,CBD / Raffles Place,8,173.22,46.56,SGD
drv_kumar_sg_12,Kumar Raj,grower,2025-12-26,2025-12,2025-W52,Fri,2,17,3.48,Tampines,Tampines,7,162.19,46.61,SGD
drv_kumar_sg_12,Kumar Raj,grower,2025-12-27,2025-12,2025-W52,Sat,1,6,4.05,Woodlands,Woodlands,12,168.43,41.59,SGD
drv_kumar_sg_12,Kumar Raj,grower,2025-12-27,2025-12,2025-W52,Sat,2,18,3.65,Orchard,Orchard Road,10,151.51,41.51,SGD
drv_kumar_sg_12,Kumar Raj,grower,2025-12-29,2025-12,2026-W01,Mon,1,8,4.53,CBD_Raffles,CBD / Raffles Place,5,100.2,22.12,SGD
drv_kumar_sg_12,Kumar Raj,grower,2025-12-29,2025-12,2026-W01,Mon,2,13,3.5,Orchard,Orchard Road,4,77.33,22.09,SGD
drv_kumar_sg_12,Kumar Raj,grower,2025-12-29,2025-12,2026-W01,Mon,3,18,3.27,Tampines,Tampines,4,72.34,22.12,SGD
drv_kumar_sg_12,Kumar Raj,grower,2025-12-30,2025-12,2026-W01,Tue,1,6,3.16,Woodlands,Woodlands,8,91.24,28.87,SGD
drv_kumar_sg_12,Kumar Raj,grower,2025-12-30,2025-12,2026-W01,Tue,2,12,2.97,Tampines,Tampines,7,85.99,28.95,SGD
drv_kumar_sg_12,Kumar Raj,grower,2025-12-30,2025-12,2026-W01,Tue,3,20,2.97,Orchard,Orchard Road,7,85.86,28.91,SGD
drv_kumar_sg_12,Kumar Raj,grower,2025-12-31,2025-12,2026-W01,Wed,1,7,3.03,CBD_Raffles,CBD / Raffles Place,3,80.3,26.5,SGD
drv_kumar_sg_12,Kumar Raj,grower,2025-12-31,2025-12,2026-W01,Wed,2,11,2.56,Orchard,Orchard Road,2,67.77,26.47,SGD
drv_kumar_sg_12,Kumar Raj,grower,2025-12-31,2025-12,2026-W01,Wed,3,19,3.71,Woodlands,Woodlands,3,98.33,26.5,SGD
drv_kumar_sg_12,Kumar Raj,grower,2026-01-01,2026-01,2026-W01,Thu,1,8,2.85,Woodlands,Woodlands,5,102.47,35.95,SGD
drv_kumar_sg_12,Kumar Raj,grower,2026-01-01,2026-01,2026-W01,Thu,2,12,2.95,Tampines,Tampines,5,105.98,35.93,SGD
drv_kumar_sg_12,Kumar Raj,grower,2026-01-01,2026-01,2026-W01,Thu,3,17,2.89,Tampines,Tampines,5,103.91,35.96,SGD
drv_kumar_sg_12,Kumar Raj,grower,2026-01-02,2026-01,2026-W01,Fri,1,8,3.53,Tampines,Tampines,5,89.45,25.34,SGD
drv_kumar_sg_12,Kumar Raj,grower,2026-01-02,2026-01,2026-W01,Fri,2,13,3.77,Orchard,Orchard Road,6,95.7,25.38,SGD
drv_kumar_sg_12,Kumar Raj,grower,2026-01-03,2026-01,2026-W01,Sat,1,9,3.59,Tampines,Tampines,6,110.37,30.74,SGD
drv_kumar_sg_12,Kumar Raj,grower,2026-01-03,2026-01,2026-W01,Sat,2,13,2.99,Woodlands,Woodlands,5,91.81,30.71,SGD
drv_kumar_sg_12,Kumar Raj,grower,2026-01-03,2026-01,2026-W01,Sat,3,17,4.22,Woodlands,Woodlands,7,129.58,30.71,SGD
drv_kumar_sg_12,Kumar Raj,grower,2026-01-05,2026-01,2026-W02,Mon,1,11,4.03,Woodlands,Woodlands,5,86.68,21.51,SGD
drv_kumar_sg_12,Kumar Raj,grower,2026-01-05,2026-01,2026-W02,Mon,2,18,3.77,CBD_Raffles,CBD / Raffles Place,5,81.07,21.5,SGD
drv_kumar_sg_12,Kumar Raj,grower,2026-01-06,2026-01,2026-W02,Tue,1,6,3.44,Orchard,Orchard Road,10,114.81,33.38,SGD
drv_kumar_sg_12,Kumar Raj,grower,2026-01-06,2026-01,2026-W02,Tue,2,20,2.96,Woodlands,Woodlands,9,98.81,33.38,SGD
drv_kumar_sg_12,Kumar Raj,grower,2026-01-07,2026-01,2026-W02,Wed,1,7,3.58,CBD_Raffles,CBD / Raffles Place,5,79.36,22.17,SGD
drv_kumar_sg_12,Kumar Raj,grower,2026-01-07,2026-01,2026-W02,Wed,2,12,3.68,CBD_Raffles,CBD / Raffles Place,5,81.69,22.2,SGD
drv_kumar_sg_12,Kumar Raj,grower,2026-01-07,2026-01,2026-W02,Wed,3,20,4.14,Orchard,Orchard Road,5,91.78,22.17,SGD
drv_kumar_sg_12,Kumar Raj,grower,2026-01-08,2026-01,2026-W02,Thu,1,6,3.04,Woodlands,Woodlands,4,87.7,28.85,SGD
drv_kumar_sg_12,Kumar Raj,grower,2026-01-08,2026-01,2026-W02,Thu,2,11,3.32,Orchard,Orchard Road,4,95.85,28.87,SGD
drv_kumar_sg_12,Kumar Raj,grower,2026-01-08,2026-01,2026-W02,Thu,3,19,3.83,Tampines,Tampines,5,110.57,28.87,SGD
drv_kumar_sg_12,Kumar Raj,grower,2026-01-09,2026-01,2026-W02,Fri,1,9,3.59,Orchard,Orchard Road,8,63.52,17.69,SGD
drv_kumar_sg_12,Kumar Raj,grower,2026-01-09,2026-01,2026-W02,Fri,2,13,3.11,CBD_Raffles,CBD / Raffles Place,7,55.07,17.71,SGD
drv_kumar_sg_12,Kumar Raj,grower,2026-01-09,2026-01,2026-W02,Fri,3,19,3.4,CBD_Raffles,CBD / Raffles Place,7,60.16,17.69,SGD
drv_kumar_sg_12,Kumar Raj,grower,2026-01-10,2026-01,2026-W02,Sat,1,9,3.01,Tampines,Tampines,5,100.32,33.33,SGD
drv_kumar_sg_12,Kumar Raj,grower,2026-01-10,2026-01,2026-W02,Sat,2,12,3.4,Tampines,Tampines,5,113.48,33.38,SGD
drv_kumar_sg_12,Kumar Raj,grower,2026-01-10,2026-01,2026-W02,Sat,3,18,2.49,Orchard,Orchard Road,4,82.89,33.29,SGD
drv_kumar_sg_12,Kumar Raj,grower,2026-01-12,2026-01,2026-W03,Mon,1,8,4.17,CBD_Raffles,CBD / Raffles Place,6,77.93,18.69,SGD
drv_kumar_sg_12,Kumar Raj,grower,2026-01-12,2026-01,2026-W03,Mon,2,11,3.83,CBD_Raffles,CBD / Raffles Place,5,71.64,18.7,SGD
drv_kumar_sg_12,Kumar Raj,grower,2026-01-12,2026-01,2026-W03,Mon,3,18,3.9,Woodlands,Woodlands,6,72.92,18.7,SGD
drv_kumar_sg_12,Kumar Raj,grower,2026-01-13,2026-01,2026-W03,Tue,1,9,3.19,Tampines,Tampines,6,83.94,26.31,SGD
drv_kumar_sg_12,Kumar Raj,grower,2026-01-13,2026-01,2026-W03,Tue,2,11,2.85,Tampines,Tampines,5,74.85,26.26,SGD
drv_kumar_sg_12,Kumar Raj,grower,2026-01-13,2026-01,2026-W03,Tue,3,20,3.66,Orchard,Orchard Road,7,96.14,26.27,SGD
drv_kumar_sg_12,Kumar Raj,grower,2026-01-14,2026-01,2026-W03,Wed,1,11,4.48,Tampines,Tampines,11,162.94,36.37,SGD
drv_kumar_sg_12,Kumar Raj,grower,2026-01-14,2026-01,2026-W03,Wed,2,18,3.22,Orchard,Orchard Road,8,117.22,36.4,SGD
drv_kumar_sg_12,Kumar Raj,grower,2026-01-15,2026-01,2026-W03,Thu,1,8,2.99,Woodlands,Woodlands,8,121.17,40.53,SGD
drv_kumar_sg_12,Kumar Raj,grower,2026-01-15,2026-01,2026-W03,Thu,2,11,3.41,Woodlands,Woodlands,9,138.2,40.53,SGD
drv_kumar_sg_12,Kumar Raj,grower,2026-01-16,2026-01,2026-W03,Fri,1,6,3.81,Tampines,Tampines,7,128.86,33.82,SGD
drv_kumar_sg_12,Kumar Raj,grower,2026-01-16,2026-01,2026-W03,Fri,2,11,3.45,CBD_Raffles,CBD / Raffles Place,6,116.88,33.88,SGD
drv_kumar_sg_12,Kumar Raj,grower,2026-01-16,2026-01,2026-W03,Fri,3,20,2.84,Tampines,Tampines,5,96.29,33.9,SGD
drv_kumar_sg_12,Kumar Raj,grower,2026-01-17,2026-01,2026-W03,Sat,1,7,3.31,Orchard,Orchard Road,6,82.98,25.07,SGD
drv_kumar_sg_12,Kumar Raj,grower,2026-01-17,2026-01,2026-W03,Sat,2,13,3.43,Tampines,Tampines,6,85.94,25.06,SGD
drv_kumar_sg_12,Kumar Raj,grower,2026-01-17,2026-01,2026-W03,Sat,3,19,3.66,Orchard,Orchard Road,6,91.69,25.05,SGD
drv_kumar_sg_12,Kumar Raj,grower,2026-01-19,2026-01,2026-W04,Mon,1,12,4.04,Tampines,Tampines,11,123.15,30.48,SGD
drv_kumar_sg_12,Kumar Raj,grower,2026-01-19,2026-01,2026-W04,Mon,2,20,3.36,Woodlands,Woodlands,9,102.52,30.51,SGD
drv_kumar_sg_12,Kumar Raj,grower,2026-01-20,2026-01,2026-W04,Tue,1,9,3.0,Tampines,Tampines,9,110.14,36.71,SGD
drv_kumar_sg_12,Kumar Raj,grower,2026-01-20,2026-01,2026-W04,Tue,2,12,3.8,Orchard,Orchard Road,11,139.68,36.76,SGD
drv_kumar_sg_12,Kumar Raj,grower,2026-01-21,2026-01,2026-W04,Wed,1,7,2.84,Tampines,Tampines,5,62.41,21.98,SGD
drv_kumar_sg_12,Kumar Raj,grower,2026-01-21,2026-01,2026-W04,Wed,2,12,3.12,CBD_Raffles,CBD / Raffles Place,5,68.49,21.95,SGD
drv_kumar_sg_12,Kumar Raj,grower,2026-01-21,2026-01,2026-W04,Wed,3,19,2.74,Orchard,Orchard Road,5,60.23,21.98,SGD
drv_kumar_sg_12,Kumar Raj,grower,2026-01-22,2026-01,2026-W04,Thu,1,7,3.69,Orchard,Orchard Road,8,99.07,26.85,SGD
drv_kumar_sg_12,Kumar Raj,grower,2026-01-22,2026-01,2026-W04,Thu,2,13,3.24,Woodlands,Woodlands,7,87.04,26.86,SGD
drv_kumar_sg_12,Kumar Raj,grower,2026-01-22,2026-01,2026-W04,Thu,3,19,3.78,Tampines,Tampines,8,101.48,26.85,SGD
drv_kumar_sg_12,Kumar Raj,grower,2026-01-23,2026-01,2026-W04,Fri,1,8,3.15,Woodlands,Woodlands,6,72.77,23.1,SGD
drv_kumar_sg_12,Kumar Raj,grower,2026-01-23,2026-01,2026-W04,Fri,2,13,4.43,CBD_Raffles,CBD / Raffles Place,9,102.55,23.15,SGD
drv_kumar_sg_12,Kumar Raj,grower,2026-01-23,2026-01,2026-W04,Fri,3,20,4.22,Orchard,Orchard Road,8,97.63,23.14,SGD
drv_kumar_sg_12,Kumar Raj,grower,2026-01-24,2026-01,2026-W04,Sat,1,6,2.48,Woodlands,Woodlands,4,102.06,41.15,SGD
drv_kumar_sg_12,Kumar Raj,grower,2026-01-24,2026-01,2026-W04,Sat,2,13,3.1,CBD_Raffles,CBD / Raffles Place,5,127.92,41.26,SGD
drv_kumar_sg_12,Kumar Raj,grower,2026-01-24,2026-01,2026-W04,Sat,3,18,2.62,Orchard,Orchard Road,4,108.0,41.22,SGD
drv_kumar_sg_12,Kumar Raj,grower,2026-01-26,2026-01,2026-W05,Mon,1,6,3.9,Orchard,Orchard Road,6,59.52,15.26,SGD
drv_kumar_sg_12,Kumar Raj,grower,2026-01-26,2026-01,2026-W05,Mon,2,13,3.44,Orchard,Orchard Road,5,52.46,15.25,SGD
drv_kumar_sg_12,Kumar Raj,grower,2026-01-26,2026-01,2026-W05,Mon,3,17,3.25,Orchard,Orchard Road,5,49.58,15.26,SGD
drv_kumar_sg_12,Kumar Raj,grower,2026-01-27,2026-01,2026-W05,Tue,1,12,3.3,CBD_Raffles,CBD / Raffles Place,7,104.3,31.61,SGD
drv_kumar_sg_12,Kumar Raj,grower,2026-01-27,2026-01,2026-W05,Tue,2,17,4.3,Woodlands,Woodlands,9,135.96,31.62,SGD
drv_kumar_sg_12,Kumar Raj,grower,2026-01-28,2026-01,2026-W05,Wed,1,8,3.64,Woodlands,Woodlands,5,79.71,21.9,SGD
drv_kumar_sg_12,Kumar Raj,grower,2026-01-28,2026-01,2026-W05,Wed,2,13,4.04,Tampines,Tampines,6,88.57,21.92,SGD
drv_kumar_sg_12,Kumar Raj,grower,2026-01-28,2026-01,2026-W05,Wed,3,19,4.02,CBD_Raffles,CBD / Raffles Place,6,88.05,21.9,SGD
drv_kumar_sg_12,Kumar Raj,grower,2026-01-29,2026-01,2026-W05,Thu,1,7,3.85,Woodlands,Woodlands,3,81.25,21.1,SGD
drv_kumar_sg_12,Kumar Raj,grower,2026-01-29,2026-01,2026-W05,Thu,2,12,4.17,Tampines,Tampines,3,87.96,21.09,SGD
drv_kumar_sg_12,Kumar Raj,grower,2026-01-29,2026-01,2026-W05,Thu,3,17,3.07,Orchard,Orchard Road,2,64.83,21.12,SGD
drv_kumar_sg_12,Kumar Raj,grower,2026-01-30,2026-01,2026-W05,Fri,1,9,3.75,Tampines,Tampines,7,95.14,25.37,SGD
drv_kumar_sg_12,Kumar Raj,grower,2026-01-30,2026-01,2026-W05,Fri,2,12,3.29,Orchard,Orchard Road,6,83.43,25.36,SGD
drv_kumar_sg_12,Kumar Raj,grower,2026-01-30,2026-01,2026-W05,Fri,3,20,3.16,CBD_Raffles,CBD / Raffles Place,6,80.08,25.34,SGD
drv_kumar_sg_12,Kumar Raj,grower,2026-01-31,2026-01,2026-W05,Sat,1,7,3.57,CBD_Raffles,CBD / Raffles Place,5,174.38,48.85,SGD
drv_kumar_sg_12,Kumar Raj,grower,2026-01-31,2026-01,2026-W05,Sat,2,18,3.93,Tampines,Tampines,6,192.1,48.88,SGD
drv_kumar_sg_12,Kumar Raj,grower,2026-02-02,2026-02,2026-W06,Mon,1,6,4.05,CBD_Raffles,CBD / Raffles Place,3,60.33,14.9,SGD
drv_kumar_sg_12,Kumar Raj,grower,2026-02-02,2026-02,2026-W06,Mon,2,13,3.87,CBD_Raffles,CBD / Raffles Place,3,57.62,14.89,SGD
drv_kumar_sg_12,Kumar Raj,grower,2026-02-02,2026-02,2026-W06,Mon,3,20,3.07,Tampines,Tampines,3,45.73,14.9,SGD
drv_kumar_sg_12,Kumar Raj,grower,2026-02-03,2026-02,2026-W06,Tue,1,9,3.95,CBD_Raffles,CBD / Raffles Place,6,65.57,16.6,SGD
drv_kumar_sg_12,Kumar Raj,grower,2026-02-03,2026-02,2026-W06,Tue,2,11,3.99,Woodlands,Woodlands,6,66.18,16.59,SGD
drv_kumar_sg_12,Kumar Raj,grower,2026-02-03,2026-02,2026-W06,Tue,3,17,3.86,Orchard,Orchard Road,6,64.06,16.6,SGD
drv_kumar_sg_12,Kumar Raj,grower,2026-02-04,2026-02,2026-W06,Wed,1,6,2.84,Tampines,Tampines,8,76.95,27.1,SGD
drv_kumar_sg_12,Kumar Raj,grower,2026-02-04,2026-02,2026-W06,Wed,2,11,2.57,Orchard,Orchard Road,7,69.56,27.07,SGD
drv_kumar_sg_12,Kumar Raj,grower,2026-02-04,2026-02,2026-W06,Wed,3,17,3.29,CBD_Raffles,CBD / Raffles Place,9,88.94,27.03,SGD
drv_kumar_sg_12,Kumar Raj,grower,2026-02-05,2026-02,2026-W06,Thu,1,8,3.21,Orchard,Orchard Road,2,71.59,22.3,SGD
drv_kumar_sg_12,Kumar Raj,grower,2026-02-05,2026-02,2026-W06,Thu,2,13,3.93,CBD_Raffles,CBD / Raffles Place,3,87.53,22.27,SGD
drv_kumar_sg_12,Kumar Raj,grower,2026-02-05,2026-02,2026-W06,Thu,3,18,4.35,CBD_Raffles,CBD / Raffles Place,3,96.98,22.29,SGD
drv_kumar_sg_12,Kumar Raj,grower,2026-02-06,2026-02,2026-W06,Fri,1,8,4.07,Woodlands,Woodlands,10,129.67,31.86,SGD
drv_kumar_sg_12,Kumar Raj,grower,2026-02-06,2026-02,2026-W06,Fri,2,13,3.83,CBD_Raffles,CBD / Raffles Place,10,122.25,31.92,SGD
drv_kumar_sg_12,Kumar Raj,grower,2026-02-07,2026-02,2026-W06,Sat,1,7,3.57,Tampines,Tampines,5,143.57,40.22,SGD
drv_kumar_sg_12,Kumar Raj,grower,2026-02-07,2026-02,2026-W06,Sat,2,11,3.03,Orchard,Orchard Road,5,121.85,40.21,SGD
drv_kumar_sg_12,Kumar Raj,grower,2026-02-09,2026-02,2026-W07,Mon,1,12,3.19,CBD_Raffles,CBD / Raffles Place,9,98.7,30.94,SGD
drv_kumar_sg_12,Kumar Raj,grower,2026-02-09,2026-02,2026-W07,Mon,2,18,3.21,CBD_Raffles,CBD / Raffles Place,9,99.32,30.94,SGD
drv_kumar_sg_12,Kumar Raj,grower,2026-02-10,2026-02,2026-W07,Tue,1,7,3.16,Woodlands,Woodlands,4,38.92,12.32,SGD
drv_kumar_sg_12,Kumar Raj,grower,2026-02-10,2026-02,2026-W07,Tue,2,11,3.37,Orchard,Orchard Road,4,41.63,12.35,SGD
drv_kumar_sg_12,Kumar Raj,grower,2026-02-10,2026-02,2026-W07,Tue,3,20,3.57,CBD_Raffles,CBD / Raffles Place,4,44.03,12.33,SGD
drv_kumar_sg_12,Kumar Raj,grower,2026-02-11,2026-02,2026-W07,Wed,1,8,3.77,CBD_Raffles,CBD / Raffles Place,8,131.31,34.83,SGD
drv_kumar_sg_12,Kumar Raj,grower,2026-02-11,2026-02,2026-W07,Wed,2,12,3.03,Tampines,Tampines,6,105.61,34.85,SGD
drv_kumar_sg_12,Kumar Raj,grower,2026-02-12,2026-02,2026-W07,Thu,1,6,3.51,Woodlands,Woodlands,7,129.54,36.91,SGD
drv_kumar_sg_12,Kumar Raj,grower,2026-02-12,2026-02,2026-W07,Thu,2,17,3.19,CBD_Raffles,CBD / Raffles Place,7,117.94,36.97,SGD
drv_kumar_sg_12,Kumar Raj,grower,2026-02-13,2026-02,2026-W07,Fri,1,8,3.88,CBD_Raffles,CBD / Raffles Place,4,112.22,28.92,SGD
drv_kumar_sg_12,Kumar Raj,grower,2026-02-13,2026-02,2026-W07,Fri,2,12,4.12,Tampines,Tampines,4,119.16,28.92,SGD
drv_kumar_sg_12,Kumar Raj,grower,2026-02-13,2026-02,2026-W07,Fri,3,18,3.29,Woodlands,Woodlands,3,95.15,28.92,SGD
drv_kumar_sg_12,Kumar Raj,grower,2026-02-14,2026-02,2026-W07,Sat,1,7,3.69,Tampines,Tampines,4,110.49,29.94,SGD
drv_kumar_sg_12,Kumar Raj,grower,2026-02-14,2026-02,2026-W07,Sat,2,11,3.1,Tampines,Tampines,3,92.73,29.91,SGD
drv_kumar_sg_12,Kumar Raj,grower,2026-02-14,2026-02,2026-W07,Sat,3,17,3.2,Tampines,Tampines,3,95.82,29.94,SGD
drv_kumar_sg_12,Kumar Raj,grower,2026-02-16,2026-02,2026-W08,Mon,1,6,2.97,CBD_Raffles,CBD / Raffles Place,5,66.45,22.37,SGD
drv_kumar_sg_12,Kumar Raj,grower,2026-02-16,2026-02,2026-W08,Mon,2,12,3.13,Tampines,Tampines,5,70.14,22.41,SGD
drv_kumar_sg_12,Kumar Raj,grower,2026-02-17,2026-02,2026-W08,Tue,1,7,2.8,Tampines,Tampines,7,41.97,14.99,SGD
drv_kumar_sg_12,Kumar Raj,grower,2026-02-17,2026-02,2026-W08,Tue,2,11,3.37,Tampines,Tampines,8,50.59,15.01,SGD
drv_kumar_sg_12,Kumar Raj,grower,2026-02-17,2026-02,2026-W08,Tue,3,19,2.43,CBD_Raffles,CBD / Raffles Place,6,36.54,15.04,SGD
drv_kumar_sg_12,Kumar Raj,grower,2026-02-18,2026-02,2026-W08,Wed,1,6,4.31,Tampines,Tampines,7,57.47,13.33,SGD
drv_kumar_sg_12,Kumar Raj,grower,2026-02-18,2026-02,2026-W08,Wed,2,11,3.53,Orchard,Orchard Road,6,47.04,13.33,SGD
drv_kumar_sg_12,Kumar Raj,grower,2026-02-18,2026-02,2026-W08,Wed,3,19,3.85,Tampines,Tampines,6,51.35,13.34,SGD
drv_kumar_sg_12,Kumar Raj,grower,2026-02-19,2026-02,2026-W08,Thu,1,7,3.33,CBD_Raffles,CBD / Raffles Place,6,69.74,20.94,SGD
drv_kumar_sg_12,Kumar Raj,grower,2026-02-19,2026-02,2026-W08,Thu,2,13,3.33,Tampines,Tampines,6,69.71,20.93,SGD
drv_kumar_sg_12,Kumar Raj,grower,2026-02-19,2026-02,2026-W08,Thu,3,19,2.65,Tampines,Tampines,5,55.53,20.95,SGD
drv_kumar_sg_12,Kumar Raj,grower,2026-02-20,2026-02,2026-W08,Fri,1,8,4.09,Woodlands,Woodlands,9,120.36,29.43,SGD
drv_kumar_sg_12,Kumar Raj,grower,2026-02-20,2026-02,2026-W08,Fri,2,12,3.15,Orchard,Orchard Road,7,92.61,29.4,SGD
drv_kumar_sg_12,Kumar Raj,grower,2026-02-20,2026-02,2026-W08,Fri,3,17,3.26,Woodlands,Woodlands,7,95.77,29.38,SGD
drv_kumar_sg_12,Kumar Raj,grower,2026-02-21,2026-02,2026-W08,Sat,1,8,3.65,Woodlands,Woodlands,3,83.66,22.92,SGD
drv_kumar_sg_12,Kumar Raj,grower,2026-02-21,2026-02,2026-W08,Sat,2,13,3.75,Woodlands,Woodlands,3,86.11,22.96,SGD
drv_kumar_sg_12,Kumar Raj,grower,2026-02-21,2026-02,2026-W08,Sat,3,18,4.3,CBD_Raffles,CBD / Raffles Place,4,98.7,22.95,SGD
drv_kumar_sg_12,Kumar Raj,grower,2026-02-23,2026-02,2026-W09,Mon,1,13,4.12,Woodlands,Woodlands,4,115.76,28.1,SGD
drv_kumar_sg_12,Kumar Raj,grower,2026-02-23,2026-02,2026-W09,Mon,2,18,3.88,Tampines,Tampines,4,109.12,28.12,SGD
drv_kumar_sg_12,Kumar Raj,grower,2026-02-24,2026-02,2026-W09,Tue,1,7,3.54,CBD_Raffles,CBD / Raffles Place,7,140.5,39.69,SGD
drv_kumar_sg_12,Kumar Raj,grower,2026-02-24,2026-02,2026-W09,Tue,2,12,3.16,Orchard,Orchard Road,6,125.23,39.63,SGD
drv_kumar_sg_12,Kumar Raj,grower,2026-02-25,2026-02,2026-W09,Wed,1,6,4.13,Woodlands,Woodlands,8,74.0,17.92,SGD
drv_kumar_sg_12,Kumar Raj,grower,2026-02-25,2026-02,2026-W09,Wed,2,13,4.02,Tampines,Tampines,7,72.04,17.92,SGD
drv_kumar_sg_12,Kumar Raj,grower,2026-02-25,2026-02,2026-W09,Wed,3,19,3.34,Tampines,Tampines,6,59.82,17.91,SGD
drv_kumar_sg_12,Kumar Raj,grower,2026-02-26,2026-02,2026-W09,Thu,1,6,4.03,CBD_Raffles,CBD / Raffles Place,4,78.3,19.43,SGD
drv_kumar_sg_12,Kumar Raj,grower,2026-02-26,2026-02,2026-W09,Thu,2,13,3.15,Orchard,Orchard Road,3,61.29,19.46,SGD
drv_kumar_sg_12,Kumar Raj,grower,2026-02-26,2026-02,2026-W09,Thu,3,20,4.22,Orchard,Orchard Road,4,82.15,19.47,SGD
drv_kumar_sg_12,Kumar Raj,grower,2026-02-27,2026-02,2026-W09,Fri,1,8,2.32,Woodlands,Woodlands,5,68.09,29.35,SGD
drv_kumar_sg_12,Kumar Raj,grower,2026-02-27,2026-02,2026-W09,Fri,2,13,3.11,Orchard,Orchard Road,7,91.26,29.34,SGD
drv_kumar_sg_12,Kumar Raj,grower,2026-02-27,2026-02,2026-W09,Fri,3,18,2.76,Orchard,Orchard Road,6,80.9,29.31,SGD
drv_kumar_sg_12,Kumar Raj,grower,2026-02-28,2026-02,2026-W09,Sat,1,6,3.39,CBD_Raffles,CBD / Raffles Place,5,96.97,28.6,SGD
drv_kumar_sg_12,Kumar Raj,grower,2026-02-28,2026-02,2026-W09,Sat,2,12,3.05,CBD_Raffles,CBD / Raffles Place,4,87.19,28.59,SGD
drv_kumar_sg_12,Kumar Raj,grower,2026-02-28,2026-02,2026-W09,Sat,3,17,3.06,Woodlands,Woodlands,5,87.51,28.6,SGD
drv_kumar_sg_12,Kumar Raj,grower,2026-03-02,2026-03,2026-W10,Mon,1,9,3.56,Tampines,Tampines,9,77.95,21.9,SGD
drv_kumar_sg_12,Kumar Raj,grower,2026-03-02,2026-03,2026-W10,Mon,2,12,2.51,Woodlands,Woodlands,6,55.08,21.94,SGD
drv_kumar_sg_12,Kumar Raj,grower,2026-03-02,2026-03,2026-W10,Mon,3,17,3.43,Tampines,Tampines,9,75.07,21.89,SGD
drv_kumar_sg_12,Kumar Raj,grower,2026-03-03,2026-03,2026-W10,Tue,1,6,3.46,Tampines,Tampines,6,71.1,20.55,SGD
drv_kumar_sg_12,Kumar Raj,grower,2026-03-03,2026-03,2026-W10,Tue,2,11,3.5,Orchard,Orchard Road,6,71.96,20.56,SGD
drv_kumar_sg_12,Kumar Raj,grower,2026-03-03,2026-03,2026-W10,Tue,3,19,2.45,Woodlands,Woodlands,4,50.33,20.54,SGD
drv_kumar_sg_12,Kumar Raj,grower,2026-03-04,2026-03,2026-W10,Wed,1,6,3.77,Orchard,Orchard Road,8,81.12,21.52,SGD
drv_kumar_sg_12,Kumar Raj,grower,2026-03-04,2026-03,2026-W10,Wed,2,13,3.12,Tampines,Tampines,7,67.02,21.48,SGD
drv_kumar_sg_12,Kumar Raj,grower,2026-03-04,2026-03,2026-W10,Wed,3,17,3.41,Orchard,Orchard Road,7,73.35,21.51,SGD
drv_kumar_sg_12,Kumar Raj,grower,2026-03-05,2026-03,2026-W10,Thu,1,8,3.51,Orchard,Orchard Road,7,69.74,19.87,SGD
drv_kumar_sg_12,Kumar Raj,grower,2026-03-05,2026-03,2026-W10,Thu,2,11,2.85,Orchard,Orchard Road,6,56.64,19.87,SGD
drv_kumar_sg_12,Kumar Raj,grower,2026-03-05,2026-03,2026-W10,Thu,3,20,3.95,Tampines,Tampines,8,78.53,19.88,SGD
drv_kumar_sg_12,Kumar Raj,grower,2026-03-06,2026-03,2026-W10,Fri,1,12,3.42,CBD_Raffles,CBD / Raffles Place,4,131.99,38.59,SGD
drv_kumar_sg_12,Kumar Raj,grower,2026-03-06,2026-03,2026-W10,Fri,2,18,2.88,Woodlands,Woodlands,4,111.31,38.65,SGD
drv_kumar_sg_12,Kumar Raj,grower,2026-03-07,2026-03,2026-W10,Sat,1,9,3.75,Orchard,Orchard Road,5,96.89,25.84,SGD
drv_kumar_sg_12,Kumar Raj,grower,2026-03-07,2026-03,2026-W10,Sat,2,11,3.75,Woodlands,Woodlands,5,96.8,25.81,SGD
drv_kumar_sg_12,Kumar Raj,grower,2026-03-07,2026-03,2026-W10,Sat,3,18,3.8,Woodlands,Woodlands,5,98.13,25.82,SGD
drv_kumar_sg_12,Kumar Raj,grower,2026-03-09,2026-03,2026-W11,Mon,1,9,4.19,Woodlands,Woodlands,7,85.62,20.43,SGD
drv_kumar_sg_12,Kumar Raj,grower,2026-03-09,2026-03,2026-W11,Mon,2,12,2.82,CBD_Raffles,CBD / Raffles Place,5,57.7,20.46,SGD
drv_kumar_sg_12,Kumar Raj,grower,2026-03-09,2026-03,2026-W11,Mon,3,20,4.08,Tampines,Tampines,7,83.41,20.44,SGD
drv_kumar_sg_12,Kumar Raj,grower,2026-03-10,2026-03,2026-W11,Tue,1,11,3.58,Woodlands,Woodlands,9,109.83,30.68,SGD
drv_kumar_sg_12,Kumar Raj,grower,2026-03-10,2026-03,2026-W11,Tue,2,18,3.92,CBD_Raffles,CBD / Raffles Place,9,120.31,30.69,SGD
drv_kumar_sg_12,Kumar Raj,grower,2026-03-11,2026-03,2026-W11,Wed,1,8,3.36,Orchard,Orchard Road,4,76.95,22.9,SGD
drv_kumar_sg_12,Kumar Raj,grower,2026-03-11,2026-03,2026-W11,Wed,2,12,4.01,CBD_Raffles,CBD / Raffles Place,5,91.96,22.93,SGD
drv_kumar_sg_12,Kumar Raj,grower,2026-03-11,2026-03,2026-W11,Wed,3,19,3.83,Tampines,Tampines,5,87.87,22.94,SGD
drv_kumar_sg_12,Kumar Raj,grower,2026-03-12,2026-03,2026-W11,Thu,1,7,2.65,Tampines,Tampines,4,37.75,14.25,SGD
drv_kumar_sg_12,Kumar Raj,grower,2026-03-12,2026-03,2026-W11,Thu,2,12,2.55,Orchard,Orchard Road,3,36.26,14.22,SGD
drv_kumar_sg_12,Kumar Raj,grower,2026-03-12,2026-03,2026-W11,Thu,3,19,3.7,Woodlands,Woodlands,5,52.57,14.21,SGD
drv_kumar_sg_12,Kumar Raj,grower,2026-03-13,2026-03,2026-W11,Fri,1,6,2.29,Woodlands,Woodlands,6,65.22,28.48,SGD
drv_kumar_sg_12,Kumar Raj,grower,2026-03-13,2026-03,2026-W11,Fri,2,12,2.91,Woodlands,Woodlands,8,83.03,28.53,SGD
drv_kumar_sg_12,Kumar Raj,grower,2026-03-13,2026-03,2026-W11,Fri,3,17,3.1,Orchard,Orchard Road,8,88.26,28.47,SGD
drv_kumar_sg_12,Kumar Raj,grower,2026-03-14,2026-03,2026-W11,Sat,1,11,3.44,Tampines,Tampines,8,147.35,42.83,SGD
drv_kumar_sg_12,Kumar Raj,grower,2026-03-14,2026-03,2026-W11,Sat,2,19,3.56,CBD_Raffles,CBD / Raffles Place,9,152.63,42.87,SGD
drv_kumar_sg_12,Kumar Raj,grower,2026-03-16,2026-03,2026-W12,Mon,1,9,4.16,Tampines,Tampines,8,47.93,11.52,SGD
drv_kumar_sg_12,Kumar Raj,grower,2026-03-16,2026-03,2026-W12,Mon,2,12,3.19,CBD_Raffles,CBD / Raffles Place,6,36.75,11.52,SGD
drv_kumar_sg_12,Kumar Raj,grower,2026-03-16,2026-03,2026-W12,Mon,3,20,4.06,Orchard,Orchard Road,8,46.8,11.53,SGD
drv_kumar_sg_12,Kumar Raj,grower,2026-03-17,2026-03,2026-W12,Tue,1,8,2.78,Tampines,Tampines,2,58.7,21.12,SGD
drv_kumar_sg_12,Kumar Raj,grower,2026-03-17,2026-03,2026-W12,Tue,2,13,2.55,Tampines,Tampines,2,53.85,21.12,SGD
drv_kumar_sg_12,Kumar Raj,grower,2026-03-17,2026-03,2026-W12,Tue,3,20,3.58,Woodlands,Woodlands,3,75.69,21.14,SGD
drv_kumar_sg_12,Kumar Raj,grower,2026-03-18,2026-03,2026-W12,Wed,1,7,3.25,Tampines,Tampines,5,43.56,13.4,SGD
drv_kumar_sg_12,Kumar Raj,grower,2026-03-18,2026-03,2026-W12,Wed,2,13,2.28,Tampines,Tampines,3,30.65,13.44,SGD
drv_kumar_sg_12,Kumar Raj,grower,2026-03-18,2026-03,2026-W12,Wed,3,19,3.07,Woodlands,Woodlands,5,41.15,13.4,SGD
drv_kumar_sg_12,Kumar Raj,grower,2026-03-19,2026-03,2026-W12,Thu,1,9,4.45,Tampines,Tampines,7,92.54,20.8,SGD
drv_kumar_sg_12,Kumar Raj,grower,2026-03-19,2026-03,2026-W12,Thu,2,11,3.57,Orchard,Orchard Road,5,74.27,20.8,SGD
drv_kumar_sg_12,Kumar Raj,grower,2026-03-19,2026-03,2026-W12,Thu,3,18,3.58,Woodlands,Woodlands,5,74.6,20.84,SGD
drv_kumar_sg_12,Kumar Raj,grower,2026-03-20,2026-03,2026-W12,Fri,1,9,3.22,CBD_Raffles,CBD / Raffles Place,4,79.51,24.69,SGD
drv_kumar_sg_12,Kumar Raj,grower,2026-03-20,2026-03,2026-W12,Fri,2,11,3.85,Orchard,Orchard Road,4,95.16,24.72,SGD
drv_kumar_sg_12,Kumar Raj,grower,2026-03-20,2026-03,2026-W12,Fri,3,18,3.22,Orchard,Orchard Road,4,79.59,24.72,SGD
drv_kumar_sg_12,Kumar Raj,grower,2026-03-21,2026-03,2026-W12,Sat,1,9,3.12,CBD_Raffles,CBD / Raffles Place,4,82.82,26.54,SGD
drv_kumar_sg_12,Kumar Raj,grower,2026-03-21,2026-03,2026-W12,Sat,2,11,2.98,Woodlands,Woodlands,4,79.1,26.54,SGD
drv_kumar_sg_12,Kumar Raj,grower,2026-03-21,2026-03,2026-W12,Sat,3,17,3.2,Tampines,Tampines,4,84.89,26.53,SGD
drv_kumar_sg_12,Kumar Raj,grower,2026-03-23,2026-03,2026-W13,Mon,1,6,4.0,Tampines,Tampines,8,64.85,16.21,SGD
drv_kumar_sg_12,Kumar Raj,grower,2026-03-23,2026-03,2026-W13,Mon,2,13,4.38,Tampines,Tampines,9,70.94,16.2,SGD
drv_kumar_sg_12,Kumar Raj,grower,2026-03-23,2026-03,2026-W13,Mon,3,17,3.21,Orchard,Orchard Road,7,52.06,16.22,SGD
drv_kumar_sg_12,Kumar Raj,grower,2026-03-24,2026-03,2026-W13,Tue,1,9,2.6,Orchard,Orchard Road,8,45.31,17.43,SGD
drv_kumar_sg_12,Kumar Raj,grower,2026-03-24,2026-03,2026-W13,Tue,2,12,2.75,Woodlands,Woodlands,8,47.96,17.44,SGD
drv_kumar_sg_12,Kumar Raj,grower,2026-03-24,2026-03,2026-W13,Tue,3,17,2.75,Orchard,Orchard Road,8,47.88,17.41,SGD
drv_kumar_sg_12,Kumar Raj,grower,2026-03-25,2026-03,2026-W13,Wed,1,13,3.41,CBD_Raffles,CBD / Raffles Place,8,99.31,29.12,SGD
drv_kumar_sg_12,Kumar Raj,grower,2026-03-25,2026-03,2026-W13,Wed,2,19,3.59,Woodlands,Woodlands,8,104.67,29.16,SGD
drv_kumar_sg_12,Kumar Raj,grower,2026-03-26,2026-03,2026-W13,Thu,1,9,4.3,Orchard,Orchard Road,4,116.54,27.1,SGD
drv_kumar_sg_12,Kumar Raj,grower,2026-03-26,2026-03,2026-W13,Thu,2,13,3.7,Tampines,Tampines,4,100.48,27.16,SGD
drv_kumar_sg_12,Kumar Raj,grower,2026-03-27,2026-03,2026-W13,Fri,1,6,3.37,CBD_Raffles,CBD / Raffles Place,4,43.1,12.79,SGD
drv_kumar_sg_12,Kumar Raj,grower,2026-03-27,2026-03,2026-W13,Fri,2,12,3.63,Woodlands,Woodlands,4,46.44,12.79,SGD
drv_kumar_sg_12,Kumar Raj,grower,2026-03-27,2026-03,2026-W13,Fri,3,20,3.5,CBD_Raffles,CBD / Raffles Place,4,44.85,12.81,SGD
drv_kumar_sg_12,Kumar Raj,grower,2026-03-28,2026-03,2026-W13,Sat,1,6,3.01,CBD_Raffles,CBD / Raffles Place,4,111.65,37.09,SGD
drv_kumar_sg_12,Kumar Raj,grower,2026-03-28,2026-03,2026-W13,Sat,2,13,3.17,CBD_Raffles,CBD / Raffles Place,4,117.69,37.13,SGD
drv_kumar_sg_12,Kumar Raj,grower,2026-03-28,2026-03,2026-W13,Sat,3,18,3.22,Orchard,Orchard Road,4,119.26,37.04,SGD
drv_kumar_sg_12,Kumar Raj,grower,2026-03-30,2026-03,2026-W14,Mon,1,9,2.88,CBD_Raffles,CBD / Raffles Place,7,79.87,27.73,SGD
drv_kumar_sg_12,Kumar Raj,grower,2026-03-30,2026-03,2026-W14,Mon,2,17,3.72,Woodlands,Woodlands,10,103.35,27.78,SGD
drv_kumar_sg_12,Kumar Raj,grower,2026-03-31,2026-03,2026-W14,Tue,1,9,3.08,CBD_Raffles,CBD / Raffles Place,3,50.55,16.41,SGD
drv_kumar_sg_12,Kumar Raj,grower,2026-03-31,2026-03,2026-W14,Tue,2,12,4.41,Tampines,Tampines,5,72.33,16.4,SGD
drv_kumar_sg_12,Kumar Raj,grower,2026-03-31,2026-03,2026-W14,Tue,3,18,3.51,Orchard,Orchard Road,4,57.5,16.38,SGD
drv_kumar_sg_12,Kumar Raj,grower,2026-04-01,2026-04,2026-W14,Wed,1,8,3.94,CBD_Raffles,CBD / Raffles Place,11,103.39,26.24,SGD
drv_kumar_sg_12,Kumar Raj,grower,2026-04-01,2026-04,2026-W14,Wed,2,12,3.86,CBD_Raffles,CBD / Raffles Place,10,101.18,26.21,SGD
drv_kumar_sg_12,Kumar Raj,grower,2026-04-02,2026-04,2026-W14,Thu,1,6,3.54,CBD_Raffles,CBD / Raffles Place,3,74.31,20.99,SGD
drv_kumar_sg_12,Kumar Raj,grower,2026-04-02,2026-04,2026-W14,Thu,2,12,3.99,Woodlands,Woodlands,4,83.82,21.01,SGD
drv_kumar_sg_12,Kumar Raj,grower,2026-04-02,2026-04,2026-W14,Thu,3,17,3.67,CBD_Raffles,CBD / Raffles Place,3,77.05,20.99,SGD
drv_kumar_sg_12,Kumar Raj,grower,2026-04-03,2026-04,2026-W14,Fri,1,8,3.33,Tampines,Tampines,7,121.08,36.36,SGD
drv_kumar_sg_12,Kumar Raj,grower,2026-04-03,2026-04,2026-W14,Fri,2,12,2.42,CBD_Raffles,CBD / Raffles Place,5,88.06,36.39,SGD
drv_kumar_sg_12,Kumar Raj,grower,2026-04-03,2026-04,2026-W14,Fri,3,20,2.85,CBD_Raffles,CBD / Raffles Place,6,103.8,36.42,SGD
drv_kumar_sg_12,Kumar Raj,grower,2026-04-04,2026-04,2026-W14,Sat,1,9,3.09,Tampines,Tampines,5,84.86,27.46,SGD
drv_kumar_sg_12,Kumar Raj,grower,2026-04-04,2026-04,2026-W14,Sat,2,13,3.4,CBD_Raffles,CBD / Raffles Place,5,93.25,27.43,SGD
drv_kumar_sg_12,Kumar Raj,grower,2026-04-04,2026-04,2026-W14,Sat,3,20,3.71,Tampines,Tampines,6,101.65,27.4,SGD
drv_kumar_sg_12,Kumar Raj,grower,2026-04-06,2026-04,2026-W15,Mon,1,7,3.59,Orchard,Orchard Road,9,74.17,20.66,SGD
drv_kumar_sg_12,Kumar Raj,grower,2026-04-06,2026-04,2026-W15,Mon,2,11,3.38,Woodlands,Woodlands,8,69.73,20.63,SGD
drv_kumar_sg_12,Kumar Raj,grower,2026-04-06,2026-04,2026-W15,Mon,3,18,2.63,CBD_Raffles,CBD / Raffles Place,6,54.38,20.68,SGD
drv_kumar_sg_12,Kumar Raj,grower,2026-04-07,2026-04,2026-W15,Tue,1,6,2.81,Tampines,Tampines,6,40.57,14.44,SGD
drv_kumar_sg_12,Kumar Raj,grower,2026-04-07,2026-04,2026-W15,Tue,2,12,3.69,Woodlands,Woodlands,8,53.24,14.43,SGD
drv_kumar_sg_12,Kumar Raj,grower,2026-04-08,2026-04,2026-W15,Wed,1,9,3.92,Tampines,Tampines,5,71.62,18.27,SGD
drv_kumar_sg_12,Kumar Raj,grower,2026-04-08,2026-04,2026-W15,Wed,2,12,3.93,Tampines,Tampines,5,71.78,18.26,SGD
drv_kumar_sg_12,Kumar Raj,grower,2026-04-08,2026-04,2026-W15,Wed,3,19,3.85,Woodlands,Woodlands,5,70.2,18.23,SGD
drv_kumar_sg_12,Kumar Raj,grower,2026-04-09,2026-04,2026-W15,Thu,1,6,3.47,Woodlands,Woodlands,9,125.26,36.1,SGD
drv_kumar_sg_12,Kumar Raj,grower,2026-04-09,2026-04,2026-W15,Thu,2,12,3.93,Tampines,Tampines,10,141.94,36.12,SGD
drv_kumar_sg_12,Kumar Raj,grower,2026-04-10,2026-04,2026-W15,Fri,1,6,3.1,Woodlands,Woodlands,6,91.44,29.5,SGD
drv_kumar_sg_12,Kumar Raj,grower,2026-04-10,2026-04,2026-W15,Fri,2,12,3.03,Woodlands,Woodlands,5,89.46,29.52,SGD
drv_kumar_sg_12,Kumar Raj,grower,2026-04-10,2026-04,2026-W15,Fri,3,19,3.27,CBD_Raffles,CBD / Raffles Place,6,96.59,29.54,SGD
drv_kumar_sg_12,Kumar Raj,grower,2026-04-11,2026-04,2026-W15,Sat,1,7,3.6,Tampines,Tampines,4,154.2,42.83,SGD
drv_kumar_sg_12,Kumar Raj,grower,2026-04-11,2026-04,2026-W15,Sat,2,17,3.2,Woodlands,Woodlands,4,136.85,42.77,SGD
drv_kumar_sg_12,Kumar Raj,grower,2026-04-13,2026-04,2026-W16,Mon,1,9,3.11,CBD_Raffles,CBD / Raffles Place,6,45.24,14.55,SGD
drv_kumar_sg_12,Kumar Raj,grower,2026-04-13,2026-04,2026-W16,Mon,2,12,4.42,CBD_Raffles,CBD / Raffles Place,8,64.32,14.55,SGD
drv_kumar_sg_12,Kumar Raj,grower,2026-04-13,2026-04,2026-W16,Mon,3,17,4.07,Tampines,Tampines,8,59.18,14.54,SGD
drv_kumar_sg_12,Kumar Raj,grower,2026-04-14,2026-04,2026-W16,Tue,1,8,3.17,Woodlands,Woodlands,4,84.71,26.72,SGD
drv_kumar_sg_12,Kumar Raj,grower,2026-04-14,2026-04,2026-W16,Tue,2,12,3.13,Orchard,Orchard Road,4,83.9,26.81,SGD
drv_kumar_sg_12,Kumar Raj,grower,2026-04-14,2026-04,2026-W16,Tue,3,20,2.8,CBD_Raffles,CBD / Raffles Place,4,74.94,26.76,SGD
drv_kumar_sg_12,Kumar Raj,grower,2026-04-15,2026-04,2026-W16,Wed,1,9,2.7,Woodlands,Woodlands,5,72.33,26.79,SGD
drv_kumar_sg_12,Kumar Raj,grower,2026-04-15,2026-04,2026-W16,Wed,2,12,2.75,Woodlands,Woodlands,5,73.7,26.8,SGD
drv_kumar_sg_12,Kumar Raj,grower,2026-04-15,2026-04,2026-W16,Wed,3,19,3.25,Tampines,Tampines,6,87.1,26.8,SGD
drv_kumar_sg_12,Kumar Raj,grower,2026-04-16,2026-04,2026-W16,Thu,1,9,3.35,CBD_Raffles,CBD / Raffles Place,10,118.76,35.45,SGD
drv_kumar_sg_12,Kumar Raj,grower,2026-04-16,2026-04,2026-W16,Thu,2,18,3.55,CBD_Raffles,CBD / Raffles Place,11,126.21,35.55,SGD
drv_kumar_sg_12,Kumar Raj,grower,2026-04-17,2026-04,2026-W16,Fri,1,13,4.04,Orchard,Orchard Road,6,128.09,31.71,SGD
drv_kumar_sg_12,Kumar Raj,grower,2026-04-17,2026-04,2026-W16,Fri,2,19,3.86,Tampines,Tampines,6,122.49,31.73,SGD
drv_kumar_sg_12,Kumar Raj,grower,2026-04-18,2026-04,2026-W16,Sat,1,7,4.43,Woodlands,Woodlands,7,114.25,25.79,SGD
drv_kumar_sg_12,Kumar Raj,grower,2026-04-18,2026-04,2026-W16,Sat,2,12,3.39,Tampines,Tampines,5,87.54,25.82,SGD
drv_kumar_sg_12,Kumar Raj,grower,2026-04-18,2026-04,2026-W16,Sat,3,19,3.28,Woodlands,Woodlands,5,84.8,25.85,SGD
drv_kumar_sg_12,Kumar Raj,grower,2026-04-20,2026-04,2026-W17,Mon,1,8,3.98,Woodlands,Woodlands,4,61.67,15.49,SGD
drv_kumar_sg_12,Kumar Raj,grower,2026-04-20,2026-04,2026-W17,Mon,2,11,4.36,CBD_Raffles,CBD / Raffles Place,5,67.56,15.5,SGD
drv_kumar_sg_12,Kumar Raj,grower,2026-04-20,2026-04,2026-W17,Mon,3,17,3.25,CBD_Raffles,CBD / Raffles Place,3,50.4,15.51,SGD
drv_kumar_sg_12,Kumar Raj,grower,2026-04-21,2026-04,2026-W17,Tue,1,7,3.87,Tampines,Tampines,8,77.55,20.04,SGD
drv_kumar_sg_12,Kumar Raj,grower,2026-04-21,2026-04,2026-W17,Tue,2,13,3.41,Orchard,Orchard Road,7,68.41,20.06,SGD
drv_kumar_sg_12,Kumar Raj,grower,2026-04-21,2026-04,2026-W17,Tue,3,19,3.52,Woodlands,Woodlands,7,70.48,20.02,SGD
drv_kumar_sg_12,Kumar Raj,grower,2026-04-22,2026-04,2026-W17,Wed,1,6,3.16,Tampines,Tampines,6,81.76,25.87,SGD
drv_kumar_sg_12,Kumar Raj,grower,2026-04-22,2026-04,2026-W17,Wed,2,12,3.61,Orchard,Orchard Road,7,93.54,25.91,SGD
drv_kumar_sg_12,Kumar Raj,grower,2026-04-22,2026-04,2026-W17,Wed,3,19,3.53,Woodlands,Woodlands,7,91.3,25.86,SGD
drv_kumar_sg_12,Kumar Raj,grower,2026-04-23,2026-04,2026-W17,Thu,1,9,3.18,Orchard,Orchard Road,7,116.83,36.74,SGD
drv_kumar_sg_12,Kumar Raj,grower,2026-04-23,2026-04,2026-W17,Thu,2,12,3.42,Woodlands,Woodlands,7,125.89,36.81,SGD
drv_kumar_sg_12,Kumar Raj,grower,2026-04-24,2026-04,2026-W17,Fri,1,9,2.99,Woodlands,Woodlands,3,91.82,30.71,SGD
drv_kumar_sg_12,Kumar Raj,grower,2026-04-24,2026-04,2026-W17,Fri,2,13,2.88,Orchard,Orchard Road,3,88.45,30.71,SGD
drv_kumar_sg_12,Kumar Raj,grower,2026-04-24,2026-04,2026-W17,Fri,3,17,3.33,CBD_Raffles,CBD / Raffles Place,4,102.19,30.69,SGD
drv_kumar_sg_12,Kumar Raj,grower,2026-04-25,2026-04,2026-W17,Sat,1,6,3.52,Orchard,Orchard Road,7,111.0,31.53,SGD
drv_kumar_sg_12,Kumar Raj,grower,2026-04-25,2026-04,2026-W17,Sat,2,13,3.12,CBD_Raffles,CBD / Raffles Place,6,98.35,31.52,SGD
drv_kumar_sg_12,Kumar Raj,grower,2026-04-25,2026-04,2026-W17,Sat,3,20,3.56,CBD_Raffles,CBD / Raffles Place,7,112.48,31.6,SGD
drv_kumar_sg_12,Kumar Raj,grower,2026-04-27,2026-04,2026-W18,Mon,1,12,3.9,Orchard,Orchard Road,9,116.24,29.81,SGD
drv_kumar_sg_12,Kumar Raj,grower,2026-04-27,2026-04,2026-W18,Mon,2,20,3.7,Orchard,Orchard Road,9,110.47,29.86,SGD
drv_kumar_sg_12,Kumar Raj,grower,2026-04-28,2026-04,2026-W18,Tue,1,6,3.01,Tampines,Tampines,2,62.14,20.64,SGD
drv_kumar_sg_12,Kumar Raj,grower,2026-04-28,2026-04,2026-W18,Tue,2,12,3.73,Woodlands,Woodlands,3,76.97,20.64,SGD
drv_kumar_sg_12,Kumar Raj,grower,2026-04-28,2026-04,2026-W18,Tue,3,17,4.16,Woodlands,Woodlands,3,85.94,20.66,SGD
drv_kumar_sg_12,Kumar Raj,grower,2026-04-29,2026-04,2026-W18,Wed,1,9,3.39,Tampines,Tampines,8,130.54,38.51,SGD
drv_kumar_sg_12,Kumar Raj,grower,2026-04-29,2026-04,2026-W18,Wed,2,20,2.91,CBD_Raffles,CBD / Raffles Place,7,112.24,38.57,SGD
drv_kumar_sg_12,Kumar Raj,grower,2026-04-30,2026-04,2026-W18,Thu,1,7,3.16,CBD_Raffles,CBD / Raffles Place,6,46.78,14.8,SGD
drv_kumar_sg_12,Kumar Raj,grower,2026-04-30,2026-04,2026-W18,Thu,2,13,3.16,CBD_Raffles,CBD / Raffles Place,6,46.83,14.82,SGD
drv_kumar_sg_12,Kumar Raj,grower,2026-04-30,2026-04,2026-W18,Thu,3,20,3.68,Tampines,Tampines,7,54.57,14.83,SGD
drv_kumar_sg_12,Kumar Raj,grower,2026-05-01,2026-05,2026-W18,Fri,1,8,3.8,CBD_Raffles,CBD / Raffles Place,8,125.67,33.07,SGD
drv_kumar_sg_12,Kumar Raj,grower,2026-05-01,2026-05,2026-W18,Fri,2,13,3.07,Woodlands,Woodlands,7,101.4,33.03,SGD
drv_kumar_sg_12,Kumar Raj,grower,2026-05-01,2026-05,2026-W18,Fri,3,18,3.03,Woodlands,Woodlands,7,100.08,33.03,SGD
drv_kumar_sg_12,Kumar Raj,grower,2026-05-02,2026-05,2026-W18,Sat,1,6,3.28,Tampines,Tampines,5,125.79,38.35,SGD
drv_kumar_sg_12,Kumar Raj,grower,2026-05-02,2026-05,2026-W18,Sat,2,13,3.82,Tampines,Tampines,5,146.82,38.43,SGD
drv_kumar_sg_12,Kumar Raj,grower,2026-05-04,2026-05,2026-W19,Mon,1,7,3.28,CBD_Raffles,CBD / Raffles Place,10,88.22,26.9,SGD
drv_kumar_sg_12,Kumar Raj,grower,2026-05-04,2026-05,2026-W19,Mon,2,20,2.82,Orchard,Orchard Road,8,75.65,26.83,SGD
drv_kumar_sg_12,Kumar Raj,grower,2026-05-05,2026-05,2026-W19,Tue,1,8,3.91,Tampines,Tampines,7,87.27,22.32,SGD
drv_kumar_sg_12,Kumar Raj,grower,2026-05-05,2026-05,2026-W19,Tue,2,12,3.88,CBD_Raffles,CBD / Raffles Place,7,86.64,22.33,SGD
drv_kumar_sg_12,Kumar Raj,grower,2026-05-05,2026-05,2026-W19,Tue,3,17,4.21,CBD_Raffles,CBD / Raffles Place,8,93.82,22.29,SGD
drv_kumar_sg_12,Kumar Raj,grower,2026-05-06,2026-05,2026-W19,Wed,1,8,2.85,Woodlands,Woodlands,6,65.4,22.95,SGD
drv_kumar_sg_12,Kumar Raj,grower,2026-05-06,2026-05,2026-W19,Wed,2,11,3.95,Tampines,Tampines,8,90.67,22.95,SGD
drv_kumar_sg_12,Kumar Raj,grower,2026-05-06,2026-05,2026-W19,Wed,3,19,4.0,Woodlands,Woodlands,8,91.64,22.91,SGD
drv_kumar_sg_12,Kumar Raj,grower,2026-05-07,2026-05,2026-W19,Thu,1,9,4.27,CBD_Raffles,CBD / Raffles Place,8,76.1,17.82,SGD
drv_kumar_sg_12,Kumar Raj,grower,2026-05-07,2026-05,2026-W19,Thu,2,13,3.65,Woodlands,Woodlands,7,65.05,17.82,SGD
drv_kumar_sg_12,Kumar Raj,grower,2026-05-07,2026-05,2026-W19,Thu,3,18,3.38,Woodlands,Woodlands,6,60.17,17.8,SGD
drv_kumar_sg_12,Kumar Raj,grower,2026-05-08,2026-05,2026-W19,Fri,1,7,3.42,Woodlands,Woodlands,4,79.61,23.28,SGD
drv_kumar_sg_12,Kumar Raj,grower,2026-05-08,2026-05,2026-W19,Fri,2,13,3.75,Woodlands,Woodlands,4,87.28,23.27,SGD
drv_kumar_sg_12,Kumar Raj,grower,2026-05-08,2026-05,2026-W19,Fri,3,18,3.74,Woodlands,Woodlands,4,87.12,23.29,SGD
drv_kumar_sg_12,Kumar Raj,grower,2026-05-09,2026-05,2026-W19,Sat,1,9,3.46,CBD_Raffles,CBD / Raffles Place,7,155.51,44.95,SGD
drv_kumar_sg_12,Kumar Raj,grower,2026-05-09,2026-05,2026-W19,Sat,2,12,3.04,Tampines,Tampines,6,136.66,44.95,SGD
drv_kumar_sg_12,Kumar Raj,grower,2026-05-11,2026-05,2026-W20,Mon,1,8,3.44,CBD_Raffles,CBD / Raffles Place,6,77.6,22.56,SGD
drv_kumar_sg_12,Kumar Raj,grower,2026-05-11,2026-05,2026-W20,Mon,2,12,3.81,Woodlands,Woodlands,6,85.73,22.5,SGD
drv_kumar_sg_12,Kumar Raj,grower,2026-05-11,2026-05,2026-W20,Mon,3,18,2.75,Tampines,Tampines,5,61.98,22.54,SGD
drv_kumar_sg_12,Kumar Raj,grower,2026-05-12,2026-05,2026-W20,Tue,1,6,2.92,Tampines,Tampines,8,116.5,39.9,SGD
drv_kumar_sg_12,Kumar Raj,grower,2026-05-12,2026-05,2026-W20,Tue,2,12,3.08,Tampines,Tampines,8,123.15,39.98,SGD
drv_kumar_sg_12,Kumar Raj,grower,2026-05-13,2026-05,2026-W20,Wed,1,6,3.25,CBD_Raffles,CBD / Raffles Place,11,115.28,35.47,SGD
drv_kumar_sg_12,Kumar Raj,grower,2026-05-13,2026-05,2026-W20,Wed,2,18,3.65,Woodlands,Woodlands,13,129.6,35.51,SGD
drv_kumar_sg_12,Kumar Raj,grower,2026-05-14,2026-05,2026-W20,Thu,1,6,3.11,Tampines,Tampines,11,127.38,40.96,SGD
drv_kumar_sg_12,Kumar Raj,grower,2026-05-14,2026-05,2026-W20,Thu,2,19,3.39,Tampines,Tampines,13,139.07,41.02,SGD
drv_kumar_sg_12,Kumar Raj,grower,2026-05-15,2026-05,2026-W20,Fri,1,6,4.4,Orchard,Orchard Road,4,111.51,25.34,SGD
drv_kumar_sg_12,Kumar Raj,grower,2026-05-15,2026-05,2026-W20,Fri,2,11,3.19,CBD_Raffles,CBD / Raffles Place,3,81.0,25.39,SGD
drv_kumar_sg_12,Kumar Raj,grower,2026-05-15,2026-05,2026-W20,Fri,3,19,4.21,CBD_Raffles,CBD / Raffles Place,4,106.8,25.37,SGD
drv_wei_sg_13,Wei Jie Lim,stabilizer,2024-11-16,2024-11,2024-W46,Sat,1,10,5.09,Changi_Airport,Changi Airport,11,114.73,22.54,SGD
drv_wei_sg_13,Wei Jie Lim,stabilizer,2024-11-16,2024-11,2024-W46,Sat,2,17,5.71,Orchard,Orchard Road,12,128.9,22.57,SGD
drv_wei_sg_13,Wei Jie Lim,stabilizer,2024-11-17,2024-11,2024-W46,Sun,1,11,4.9,Marina_Bay,Marina Bay / Sands,5,91.73,18.72,SGD
drv_wei_sg_13,Wei Jie Lim,stabilizer,2024-11-17,2024-11,2024-W46,Sun,2,17,5.8,Woodlands,Woodlands,6,108.42,18.69,SGD
drv_wei_sg_13,Wei Jie Lim,stabilizer,2024-11-18,2024-11,2024-W47,Mon,1,9,4.8,Marina_Bay,Marina Bay / Sands,4,53.84,11.22,SGD
drv_wei_sg_13,Wei Jie Lim,stabilizer,2024-11-18,2024-11,2024-W47,Mon,2,17,6.1,Orchard,Orchard Road,4,68.43,11.22,SGD
drv_wei_sg_13,Wei Jie Lim,stabilizer,2024-11-20,2024-11,2024-W47,Wed,1,9,3.66,Woodlands,Woodlands,8,87.78,23.98,SGD
drv_wei_sg_13,Wei Jie Lim,stabilizer,2024-11-20,2024-11,2024-W47,Wed,2,17,4.04,Orchard,Orchard Road,9,97.07,24.03,SGD
drv_wei_sg_13,Wei Jie Lim,stabilizer,2024-11-21,2024-11,2024-W47,Thu,1,8,5.12,Orchard,Orchard Road,8,73.83,14.42,SGD
drv_wei_sg_13,Wei Jie Lim,stabilizer,2024-11-21,2024-11,2024-W47,Thu,2,19,5.48,Woodlands,Woodlands,9,79.09,14.43,SGD
drv_wei_sg_13,Wei Jie Lim,stabilizer,2024-11-22,2024-11,2024-W47,Fri,1,8,3.71,Orchard,Orchard Road,6,82.48,22.23,SGD
drv_wei_sg_13,Wei Jie Lim,stabilizer,2024-11-22,2024-11,2024-W47,Fri,2,19,5.29,Woodlands,Woodlands,8,117.78,22.26,SGD
drv_wei_sg_13,Wei Jie Lim,stabilizer,2024-11-23,2024-11,2024-W47,Sat,1,11,5.19,Orchard,Orchard Road,11,107.6,20.73,SGD
drv_wei_sg_13,Wei Jie Lim,stabilizer,2024-11-23,2024-11,2024-W47,Sat,2,18,6.41,Marina_Bay,Marina Bay / Sands,13,132.97,20.74,SGD
drv_wei_sg_13,Wei Jie Lim,stabilizer,2024-11-24,2024-11,2024-W47,Sun,1,11,4.04,Changi_Airport,Changi Airport,6,96.97,24.0,SGD
drv_wei_sg_13,Wei Jie Lim,stabilizer,2024-11-24,2024-11,2024-W47,Sun,2,19,4.36,Changi_Airport,Changi Airport,6,104.61,23.99,SGD
drv_wei_sg_13,Wei Jie Lim,stabilizer,2024-11-25,2024-11,2024-W48,Mon,1,9,5.44,Marina_Bay,Marina Bay / Sands,11,62.93,11.57,SGD
drv_wei_sg_13,Wei Jie Lim,stabilizer,2024-11-25,2024-11,2024-W48,Mon,2,17,5.56,Marina_Bay,Marina Bay / Sands,11,64.37,11.58,SGD
drv_wei_sg_13,Wei Jie Lim,stabilizer,2024-11-27,2024-11,2024-W48,Wed,1,8,4.73,Marina_Bay,Marina Bay / Sands,7,79.48,16.8,SGD
drv_wei_sg_13,Wei Jie Lim,stabilizer,2024-11-27,2024-11,2024-W48,Wed,2,19,4.27,Changi_Airport,Changi Airport,7,71.64,16.78,SGD
drv_wei_sg_13,Wei Jie Lim,stabilizer,2024-11-28,2024-11,2024-W48,Thu,1,9,3.09,Woodlands,Woodlands,8,83.4,26.99,SGD
drv_wei_sg_13,Wei Jie Lim,stabilizer,2024-11-28,2024-11,2024-W48,Thu,2,18,3.61,Orchard,Orchard Road,9,97.52,27.01,SGD
drv_wei_sg_13,Wei Jie Lim,stabilizer,2024-11-29,2024-11,2024-W48,Fri,1,10,5.58,Woodlands,Woodlands,9,117.49,21.06,SGD
drv_wei_sg_13,Wei Jie Lim,stabilizer,2024-11-29,2024-11,2024-W48,Fri,2,17,5.02,Orchard,Orchard Road,8,105.82,21.08,SGD
drv_wei_sg_13,Wei Jie Lim,stabilizer,2024-11-30,2024-11,2024-W48,Sat,1,11,3.93,Marina_Bay,Marina Bay / Sands,10,107.64,27.39,SGD
drv_wei_sg_13,Wei Jie Lim,stabilizer,2024-11-30,2024-11,2024-W48,Sat,2,19,3.67,Changi_Airport,Changi Airport,9,100.36,27.35,SGD
drv_wei_sg_13,Wei Jie Lim,stabilizer,2024-12-01,2024-12,2024-W48,Sun,1,11,6.06,Marina_Bay,Marina Bay / Sands,11,105.39,17.39,SGD
drv_wei_sg_13,Wei Jie Lim,stabilizer,2024-12-01,2024-12,2024-W48,Sun,2,19,5.54,Changi_Airport,Changi Airport,10,96.34,17.39,SGD
drv_wei_sg_13,Wei Jie Lim,stabilizer,2024-12-02,2024-12,2024-W49,Mon,1,10,3.69,Woodlands,Woodlands,6,73.83,20.01,SGD
drv_wei_sg_13,Wei Jie Lim,stabilizer,2024-12-02,2024-12,2024-W49,Mon,2,17,4.71,Woodlands,Woodlands,8,94.3,20.02,SGD
drv_wei_sg_13,Wei Jie Lim,stabilizer,2024-12-04,2024-12,2024-W49,Wed,1,11,4.68,Changi_Airport,Changi Airport,5,71.35,15.25,SGD
drv_wei_sg_13,Wei Jie Lim,stabilizer,2024-12-04,2024-12,2024-W49,Wed,2,17,4.22,Marina_Bay,Marina Bay / Sands,4,64.35,15.25,SGD
drv_wei_sg_13,Wei Jie Lim,stabilizer,2024-12-05,2024-12,2024-W49,Thu,1,9,5.96,Changi_Airport,Changi Airport,6,98.83,16.58,SGD
drv_wei_sg_13,Wei Jie Lim,stabilizer,2024-12-05,2024-12,2024-W49,Thu,2,19,5.34,Orchard,Orchard Road,5,88.45,16.56,SGD
drv_wei_sg_13,Wei Jie Lim,stabilizer,2024-12-06,2024-12,2024-W49,Fri,1,10,4.82,Orchard,Orchard Road,5,76.51,15.87,SGD
drv_wei_sg_13,Wei Jie Lim,stabilizer,2024-12-06,2024-12,2024-W49,Fri,2,17,5.48,Woodlands,Woodlands,5,87.1,15.89,SGD
drv_wei_sg_13,Wei Jie Lim,stabilizer,2024-12-07,2024-12,2024-W49,Sat,1,11,5.37,Marina_Bay,Marina Bay / Sands,4,115.83,21.57,SGD
drv_wei_sg_13,Wei Jie Lim,stabilizer,2024-12-07,2024-12,2024-W49,Sat,2,18,5.53,Marina_Bay,Marina Bay / Sands,5,119.09,21.54,SGD
drv_wei_sg_13,Wei Jie Lim,stabilizer,2024-12-08,2024-12,2024-W49,Sun,1,8,4.58,Orchard,Orchard Road,10,89.23,19.48,SGD
drv_wei_sg_13,Wei Jie Lim,stabilizer,2024-12-08,2024-12,2024-W49,Sun,2,19,4.82,Marina_Bay,Marina Bay / Sands,11,93.93,19.49,SGD
drv_wei_sg_13,Wei Jie Lim,stabilizer,2024-12-09,2024-12,2024-W50,Mon,1,10,4.0,Woodlands,Woodlands,7,63.61,15.9,SGD
drv_wei_sg_13,Wei Jie Lim,stabilizer,2024-12-09,2024-12,2024-W50,Mon,2,18,5.0,Changi_Airport,Changi Airport,9,79.61,15.92,SGD
drv_wei_sg_13,Wei Jie Lim,stabilizer,2024-12-11,2024-12,2024-W50,Wed,1,8,4.53,Orchard,Orchard Road,5,86.34,19.06,SGD
drv_wei_sg_13,Wei Jie Lim,stabilizer,2024-12-11,2024-12,2024-W50,Wed,2,19,4.67,Marina_Bay,Marina Bay / Sands,5,89.1,19.08,SGD
drv_wei_sg_13,Wei Jie Lim,stabilizer,2024-12-12,2024-12,2024-W50,Thu,1,9,5.3,Changi_Airport,Changi Airport,7,73.72,13.91,SGD
drv_wei_sg_13,Wei Jie Lim,stabilizer,2024-12-12,2024-12,2024-W50,Thu,2,18,4.8,Changi_Airport,Changi Airport,6,66.87,13.93,SGD
drv_wei_sg_13,Wei Jie Lim,stabilizer,2024-12-13,2024-12,2024-W50,Fri,1,8,4.69,Changi_Airport,Changi Airport,8,68.84,14.68,SGD
drv_wei_sg_13,Wei Jie Lim,stabilizer,2024-12-13,2024-12,2024-W50,Fri,2,17,5.71,Changi_Airport,Changi Airport,10,83.83,14.68,SGD
drv_wei_sg_13,Wei Jie Lim,stabilizer,2024-12-14,2024-12,2024-W50,Sat,1,10,4.37,Marina_Bay,Marina Bay / Sands,11,97.1,22.22,SGD
drv_wei_sg_13,Wei Jie Lim,stabilizer,2024-12-14,2024-12,2024-W50,Sat,2,18,4.53,Orchard,Orchard Road,12,100.49,22.18,SGD
drv_wei_sg_13,Wei Jie Lim,stabilizer,2024-12-15,2024-12,2024-W50,Sun,1,10,4.77,Woodlands,Woodlands,10,109.49,22.95,SGD
drv_wei_sg_13,Wei Jie Lim,stabilizer,2024-12-15,2024-12,2024-W50,Sun,2,18,3.63,Marina_Bay,Marina Bay / Sands,8,83.47,22.99,SGD
drv_wei_sg_13,Wei Jie Lim,stabilizer,2024-12-16,2024-12,2024-W51,Mon,1,10,4.06,Changi_Airport,Changi Airport,12,74.71,18.4,SGD
drv_wei_sg_13,Wei Jie Lim,stabilizer,2024-12-16,2024-12,2024-W51,Mon,2,18,3.14,Marina_Bay,Marina Bay / Sands,9,57.85,18.42,SGD
drv_wei_sg_13,Wei Jie Lim,stabilizer,2024-12-18,2024-12,2024-W51,Wed,1,10,3.86,Changi_Airport,Changi Airport,6,92.12,23.87,SGD
drv_wei_sg_13,Wei Jie Lim,stabilizer,2024-12-18,2024-12,2024-W51,Wed,2,17,3.04,Marina_Bay,Marina Bay / Sands,5,72.42,23.82,SGD
drv_wei_sg_13,Wei Jie Lim,stabilizer,2024-12-19,2024-12,2024-W51,Thu,1,11,3.19,Marina_Bay,Marina Bay / Sands,8,82.85,25.97,SGD
drv_wei_sg_13,Wei Jie Lim,stabilizer,2024-12-19,2024-12,2024-W51,Thu,2,19,4.01,Woodlands,Woodlands,10,104.35,26.02,SGD
drv_wei_sg_13,Wei Jie Lim,stabilizer,2024-12-20,2024-12,2024-W51,Fri,1,8,4.33,Woodlands,Woodlands,8,98.18,22.67,SGD
drv_wei_sg_13,Wei Jie Lim,stabilizer,2024-12-20,2024-12,2024-W51,Fri,2,18,5.27,Marina_Bay,Marina Bay / Sands,10,119.24,22.63,SGD
drv_wei_sg_13,Wei Jie Lim,stabilizer,2024-12-21,2024-12,2024-W51,Sat,1,9,4.65,Changi_Airport,Changi Airport,10,114.82,24.69,SGD
drv_wei_sg_13,Wei Jie Lim,stabilizer,2024-12-21,2024-12,2024-W51,Sat,2,19,3.45,Changi_Airport,Changi Airport,7,85.08,24.66,SGD
drv_wei_sg_13,Wei Jie Lim,stabilizer,2024-12-22,2024-12,2024-W51,Sun,1,11,2.74,Marina_Bay,Marina Bay / Sands,9,98.56,35.97,SGD
drv_wei_sg_13,Wei Jie Lim,stabilizer,2024-12-22,2024-12,2024-W51,Sun,2,19,4.06,Woodlands,Woodlands,13,146.2,36.01,SGD
drv_wei_sg_13,Wei Jie Lim,stabilizer,2024-12-23,2024-12,2024-W52,Mon,1,10,5.11,Marina_Bay,Marina Bay / Sands,6,72.9,14.27,SGD
drv_wei_sg_13,Wei Jie Lim,stabilizer,2024-12-23,2024-12,2024-W52,Mon,2,17,6.59,Changi_Airport,Changi Airport,8,93.99,14.26,SGD
drv_wei_sg_13,Wei Jie Lim,stabilizer,2024-12-25,2024-12,2024-W52,Wed,1,9,3.2,Woodlands,Woodlands,5,77.62,24.26,SGD
drv_wei_sg_13,Wei Jie Lim,stabilizer,2024-12-25,2024-12,2024-W52,Wed,2,18,3.4,Marina_Bay,Marina Bay / Sands,6,82.66,24.31,SGD
drv_wei_sg_13,Wei Jie Lim,stabilizer,2024-12-26,2024-12,2024-W52,Thu,1,10,4.28,Changi_Airport,Changi Airport,8,113.52,26.52,SGD
drv_wei_sg_13,Wei Jie Lim,stabilizer,2024-12-26,2024-12,2024-W52,Thu,2,18,3.62,Woodlands,Woodlands,6,95.79,26.46,SGD
drv_wei_sg_13,Wei Jie Lim,stabilizer,2024-12-27,2024-12,2024-W52,Fri,1,8,4.98,Changi_Airport,Changi Airport,12,136.32,27.37,SGD
drv_wei_sg_13,Wei Jie Lim,stabilizer,2024-12-27,2024-12,2024-W52,Fri,2,18,4.52,Marina_Bay,Marina Bay / Sands,11,123.66,27.36,SGD
drv_wei_sg_13,Wei Jie Lim,stabilizer,2024-12-28,2024-12,2024-W52,Sat,1,9,5.54,Woodlands,Woodlands,5,133.71,24.14,SGD
drv_wei_sg_13,Wei Jie Lim,stabilizer,2024-12-28,2024-12,2024-W52,Sat,2,18,4.06,Marina_Bay,Marina Bay / Sands,3,98.16,24.18,SGD
drv_wei_sg_13,Wei Jie Lim,stabilizer,2024-12-29,2024-12,2024-W52,Sun,1,11,3.05,Marina_Bay,Marina Bay / Sands,8,111.09,36.42,SGD
drv_wei_sg_13,Wei Jie Lim,stabilizer,2024-12-29,2024-12,2024-W52,Sun,2,18,2.95,Woodlands,Woodlands,7,107.35,36.39,SGD
drv_wei_sg_13,Wei Jie Lim,stabilizer,2024-12-30,2024-12,2025-W01,Mon,1,10,3.86,Changi_Airport,Changi Airport,10,72.13,18.69,SGD
drv_wei_sg_13,Wei Jie Lim,stabilizer,2024-12-30,2024-12,2025-W01,Mon,2,18,4.24,Marina_Bay,Marina Bay / Sands,10,79.41,18.73,SGD
drv_wei_sg_13,Wei Jie Lim,stabilizer,2025-01-01,2025-01,2025-W01,Wed,1,8,4.07,Woodlands,Woodlands,8,126.89,31.18,SGD
drv_wei_sg_13,Wei Jie Lim,stabilizer,2025-01-01,2025-01,2025-W01,Wed,2,17,3.33,Woodlands,Woodlands,6,103.87,31.19,SGD
drv_wei_sg_13,Wei Jie Lim,stabilizer,2025-01-02,2025-01,2025-W01,Thu,1,10,4.27,Woodlands,Woodlands,4,118.57,27.77,SGD
drv_wei_sg_13,Wei Jie Lim,stabilizer,2025-01-02,2025-01,2025-W01,Thu,2,17,3.53,Changi_Airport,Changi Airport,4,97.97,27.75,SGD
drv_wei_sg_13,Wei Jie Lim,stabilizer,2025-01-03,2025-01,2025-W01,Fri,1,8,2.97,Woodlands,Woodlands,8,91.24,30.72,SGD
drv_wei_sg_13,Wei Jie Lim,stabilizer,2025-01-03,2025-01,2025-W01,Fri,2,17,3.83,Marina_Bay,Marina Bay / Sands,10,117.92,30.79,SGD
drv_wei_sg_13,Wei Jie Lim,stabilizer,2025-01-04,2025-01,2025-W01,Sat,1,9,5.57,Woodlands,Woodlands,10,128.59,23.09,SGD
drv_wei_sg_13,Wei Jie Lim,stabilizer,2025-01-04,2025-01,2025-W01,Sat,2,18,5.63,Marina_Bay,Marina Bay / Sands,10,129.99,23.09,SGD
drv_wei_sg_13,Wei Jie Lim,stabilizer,2025-01-05,2025-01,2025-W01,Sun,1,9,3.15,Marina_Bay,Marina Bay / Sands,9,93.05,29.54,SGD
drv_wei_sg_13,Wei Jie Lim,stabilizer,2025-01-05,2025-01,2025-W01,Sun,2,18,3.35,Woodlands,Woodlands,9,98.99,29.55,SGD
drv_wei_sg_13,Wei Jie Lim,stabilizer,2025-01-06,2025-01,2025-W02,Mon,1,11,3.77,Marina_Bay,Marina Bay / Sands,5,63.29,16.79,SGD
drv_wei_sg_13,Wei Jie Lim,stabilizer,2025-01-06,2025-01,2025-W02,Mon,2,19,4.53,Orchard,Orchard Road,7,75.9,16.75,SGD
drv_wei_sg_13,Wei Jie Lim,stabilizer,2025-01-08,2025-01,2025-W02,Wed,1,11,5.71,Marina_Bay,Marina Bay / Sands,11,66.17,11.59,SGD
drv_wei_sg_13,Wei Jie Lim,stabilizer,2025-01-08,2025-01,2025-W02,Wed,2,18,5.79,Changi_Airport,Changi Airport,12,67.15,11.6,SGD
drv_wei_sg_13,Wei Jie Lim,stabilizer,2025-01-09,2025-01,2025-W02,Thu,1,10,4.51,Marina_Bay,Marina Bay / Sands,10,75.7,16.78,SGD
drv_wei_sg_13,Wei Jie Lim,stabilizer,2025-01-09,2025-01,2025-W02,Thu,2,17,5.39,Changi_Airport,Changi Airport,11,90.56,16.8,SGD
drv_wei_sg_13,Wei Jie Lim,stabilizer,2025-01-10,2025-01,2025-W02,Fri,1,8,4.33,Changi_Airport,Changi Airport,10,83.74,19.34,SGD
drv_wei_sg_13,Wei Jie Lim,stabilizer,2025-01-10,2025-01,2025-W02,Fri,2,18,5.17,Marina_Bay,Marina Bay / Sands,13,99.8,19.3,SGD
drv_wei_sg_13,Wei Jie Lim,stabilizer,2025-01-11,2025-01,2025-W02,Sat,1,10,3.12,Changi_Airport,Changi Airport,9,94.64,30.33,SGD
drv_wei_sg_13,Wei Jie Lim,stabilizer,2025-01-11,2025-01,2025-W02,Sat,2,18,2.88,Changi_Airport,Changi Airport,8,87.46,30.37,SGD
drv_wei_sg_13,Wei Jie Lim,stabilizer,2025-01-12,2025-01,2025-W02,Sun,1,11,5.5,Orchard,Orchard Road,4,103.19,18.76,SGD
drv_wei_sg_13,Wei Jie Lim,stabilizer,2025-01-12,2025-01,2025-W02,Sun,2,18,5.4,Changi_Airport,Changi Airport,4,101.29,18.76,SGD
drv_wei_sg_13,Wei Jie Lim,stabilizer,2025-01-13,2025-01,2025-W03,Mon,1,11,4.17,Orchard,Orchard Road,9,51.1,12.25,SGD
drv_wei_sg_13,Wei Jie Lim,stabilizer,2025-01-13,2025-01,2025-W03,Mon,2,17,5.33,Woodlands,Woodlands,12,65.33,12.26,SGD
drv_wei_sg_13,Wei Jie Lim,stabilizer,2025-01-15,2025-01,2025-W03,Wed,1,8,5.5,Woodlands,Woodlands,10,108.47,19.72,SGD
drv_wei_sg_13,Wei Jie Lim,stabilizer,2025-01-15,2025-01,2025-W03,Wed,2,19,4.7,Marina_Bay,Marina Bay / Sands,8,92.78,19.74,SGD
drv_wei_sg_13,Wei Jie Lim,stabilizer,2025-01-16,2025-01,2025-W03,Thu,1,9,4.9,Changi_Airport,Changi Airport,10,99.45,20.3,SGD
drv_wei_sg_13,Wei Jie Lim,stabilizer,2025-01-16,2025-01,2025-W03,Thu,2,18,4.4,Changi_Airport,Changi Airport,9,89.47,20.33,SGD
drv_wei_sg_13,Wei Jie Lim,stabilizer,2025-01-17,2025-01,2025-W03,Fri,1,10,5.79,Changi_Airport,Changi Airport,6,116.14,20.06,SGD
drv_wei_sg_13,Wei Jie Lim,stabilizer,2025-01-17,2025-01,2025-W03,Fri,2,19,4.61,Woodlands,Woodlands,5,92.41,20.05,SGD
drv_wei_sg_13,Wei Jie Lim,stabilizer,2025-01-18,2025-01,2025-W03,Sat,1,9,3.63,Orchard,Orchard Road,11,114.38,31.51,SGD
drv_wei_sg_13,Wei Jie Lim,stabilizer,2025-01-18,2025-01,2025-W03,Sat,2,19,3.07,Woodlands,Woodlands,9,96.51,31.44,SGD
drv_wei_sg_13,Wei Jie Lim,stabilizer,2025-01-19,2025-01,2025-W03,Sun,1,9,3.36,Orchard,Orchard Road,7,96.73,28.79,SGD
drv_wei_sg_13,Wei Jie Lim,stabilizer,2025-01-19,2025-01,2025-W03,Sun,2,17,3.14,Woodlands,Woodlands,7,90.66,28.87,SGD
drv_wei_sg_13,Wei Jie Lim,stabilizer,2025-01-20,2025-01,2025-W04,Mon,1,8,5.13,Changi_Airport,Changi Airport,9,65.87,12.84,SGD
drv_wei_sg_13,Wei Jie Lim,stabilizer,2025-01-20,2025-01,2025-W04,Mon,2,19,4.27,Woodlands,Woodlands,8,54.79,12.83,SGD
drv_wei_sg_13,Wei Jie Lim,stabilizer,2025-01-22,2025-01,2025-W04,Wed,1,11,4.94,Marina_Bay,Marina Bay / Sands,9,67.3,13.62,SGD
drv_wei_sg_13,Wei Jie Lim,stabilizer,2025-01-22,2025-01,2025-W04,Wed,2,18,5.36,Changi_Airport,Changi Airport,9,73.07,13.63,SGD
drv_wei_sg_13,Wei Jie Lim,stabilizer,2025-01-23,2025-01,2025-W04,Thu,1,9,4.57,Woodlands,Woodlands,7,79.14,17.32,SGD
drv_wei_sg_13,Wei Jie Lim,stabilizer,2025-01-23,2025-01,2025-W04,Thu,2,17,5.03,Woodlands,Woodlands,7,87.1,17.32,SGD
drv_wei_sg_13,Wei Jie Lim,stabilizer,2025-01-24,2025-01,2025-W04,Fri,1,10,4.4,Woodlands,Woodlands,12,127.43,28.96,SGD
drv_wei_sg_13,Wei Jie Lim,stabilizer,2025-01-24,2025-01,2025-W04,Fri,2,17,3.9,Changi_Airport,Changi Airport,11,112.87,28.94,SGD
drv_wei_sg_13,Wei Jie Lim,stabilizer,2025-01-25,2025-01,2025-W04,Sat,1,11,3.56,Orchard,Orchard Road,6,125.37,35.22,SGD
drv_wei_sg_13,Wei Jie Lim,stabilizer,2025-01-25,2025-01,2025-W04,Sat,2,19,3.14,Orchard,Orchard Road,6,110.79,35.28,SGD
drv_wei_sg_13,Wei Jie Lim,stabilizer,2025-01-26,2025-01,2025-W04,Sun,1,10,4.13,Woodlands,Woodlands,4,73.52,17.8,SGD
drv_wei_sg_13,Wei Jie Lim,stabilizer,2025-01-26,2025-01,2025-W04,Sun,2,19,5.17,Woodlands,Woodlands,5,92.05,17.8,SGD
drv_wei_sg_13,Wei Jie Lim,stabilizer,2025-01-27,2025-01,2025-W05,Mon,1,9,4.24,Marina_Bay,Marina Bay / Sands,12,57.29,13.51,SGD
drv_wei_sg_13,Wei Jie Lim,stabilizer,2025-01-27,2025-01,2025-W05,Mon,2,18,4.56,Woodlands,Woodlands,12,61.53,13.49,SGD
drv_wei_sg_13,Wei Jie Lim,stabilizer,2025-01-29,2025-01,2025-W05,Wed,1,9,3.97,Changi_Airport,Changi Airport,9,48.36,12.18,SGD
drv_wei_sg_13,Wei Jie Lim,stabilizer,2025-01-29,2025-01,2025-W05,Wed,2,17,4.23,Changi_Airport,Changi Airport,10,51.56,12.19,SGD
drv_wei_sg_13,Wei Jie Lim,stabilizer,2025-01-30,2025-01,2025-W05,Thu,1,8,3.97,Woodlands,Woodlands,10,50.92,12.83,SGD
drv_wei_sg_13,Wei Jie Lim,stabilizer,2025-01-30,2025-01,2025-W05,Thu,2,19,5.33,Changi_Airport,Changi Airport,14,68.29,12.81,SGD
drv_wei_sg_13,Wei Jie Lim,stabilizer,2025-01-31,2025-01,2025-W05,Fri,1,11,4.82,Changi_Airport,Changi Airport,9,89.48,18.56,SGD
drv_wei_sg_13,Wei Jie Lim,stabilizer,2025-01-31,2025-01,2025-W05,Fri,2,18,4.78,Changi_Airport,Changi Airport,9,88.7,18.56,SGD
drv_wei_sg_13,Wei Jie Lim,stabilizer,2025-02-01,2025-02,2025-W05,Sat,1,8,3.22,Marina_Bay,Marina Bay / Sands,6,89.28,27.73,SGD
drv_wei_sg_13,Wei Jie Lim,stabilizer,2025-02-01,2025-02,2025-W05,Sat,2,17,3.38,Changi_Airport,Changi Airport,6,94.01,27.81,SGD
drv_wei_sg_13,Wei Jie Lim,stabilizer,2025-02-02,2025-02,2025-W05,Sun,1,10,3.86,Woodlands,Woodlands,11,88.54,22.94,SGD
drv_wei_sg_13,Wei Jie Lim,stabilizer,2025-02-02,2025-02,2025-W05,Sun,2,18,4.64,Woodlands,Woodlands,13,106.6,22.97,SGD
drv_wei_sg_13,Wei Jie Lim,stabilizer,2025-02-03,2025-02,2025-W06,Mon,1,11,4.38,Marina_Bay,Marina Bay / Sands,5,80.54,18.39,SGD
drv_wei_sg_13,Wei Jie Lim,stabilizer,2025-02-03,2025-02,2025-W06,Mon,2,18,4.22,Orchard,Orchard Road,4,77.52,18.37,SGD
drv_wei_sg_13,Wei Jie Lim,stabilizer,2025-02-05,2025-02,2025-W06,Wed,1,11,3.67,Changi_Airport,Changi Airport,9,81.12,22.1,SGD
drv_wei_sg_13,Wei Jie Lim,stabilizer,2025-02-05,2025-02,2025-W06,Wed,2,18,4.83,Marina_Bay,Marina Bay / Sands,11,106.81,22.11,SGD
drv_wei_sg_13,Wei Jie Lim,stabilizer,2025-02-06,2025-02,2025-W06,Thu,1,10,4.29,Orchard,Orchard Road,8,75.89,17.69,SGD
drv_wei_sg_13,Wei Jie Lim,stabilizer,2025-02-06,2025-02,2025-W06,Thu,2,17,3.71,Changi_Airport,Changi Airport,6,65.49,17.65,SGD
drv_wei_sg_13,Wei Jie Lim,stabilizer,2025-02-07,2025-02,2025-W06,Fri,1,9,4.19,Changi_Airport,Changi Airport,5,134.49,32.1,SGD
drv_wei_sg_13,Wei Jie Lim,stabilizer,2025-02-07,2025-02,2025-W06,Fri,2,17,3.71,Changi_Airport,Changi Airport,4,119.32,32.16,SGD
drv_wei_sg_13,Wei Jie Lim,stabilizer,2025-02-08,2025-02,2025-W06,Sat,1,11,5.73,Woodlands,Woodlands,11,136.19,23.77,SGD
drv_wei_sg_13,Wei Jie Lim,stabilizer,2025-02-08,2025-02,2025-W06,Sat,2,18,4.17,Changi_Airport,Changi Airport,8,99.07,23.76,SGD
drv_wei_sg_13,Wei Jie Lim,stabilizer,2025-02-09,2025-02,2025-W06,Sun,1,9,3.37,Marina_Bay,Marina Bay / Sands,9,71.05,21.08,SGD
drv_wei_sg_13,Wei Jie Lim,stabilizer,2025-02-09,2025-02,2025-W06,Sun,2,17,3.73,Orchard,Orchard Road,9,78.85,21.14,SGD
drv_wei_sg_13,Wei Jie Lim,stabilizer,2025-02-10,2025-02,2025-W07,Mon,1,11,4.61,Changi_Airport,Changi Airport,8,74.92,16.25,SGD
drv_wei_sg_13,Wei Jie Lim,stabilizer,2025-02-10,2025-02,2025-W07,Mon,2,17,4.19,Changi_Airport,Changi Airport,8,68.19,16.27,SGD
drv_wei_sg_13,Wei Jie Lim,stabilizer,2025-02-12,2025-02,2025-W07,Wed,1,8,4.75,Orchard,Orchard Road,8,99.29,20.9,SGD
drv_wei_sg_13,Wei Jie Lim,stabilizer,2025-02-12,2025-02,2025-W07,Wed,2,19,4.75,Woodlands,Woodlands,9,99.34,20.91,SGD
drv_wei_sg_13,Wei Jie Lim,stabilizer,2025-02-13,2025-02,2025-W07,Thu,1,11,3.09,Woodlands,Woodlands,5,83.98,27.18,SGD
drv_wei_sg_13,Wei Jie Lim,stabilizer,2025-02-13,2025-02,2025-W07,Thu,2,19,4.01,Changi_Airport,Changi Airport,6,109.01,27.18,SGD
drv_wei_sg_13,Wei Jie Lim,stabilizer,2025-02-14,2025-02,2025-W07,Fri,1,9,3.23,Changi_Airport,Changi Airport,4,79.22,24.53,SGD
drv_wei_sg_13,Wei Jie Lim,stabilizer,2025-02-14,2025-02,2025-W07,Fri,2,19,3.97,Changi_Airport,Changi Airport,5,97.14,24.47,SGD
drv_wei_sg_13,Wei Jie Lim,stabilizer,2025-02-15,2025-02,2025-W07,Sat,1,9,6.08,Changi_Airport,Changi Airport,5,112.15,18.45,SGD
drv_wei_sg_13,Wei Jie Lim,stabilizer,2025-02-15,2025-02,2025-W07,Sat,2,17,5.52,Woodlands,Woodlands,5,101.8,18.44,SGD
drv_wei_sg_13,Wei Jie Lim,stabilizer,2025-02-16,2025-02,2025-W07,Sun,1,8,3.08,Marina_Bay,Marina Bay / Sands,11,106.99,34.74,SGD
drv_wei_sg_13,Wei Jie Lim,stabilizer,2025-02-16,2025-02,2025-W07,Sun,2,19,3.32,Woodlands,Woodlands,11,115.4,34.76,SGD
drv_wei_sg_13,Wei Jie Lim,stabilizer,2025-02-17,2025-02,2025-W08,Mon,1,10,3.31,Marina_Bay,Marina Bay / Sands,7,72.89,22.02,SGD
drv_wei_sg_13,Wei Jie Lim,stabilizer,2025-02-17,2025-02,2025-W08,Mon,2,18,3.19,Marina_Bay,Marina Bay / Sands,6,70.35,22.05,SGD
drv_wei_sg_13,Wei Jie Lim,stabilizer,2025-02-19,2025-02,2025-W08,Wed,1,11,4.95,Woodlands,Woodlands,11,72.6,14.67,SGD
drv_wei_sg_13,Wei Jie Lim,stabilizer,2025-02-19,2025-02,2025-W08,Wed,2,19,5.25,Orchard,Orchard Road,11,76.86,14.64,SGD
drv_wei_sg_13,Wei Jie Lim,stabilizer,2025-02-20,2025-02,2025-W08,Thu,1,8,5.93,Woodlands,Woodlands,10,69.93,11.79,SGD
drv_wei_sg_13,Wei Jie Lim,stabilizer,2025-02-20,2025-02,2025-W08,Thu,2,18,5.67,Orchard,Orchard Road,9,66.75,11.77,SGD
drv_wei_sg_13,Wei Jie Lim,stabilizer,2025-03-08,2025-03,2025-W10,Sat,1,8,3.21,Woodlands,Woodlands,8,92.13,28.7,SGD
drv_wei_sg_13,Wei Jie Lim,stabilizer,2025-03-08,2025-03,2025-W10,Sat,2,19,3.59,Changi_Airport,Changi Airport,8,102.92,28.67,SGD
drv_wei_sg_13,Wei Jie Lim,stabilizer,2025-03-09,2025-03,2025-W10,Sun,1,10,3.44,Changi_Airport,Changi Airport,4,59.68,17.35,SGD
drv_wei_sg_13,Wei Jie Lim,stabilizer,2025-03-09,2025-03,2025-W10,Sun,2,18,3.66,Orchard,Orchard Road,5,63.51,17.35,SGD
drv_wei_sg_13,Wei Jie Lim,stabilizer,2025-03-10,2025-03,2025-W11,Mon,1,8,3.73,Orchard,Orchard Road,7,45.6,12.23,SGD
drv_wei_sg_13,Wei Jie Lim,stabilizer,2025-03-10,2025-03,2025-W11,Mon,2,18,4.87,Woodlands,Woodlands,10,59.62,12.24,SGD
drv_wei_sg_13,Wei Jie Lim,stabilizer,2025-03-12,2025-03,2025-W11,Wed,1,9,4.46,Woodlands,Woodlands,8,66.24,14.85,SGD
drv_wei_sg_13,Wei Jie Lim,stabilizer,2025-03-12,2025-03,2025-W11,Wed,2,17,6.04,Orchard,Orchard Road,12,89.72,14.85,SGD
drv_wei_sg_13,Wei Jie Lim,stabilizer,2025-03-13,2025-03,2025-W11,Thu,1,10,4.84,Changi_Airport,Changi Airport,10,72.99,15.08,SGD
drv_wei_sg_13,Wei Jie Lim,stabilizer,2025-03-13,2025-03,2025-W11,Thu,2,17,5.06,Orchard,Orchard Road,11,76.17,15.05,SGD
drv_wei_sg_13,Wei Jie Lim,stabilizer,2025-03-14,2025-03,2025-W11,Fri,1,9,3.18,Marina_Bay,Marina Bay / Sands,7,62.65,19.7,SGD
drv_wei_sg_13,Wei Jie Lim,stabilizer,2025-03-14,2025-03,2025-W11,Fri,2,18,3.62,Marina_Bay,Marina Bay / Sands,7,71.41,19.73,SGD
drv_wei_sg_13,Wei Jie Lim,stabilizer,2025-03-15,2025-03,2025-W11,Sat,1,11,5.1,Marina_Bay,Marina Bay / Sands,12,110.42,21.65,SGD
drv_wei_sg_13,Wei Jie Lim,stabilizer,2025-03-15,2025-03,2025-W11,Sat,2,19,4.4,Orchard,Orchard Road,11,95.26,21.65,SGD
drv_wei_sg_13,Wei Jie Lim,stabilizer,2025-03-16,2025-03,2025-W11,Sun,1,9,3.12,Changi_Airport,Changi Airport,11,69.44,22.26,SGD
drv_wei_sg_13,Wei Jie Lim,stabilizer,2025-03-16,2025-03,2025-W11,Sun,2,18,3.48,Marina_Bay,Marina Bay / Sands,12,77.49,22.27,SGD
drv_wei_sg_13,Wei Jie Lim,stabilizer,2025-03-17,2025-03,2025-W12,Mon,1,8,3.49,Woodlands,Woodlands,5,64.04,18.35,SGD
drv_wei_sg_13,Wei Jie Lim,stabilizer,2025-03-17,2025-03,2025-W12,Mon,2,18,3.31,Changi_Airport,Changi Airport,5,60.6,18.31,SGD
drv_wei_sg_13,Wei Jie Lim,stabilizer,2025-03-19,2025-03,2025-W12,Wed,1,9,4.81,Marina_Bay,Marina Bay / Sands,7,46.0,9.56,SGD
drv_wei_sg_13,Wei Jie Lim,stabilizer,2025-03-19,2025-03,2025-W12,Wed,2,18,5.99,Changi_Airport,Changi Airport,8,57.26,9.56,SGD
drv_wei_sg_13,Wei Jie Lim,stabilizer,2025-03-20,2025-03,2025-W12,Thu,1,9,5.48,Woodlands,Woodlands,6,73.93,13.49,SGD
drv_wei_sg_13,Wei Jie Lim,stabilizer,2025-03-20,2025-03,2025-W12,Thu,2,18,6.02,Orchard,Orchard Road,7,81.21,13.49,SGD
drv_wei_sg_13,Wei Jie Lim,stabilizer,2025-03-21,2025-03,2025-W12,Fri,1,9,3.81,Woodlands,Woodlands,10,83.58,21.94,SGD
drv_wei_sg_13,Wei Jie Lim,stabilizer,2025-03-21,2025-03,2025-W12,Fri,2,18,3.59,Marina_Bay,Marina Bay / Sands,9,78.58,21.89,SGD
drv_wei_sg_13,Wei Jie Lim,stabilizer,2025-03-22,2025-03,2025-W12,Sat,1,9,5.95,Changi_Airport,Changi Airport,5,41.74,7.02,SGD
drv_wei_sg_13,Wei Jie Lim,stabilizer,2025-03-22,2025-03,2025-W12,Sat,2,17,4.65,Woodlands,Woodlands,4,32.63,7.02,SGD
drv_wei_sg_13,Wei Jie Lim,stabilizer,2025-03-23,2025-03,2025-W12,Sun,1,9,3.08,Woodlands,Woodlands,12,75.9,24.64,SGD
drv_wei_sg_13,Wei Jie Lim,stabilizer,2025-03-23,2025-03,2025-W12,Sun,2,17,3.32,Woodlands,Woodlands,12,82.0,24.7,SGD
drv_wei_sg_13,Wei Jie Lim,stabilizer,2025-03-24,2025-03,2025-W13,Mon,1,8,4.64,Changi_Airport,Changi Airport,8,61.13,13.17,SGD
drv_wei_sg_13,Wei Jie Lim,stabilizer,2025-03-24,2025-03,2025-W13,Mon,2,17,4.56,Marina_Bay,Marina Bay / Sands,8,60.13,13.19,SGD
drv_wei_sg_13,Wei Jie Lim,stabilizer,2025-03-26,2025-03,2025-W13,Wed,1,9,5.21,Changi_Airport,Changi Airport,6,69.83,13.4,SGD
drv_wei_sg_13,Wei Jie Lim,stabilizer,2025-03-26,2025-03,2025-W13,Wed,2,17,4.79,Orchard,Orchard Road,6,64.25,13.41,SGD
drv_wei_sg_13,Wei Jie Lim,stabilizer,2025-03-27,2025-03,2025-W13,Thu,1,9,3.21,Changi_Airport,Changi Airport,5,87.63,27.3,SGD
drv_wei_sg_13,Wei Jie Lim,stabilizer,2025-03-27,2025-03,2025-W13,Thu,2,18,2.89,Woodlands,Woodlands,4,79.01,27.34,SGD
drv_wei_sg_13,Wei Jie Lim,stabilizer,2025-03-28,2025-03,2025-W13,Fri,1,10,4.4,Woodlands,Woodlands,8,73.94,16.8,SGD
drv_wei_sg_13,Wei Jie Lim,stabilizer,2025-03-28,2025-03,2025-W13,Fri,2,18,5.3,Woodlands,Woodlands,10,88.96,16.78,SGD
drv_wei_sg_13,Wei Jie Lim,stabilizer,2025-03-29,2025-03,2025-W13,Sat,1,10,3.41,Changi_Airport,Changi Airport,7,88.55,25.97,SGD
drv_wei_sg_13,Wei Jie Lim,stabilizer,2025-03-29,2025-03,2025-W13,Sat,2,17,3.89,Changi_Airport,Changi Airport,8,101.15,26.0,SGD
drv_wei_sg_13,Wei Jie Lim,stabilizer,2025-03-30,2025-03,2025-W13,Sun,1,11,3.84,Changi_Airport,Changi Airport,4,70.0,18.23,SGD
drv_wei_sg_13,Wei Jie Lim,stabilizer,2025-03-30,2025-03,2025-W13,Sun,2,17,4.36,Changi_Airport,Changi Airport,4,79.51,18.24,SGD
drv_wei_sg_13,Wei Jie Lim,stabilizer,2025-03-31,2025-03,2025-W14,Mon,1,11,3.51,Orchard,Orchard Road,10,38.79,11.05,SGD
drv_wei_sg_13,Wei Jie Lim,stabilizer,2025-03-31,2025-03,2025-W14,Mon,2,17,2.99,Changi_Airport,Changi Airport,9,33.14,11.08,SGD
drv_wei_sg_13,Wei Jie Lim,stabilizer,2025-04-02,2025-04,2025-W14,Wed,1,9,4.33,Woodlands,Woodlands,10,29.23,6.75,SGD
drv_wei_sg_13,Wei Jie Lim,stabilizer,2025-04-02,2025-04,2025-W14,Wed,2,18,5.27,Orchard,Orchard Road,13,35.64,6.76,SGD
drv_wei_sg_13,Wei Jie Lim,stabilizer,2025-04-03,2025-04,2025-W14,Thu,1,10,3.25,Changi_Airport,Changi Airport,10,28.84,8.87,SGD
drv_wei_sg_13,Wei Jie Lim,stabilizer,2025-04-03,2025-04,2025-W14,Thu,2,19,3.35,Orchard,Orchard Road,10,29.69,8.86,SGD
drv_wei_sg_13,Wei Jie Lim,stabilizer,2025-04-04,2025-04,2025-W14,Fri,1,9,3.87,Marina_Bay,Marina Bay / Sands,9,41.32,10.68,SGD
drv_wei_sg_13,Wei Jie Lim,stabilizer,2025-04-04,2025-04,2025-W14,Fri,2,19,4.63,Marina_Bay,Marina Bay / Sands,11,49.54,10.7,SGD
drv_wei_sg_13,Wei Jie Lim,stabilizer,2025-04-05,2025-04,2025-W14,Sat,1,11,5.87,Marina_Bay,Marina Bay / Sands,12,96.88,16.5,SGD
drv_wei_sg_13,Wei Jie Lim,stabilizer,2025-04-05,2025-04,2025-W14,Sat,2,17,5.63,Orchard,Orchard Road,11,92.99,16.52,SGD
drv_wei_sg_13,Wei Jie Lim,stabilizer,2025-04-06,2025-04,2025-W14,Sun,1,8,3.65,Marina_Bay,Marina Bay / Sands,10,75.34,20.64,SGD
drv_wei_sg_13,Wei Jie Lim,stabilizer,2025-04-06,2025-04,2025-W14,Sun,2,17,3.65,Woodlands,Woodlands,10,75.16,20.59,SGD
drv_wei_sg_13,Wei Jie Lim,stabilizer,2025-04-07,2025-04,2025-W15,Mon,1,8,5.37,Orchard,Orchard Road,10,80.04,14.91,SGD
drv_wei_sg_13,Wei Jie Lim,stabilizer,2025-04-07,2025-04,2025-W15,Mon,2,18,5.43,Woodlands,Woodlands,11,80.89,14.9,SGD
drv_wei_sg_13,Wei Jie Lim,stabilizer,2025-04-09,2025-04,2025-W15,Wed,1,10,3.5,Changi_Airport,Changi Airport,4,75.96,21.7,SGD
drv_wei_sg_13,Wei Jie Lim,stabilizer,2025-04-09,2025-04,2025-W15,Wed,2,19,3.3,Orchard,Orchard Road,4,71.7,21.73,SGD
drv_wei_sg_13,Wei Jie Lim,stabilizer,2025-04-10,2025-04,2025-W15,Thu,1,8,6.78,Marina_Bay,Marina Bay / Sands,12,82.92,12.23,SGD
drv_wei_sg_13,Wei Jie Lim,stabilizer,2025-04-10,2025-04,2025-W15,Thu,2,18,5.12,Marina_Bay,Marina Bay / Sands,9,62.63,12.23,SGD
drv_wei_sg_13,Wei Jie Lim,stabilizer,2025-04-11,2025-04,2025-W15,Fri,1,8,4.64,Woodlands,Woodlands,9,116.21,25.05,SGD
drv_wei_sg_13,Wei Jie Lim,stabilizer,2025-04-11,2025-04,2025-W15,Fri,2,19,3.46,Woodlands,Woodlands,7,86.53,25.01,SGD
drv_wei_sg_13,Wei Jie Lim,stabilizer,2025-04-12,2025-04,2025-W15,Sat,1,10,4.2,Orchard,Orchard Road,5,118.3,28.17,SGD
drv_wei_sg_13,Wei Jie Lim,stabilizer,2025-04-12,2025-04,2025-W15,Sat,2,17,3.6,Orchard,Orchard Road,5,101.34,28.15,SGD
drv_wei_sg_13,Wei Jie Lim,stabilizer,2025-04-13,2025-04,2025-W15,Sun,1,10,5.26,Orchard,Orchard Road,11,121.17,23.04,SGD
drv_wei_sg_13,Wei Jie Lim,stabilizer,2025-04-13,2025-04,2025-W15,Sun,2,19,4.34,Changi_Airport,Changi Airport,9,99.88,23.01,SGD
drv_wei_sg_13,Wei Jie Lim,stabilizer,2025-04-14,2025-04,2025-W16,Mon,1,8,6.25,Orchard,Orchard Road,13,79.42,12.71,SGD
drv_wei_sg_13,Wei Jie Lim,stabilizer,2025-04-14,2025-04,2025-W16,Mon,2,19,5.65,Orchard,Orchard Road,11,71.78,12.7,SGD
drv_wei_sg_13,Wei Jie Lim,stabilizer,2025-04-16,2025-04,2025-W16,Wed,1,10,5.61,Orchard,Orchard Road,9,40.7,7.25,SGD
drv_wei_sg_13,Wei Jie Lim,stabilizer,2025-04-16,2025-04,2025-W16,Wed,2,19,6.39,Woodlands,Woodlands,10,46.34,7.25,SGD
drv_wei_sg_13,Wei Jie Lim,stabilizer,2025-04-17,2025-04,2025-W16,Thu,1,8,4.83,Changi_Airport,Changi Airport,8,62.26,12.89,SGD
drv_wei_sg_13,Wei Jie Lim,stabilizer,2025-04-17,2025-04,2025-W16,Thu,2,17,5.77,Changi_Airport,Changi Airport,9,74.26,12.87,SGD
drv_wei_sg_13,Wei Jie Lim,stabilizer,2025-04-18,2025-04,2025-W16,Fri,1,11,5.35,Marina_Bay,Marina Bay / Sands,9,106.27,19.86,SGD
drv_wei_sg_13,Wei Jie Lim,stabilizer,2025-04-18,2025-04,2025-W16,Fri,2,18,5.15,Woodlands,Woodlands,8,102.3,19.86,SGD
drv_wei_sg_13,Wei Jie Lim,stabilizer,2025-04-19,2025-04,2025-W16,Sat,1,9,5.61,Orchard,Orchard Road,13,101.83,18.15,SGD
drv_wei_sg_13,Wei Jie Lim,stabilizer,2025-04-19,2025-04,2025-W16,Sat,2,17,4.79,Marina_Bay,Marina Bay / Sands,11,86.95,18.15,SGD
drv_wei_sg_13,Wei Jie Lim,stabilizer,2025-04-20,2025-04,2025-W16,Sun,1,8,3.32,Marina_Bay,Marina Bay / Sands,4,83.48,25.14,SGD
drv_wei_sg_13,Wei Jie Lim,stabilizer,2025-04-20,2025-04,2025-W16,Sun,2,17,3.48,Orchard,Orchard Road,5,87.66,25.19,SGD
drv_wei_sg_13,Wei Jie Lim,stabilizer,2025-04-21,2025-04,2025-W17,Mon,1,10,4.39,Orchard,Orchard Road,6,66.49,15.15,SGD
drv_wei_sg_13,Wei Jie Lim,stabilizer,2025-04-21,2025-04,2025-W17,Mon,2,18,5.51,Changi_Airport,Changi Airport,7,83.36,15.13,SGD
drv_wei_sg_13,Wei Jie Lim,stabilizer,2025-04-23,2025-04,2025-W17,Wed,1,11,5.73,Marina_Bay,Marina Bay / Sands,10,82.48,14.39,SGD
drv_wei_sg_13,Wei Jie Lim,stabilizer,2025-04-23,2025-04,2025-W17,Wed,2,19,5.77,Changi_Airport,Changi Airport,10,82.93,14.37,SGD
drv_wei_sg_13,Wei Jie Lim,stabilizer,2025-04-24,2025-04,2025-W17,Thu,1,9,3.58,Changi_Airport,Changi Airport,7,93.77,26.19,SGD
drv_wei_sg_13,Wei Jie Lim,stabilizer,2025-04-24,2025-04,2025-W17,Thu,2,17,3.72,Marina_Bay,Marina Bay / Sands,7,97.45,26.2,SGD
drv_wei_sg_13,Wei Jie Lim,stabilizer,2025-04-25,2025-04,2025-W17,Fri,1,10,3.12,Orchard,Orchard Road,5,88.33,28.31,SGD
drv_wei_sg_13,Wei Jie Lim,stabilizer,2025-04-25,2025-04,2025-W17,Fri,2,19,4.18,Changi_Airport,Changi Airport,6,118.17,28.27,SGD
drv_wei_sg_13,Wei Jie Lim,stabilizer,2025-04-26,2025-04,2025-W17,Sat,1,10,6.07,Orchard,Orchard Road,8,102.33,16.86,SGD
drv_wei_sg_13,Wei Jie Lim,stabilizer,2025-04-26,2025-04,2025-W17,Sat,2,19,5.73,Orchard,Orchard Road,8,96.72,16.88,SGD
drv_wei_sg_13,Wei Jie Lim,stabilizer,2025-04-27,2025-04,2025-W17,Sun,1,9,4.12,Orchard,Orchard Road,8,84.73,20.57,SGD
drv_wei_sg_13,Wei Jie Lim,stabilizer,2025-04-27,2025-04,2025-W17,Sun,2,19,3.08,Orchard,Orchard Road,6,63.26,20.54,SGD
drv_wei_sg_13,Wei Jie Lim,stabilizer,2025-04-28,2025-04,2025-W18,Mon,1,10,4.72,Changi_Airport,Changi Airport,8,71.73,15.2,SGD
drv_wei_sg_13,Wei Jie Lim,stabilizer,2025-04-28,2025-04,2025-W18,Mon,2,19,5.08,Changi_Airport,Changi Airport,9,77.11,15.18,SGD
drv_wei_sg_13,Wei Jie Lim,stabilizer,2025-04-30,2025-04,2025-W18,Wed,1,9,3.77,Woodlands,Woodlands,11,64.61,17.14,SGD
drv_wei_sg_13,Wei Jie Lim,stabilizer,2025-04-30,2025-04,2025-W18,Wed,2,17,4.03,Changi_Airport,Changi Airport,12,69.05,17.13,SGD
drv_wei_sg_13,Wei Jie Lim,stabilizer,2025-05-01,2025-05,2025-W18,Thu,1,9,5.27,Orchard,Orchard Road,6,98.53,18.7,SGD
drv_wei_sg_13,Wei Jie Lim,stabilizer,2025-05-01,2025-05,2025-W18,Thu,2,19,4.93,Changi_Airport,Changi Airport,6,92.01,18.66,SGD
drv_wei_sg_13,Wei Jie Lim,stabilizer,2025-05-02,2025-05,2025-W18,Fri,1,9,4.58,Orchard,Orchard Road,6,97.92,21.38,SGD
drv_wei_sg_13,Wei Jie Lim,stabilizer,2025-05-02,2025-05,2025-W18,Fri,2,18,3.22,Changi_Airport,Changi Airport,4,68.83,21.38,SGD
drv_wei_sg_13,Wei Jie Lim,stabilizer,2025-05-03,2025-05,2025-W18,Sat,1,8,3.74,Orchard,Orchard Road,8,89.54,23.94,SGD
drv_wei_sg_13,Wei Jie Lim,stabilizer,2025-05-03,2025-05,2025-W18,Sat,2,17,3.56,Orchard,Orchard Road,7,85.13,23.91,SGD
drv_wei_sg_13,Wei Jie Lim,stabilizer,2025-05-04,2025-05,2025-W18,Sun,1,8,4.99,Orchard,Orchard Road,4,88.23,17.68,SGD
drv_wei_sg_13,Wei Jie Lim,stabilizer,2025-05-04,2025-05,2025-W18,Sun,2,19,4.71,Marina_Bay,Marina Bay / Sands,4,83.31,17.69,SGD
drv_wei_sg_13,Wei Jie Lim,stabilizer,2025-05-05,2025-05,2025-W19,Mon,1,10,5.16,Marina_Bay,Marina Bay / Sands,6,87.7,17.0,SGD
drv_wei_sg_13,Wei Jie Lim,stabilizer,2025-05-05,2025-05,2025-W19,Mon,2,18,3.94,Woodlands,Woodlands,4,67.04,17.02,SGD
drv_wei_sg_13,Wei Jie Lim,stabilizer,2025-05-07,2025-05,2025-W19,Wed,1,11,5.36,Woodlands,Woodlands,8,93.99,17.54,SGD
drv_wei_sg_13,Wei Jie Lim,stabilizer,2025-05-07,2025-05,2025-W19,Wed,2,17,4.84,Orchard,Orchard Road,8,84.74,17.51,SGD
drv_wei_sg_13,Wei Jie Lim,stabilizer,2025-05-08,2025-05,2025-W19,Thu,1,11,4.5,Changi_Airport,Changi Airport,9,86.61,19.25,SGD
drv_wei_sg_13,Wei Jie Lim,stabilizer,2025-05-08,2025-05,2025-W19,Thu,2,18,3.6,Changi_Airport,Changi Airport,8,69.13,19.2,SGD
drv_wei_sg_13,Wei Jie Lim,stabilizer,2025-05-09,2025-05,2025-W19,Fri,1,10,4.69,Changi_Airport,Changi Airport,11,108.19,23.07,SGD
drv_wei_sg_13,Wei Jie Lim,stabilizer,2025-05-09,2025-05,2025-W19,Fri,2,18,5.31,Marina_Bay,Marina Bay / Sands,12,122.67,23.1,SGD
drv_wei_sg_13,Wei Jie Lim,stabilizer,2025-05-10,2025-05,2025-W19,Sat,1,11,3.98,Orchard,Orchard Road,8,91.42,22.97,SGD
drv_wei_sg_13,Wei Jie Lim,stabilizer,2025-05-10,2025-05,2025-W19,Sat,2,17,5.02,Woodlands,Woodlands,10,115.4,22.99,SGD
drv_wei_sg_13,Wei Jie Lim,stabilizer,2025-05-11,2025-05,2025-W19,Sun,1,9,4.73,Woodlands,Woodlands,13,57.46,12.15,SGD
drv_wei_sg_13,Wei Jie Lim,stabilizer,2025-05-11,2025-05,2025-W19,Sun,2,17,3.77,Orchard,Orchard Road,10,45.74,12.13,SGD
drv_wei_sg_13,Wei Jie Lim,stabilizer,2025-05-12,2025-05,2025-W20,Mon,1,9,3.89,Woodlands,Woodlands,11,63.42,16.3,SGD
drv_wei_sg_13,Wei Jie Lim,stabilizer,2025-05-12,2025-05,2025-W20,Mon,2,19,4.51,Woodlands,Woodlands,12,73.54,16.31,SGD
drv_wei_sg_13,Wei Jie Lim,stabilizer,2025-05-14,2025-05,2025-W20,Wed,1,10,4.39,Woodlands,Woodlands,7,74.95,17.07,SGD
drv_wei_sg_13,Wei Jie Lim,stabilizer,2025-05-14,2025-05,2025-W20,Wed,2,17,4.31,Orchard,Orchard Road,6,73.43,17.04,SGD
drv_wei_sg_13,Wei Jie Lim,stabilizer,2025-05-15,2025-05,2025-W20,Thu,1,9,6.12,Changi_Airport,Changi Airport,6,97.59,15.95,SGD
drv_wei_sg_13,Wei Jie Lim,stabilizer,2025-05-15,2025-05,2025-W20,Thu,2,17,4.78,Woodlands,Woodlands,5,76.19,15.94,SGD
drv_wei_sg_13,Wei Jie Lim,stabilizer,2025-05-16,2025-05,2025-W20,Fri,1,11,3.41,Orchard,Orchard Road,13,93.95,27.55,SGD
drv_wei_sg_13,Wei Jie Lim,stabilizer,2025-05-16,2025-05,2025-W20,Fri,2,19,2.99,Marina_Bay,Marina Bay / Sands,11,82.43,27.57,SGD
drv_wei_sg_13,Wei Jie Lim,stabilizer,2025-05-17,2025-05,2025-W20,Sat,1,9,5.98,Changi_Airport,Changi Airport,5,99.74,16.68,SGD
drv_wei_sg_13,Wei Jie Lim,stabilizer,2025-05-17,2025-05,2025-W20,Sat,2,18,5.52,Orchard,Orchard Road,5,92.0,16.67,SGD
drv_wei_sg_13,Wei Jie Lim,stabilizer,2025-05-18,2025-05,2025-W20,Sun,1,10,3.03,Woodlands,Woodlands,6,77.33,25.52,SGD
drv_wei_sg_13,Wei Jie Lim,stabilizer,2025-05-18,2025-05,2025-W20,Sun,2,19,3.17,Orchard,Orchard Road,6,81.09,25.58,SGD
drv_wei_sg_13,Wei Jie Lim,stabilizer,2025-05-19,2025-05,2025-W21,Mon,1,11,3.5,Changi_Airport,Changi Airport,8,83.69,23.91,SGD
drv_wei_sg_13,Wei Jie Lim,stabilizer,2025-05-19,2025-05,2025-W21,Mon,2,19,3.1,Marina_Bay,Marina Bay / Sands,7,73.97,23.86,SGD
drv_wei_sg_13,Wei Jie Lim,stabilizer,2025-05-21,2025-05,2025-W21,Wed,1,10,4.45,Woodlands,Woodlands,5,79.16,17.79,SGD
drv_wei_sg_13,Wei Jie Lim,stabilizer,2025-05-21,2025-05,2025-W21,Wed,2,19,3.85,Woodlands,Woodlands,4,68.5,17.79,SGD
drv_wei_sg_13,Wei Jie Lim,stabilizer,2025-05-22,2025-05,2025-W21,Thu,1,10,4.91,Orchard,Orchard Road,12,78.73,16.03,SGD
drv_wei_sg_13,Wei Jie Lim,stabilizer,2025-05-22,2025-05,2025-W21,Thu,2,19,4.69,Changi_Airport,Changi Airport,11,75.07,16.01,SGD
drv_wei_sg_13,Wei Jie Lim,stabilizer,2025-05-23,2025-05,2025-W21,Fri,1,10,5.18,Changi_Airport,Changi Airport,6,60.18,11.62,SGD
drv_wei_sg_13,Wei Jie Lim,stabilizer,2025-05-23,2025-05,2025-W21,Fri,2,17,4.12,Changi_Airport,Changi Airport,4,47.88,11.62,SGD
drv_wei_sg_13,Wei Jie Lim,stabilizer,2025-05-24,2025-05,2025-W21,Sat,1,9,4.96,Woodlands,Woodlands,7,112.22,22.62,SGD
drv_wei_sg_13,Wei Jie Lim,stabilizer,2025-05-24,2025-05,2025-W21,Sat,2,19,5.74,Changi_Airport,Changi Airport,9,130.08,22.66,SGD
drv_wei_sg_13,Wei Jie Lim,stabilizer,2025-05-25,2025-05,2025-W21,Sun,1,9,4.51,Woodlands,Woodlands,6,60.08,13.32,SGD
drv_wei_sg_13,Wei Jie Lim,stabilizer,2025-05-25,2025-05,2025-W21,Sun,2,18,6.09,Orchard,Orchard Road,9,81.07,13.31,SGD
drv_wei_sg_13,Wei Jie Lim,stabilizer,2025-05-26,2025-05,2025-W22,Mon,1,8,4.81,Changi_Airport,Changi Airport,5,82.84,17.22,SGD
drv_wei_sg_13,Wei Jie Lim,stabilizer,2025-05-26,2025-05,2025-W22,Mon,2,18,4.09,Orchard,Orchard Road,5,70.39,17.21,SGD
drv_wei_sg_13,Wei Jie Lim,stabilizer,2025-05-28,2025-05,2025-W22,Wed,1,11,4.81,Marina_Bay,Marina Bay / Sands,12,96.79,20.12,SGD
drv_wei_sg_13,Wei Jie Lim,stabilizer,2025-05-28,2025-05,2025-W22,Wed,2,17,4.89,Marina_Bay,Marina Bay / Sands,12,98.54,20.15,SGD
drv_wei_sg_13,Wei Jie Lim,stabilizer,2025-05-29,2025-05,2025-W22,Thu,1,10,3.78,Orchard,Orchard Road,11,83.11,21.99,SGD
drv_wei_sg_13,Wei Jie Lim,stabilizer,2025-05-29,2025-05,2025-W22,Thu,2,17,3.22,Orchard,Orchard Road,10,70.73,21.97,SGD
drv_wei_sg_13,Wei Jie Lim,stabilizer,2025-05-30,2025-05,2025-W22,Fri,1,8,5.96,Marina_Bay,Marina Bay / Sands,8,88.29,14.81,SGD
drv_wei_sg_13,Wei Jie Lim,stabilizer,2025-05-30,2025-05,2025-W22,Fri,2,17,5.84,Marina_Bay,Marina Bay / Sands,7,86.43,14.8,SGD
drv_wei_sg_13,Wei Jie Lim,stabilizer,2025-05-31,2025-05,2025-W22,Sat,1,9,5.61,Changi_Airport,Changi Airport,5,104.94,18.71,SGD
drv_wei_sg_13,Wei Jie Lim,stabilizer,2025-05-31,2025-05,2025-W22,Sat,2,18,5.49,Woodlands,Woodlands,4,102.83,18.73,SGD
drv_wei_sg_13,Wei Jie Lim,stabilizer,2025-06-01,2025-06,2025-W22,Sun,1,8,5.26,Orchard,Orchard Road,5,103.22,19.62,SGD
drv_wei_sg_13,Wei Jie Lim,stabilizer,2025-06-01,2025-06,2025-W22,Sun,2,19,3.74,Marina_Bay,Marina Bay / Sands,3,73.24,19.58,SGD
drv_wei_sg_13,Wei Jie Lim,stabilizer,2025-06-02,2025-06,2025-W23,Mon,1,11,3.5,Woodlands,Woodlands,4,73.92,21.12,SGD
drv_wei_sg_13,Wei Jie Lim,stabilizer,2025-06-02,2025-06,2025-W23,Mon,2,18,3.9,Changi_Airport,Changi Airport,5,82.28,21.1,SGD
drv_wei_sg_13,Wei Jie Lim,stabilizer,2025-06-04,2025-06,2025-W23,Wed,1,10,4.78,Marina_Bay,Marina Bay / Sands,11,97.93,20.49,SGD
drv_wei_sg_13,Wei Jie Lim,stabilizer,2025-06-04,2025-06,2025-W23,Wed,2,18,5.32,Marina_Bay,Marina Bay / Sands,13,109.18,20.52,SGD
drv_wei_sg_13,Wei Jie Lim,stabilizer,2025-06-05,2025-06,2025-W23,Thu,1,10,3.17,Woodlands,Woodlands,12,104.54,32.98,SGD
drv_wei_sg_13,Wei Jie Lim,stabilizer,2025-06-05,2025-06,2025-W23,Thu,2,19,2.93,Changi_Airport,Changi Airport,12,96.56,32.96,SGD
drv_wei_sg_13,Wei Jie Lim,stabilizer,2025-06-06,2025-06,2025-W23,Fri,1,11,5.98,Marina_Bay,Marina Bay / Sands,12,119.19,19.93,SGD
drv_wei_sg_13,Wei Jie Lim,stabilizer,2025-06-06,2025-06,2025-W23,Fri,2,18,5.42,Marina_Bay,Marina Bay / Sands,10,108.02,19.93,SGD
drv_wei_sg_13,Wei Jie Lim,stabilizer,2025-06-07,2025-06,2025-W23,Sat,1,8,4.73,Marina_Bay,Marina Bay / Sands,5,89.6,18.94,SGD
drv_wei_sg_13,Wei Jie Lim,stabilizer,2025-06-07,2025-06,2025-W23,Sat,2,17,6.37,Changi_Airport,Changi Airport,7,120.58,18.93,SGD
drv_wei_sg_13,Wei Jie Lim,stabilizer,2025-06-08,2025-06,2025-W23,Sun,1,11,4.26,Orchard,Orchard Road,7,114.14,26.79,SGD
drv_wei_sg_13,Wei Jie Lim,stabilizer,2025-06-08,2025-06,2025-W23,Sun,2,18,3.84,Orchard,Orchard Road,7,102.67,26.74,SGD
drv_wei_sg_13,Wei Jie Lim,stabilizer,2025-06-09,2025-06,2025-W24,Mon,1,11,6.04,Woodlands,Woodlands,8,71.63,11.86,SGD
drv_wei_sg_13,Wei Jie Lim,stabilizer,2025-06-09,2025-06,2025-W24,Mon,2,19,5.56,Marina_Bay,Marina Bay / Sands,7,66.01,11.87,SGD
drv_wei_sg_13,Wei Jie Lim,stabilizer,2025-06-11,2025-06,2025-W24,Wed,1,10,4.75,Marina_Bay,Marina Bay / Sands,10,68.15,14.35,SGD
drv_wei_sg_13,Wei Jie Lim,stabilizer,2025-06-11,2025-06,2025-W24,Wed,2,17,5.75,Orchard,Orchard Road,12,82.62,14.37,SGD
drv_wei_sg_13,Wei Jie Lim,stabilizer,2025-06-12,2025-06,2025-W24,Thu,1,8,4.05,Changi_Airport,Changi Airport,8,114.98,28.39,SGD
drv_wei_sg_13,Wei Jie Lim,stabilizer,2025-06-12,2025-06,2025-W24,Thu,2,17,3.25,Orchard,Orchard Road,7,92.07,28.33,SGD
drv_wei_sg_13,Wei Jie Lim,stabilizer,2025-06-13,2025-06,2025-W24,Fri,1,10,3.37,Woodlands,Woodlands,8,107.95,32.03,SGD
drv_wei_sg_13,Wei Jie Lim,stabilizer,2025-06-13,2025-06,2025-W24,Fri,2,19,3.03,Woodlands,Woodlands,7,97.1,32.05,SGD
drv_wei_sg_13,Wei Jie Lim,stabilizer,2025-06-14,2025-06,2025-W24,Sat,1,9,4.84,Changi_Airport,Changi Airport,6,107.83,22.28,SGD
drv_wei_sg_13,Wei Jie Lim,stabilizer,2025-06-14,2025-06,2025-W24,Sat,2,17,4.66,Changi_Airport,Changi Airport,5,103.88,22.29,SGD
drv_wei_sg_13,Wei Jie Lim,stabilizer,2025-06-15,2025-06,2025-W24,Sun,1,10,5.89,Woodlands,Woodlands,13,127.02,21.57,SGD
drv_wei_sg_13,Wei Jie Lim,stabilizer,2025-06-15,2025-06,2025-W24,Sun,2,17,5.31,Marina_Bay,Marina Bay / Sands,11,114.63,21.59,SGD
drv_wei_sg_13,Wei Jie Lim,stabilizer,2025-06-16,2025-06,2025-W25,Mon,1,8,3.46,Woodlands,Woodlands,10,75.37,21.78,SGD
drv_wei_sg_13,Wei Jie Lim,stabilizer,2025-06-16,2025-06,2025-W25,Mon,2,17,4.04,Woodlands,Woodlands,12,87.89,21.75,SGD
drv_wei_sg_13,Wei Jie Lim,stabilizer,2025-06-18,2025-06,2025-W25,Wed,1,11,5.12,Marina_Bay,Marina Bay / Sands,9,83.45,16.3,SGD
drv_wei_sg_13,Wei Jie Lim,stabilizer,2025-06-18,2025-06,2025-W25,Wed,2,18,5.78,Orchard,Orchard Road,10,94.36,16.33,SGD
drv_wei_sg_13,Wei Jie Lim,stabilizer,2025-06-19,2025-06,2025-W25,Thu,1,11,3.07,Orchard,Orchard Road,4,94.9,30.91,SGD
drv_wei_sg_13,Wei Jie Lim,stabilizer,2025-06-19,2025-06,2025-W25,Thu,2,18,3.13,Orchard,Orchard Road,5,96.52,30.84,SGD
drv_wei_sg_13,Wei Jie Lim,stabilizer,2025-06-20,2025-06,2025-W25,Fri,1,10,3.36,Orchard,Orchard Road,10,99.62,29.65,SGD
drv_wei_sg_13,Wei Jie Lim,stabilizer,2025-06-20,2025-06,2025-W25,Fri,2,18,3.34,Orchard,Orchard Road,9,99.08,29.66,SGD
drv_wei_sg_13,Wei Jie Lim,stabilizer,2025-06-21,2025-06,2025-W25,Sat,1,9,5.65,Woodlands,Woodlands,7,96.39,17.06,SGD
drv_wei_sg_13,Wei Jie Lim,stabilizer,2025-06-21,2025-06,2025-W25,Sat,2,19,6.25,Changi_Airport,Changi Airport,7,106.77,17.08,SGD
drv_wei_sg_13,Wei Jie Lim,stabilizer,2025-06-22,2025-06,2025-W25,Sun,1,11,2.85,Changi_Airport,Changi Airport,7,80.7,28.32,SGD
drv_wei_sg_13,Wei Jie Lim,stabilizer,2025-06-22,2025-06,2025-W25,Sun,2,18,3.45,Changi_Airport,Changi Airport,9,97.9,28.38,SGD
drv_wei_sg_13,Wei Jie Lim,stabilizer,2025-06-23,2025-06,2025-W26,Mon,1,9,5.48,Marina_Bay,Marina Bay / Sands,5,57.05,10.41,SGD
drv_wei_sg_13,Wei Jie Lim,stabilizer,2025-06-23,2025-06,2025-W26,Mon,2,19,6.22,Woodlands,Woodlands,5,64.73,10.41,SGD
drv_wei_sg_13,Wei Jie Lim,stabilizer,2025-06-25,2025-06,2025-W26,Wed,1,10,3.4,Orchard,Orchard Road,7,85.12,25.04,SGD
drv_wei_sg_13,Wei Jie Lim,stabilizer,2025-06-25,2025-06,2025-W26,Wed,2,19,4.0,Woodlands,Woodlands,8,100.3,25.07,SGD
drv_wei_sg_13,Wei Jie Lim,stabilizer,2025-06-26,2025-06,2025-W26,Thu,1,8,4.64,Marina_Bay,Marina Bay / Sands,7,90.29,19.46,SGD
drv_wei_sg_13,Wei Jie Lim,stabilizer,2025-06-26,2025-06,2025-W26,Thu,2,19,5.36,Orchard,Orchard Road,9,104.5,19.5,SGD
drv_wei_sg_13,Wei Jie Lim,stabilizer,2025-06-27,2025-06,2025-W26,Fri,1,10,3.32,Orchard,Orchard Road,10,115.2,34.7,SGD
drv_wei_sg_13,Wei Jie Lim,stabilizer,2025-06-27,2025-06,2025-W26,Fri,2,17,3.28,Changi_Airport,Changi Airport,9,113.52,34.61,SGD
drv_wei_sg_13,Wei Jie Lim,stabilizer,2025-06-28,2025-06,2025-W26,Sat,1,8,4.58,Marina_Bay,Marina Bay / Sands,8,120.14,26.23,SGD
drv_wei_sg_13,Wei Jie Lim,stabilizer,2025-06-28,2025-06,2025-W26,Sat,2,17,5.32,Woodlands,Woodlands,10,139.44,26.21,SGD
drv_wei_sg_13,Wei Jie Lim,stabilizer,2025-06-29,2025-06,2025-W26,Sun,1,11,4.12,Changi_Airport,Changi Airport,5,127.96,31.06,SGD
drv_wei_sg_13,Wei Jie Lim,stabilizer,2025-06-29,2025-06,2025-W26,Sun,2,19,3.28,Woodlands,Woodlands,4,101.68,31.0,SGD
drv_wei_sg_13,Wei Jie Lim,stabilizer,2025-06-30,2025-06,2025-W27,Mon,1,10,4.85,Changi_Airport,Changi Airport,5,63.72,13.14,SGD
drv_wei_sg_13,Wei Jie Lim,stabilizer,2025-06-30,2025-06,2025-W27,Mon,2,19,5.05,Marina_Bay,Marina Bay / Sands,6,66.24,13.12,SGD
drv_wei_sg_13,Wei Jie Lim,stabilizer,2025-07-02,2025-07,2025-W27,Wed,1,11,5.35,Woodlands,Woodlands,6,87.96,16.44,SGD
drv_wei_sg_13,Wei Jie Lim,stabilizer,2025-07-02,2025-07,2025-W27,Wed,2,18,5.75,Changi_Airport,Changi Airport,7,94.69,16.47,SGD
drv_wei_sg_13,Wei Jie Lim,stabilizer,2025-07-03,2025-07,2025-W27,Thu,1,10,5.35,Woodlands,Woodlands,8,73.1,13.66,SGD
drv_wei_sg_13,Wei Jie Lim,stabilizer,2025-07-03,2025-07,2025-W27,Thu,2,18,5.75,Woodlands,Woodlands,8,78.46,13.65,SGD
drv_wei_sg_13,Wei Jie Lim,stabilizer,2025-07-04,2025-07,2025-W27,Fri,1,10,5.11,Changi_Airport,Changi Airport,6,90.99,17.81,SGD
drv_wei_sg_13,Wei Jie Lim,stabilizer,2025-07-04,2025-07,2025-W27,Fri,2,17,4.89,Orchard,Orchard Road,6,87.11,17.81,SGD
drv_wei_sg_13,Wei Jie Lim,stabilizer,2025-07-05,2025-07,2025-W27,Sat,1,8,3.61,Marina_Bay,Marina Bay / Sands,10,121.01,33.52,SGD
drv_wei_sg_13,Wei Jie Lim,stabilizer,2025-07-05,2025-07,2025-W27,Sat,2,18,4.39,Marina_Bay,Marina Bay / Sands,12,147.12,33.51,SGD
drv_wei_sg_13,Wei Jie Lim,stabilizer,2025-07-06,2025-07,2025-W27,Sun,1,9,3.16,Marina_Bay,Marina Bay / Sands,6,97.2,30.76,SGD
drv_wei_sg_13,Wei Jie Lim,stabilizer,2025-07-06,2025-07,2025-W27,Sun,2,19,4.14,Marina_Bay,Marina Bay / Sands,7,127.47,30.79,SGD
drv_wei_sg_13,Wei Jie Lim,stabilizer,2025-07-07,2025-07,2025-W28,Mon,1,9,2.86,Orchard,Orchard Road,7,35.4,12.38,SGD
drv_wei_sg_13,Wei Jie Lim,stabilizer,2025-07-07,2025-07,2025-W28,Mon,2,18,4.04,Marina_Bay,Marina Bay / Sands,9,50.05,12.39,SGD
drv_wei_sg_13,Wei Jie Lim,stabilizer,2025-07-09,2025-07,2025-W28,Wed,1,8,3.15,Marina_Bay,Marina Bay / Sands,4,78.68,24.98,SGD
drv_wei_sg_13,Wei Jie Lim,stabilizer,2025-07-09,2025-07,2025-W28,Wed,2,18,4.15,Marina_Bay,Marina Bay / Sands,5,103.85,25.02,SGD
drv_wei_sg_13,Wei Jie Lim,stabilizer,2025-07-10,2025-07,2025-W28,Thu,1,10,6.16,Changi_Airport,Changi Airport,8,80.92,13.14,SGD
drv_wei_sg_13,Wei Jie Lim,stabilizer,2025-07-10,2025-07,2025-W28,Thu,2,19,5.54,Changi_Airport,Changi Airport,7,72.9,13.16,SGD
drv_wei_sg_13,Wei Jie Lim,stabilizer,2025-07-11,2025-07,2025-W28,Fri,1,8,5.5,Changi_Airport,Changi Airport,12,90.77,16.5,SGD
drv_wei_sg_13,Wei Jie Lim,stabilizer,2025-07-11,2025-07,2025-W28,Fri,2,17,5.3,Marina_Bay,Marina Bay / Sands,12,87.33,16.48,SGD
drv_wei_sg_13,Wei Jie Lim,stabilizer,2025-07-12,2025-07,2025-W28,Sat,1,11,3.94,Woodlands,Woodlands,9,89.54,22.73,SGD
drv_wei_sg_13,Wei Jie Lim,stabilizer,2025-07-12,2025-07,2025-W28,Sat,2,18,5.76,Marina_Bay,Marina Bay / Sands,14,130.8,22.71,SGD
drv_wei_sg_13,Wei Jie Lim,stabilizer,2025-07-13,2025-07,2025-W28,Sun,1,9,4.0,Orchard,Orchard Road,4,87.34,21.84,SGD
drv_wei_sg_13,Wei Jie Lim,stabilizer,2025-07-13,2025-07,2025-W28,Sun,2,19,4.0,Orchard,Orchard Road,4,87.17,21.79,SGD
drv_wei_sg_13,Wei Jie Lim,stabilizer,2025-07-14,2025-07,2025-W29,Mon,1,8,4.32,Orchard,Orchard Road,8,70.83,16.4,SGD
drv_wei_sg_13,Wei Jie Lim,stabilizer,2025-07-14,2025-07,2025-W29,Mon,2,18,3.98,Marina_Bay,Marina Bay / Sands,7,65.35,16.42,SGD
drv_wei_sg_13,Wei Jie Lim,stabilizer,2025-07-16,2025-07,2025-W29,Wed,1,8,3.91,Marina_Bay,Marina Bay / Sands,4,75.48,19.3,SGD
drv_wei_sg_13,Wei Jie Lim,stabilizer,2025-07-16,2025-07,2025-W29,Wed,2,18,4.09,Woodlands,Woodlands,4,79.06,19.33,SGD
drv_wei_sg_13,Wei Jie Lim,stabilizer,2025-07-17,2025-07,2025-W29,Thu,1,11,3.76,Changi_Airport,Changi Airport,10,106.07,28.21,SGD
drv_wei_sg_13,Wei Jie Lim,stabilizer,2025-07-17,2025-07,2025-W29,Thu,2,19,3.24,Changi_Airport,Changi Airport,9,91.53,28.25,SGD
drv_wei_sg_13,Wei Jie Lim,stabilizer,2025-07-18,2025-07,2025-W29,Fri,1,9,5.6,Orchard,Orchard Road,5,128.89,23.02,SGD
drv_wei_sg_13,Wei Jie Lim,stabilizer,2025-07-18,2025-07,2025-W29,Fri,2,17,4.3,Changi_Airport,Changi Airport,3,99.06,23.04,SGD
drv_wei_sg_13,Wei Jie Lim,stabilizer,2025-07-19,2025-07,2025-W29,Sat,1,10,5.11,Woodlands,Woodlands,5,110.55,21.63,SGD
drv_wei_sg_13,Wei Jie Lim,stabilizer,2025-07-19,2025-07,2025-W29,Sat,2,17,4.49,Marina_Bay,Marina Bay / Sands,5,97.18,21.64,SGD
drv_wei_sg_13,Wei Jie Lim,stabilizer,2025-07-20,2025-07,2025-W29,Sun,1,10,3.98,Changi_Airport,Changi Airport,9,81.34,20.44,SGD
drv_wei_sg_13,Wei Jie Lim,stabilizer,2025-07-20,2025-07,2025-W29,Sun,2,18,4.22,Woodlands,Woodlands,10,86.25,20.44,SGD
drv_wei_sg_13,Wei Jie Lim,stabilizer,2025-07-21,2025-07,2025-W30,Mon,1,10,5.12,Orchard,Orchard Road,5,74.5,14.55,SGD
drv_wei_sg_13,Wei Jie Lim,stabilizer,2025-07-21,2025-07,2025-W30,Mon,2,19,4.88,Marina_Bay,Marina Bay / Sands,4,70.89,14.53,SGD
drv_wei_sg_13,Wei Jie Lim,stabilizer,2025-07-23,2025-07,2025-W30,Wed,1,10,4.92,Changi_Airport,Changi Airport,9,91.25,18.55,SGD
drv_wei_sg_13,Wei Jie Lim,stabilizer,2025-07-23,2025-07,2025-W30,Wed,2,18,5.18,Changi_Airport,Changi Airport,9,95.97,18.53,SGD
drv_wei_sg_13,Wei Jie Lim,stabilizer,2025-07-24,2025-07,2025-W30,Thu,1,8,5.66,Woodlands,Woodlands,10,72.27,12.77,SGD
drv_wei_sg_13,Wei Jie Lim,stabilizer,2025-07-24,2025-07,2025-W30,Thu,2,17,5.74,Woodlands,Woodlands,10,73.31,12.77,SGD
drv_wei_sg_13,Wei Jie Lim,stabilizer,2025-07-25,2025-07,2025-W30,Fri,1,9,5.14,Woodlands,Woodlands,4,103.51,20.14,SGD
drv_wei_sg_13,Wei Jie Lim,stabilizer,2025-07-25,2025-07,2025-W30,Fri,2,19,6.56,Orchard,Orchard Road,5,132.0,20.12,SGD
drv_wei_sg_13,Wei Jie Lim,stabilizer,2025-07-26,2025-07,2025-W30,Sat,1,11,4.21,Changi_Airport,Changi Airport,7,97.31,23.11,SGD
drv_wei_sg_13,Wei Jie Lim,stabilizer,2025-07-26,2025-07,2025-W30,Sat,2,18,4.49,Orchard,Orchard Road,7,103.72,23.1,SGD
drv_wei_sg_13,Wei Jie Lim,stabilizer,2025-07-27,2025-07,2025-W30,Sun,1,9,3.75,Woodlands,Woodlands,11,113.21,30.19,SGD
drv_wei_sg_13,Wei Jie Lim,stabilizer,2025-07-27,2025-07,2025-W30,Sun,2,19,3.65,Changi_Airport,Changi Airport,11,110.24,30.2,SGD
drv_wei_sg_13,Wei Jie Lim,stabilizer,2025-07-28,2025-07,2025-W31,Mon,1,8,6.0,Orchard,Orchard Road,5,71.55,11.92,SGD
drv_wei_sg_13,Wei Jie Lim,stabilizer,2025-07-28,2025-07,2025-W31,Mon,2,19,5.2,Woodlands,Woodlands,4,61.99,11.92,SGD
drv_wei_sg_13,Wei Jie Lim,stabilizer,2025-07-30,2025-07,2025-W31,Wed,1,8,4.6,Orchard,Orchard Road,8,80.22,17.44,SGD
drv_wei_sg_13,Wei Jie Lim,stabilizer,2025-07-30,2025-07,2025-W31,Wed,2,19,4.8,Orchard,Orchard Road,8,83.88,17.48,SGD
drv_wei_sg_13,Wei Jie Lim,stabilizer,2025-07-31,2025-07,2025-W31,Thu,1,10,6.3,Changi_Airport,Changi Airport,8,89.57,14.22,SGD
drv_wei_sg_13,Wei Jie Lim,stabilizer,2025-07-31,2025-07,2025-W31,Thu,2,19,5.6,Orchard,Orchard Road,8,79.61,14.22,SGD
drv_wei_sg_13,Wei Jie Lim,stabilizer,2025-08-01,2025-08,2025-W31,Fri,1,10,5.4,Marina_Bay,Marina Bay / Sands,8,89.57,16.59,SGD
drv_wei_sg_13,Wei Jie Lim,stabilizer,2025-08-01,2025-08,2025-W31,Fri,2,19,5.5,Woodlands,Woodlands,9,91.19,16.58,SGD
drv_wei_sg_13,Wei Jie Lim,stabilizer,2025-08-02,2025-08,2025-W31,Sat,1,8,3.84,Changi_Airport,Changi Airport,7,111.6,29.06,SGD
drv_wei_sg_13,Wei Jie Lim,stabilizer,2025-08-02,2025-08,2025-W31,Sat,2,19,3.86,Orchard,Orchard Road,8,111.9,28.99,SGD
drv_wei_sg_13,Wei Jie Lim,stabilizer,2025-08-03,2025-08,2025-W31,Sun,1,9,5.06,Marina_Bay,Marina Bay / Sands,7,75.51,14.92,SGD
drv_wei_sg_13,Wei Jie Lim,stabilizer,2025-08-03,2025-08,2025-W31,Sun,2,17,6.04,Orchard,Orchard Road,8,89.99,14.9,SGD
drv_wei_sg_13,Wei Jie Lim,stabilizer,2025-08-04,2025-08,2025-W32,Mon,1,8,5.36,Marina_Bay,Marina Bay / Sands,9,86.85,16.2,SGD
drv_wei_sg_13,Wei Jie Lim,stabilizer,2025-08-04,2025-08,2025-W32,Mon,2,19,4.44,Orchard,Orchard Road,7,72.05,16.23,SGD
drv_wei_sg_13,Wei Jie Lim,stabilizer,2025-08-06,2025-08,2025-W32,Wed,1,9,6.42,Woodlands,Woodlands,8,99.28,15.46,SGD
drv_wei_sg_13,Wei Jie Lim,stabilizer,2025-08-06,2025-08,2025-W32,Wed,2,19,5.18,Marina_Bay,Marina Bay / Sands,7,80.2,15.48,SGD
drv_wei_sg_13,Wei Jie Lim,stabilizer,2025-08-07,2025-08,2025-W32,Thu,1,9,4.2,Marina_Bay,Marina Bay / Sands,12,93.81,22.34,SGD
drv_wei_sg_13,Wei Jie Lim,stabilizer,2025-08-07,2025-08,2025-W32,Thu,2,18,4.2,Marina_Bay,Marina Bay / Sands,12,93.76,22.32,SGD
drv_wei_sg_13,Wei Jie Lim,stabilizer,2025-08-08,2025-08,2025-W32,Fri,1,9,6.37,Woodlands,Woodlands,8,104.79,16.45,SGD
drv_wei_sg_13,Wei Jie Lim,stabilizer,2025-08-08,2025-08,2025-W32,Fri,2,18,5.63,Marina_Bay,Marina Bay / Sands,7,92.61,16.45,SGD
drv_wei_sg_13,Wei Jie Lim,stabilizer,2025-08-09,2025-08,2025-W32,Sat,1,8,3.78,Marina_Bay,Marina Bay / Sands,10,117.04,30.96,SGD
drv_wei_sg_13,Wei Jie Lim,stabilizer,2025-08-09,2025-08,2025-W32,Sat,2,17,3.92,Woodlands,Woodlands,11,121.67,31.04,SGD
drv_wei_sg_13,Wei Jie Lim,stabilizer,2025-08-10,2025-08,2025-W32,Sun,1,8,5.36,Marina_Bay,Marina Bay / Sands,9,57.59,10.74,SGD
drv_wei_sg_13,Wei Jie Lim,stabilizer,2025-08-10,2025-08,2025-W32,Sun,2,19,5.24,Woodlands,Woodlands,8,56.23,10.73,SGD
drv_wei_sg_13,Wei Jie Lim,stabilizer,2025-08-11,2025-08,2025-W33,Mon,1,8,3.08,Marina_Bay,Marina Bay / Sands,12,59.98,19.47,SGD
drv_wei_sg_13,Wei Jie Lim,stabilizer,2025-08-11,2025-08,2025-W33,Mon,2,19,3.32,Marina_Bay,Marina Bay / Sands,12,64.56,19.45,SGD
drv_wei_sg_13,Wei Jie Lim,stabilizer,2025-08-13,2025-08,2025-W33,Wed,1,11,3.86,Changi_Airport,Changi Airport,11,77.87,20.17,SGD
drv_wei_sg_13,Wei Jie Lim,stabilizer,2025-08-13,2025-08,2025-W33,Wed,2,19,4.94,Orchard,Orchard Road,13,99.87,20.22,SGD
drv_wei_sg_13,Wei Jie Lim,stabilizer,2025-08-14,2025-08,2025-W33,Thu,1,11,4.12,Orchard,Orchard Road,9,86.42,20.98,SGD
drv_wei_sg_13,Wei Jie Lim,stabilizer,2025-08-14,2025-08,2025-W33,Thu,2,18,3.88,Orchard,Orchard Road,9,81.52,21.01,SGD
drv_wei_sg_13,Wei Jie Lim,stabilizer,2025-08-15,2025-08,2025-W33,Fri,1,9,4.77,Changi_Airport,Changi Airport,11,98.21,20.59,SGD
drv_wei_sg_13,Wei Jie Lim,stabilizer,2025-08-15,2025-08,2025-W33,Fri,2,18,4.53,Woodlands,Woodlands,10,93.39,20.62,SGD
drv_wei_sg_13,Wei Jie Lim,stabilizer,2025-08-16,2025-08,2025-W33,Sat,1,8,3.23,Woodlands,Woodlands,5,92.39,28.6,SGD
drv_wei_sg_13,Wei Jie Lim,stabilizer,2025-08-16,2025-08,2025-W33,Sat,2,19,4.77,Changi_Airport,Changi Airport,8,136.28,28.57,SGD
drv_wei_sg_13,Wei Jie Lim,stabilizer,2025-08-17,2025-08,2025-W33,Sun,1,10,3.99,Marina_Bay,Marina Bay / Sands,10,112.81,28.27,SGD
drv_wei_sg_13,Wei Jie Lim,stabilizer,2025-08-17,2025-08,2025-W33,Sun,2,18,3.11,Marina_Bay,Marina Bay / Sands,7,87.81,28.23,SGD
drv_wei_sg_13,Wei Jie Lim,stabilizer,2025-08-18,2025-08,2025-W34,Mon,1,11,5.39,Woodlands,Woodlands,9,78.19,14.51,SGD
drv_wei_sg_13,Wei Jie Lim,stabilizer,2025-08-18,2025-08,2025-W34,Mon,2,17,5.41,Changi_Airport,Changi Airport,9,78.46,14.5,SGD
drv_wei_sg_13,Wei Jie Lim,stabilizer,2025-08-20,2025-08,2025-W34,Wed,1,11,4.06,Orchard,Orchard Road,11,77.05,18.98,SGD
drv_wei_sg_13,Wei Jie Lim,stabilizer,2025-08-20,2025-08,2025-W34,Wed,2,18,4.14,Orchard,Orchard Road,12,78.4,18.94,SGD
drv_wei_sg_13,Wei Jie Lim,stabilizer,2025-08-21,2025-08,2025-W34,Thu,1,10,4.61,Orchard,Orchard Road,7,33.25,7.21,SGD
drv_wei_sg_13,Wei Jie Lim,stabilizer,2025-08-21,2025-08,2025-W34,Thu,2,17,4.69,Orchard,Orchard Road,8,33.81,7.21,SGD
drv_wei_sg_13,Wei Jie Lim,stabilizer,2025-08-22,2025-08,2025-W34,Fri,1,8,4.58,Orchard,Orchard Road,5,109.01,23.8,SGD
drv_wei_sg_13,Wei Jie Lim,stabilizer,2025-08-22,2025-08,2025-W34,Fri,2,19,4.82,Marina_Bay,Marina Bay / Sands,6,114.84,23.83,SGD
drv_wei_sg_13,Wei Jie Lim,stabilizer,2025-08-23,2025-08,2025-W34,Sat,1,10,3.81,Orchard,Orchard Road,8,129.94,34.1,SGD
drv_wei_sg_13,Wei Jie Lim,stabilizer,2025-08-23,2025-08,2025-W34,Sat,2,18,3.49,Orchard,Orchard Road,8,118.96,34.09,SGD
drv_wei_sg_13,Wei Jie Lim,stabilizer,2025-08-24,2025-08,2025-W34,Sun,1,11,3.22,Changi_Airport,Changi Airport,10,86.54,26.88,SGD
drv_wei_sg_13,Wei Jie Lim,stabilizer,2025-08-24,2025-08,2025-W34,Sun,2,19,3.48,Marina_Bay,Marina Bay / Sands,10,93.39,26.84,SGD
drv_wei_sg_13,Wei Jie Lim,stabilizer,2025-08-25,2025-08,2025-W35,Mon,1,10,4.93,Orchard,Orchard Road,5,63.32,12.84,SGD
drv_wei_sg_13,Wei Jie Lim,stabilizer,2025-08-25,2025-08,2025-W35,Mon,2,17,5.67,Orchard,Orchard Road,6,72.8,12.84,SGD
drv_wei_sg_13,Wei Jie Lim,stabilizer,2025-08-27,2025-08,2025-W35,Wed,1,9,4.21,Marina_Bay,Marina Bay / Sands,6,70.49,16.74,SGD
drv_wei_sg_13,Wei Jie Lim,stabilizer,2025-08-27,2025-08,2025-W35,Wed,2,17,4.29,Marina_Bay,Marina Bay / Sands,6,71.97,16.78,SGD
drv_wei_sg_13,Wei Jie Lim,stabilizer,2025-08-28,2025-08,2025-W35,Thu,1,8,4.21,Marina_Bay,Marina Bay / Sands,7,82.46,19.59,SGD
drv_wei_sg_13,Wei Jie Lim,stabilizer,2025-08-28,2025-08,2025-W35,Thu,2,17,3.99,Changi_Airport,Changi Airport,6,78.2,19.6,SGD
drv_wei_sg_13,Wei Jie Lim,stabilizer,2025-08-29,2025-08,2025-W35,Fri,1,8,3.69,Woodlands,Woodlands,9,87.08,23.6,SGD
drv_wei_sg_13,Wei Jie Lim,stabilizer,2025-08-29,2025-08,2025-W35,Fri,2,19,4.21,Orchard,Orchard Road,10,99.1,23.54,SGD
drv_wei_sg_13,Wei Jie Lim,stabilizer,2025-08-30,2025-08,2025-W35,Sat,1,11,4.73,Woodlands,Woodlands,10,89.46,18.91,SGD
drv_wei_sg_13,Wei Jie Lim,stabilizer,2025-08-30,2025-08,2025-W35,Sat,2,17,4.67,Woodlands,Woodlands,10,88.5,18.95,SGD
drv_wei_sg_13,Wei Jie Lim,stabilizer,2025-08-31,2025-08,2025-W35,Sun,1,8,4.52,Orchard,Orchard Road,11,80.51,17.81,SGD
drv_wei_sg_13,Wei Jie Lim,stabilizer,2025-08-31,2025-08,2025-W35,Sun,2,19,4.38,Woodlands,Woodlands,10,78.02,17.81,SGD
drv_wei_sg_13,Wei Jie Lim,stabilizer,2025-09-01,2025-09,2025-W36,Mon,1,9,5.43,Woodlands,Woodlands,4,73.28,13.5,SGD
drv_wei_sg_13,Wei Jie Lim,stabilizer,2025-09-01,2025-09,2025-W36,Mon,2,17,5.77,Marina_Bay,Marina Bay / Sands,5,77.77,13.48,SGD
drv_wei_sg_13,Wei Jie Lim,stabilizer,2025-09-03,2025-09,2025-W36,Wed,1,11,3.52,Orchard,Orchard Road,12,98.7,28.04,SGD
drv_wei_sg_13,Wei Jie Lim,stabilizer,2025-09-03,2025-09,2025-W36,Wed,2,19,2.68,Orchard,Orchard Road,10,75.14,28.04,SGD
drv_wei_sg_13,Wei Jie Lim,stabilizer,2025-09-04,2025-09,2025-W36,Thu,1,9,5.27,Orchard,Orchard Road,8,78.08,14.82,SGD
drv_wei_sg_13,Wei Jie Lim,stabilizer,2025-09-04,2025-09,2025-W36,Thu,2,19,5.93,Marina_Bay,Marina Bay / Sands,8,87.71,14.79,SGD
drv_wei_sg_13,Wei Jie Lim,stabilizer,2025-09-05,2025-09,2025-W36,Fri,1,8,5.37,Changi_Airport,Changi Airport,8,95.65,17.81,SGD
drv_wei_sg_13,Wei Jie Lim,stabilizer,2025-09-05,2025-09,2025-W36,Fri,2,19,5.53,Woodlands,Woodlands,8,98.61,17.83,SGD
drv_wei_sg_13,Wei Jie Lim,stabilizer,2025-09-06,2025-09,2025-W36,Sat,1,11,3.24,Changi_Airport,Changi Airport,8,111.12,34.3,SGD
drv_wei_sg_13,Wei Jie Lim,stabilizer,2025-09-06,2025-09,2025-W36,Sat,2,19,3.16,Orchard,Orchard Road,8,108.6,34.37,SGD
drv_wei_sg_13,Wei Jie Lim,stabilizer,2025-09-07,2025-09,2025-W36,Sun,1,10,4.36,Woodlands,Woodlands,5,83.6,19.17,SGD
drv_wei_sg_13,Wei Jie Lim,stabilizer,2025-09-07,2025-09,2025-W36,Sun,2,17,3.94,Woodlands,Woodlands,4,75.66,19.2,SGD
drv_wei_sg_13,Wei Jie Lim,stabilizer,2025-09-08,2025-09,2025-W37,Mon,1,9,3.26,Woodlands,Woodlands,11,83.61,25.65,SGD
drv_wei_sg_13,Wei Jie Lim,stabilizer,2025-09-08,2025-09,2025-W37,Mon,2,17,3.14,Changi_Airport,Changi Airport,11,80.69,25.7,SGD
drv_wei_sg_13,Wei Jie Lim,stabilizer,2025-09-10,2025-09,2025-W37,Wed,1,10,5.31,Orchard,Orchard Road,7,73.33,13.81,SGD
drv_wei_sg_13,Wei Jie Lim,stabilizer,2025-09-10,2025-09,2025-W37,Wed,2,17,6.29,Changi_Airport,Changi Airport,8,86.89,13.81,SGD
drv_wei_sg_13,Wei Jie Lim,stabilizer,2025-09-11,2025-09,2025-W37,Thu,1,11,4.82,Woodlands,Woodlands,7,90.41,18.76,SGD
drv_wei_sg_13,Wei Jie Lim,stabilizer,2025-09-11,2025-09,2025-W37,Thu,2,19,4.48,Orchard,Orchard Road,6,84.09,18.77,SGD
drv_wei_sg_13,Wei Jie Lim,stabilizer,2025-09-12,2025-09,2025-W37,Fri,1,11,2.88,Changi_Airport,Changi Airport,10,78.92,27.4,SGD
drv_wei_sg_13,Wei Jie Lim,stabilizer,2025-09-12,2025-09,2025-W37,Fri,2,19,3.42,Marina_Bay,Marina Bay / Sands,11,93.61,27.37,SGD
drv_wei_sg_13,Wei Jie Lim,stabilizer,2025-09-13,2025-09,2025-W37,Sat,1,10,4.14,Changi_Airport,Changi Airport,6,112.21,27.1,SGD
drv_wei_sg_13,Wei Jie Lim,stabilizer,2025-09-13,2025-09,2025-W37,Sat,2,19,4.36,Marina_Bay,Marina Bay / Sands,6,118.31,27.14,SGD
drv_wei_sg_13,Wei Jie Lim,stabilizer,2025-09-14,2025-09,2025-W37,Sun,1,8,3.0,Orchard,Orchard Road,4,81.33,27.11,SGD
drv_wei_sg_13,Wei Jie Lim,stabilizer,2025-09-14,2025-09,2025-W37,Sun,2,18,3.4,Woodlands,Woodlands,5,92.14,27.1,SGD
drv_wei_sg_13,Wei Jie Lim,stabilizer,2025-09-15,2025-09,2025-W38,Mon,1,9,3.33,Changi_Airport,Changi Airport,11,70.5,21.17,SGD
drv_wei_sg_13,Wei Jie Lim,stabilizer,2025-09-15,2025-09,2025-W38,Mon,2,17,3.37,Marina_Bay,Marina Bay / Sands,11,71.28,21.15,SGD
drv_wei_sg_13,Wei Jie Lim,stabilizer,2025-09-17,2025-09,2025-W38,Wed,1,10,3.71,Changi_Airport,Changi Airport,5,62.09,16.74,SGD
drv_wei_sg_13,Wei Jie Lim,stabilizer,2025-09-17,2025-09,2025-W38,Wed,2,19,3.99,Orchard,Orchard Road,6,66.64,16.7,SGD
drv_wei_sg_13,Wei Jie Lim,stabilizer,2025-09-18,2025-09,2025-W38,Thu,1,8,4.17,Changi_Airport,Changi Airport,10,64.6,15.49,SGD
drv_wei_sg_13,Wei Jie Lim,stabilizer,2025-09-18,2025-09,2025-W38,Thu,2,19,4.53,Orchard,Orchard Road,11,70.15,15.49,SGD
drv_wei_sg_13,Wei Jie Lim,stabilizer,2025-09-19,2025-09,2025-W38,Fri,1,9,4.89,Woodlands,Woodlands,11,90.22,18.45,SGD
drv_wei_sg_13,Wei Jie Lim,stabilizer,2025-09-19,2025-09,2025-W38,Fri,2,18,5.81,Orchard,Orchard Road,13,107.13,18.44,SGD
drv_wei_sg_13,Wei Jie Lim,stabilizer,2025-09-20,2025-09,2025-W38,Sat,1,11,5.94,Marina_Bay,Marina Bay / Sands,5,91.69,15.44,SGD
drv_wei_sg_13,Wei Jie Lim,stabilizer,2025-09-20,2025-09,2025-W38,Sat,2,18,6.06,Woodlands,Woodlands,5,93.5,15.43,SGD
drv_wei_sg_13,Wei Jie Lim,stabilizer,2025-09-21,2025-09,2025-W38,Sun,1,9,4.03,Orchard,Orchard Road,8,75.85,18.82,SGD
drv_wei_sg_13,Wei Jie Lim,stabilizer,2025-09-21,2025-09,2025-W38,Sun,2,17,4.17,Woodlands,Woodlands,9,78.54,18.83,SGD
drv_wei_sg_13,Wei Jie Lim,stabilizer,2025-09-22,2025-09,2025-W39,Mon,1,8,3.67,Changi_Airport,Changi Airport,6,59.62,16.25,SGD
drv_wei_sg_13,Wei Jie Lim,stabilizer,2025-09-22,2025-09,2025-W39,Mon,2,18,3.73,Orchard,Orchard Road,6,60.68,16.27,SGD
drv_wei_sg_13,Wei Jie Lim,stabilizer,2025-09-24,2025-09,2025-W39,Wed,1,8,6.39,Woodlands,Woodlands,5,101.36,15.86,SGD
drv_wei_sg_13,Wei Jie Lim,stabilizer,2025-09-24,2025-09,2025-W39,Wed,2,17,4.71,Orchard,Orchard Road,3,74.72,15.86,SGD
drv_wei_sg_13,Wei Jie Lim,stabilizer,2025-09-25,2025-09,2025-W39,Thu,1,8,5.17,Changi_Airport,Changi Airport,10,64.58,12.49,SGD
drv_wei_sg_13,Wei Jie Lim,stabilizer,2025-09-25,2025-09,2025-W39,Thu,2,19,6.13,Woodlands,Woodlands,12,76.57,12.49,SGD
drv_wei_sg_13,Wei Jie Lim,stabilizer,2025-09-26,2025-09,2025-W39,Fri,1,8,2.63,Marina_Bay,Marina Bay / Sands,10,97.04,36.9,SGD
drv_wei_sg_13,Wei Jie Lim,stabilizer,2025-09-26,2025-09,2025-W39,Fri,2,17,3.47,Marina_Bay,Marina Bay / Sands,14,127.89,36.86,SGD
drv_wei_sg_13,Wei Jie Lim,stabilizer,2025-09-27,2025-09,2025-W39,Sat,1,11,5.22,Orchard,Orchard Road,9,102.17,19.57,SGD
drv_wei_sg_13,Wei Jie Lim,stabilizer,2025-09-27,2025-09,2025-W39,Sat,2,19,4.28,Marina_Bay,Marina Bay / Sands,8,83.83,19.59,SGD
drv_wei_sg_13,Wei Jie Lim,stabilizer,2025-09-28,2025-09,2025-W39,Sun,1,9,4.8,Woodlands,Woodlands,9,99.24,20.68,SGD
drv_wei_sg_13,Wei Jie Lim,stabilizer,2025-09-28,2025-09,2025-W39,Sun,2,18,3.3,Changi_Airport,Changi Airport,7,68.17,20.66,SGD
drv_wei_sg_13,Wei Jie Lim,stabilizer,2025-09-29,2025-09,2025-W40,Mon,1,10,3.12,Woodlands,Woodlands,4,51.04,16.36,SGD
drv_wei_sg_13,Wei Jie Lim,stabilizer,2025-09-29,2025-09,2025-W40,Mon,2,18,3.78,Marina_Bay,Marina Bay / Sands,5,61.85,16.36,SGD
drv_wei_sg_13,Wei Jie Lim,stabilizer,2025-10-01,2025-10,2025-W40,Wed,1,9,4.09,Orchard,Orchard Road,9,73.24,17.91,SGD
drv_wei_sg_13,Wei Jie Lim,stabilizer,2025-10-01,2025-10,2025-W40,Wed,2,18,4.01,Woodlands,Woodlands,9,71.89,17.93,SGD
drv_wei_sg_13,Wei Jie Lim,stabilizer,2025-10-02,2025-10,2025-W40,Thu,1,11,5.64,Orchard,Orchard Road,5,93.75,16.62,SGD
drv_wei_sg_13,Wei Jie Lim,stabilizer,2025-10-02,2025-10,2025-W40,Thu,2,17,5.36,Changi_Airport,Changi Airport,5,89.15,16.63,SGD
drv_wei_sg_13,Wei Jie Lim,stabilizer,2025-10-03,2025-10,2025-W40,Fri,1,9,6.01,Marina_Bay,Marina Bay / Sands,7,90.66,15.08,SGD
drv_wei_sg_13,Wei Jie Lim,stabilizer,2025-10-03,2025-10,2025-W40,Fri,2,17,4.89,Woodlands,Woodlands,6,73.72,15.08,SGD
drv_wei_sg_13,Wei Jie Lim,stabilizer,2025-10-04,2025-10,2025-W40,Sat,1,9,2.96,Marina_Bay,Marina Bay / Sands,7,115.65,39.07,SGD
drv_wei_sg_13,Wei Jie Lim,stabilizer,2025-10-04,2025-10,2025-W40,Sat,2,17,3.24,Changi_Airport,Changi Airport,8,126.81,39.14,SGD
drv_wei_sg_13,Wei Jie Lim,stabilizer,2025-10-05,2025-10,2025-W40,Sun,1,10,3.05,Changi_Airport,Changi Airport,4,69.24,22.7,SGD
drv_wei_sg_13,Wei Jie Lim,stabilizer,2025-10-05,2025-10,2025-W40,Sun,2,17,3.15,Orchard,Orchard Road,5,71.74,22.77,SGD
drv_wei_sg_13,Wei Jie Lim,stabilizer,2025-10-06,2025-10,2025-W41,Mon,1,10,4.94,Changi_Airport,Changi Airport,7,61.13,12.37,SGD
drv_wei_sg_13,Wei Jie Lim,stabilizer,2025-10-06,2025-10,2025-W41,Mon,2,17,6.46,Marina_Bay,Marina Bay / Sands,9,79.89,12.37,SGD
drv_wei_sg_13,Wei Jie Lim,stabilizer,2025-10-08,2025-10,2025-W41,Wed,1,10,5.51,Marina_Bay,Marina Bay / Sands,8,68.54,12.44,SGD
drv_wei_sg_13,Wei Jie Lim,stabilizer,2025-10-08,2025-10,2025-W41,Wed,2,18,5.49,Changi_Airport,Changi Airport,7,68.3,12.44,SGD
drv_wei_sg_13,Wei Jie Lim,stabilizer,2025-10-09,2025-10,2025-W41,Thu,1,8,6.55,Marina_Bay,Marina Bay / Sands,9,112.58,17.19,SGD
drv_wei_sg_13,Wei Jie Lim,stabilizer,2025-10-09,2025-10,2025-W41,Thu,2,19,5.25,Changi_Airport,Changi Airport,8,90.13,17.17,SGD
drv_wei_sg_13,Wei Jie Lim,stabilizer,2025-10-10,2025-10,2025-W41,Fri,1,9,4.46,Woodlands,Woodlands,5,109.62,24.58,SGD
drv_wei_sg_13,Wei Jie Lim,stabilizer,2025-10-10,2025-10,2025-W41,Fri,2,19,4.94,Changi_Airport,Changi Airport,6,121.21,24.54,SGD
drv_wei_sg_13,Wei Jie Lim,stabilizer,2025-10-11,2025-10,2025-W41,Sat,1,9,4.11,Marina_Bay,Marina Bay / Sands,7,107.54,26.17,SGD
drv_wei_sg_13,Wei Jie Lim,stabilizer,2025-10-11,2025-10,2025-W41,Sat,2,17,4.49,Orchard,Orchard Road,8,117.39,26.14,SGD
drv_wei_sg_13,Wei Jie Lim,stabilizer,2025-10-12,2025-10,2025-W41,Sun,1,11,4.57,Changi_Airport,Changi Airport,10,112.16,24.54,SGD
drv_wei_sg_13,Wei Jie Lim,stabilizer,2025-10-12,2025-10,2025-W41,Sun,2,19,4.03,Marina_Bay,Marina Bay / Sands,8,98.96,24.56,SGD
drv_wei_sg_13,Wei Jie Lim,stabilizer,2025-10-13,2025-10,2025-W42,Mon,1,9,5.83,Woodlands,Woodlands,12,57.98,9.95,SGD
drv_wei_sg_13,Wei Jie Lim,stabilizer,2025-10-13,2025-10,2025-W42,Mon,2,19,5.77,Woodlands,Woodlands,11,57.44,9.95,SGD
drv_wei_sg_13,Wei Jie Lim,stabilizer,2025-10-15,2025-10,2025-W42,Wed,1,8,5.41,Marina_Bay,Marina Bay / Sands,12,71.92,13.29,SGD
drv_wei_sg_13,Wei Jie Lim,stabilizer,2025-10-15,2025-10,2025-W42,Wed,2,17,4.89,Changi_Airport,Changi Airport,10,64.98,13.29,SGD
drv_wei_sg_13,Wei Jie Lim,stabilizer,2025-10-16,2025-10,2025-W42,Thu,1,11,3.96,Marina_Bay,Marina Bay / Sands,6,77.81,19.65,SGD
drv_wei_sg_13,Wei Jie Lim,stabilizer,2025-10-16,2025-10,2025-W42,Thu,2,19,4.34,Marina_Bay,Marina Bay / Sands,7,85.29,19.65,SGD
drv_wei_sg_13,Wei Jie Lim,stabilizer,2025-10-17,2025-10,2025-W42,Fri,1,10,5.48,Orchard,Orchard Road,7,97.65,17.82,SGD
drv_wei_sg_13,Wei Jie Lim,stabilizer,2025-10-17,2025-10,2025-W42,Fri,2,19,5.22,Orchard,Orchard Road,6,92.99,17.81,SGD
drv_wei_sg_13,Wei Jie Lim,stabilizer,2025-10-18,2025-10,2025-W42,Sat,1,10,4.4,Marina_Bay,Marina Bay / Sands,12,103.73,23.57,SGD
drv_wei_sg_13,Wei Jie Lim,stabilizer,2025-10-18,2025-10,2025-W42,Sat,2,17,4.6,Marina_Bay,Marina Bay / Sands,12,108.47,23.58,SGD
drv_wei_sg_13,Wei Jie Lim,stabilizer,2025-10-19,2025-10,2025-W42,Sun,1,8,6.01,Changi_Airport,Changi Airport,9,100.03,16.64,SGD
drv_wei_sg_13,Wei Jie Lim,stabilizer,2025-10-19,2025-10,2025-W42,Sun,2,19,4.39,Changi_Airport,Changi Airport,7,73.08,16.65,SGD
drv_wei_sg_13,Wei Jie Lim,stabilizer,2025-10-20,2025-10,2025-W43,Mon,1,9,6.07,Woodlands,Woodlands,7,71.15,11.72,SGD
drv_wei_sg_13,Wei Jie Lim,stabilizer,2025-10-20,2025-10,2025-W43,Mon,2,19,5.83,Woodlands,Woodlands,6,68.39,11.73,SGD
drv_wei_sg_13,Wei Jie Lim,stabilizer,2025-10-22,2025-10,2025-W43,Wed,1,10,3.69,Marina_Bay,Marina Bay / Sands,6,65.39,17.72,SGD
drv_wei_sg_13,Wei Jie Lim,stabilizer,2025-10-22,2025-10,2025-W43,Wed,2,19,4.81,Changi_Airport,Changi Airport,8,85.39,17.75,SGD
drv_wei_sg_13,Wei Jie Lim,stabilizer,2025-10-23,2025-10,2025-W43,Thu,1,10,4.89,Marina_Bay,Marina Bay / Sands,4,80.52,16.47,SGD
drv_wei_sg_13,Wei Jie Lim,stabilizer,2025-10-23,2025-10,2025-W43,Thu,2,17,4.41,Orchard,Orchard Road,4,72.46,16.43,SGD
drv_wei_sg_13,Wei Jie Lim,stabilizer,2025-10-24,2025-10,2025-W43,Fri,1,8,4.95,Changi_Airport,Changi Airport,10,97.1,19.62,SGD
drv_wei_sg_13,Wei Jie Lim,stabilizer,2025-10-24,2025-10,2025-W43,Fri,2,19,4.35,Orchard,Orchard Road,8,85.37,19.63,SGD
drv_wei_sg_13,Wei Jie Lim,stabilizer,2025-10-25,2025-10,2025-W43,Sat,1,9,5.54,Woodlands,Woodlands,13,141.67,25.57,SGD
drv_wei_sg_13,Wei Jie Lim,stabilizer,2025-10-25,2025-10,2025-W43,Sat,2,19,4.16,Marina_Bay,Marina Bay / Sands,9,106.4,25.58,SGD
drv_wei_sg_13,Wei Jie Lim,stabilizer,2025-10-26,2025-10,2025-W43,Sun,1,8,4.51,Changi_Airport,Changi Airport,6,79.6,17.65,SGD
drv_wei_sg_13,Wei Jie Lim,stabilizer,2025-10-26,2025-10,2025-W43,Sun,2,19,5.29,Marina_Bay,Marina Bay / Sands,8,93.33,17.64,SGD
drv_wei_sg_13,Wei Jie Lim,stabilizer,2025-10-27,2025-10,2025-W44,Mon,1,8,5.35,Woodlands,Woodlands,6,64.37,12.03,SGD
drv_wei_sg_13,Wei Jie Lim,stabilizer,2025-10-27,2025-10,2025-W44,Mon,2,17,5.05,Changi_Airport,Changi Airport,5,60.85,12.05,SGD
drv_wei_sg_13,Wei Jie Lim,stabilizer,2025-10-29,2025-10,2025-W44,Wed,1,8,4.34,Orchard,Orchard Road,10,84.26,19.41,SGD
drv_wei_sg_13,Wei Jie Lim,stabilizer,2025-10-29,2025-10,2025-W44,Wed,2,18,4.06,Marina_Bay,Marina Bay / Sands,10,78.99,19.46,SGD
drv_wei_sg_13,Wei Jie Lim,stabilizer,2025-10-30,2025-10,2025-W44,Thu,1,8,3.55,Changi_Airport,Changi Airport,5,95.7,26.96,SGD
drv_wei_sg_13,Wei Jie Lim,stabilizer,2025-10-30,2025-10,2025-W44,Thu,2,17,3.05,Woodlands,Woodlands,4,82.44,27.03,SGD
drv_wei_sg_13,Wei Jie Lim,stabilizer,2025-10-31,2025-10,2025-W44,Fri,1,8,3.15,Woodlands,Woodlands,10,95.9,30.44,SGD
drv_wei_sg_13,Wei Jie Lim,stabilizer,2025-10-31,2025-10,2025-W44,Fri,2,18,3.35,Changi_Airport,Changi Airport,11,102.23,30.52,SGD
drv_wei_sg_13,Wei Jie Lim,stabilizer,2025-11-01,2025-11,2025-W44,Sat,1,8,4.59,Orchard,Orchard Road,8,98.63,21.49,SGD
drv_wei_sg_13,Wei Jie Lim,stabilizer,2025-11-01,2025-11,2025-W44,Sat,2,18,4.31,Changi_Airport,Changi Airport,7,92.44,21.45,SGD
drv_wei_sg_13,Wei Jie Lim,stabilizer,2025-11-02,2025-11,2025-W44,Sun,1,10,5.53,Orchard,Orchard Road,8,105.0,18.99,SGD
drv_wei_sg_13,Wei Jie Lim,stabilizer,2025-11-02,2025-11,2025-W44,Sun,2,17,5.27,Marina_Bay,Marina Bay / Sands,7,100.15,19.0,SGD
drv_wei_sg_13,Wei Jie Lim,stabilizer,2025-11-03,2025-11,2025-W45,Mon,1,8,4.52,Orchard,Orchard Road,6,73.28,16.21,SGD
drv_wei_sg_13,Wei Jie Lim,stabilizer,2025-11-03,2025-11,2025-W45,Mon,2,17,4.48,Marina_Bay,Marina Bay / Sands,6,72.68,16.22,SGD
drv_wei_sg_13,Wei Jie Lim,stabilizer,2025-11-05,2025-11,2025-W45,Wed,1,9,2.94,Woodlands,Woodlands,10,80.87,27.51,SGD
drv_wei_sg_13,Wei Jie Lim,stabilizer,2025-11-05,2025-11,2025-W45,Wed,2,17,3.56,Orchard,Orchard Road,13,97.7,27.44,SGD
drv_wei_sg_13,Wei Jie Lim,stabilizer,2025-11-06,2025-11,2025-W45,Thu,1,9,5.14,Marina_Bay,Marina Bay / Sands,11,89.87,17.48,SGD
drv_wei_sg_13,Wei Jie Lim,stabilizer,2025-11-06,2025-11,2025-W45,Thu,2,19,5.96,Orchard,Orchard Road,12,104.3,17.5,SGD
drv_wei_sg_13,Wei Jie Lim,stabilizer,2025-11-07,2025-11,2025-W45,Fri,1,9,4.69,Marina_Bay,Marina Bay / Sands,11,117.94,25.15,SGD
drv_wei_sg_13,Wei Jie Lim,stabilizer,2025-11-07,2025-11,2025-W45,Fri,2,19,4.11,Orchard,Orchard Road,9,103.45,25.17,SGD
drv_wei_sg_13,Wei Jie Lim,stabilizer,2025-11-08,2025-11,2025-W45,Sat,1,9,5.23,Changi_Airport,Changi Airport,8,86.03,16.45,SGD
drv_wei_sg_13,Wei Jie Lim,stabilizer,2025-11-08,2025-11,2025-W45,Sat,2,19,5.97,Changi_Airport,Changi Airport,10,98.04,16.42,SGD
drv_wei_sg_13,Wei Jie Lim,stabilizer,2025-11-09,2025-11,2025-W45,Sun,1,11,3.75,Marina_Bay,Marina Bay / Sands,6,103.97,27.73,SGD
drv_wei_sg_13,Wei Jie Lim,stabilizer,2025-11-09,2025-11,2025-W45,Sun,2,18,3.05,Orchard,Orchard Road,4,84.57,27.73,SGD
drv_wei_sg_13,Wei Jie Lim,stabilizer,2025-11-10,2025-11,2025-W46,Mon,1,9,5.66,Changi_Airport,Changi Airport,9,76.07,13.44,SGD
drv_wei_sg_13,Wei Jie Lim,stabilizer,2025-11-10,2025-11,2025-W46,Mon,2,18,6.24,Orchard,Orchard Road,9,83.79,13.43,SGD
drv_wei_sg_13,Wei Jie Lim,stabilizer,2025-11-12,2025-11,2025-W46,Wed,1,11,5.05,Marina_Bay,Marina Bay / Sands,6,96.08,19.03,SGD
drv_wei_sg_13,Wei Jie Lim,stabilizer,2025-11-12,2025-11,2025-W46,Wed,2,19,4.25,Changi_Airport,Changi Airport,5,80.85,19.02,SGD
drv_wei_sg_13,Wei Jie Lim,stabilizer,2025-11-13,2025-11,2025-W46,Thu,1,8,3.72,Woodlands,Woodlands,10,96.27,25.88,SGD
drv_wei_sg_13,Wei Jie Lim,stabilizer,2025-11-13,2025-11,2025-W46,Thu,2,19,3.58,Orchard,Orchard Road,10,92.67,25.89,SGD
drv_wei_sg_13,Wei Jie Lim,stabilizer,2025-11-14,2025-11,2025-W46,Fri,1,8,5.21,Marina_Bay,Marina Bay / Sands,10,82.06,15.75,SGD
drv_wei_sg_13,Wei Jie Lim,stabilizer,2025-11-14,2025-11,2025-W46,Fri,2,19,6.29,Woodlands,Woodlands,11,98.97,15.73,SGD
drv_wei_sg_13,Wei Jie Lim,stabilizer,2025-11-15,2025-11,2025-W46,Sat,1,9,3.15,Woodlands,Woodlands,8,100.68,31.96,SGD
drv_wei_sg_13,Wei Jie Lim,stabilizer,2025-11-15,2025-11,2025-W46,Sat,2,17,4.05,Orchard,Orchard Road,11,129.5,31.98,SGD
drv_wei_sg_13,Wei Jie Lim,stabilizer,2025-11-16,2025-11,2025-W46,Sun,1,9,5.25,Changi_Airport,Changi Airport,7,87.38,16.64,SGD
drv_wei_sg_13,Wei Jie Lim,stabilizer,2025-11-16,2025-11,2025-W46,Sun,2,18,5.15,Marina_Bay,Marina Bay / Sands,7,85.56,16.61,SGD
drv_wei_sg_13,Wei Jie Lim,stabilizer,2025-11-17,2025-11,2025-W47,Mon,1,11,3.71,Orchard,Orchard Road,6,88.33,23.81,SGD
drv_wei_sg_13,Wei Jie Lim,stabilizer,2025-11-17,2025-11,2025-W47,Mon,2,19,2.69,Changi_Airport,Changi Airport,5,64.11,23.83,SGD
drv_wei_sg_13,Wei Jie Lim,stabilizer,2025-11-19,2025-11,2025-W47,Wed,1,9,3.82,Woodlands,Woodlands,7,111.73,29.25,SGD
drv_wei_sg_13,Wei Jie Lim,stabilizer,2025-11-19,2025-11,2025-W47,Wed,2,17,3.08,Woodlands,Woodlands,6,90.15,29.27,SGD
drv_wei_sg_13,Wei Jie Lim,stabilizer,2025-11-20,2025-11,2025-W47,Thu,1,10,3.79,Marina_Bay,Marina Bay / Sands,8,81.44,21.49,SGD
drv_wei_sg_13,Wei Jie Lim,stabilizer,2025-11-20,2025-11,2025-W47,Thu,2,18,5.31,Orchard,Orchard Road,12,113.98,21.47,SGD
drv_wei_sg_13,Wei Jie Lim,stabilizer,2025-11-21,2025-11,2025-W47,Fri,1,9,5.24,Marina_Bay,Marina Bay / Sands,10,114.57,21.86,SGD
drv_wei_sg_13,Wei Jie Lim,stabilizer,2025-11-21,2025-11,2025-W47,Fri,2,17,5.16,Woodlands,Woodlands,10,113.01,21.9,SGD
drv_wei_sg_13,Wei Jie Lim,stabilizer,2025-11-22,2025-11,2025-W47,Sat,1,8,3.97,Changi_Airport,Changi Airport,6,140.84,35.48,SGD
drv_wei_sg_13,Wei Jie Lim,stabilizer,2025-11-22,2025-11,2025-W47,Sat,2,19,3.13,Marina_Bay,Marina Bay / Sands,5,111.35,35.58,SGD
drv_wei_sg_13,Wei Jie Lim,stabilizer,2025-11-23,2025-11,2025-W47,Sun,1,11,3.32,Orchard,Orchard Road,4,81.8,24.64,SGD
drv_wei_sg_13,Wei Jie Lim,stabilizer,2025-11-23,2025-11,2025-W47,Sun,2,19,2.98,Marina_Bay,Marina Bay / Sands,4,73.34,24.61,SGD
drv_wei_sg_13,Wei Jie Lim,stabilizer,2025-11-24,2025-11,2025-W48,Mon,1,10,5.95,Orchard,Orchard Road,11,81.24,13.65,SGD
drv_wei_sg_13,Wei Jie Lim,stabilizer,2025-11-24,2025-11,2025-W48,Mon,2,18,4.65,Orchard,Orchard Road,8,63.42,13.64,SGD
drv_wei_sg_13,Wei Jie Lim,stabilizer,2025-11-26,2025-11,2025-W48,Wed,1,11,3.66,Orchard,Orchard Road,10,71.63,19.57,SGD
drv_wei_sg_13,Wei Jie Lim,stabilizer,2025-11-26,2025-11,2025-W48,Wed,2,17,3.54,Woodlands,Woodlands,9,69.45,19.62,SGD
drv_wei_sg_13,Wei Jie Lim,stabilizer,2025-11-27,2025-11,2025-W48,Thu,1,11,5.0,Woodlands,Woodlands,6,66.89,13.38,SGD
drv_wei_sg_13,Wei Jie Lim,stabilizer,2025-11-27,2025-11,2025-W48,Thu,2,18,5.0,Woodlands,Woodlands,6,66.93,13.39,SGD
drv_wei_sg_13,Wei Jie Lim,stabilizer,2025-11-28,2025-11,2025-W48,Fri,1,9,4.28,Woodlands,Woodlands,10,123.55,28.87,SGD
drv_wei_sg_13,Wei Jie Lim,stabilizer,2025-11-28,2025-11,2025-W48,Fri,2,19,3.62,Changi_Airport,Changi Airport,8,104.67,28.91,SGD
drv_wei_sg_13,Wei Jie Lim,stabilizer,2025-11-29,2025-11,2025-W48,Sat,1,9,4.11,Woodlands,Woodlands,8,115.64,28.14,SGD
drv_wei_sg_13,Wei Jie Lim,stabilizer,2025-11-29,2025-11,2025-W48,Sat,2,19,3.89,Woodlands,Woodlands,8,109.31,28.1,SGD
drv_wei_sg_13,Wei Jie Lim,stabilizer,2025-11-30,2025-11,2025-W48,Sun,1,9,3.94,Orchard,Orchard Road,11,80.13,20.34,SGD
drv_wei_sg_13,Wei Jie Lim,stabilizer,2025-11-30,2025-11,2025-W48,Sun,2,19,3.66,Marina_Bay,Marina Bay / Sands,11,74.27,20.29,SGD
drv_wei_sg_13,Wei Jie Lim,stabilizer,2025-12-01,2025-12,2025-W49,Mon,1,11,5.83,Marina_Bay,Marina Bay / Sands,12,81.6,14.0,SGD
drv_wei_sg_13,Wei Jie Lim,stabilizer,2025-12-01,2025-12,2025-W49,Mon,2,18,5.77,Woodlands,Woodlands,12,80.69,13.98,SGD
drv_wei_sg_13,Wei Jie Lim,stabilizer,2025-12-03,2025-12,2025-W49,Wed,1,11,3.49,Marina_Bay,Marina Bay / Sands,8,71.05,20.36,SGD
drv_wei_sg_13,Wei Jie Lim,stabilizer,2025-12-03,2025-12,2025-W49,Wed,2,17,4.81,Changi_Airport,Changi Airport,12,97.69,20.31,SGD
drv_wei_sg_13,Wei Jie Lim,stabilizer,2025-12-04,2025-12,2025-W49,Thu,1,9,6.71,Woodlands,Woodlands,10,88.11,13.13,SGD
drv_wei_sg_13,Wei Jie Lim,stabilizer,2025-12-04,2025-12,2025-W49,Thu,2,18,4.89,Marina_Bay,Marina Bay / Sands,7,64.28,13.15,SGD
drv_wei_sg_13,Wei Jie Lim,stabilizer,2025-12-05,2025-12,2025-W49,Fri,1,8,5.82,Marina_Bay,Marina Bay / Sands,10,95.69,16.44,SGD
drv_wei_sg_13,Wei Jie Lim,stabilizer,2025-12-05,2025-12,2025-W49,Fri,2,19,5.38,Changi_Airport,Changi Airport,10,88.55,16.46,SGD
drv_wei_sg_13,Wei Jie Lim,stabilizer,2025-12-06,2025-12,2025-W49,Sat,1,8,5.89,Woodlands,Woodlands,9,76.6,13.01,SGD
drv_wei_sg_13,Wei Jie Lim,stabilizer,2025-12-06,2025-12,2025-W49,Sat,2,19,5.21,Orchard,Orchard Road,8,67.84,13.02,SGD
drv_wei_sg_13,Wei Jie Lim,stabilizer,2025-12-07,2025-12,2025-W49,Sun,1,9,3.36,Woodlands,Woodlands,11,97.97,29.16,SGD
drv_wei_sg_13,Wei Jie Lim,stabilizer,2025-12-07,2025-12,2025-W49,Sun,2,18,2.84,Woodlands,Woodlands,10,83.01,29.23,SGD
drv_wei_sg_13,Wei Jie Lim,stabilizer,2025-12-08,2025-12,2025-W50,Mon,1,11,5.18,Orchard,Orchard Road,4,60.49,11.68,SGD
drv_wei_sg_13,Wei Jie Lim,stabilizer,2025-12-08,2025-12,2025-W50,Mon,2,18,5.82,Changi_Airport,Changi Airport,4,67.88,11.66,SGD
drv_wei_sg_13,Wei Jie Lim,stabilizer,2025-12-10,2025-12,2025-W50,Wed,1,9,4.63,Marina_Bay,Marina Bay / Sands,10,80.35,17.35,SGD
drv_wei_sg_13,Wei Jie Lim,stabilizer,2025-12-10,2025-12,2025-W50,Wed,2,17,4.87,Orchard,Orchard Road,10,84.38,17.33,SGD
drv_wei_sg_13,Wei Jie Lim,stabilizer,2025-12-11,2025-12,2025-W50,Thu,1,8,6.48,Changi_Airport,Changi Airport,13,103.52,15.98,SGD
drv_wei_sg_13,Wei Jie Lim,stabilizer,2025-12-11,2025-12,2025-W50,Thu,2,17,5.22,Marina_Bay,Marina Bay / Sands,11,83.3,15.96,SGD
drv_wei_sg_13,Wei Jie Lim,stabilizer,2025-12-12,2025-12,2025-W50,Fri,1,11,4.64,Marina_Bay,Marina Bay / Sands,10,76.73,16.54,SGD
drv_wei_sg_13,Wei Jie Lim,stabilizer,2025-12-12,2025-12,2025-W50,Fri,2,17,5.16,Woodlands,Woodlands,11,85.29,16.53,SGD
drv_wei_sg_13,Wei Jie Lim,stabilizer,2025-12-13,2025-12,2025-W50,Sat,1,11,2.92,Orchard,Orchard Road,6,74.45,25.5,SGD
drv_wei_sg_13,Wei Jie Lim,stabilizer,2025-12-13,2025-12,2025-W50,Sat,2,17,3.88,Changi_Airport,Changi Airport,7,99.13,25.55,SGD
drv_wei_sg_13,Wei Jie Lim,stabilizer,2025-12-14,2025-12,2025-W50,Sun,1,10,4.57,Woodlands,Woodlands,11,97.92,21.43,SGD
drv_wei_sg_13,Wei Jie Lim,stabilizer,2025-12-14,2025-12,2025-W50,Sun,2,19,4.03,Changi_Airport,Changi Airport,10,86.18,21.38,SGD
drv_wei_sg_13,Wei Jie Lim,stabilizer,2025-12-15,2025-12,2025-W51,Mon,1,10,4.47,Marina_Bay,Marina Bay / Sands,9,76.62,17.14,SGD
drv_wei_sg_13,Wei Jie Lim,stabilizer,2025-12-15,2025-12,2025-W51,Mon,2,19,3.93,Woodlands,Woodlands,7,67.32,17.13,SGD
drv_wei_sg_13,Wei Jie Lim,stabilizer,2025-12-17,2025-12,2025-W51,Wed,1,10,3.06,Changi_Airport,Changi Airport,4,89.68,29.31,SGD
drv_wei_sg_13,Wei Jie Lim,stabilizer,2025-12-17,2025-12,2025-W51,Wed,2,18,3.14,Orchard,Orchard Road,4,92.06,29.32,SGD
drv_wei_sg_13,Wei Jie Lim,stabilizer,2025-12-18,2025-12,2025-W51,Thu,1,9,3.54,Marina_Bay,Marina Bay / Sands,5,108.73,30.71,SGD
drv_wei_sg_13,Wei Jie Lim,stabilizer,2025-12-18,2025-12,2025-W51,Thu,2,19,2.66,Marina_Bay,Marina Bay / Sands,4,81.84,30.77,SGD
drv_wei_sg_13,Wei Jie Lim,stabilizer,2025-12-19,2025-12,2025-W51,Fri,1,9,3.4,Marina_Bay,Marina Bay / Sands,6,95.21,28.0,SGD
drv_wei_sg_13,Wei Jie Lim,stabilizer,2025-12-19,2025-12,2025-W51,Fri,2,17,3.8,Woodlands,Woodlands,6,106.41,28.0,SGD
drv_wei_sg_13,Wei Jie Lim,stabilizer,2025-12-20,2025-12,2025-W51,Sat,1,11,4.83,Marina_Bay,Marina Bay / Sands,5,122.36,25.33,SGD
drv_wei_sg_13,Wei Jie Lim,stabilizer,2025-12-20,2025-12,2025-W51,Sat,2,18,4.17,Woodlands,Woodlands,5,105.85,25.38,SGD
drv_wei_sg_13,Wei Jie Lim,stabilizer,2025-12-21,2025-12,2025-W51,Sun,1,10,4.94,Changi_Airport,Changi Airport,6,74.28,15.04,SGD
drv_wei_sg_13,Wei Jie Lim,stabilizer,2025-12-21,2025-12,2025-W51,Sun,2,18,4.66,Changi_Airport,Changi Airport,5,69.92,15.0,SGD
drv_wei_sg_13,Wei Jie Lim,stabilizer,2025-12-22,2025-12,2025-W52,Mon,1,10,3.19,Changi_Airport,Changi Airport,7,98.86,30.99,SGD
drv_wei_sg_13,Wei Jie Lim,stabilizer,2025-12-22,2025-12,2025-W52,Mon,2,19,2.91,Changi_Airport,Changi Airport,7,90.12,30.97,SGD
drv_wei_sg_13,Wei Jie Lim,stabilizer,2025-12-24,2025-12,2025-W52,Wed,1,11,3.94,Changi_Airport,Changi Airport,5,96.4,24.47,SGD
drv_wei_sg_13,Wei Jie Lim,stabilizer,2025-12-24,2025-12,2025-W52,Wed,2,18,5.56,Woodlands,Woodlands,7,136.1,24.48,SGD
drv_wei_sg_13,Wei Jie Lim,stabilizer,2025-12-25,2025-12,2025-W52,Thu,1,10,4.52,Changi_Airport,Changi Airport,7,104.95,23.22,SGD
drv_wei_sg_13,Wei Jie Lim,stabilizer,2025-12-25,2025-12,2025-W52,Thu,2,18,4.08,Orchard,Orchard Road,6,94.81,23.24,SGD
drv_wei_sg_13,Wei Jie Lim,stabilizer,2025-12-26,2025-12,2025-W52,Fri,1,9,5.67,Orchard,Orchard Road,12,160.56,28.32,SGD
drv_wei_sg_13,Wei Jie Lim,stabilizer,2025-12-26,2025-12,2025-W52,Fri,2,19,4.23,Marina_Bay,Marina Bay / Sands,9,119.79,28.32,SGD
drv_wei_sg_13,Wei Jie Lim,stabilizer,2025-12-27,2025-12,2025-W52,Sat,1,8,4.93,Orchard,Orchard Road,12,147.12,29.84,SGD
drv_wei_sg_13,Wei Jie Lim,stabilizer,2025-12-27,2025-12,2025-W52,Sat,2,17,4.67,Marina_Bay,Marina Bay / Sands,12,139.6,29.89,SGD
drv_wei_sg_13,Wei Jie Lim,stabilizer,2025-12-28,2025-12,2025-W52,Sun,1,9,3.63,Orchard,Orchard Road,9,86.96,23.96,SGD
drv_wei_sg_13,Wei Jie Lim,stabilizer,2025-12-28,2025-12,2025-W52,Sun,2,18,4.77,Changi_Airport,Changi Airport,12,114.01,23.9,SGD
drv_wei_sg_13,Wei Jie Lim,stabilizer,2025-12-29,2025-12,2026-W01,Mon,1,9,3.79,Orchard,Orchard Road,8,97.88,25.83,SGD
drv_wei_sg_13,Wei Jie Lim,stabilizer,2025-12-29,2025-12,2026-W01,Mon,2,19,3.41,Woodlands,Woodlands,8,88.29,25.89,SGD
drv_wei_sg_13,Wei Jie Lim,stabilizer,2025-12-31,2025-12,2026-W01,Wed,1,9,4.06,Changi_Airport,Changi Airport,5,92.61,22.81,SGD
drv_wei_sg_13,Wei Jie Lim,stabilizer,2025-12-31,2025-12,2026-W01,Wed,2,19,3.74,Marina_Bay,Marina Bay / Sands,5,85.34,22.82,SGD
drv_wei_sg_13,Wei Jie Lim,stabilizer,2026-01-01,2026-01,2026-W01,Thu,1,11,4.75,Changi_Airport,Changi Airport,4,100.11,21.08,SGD
drv_wei_sg_13,Wei Jie Lim,stabilizer,2026-01-01,2026-01,2026-W01,Thu,2,17,4.65,Changi_Airport,Changi Airport,4,97.97,21.07,SGD
drv_wei_sg_13,Wei Jie Lim,stabilizer,2026-01-02,2026-01,2026-W01,Fri,1,9,4.47,Woodlands,Woodlands,9,141.16,31.58,SGD
drv_wei_sg_13,Wei Jie Lim,stabilizer,2026-01-02,2026-01,2026-W01,Fri,2,18,4.53,Woodlands,Woodlands,10,143.3,31.63,SGD
drv_wei_sg_13,Wei Jie Lim,stabilizer,2026-01-03,2026-01,2026-W01,Sat,1,9,4.63,Marina_Bay,Marina Bay / Sands,8,123.74,26.73,SGD
drv_wei_sg_13,Wei Jie Lim,stabilizer,2026-01-03,2026-01,2026-W01,Sat,2,18,4.27,Marina_Bay,Marina Bay / Sands,7,113.9,26.67,SGD
drv_wei_sg_13,Wei Jie Lim,stabilizer,2026-01-04,2026-01,2026-W01,Sun,1,9,3.39,Woodlands,Woodlands,6,102.13,30.13,SGD
drv_wei_sg_13,Wei Jie Lim,stabilizer,2026-01-04,2026-01,2026-W01,Sun,2,19,2.71,Orchard,Orchard Road,4,81.86,30.21,SGD
drv_wei_sg_13,Wei Jie Lim,stabilizer,2026-01-05,2026-01,2026-W02,Mon,1,11,5.48,Marina_Bay,Marina Bay / Sands,11,56.91,10.39,SGD
drv_wei_sg_13,Wei Jie Lim,stabilizer,2026-01-05,2026-01,2026-W02,Mon,2,17,5.92,Woodlands,Woodlands,11,61.52,10.39,SGD
drv_wei_sg_13,Wei Jie Lim,stabilizer,2026-01-07,2026-01,2026-W02,Wed,1,9,3.59,Changi_Airport,Changi Airport,6,92.25,25.7,SGD
drv_wei_sg_13,Wei Jie Lim,stabilizer,2026-01-07,2026-01,2026-W02,Wed,2,19,4.21,Marina_Bay,Marina Bay / Sands,7,107.94,25.64,SGD
drv_wei_sg_13,Wei Jie Lim,stabilizer,2026-01-08,2026-01,2026-W02,Thu,1,10,4.81,Woodlands,Woodlands,6,62.35,12.96,SGD
drv_wei_sg_13,Wei Jie Lim,stabilizer,2026-01-08,2026-01,2026-W02,Thu,2,18,5.89,Woodlands,Woodlands,8,76.22,12.94,SGD
drv_wei_sg_13,Wei Jie Lim,stabilizer,2026-01-09,2026-01,2026-W02,Fri,1,11,3.08,Orchard,Orchard Road,7,79.11,25.69,SGD
drv_wei_sg_13,Wei Jie Lim,stabilizer,2026-01-09,2026-01,2026-W02,Fri,2,17,3.72,Orchard,Orchard Road,8,95.27,25.61,SGD
drv_wei_sg_13,Wei Jie Lim,stabilizer,2026-01-10,2026-01,2026-W02,Sat,1,9,5.96,Orchard,Orchard Road,9,126.11,21.16,SGD
drv_wei_sg_13,Wei Jie Lim,stabilizer,2026-01-10,2026-01,2026-W02,Sat,2,19,4.84,Marina_Bay,Marina Bay / Sands,7,102.31,21.14,SGD
drv_wei_sg_13,Wei Jie Lim,stabilizer,2026-01-11,2026-01,2026-W02,Sun,1,10,4.66,Woodlands,Woodlands,8,79.84,17.13,SGD
drv_wei_sg_13,Wei Jie Lim,stabilizer,2026-01-11,2026-01,2026-W02,Sun,2,17,5.14,Orchard,Orchard Road,8,88.1,17.14,SGD
drv_wei_sg_13,Wei Jie Lim,stabilizer,2026-01-12,2026-01,2026-W03,Mon,1,8,4.81,Marina_Bay,Marina Bay / Sands,12,62.68,13.03,SGD
drv_wei_sg_13,Wei Jie Lim,stabilizer,2026-01-12,2026-01,2026-W03,Mon,2,17,4.29,Woodlands,Woodlands,10,55.95,13.04,SGD
drv_wei_sg_13,Wei Jie Lim,stabilizer,2026-01-14,2026-01,2026-W03,Wed,1,9,5.72,Woodlands,Woodlands,6,110.72,19.36,SGD
drv_wei_sg_13,Wei Jie Lim,stabilizer,2026-01-14,2026-01,2026-W03,Wed,2,17,4.68,Changi_Airport,Changi Airport,5,90.6,19.36,SGD
drv_wei_sg_13,Wei Jie Lim,stabilizer,2026-01-15,2026-01,2026-W03,Thu,1,11,5.24,Woodlands,Woodlands,4,87.25,16.65,SGD
drv_wei_sg_13,Wei Jie Lim,stabilizer,2026-01-15,2026-01,2026-W03,Thu,2,19,4.66,Changi_Airport,Changi Airport,4,77.74,16.68,SGD
drv_wei_sg_13,Wei Jie Lim,stabilizer,2026-01-16,2026-01,2026-W03,Fri,1,8,5.43,Woodlands,Woodlands,9,103.39,19.04,SGD
drv_wei_sg_13,Wei Jie Lim,stabilizer,2026-01-16,2026-01,2026-W03,Fri,2,18,5.57,Orchard,Orchard Road,10,105.95,19.02,SGD
drv_wei_sg_13,Wei Jie Lim,stabilizer,2026-01-17,2026-01,2026-W03,Sat,1,8,4.86,Changi_Airport,Changi Airport,8,139.21,28.64,SGD
drv_wei_sg_13,Wei Jie Lim,stabilizer,2026-01-17,2026-01,2026-W03,Sat,2,19,3.64,Changi_Airport,Changi Airport,6,104.05,28.59,SGD
drv_wei_sg_13,Wei Jie Lim,stabilizer,2026-01-18,2026-01,2026-W03,Sun,1,9,5.81,Woodlands,Woodlands,7,104.97,18.07,SGD
drv_wei_sg_13,Wei Jie Lim,stabilizer,2026-01-18,2026-01,2026-W03,Sun,2,19,5.99,Orchard,Orchard Road,8,108.39,18.1,SGD
drv_wei_sg_13,Wei Jie Lim,stabilizer,2026-01-19,2026-01,2026-W04,Mon,1,11,3.95,Changi_Airport,Changi Airport,5,78.23,19.81,SGD
drv_wei_sg_13,Wei Jie Lim,stabilizer,2026-01-19,2026-01,2026-W04,Mon,2,17,4.25,Orchard,Orchard Road,6,84.26,19.83,SGD
drv_wei_sg_13,Wei Jie Lim,stabilizer,2026-01-21,2026-01,2026-W04,Wed,1,9,4.4,Woodlands,Woodlands,12,84.45,19.19,SGD
drv_wei_sg_13,Wei Jie Lim,stabilizer,2026-01-21,2026-01,2026-W04,Wed,2,19,4.4,Marina_Bay,Marina Bay / Sands,12,84.37,19.18,SGD
drv_wei_sg_13,Wei Jie Lim,stabilizer,2026-01-22,2026-01,2026-W04,Thu,1,8,4.42,Changi_Airport,Changi Airport,6,83.61,18.92,SGD
drv_wei_sg_13,Wei Jie Lim,stabilizer,2026-01-22,2026-01,2026-W04,Thu,2,18,5.48,Woodlands,Woodlands,8,103.83,18.95,SGD
drv_wei_sg_13,Wei Jie Lim,stabilizer,2026-01-23,2026-01,2026-W04,Fri,1,9,3.99,Orchard,Orchard Road,10,115.61,28.97,SGD
drv_wei_sg_13,Wei Jie Lim,stabilizer,2026-01-23,2026-01,2026-W04,Fri,2,18,3.51,Changi_Airport,Changi Airport,9,101.67,28.97,SGD
drv_wei_sg_13,Wei Jie Lim,stabilizer,2026-01-24,2026-01,2026-W04,Sat,1,11,5.99,Changi_Airport,Changi Airport,4,94.0,15.69,SGD
drv_wei_sg_13,Wei Jie Lim,stabilizer,2026-01-24,2026-01,2026-W04,Sat,2,18,5.31,Orchard,Orchard Road,4,83.45,15.72,SGD
drv_wei_sg_13,Wei Jie Lim,stabilizer,2026-01-25,2026-01,2026-W04,Sun,1,11,4.76,Marina_Bay,Marina Bay / Sands,8,97.84,20.55,SGD
drv_wei_sg_13,Wei Jie Lim,stabilizer,2026-01-25,2026-01,2026-W04,Sun,2,18,3.64,Woodlands,Woodlands,6,74.96,20.59,SGD
drv_wei_sg_13,Wei Jie Lim,stabilizer,2026-01-26,2026-01,2026-W05,Mon,1,9,6.04,Changi_Airport,Changi Airport,6,76.46,12.66,SGD
drv_wei_sg_13,Wei Jie Lim,stabilizer,2026-01-26,2026-01,2026-W05,Mon,2,18,5.36,Orchard,Orchard Road,6,67.91,12.67,SGD
drv_wei_sg_13,Wei Jie Lim,stabilizer,2026-01-28,2026-01,2026-W05,Wed,1,11,4.06,Changi_Airport,Changi Airport,12,94.34,23.24,SGD
drv_wei_sg_13,Wei Jie Lim,stabilizer,2026-01-28,2026-01,2026-W05,Wed,2,18,3.44,Orchard,Orchard Road,10,79.77,23.19,SGD
drv_wei_sg_13,Wei Jie Lim,stabilizer,2026-01-29,2026-01,2026-W05,Thu,1,8,4.62,Marina_Bay,Marina Bay / Sands,10,77.91,16.86,SGD
drv_wei_sg_13,Wei Jie Lim,stabilizer,2026-01-29,2026-01,2026-W05,Thu,2,19,4.68,Changi_Airport,Changi Airport,11,79.03,16.89,SGD
drv_wei_sg_13,Wei Jie Lim,stabilizer,2026-01-30,2026-01,2026-W05,Fri,1,8,4.37,Woodlands,Woodlands,7,133.17,30.47,SGD
drv_wei_sg_13,Wei Jie Lim,stabilizer,2026-01-30,2026-01,2026-W05,Fri,2,17,3.43,Woodlands,Woodlands,5,104.4,30.44,SGD
drv_wei_sg_13,Wei Jie Lim,stabilizer,2026-01-31,2026-01,2026-W05,Sat,1,11,5.08,Orchard,Orchard Road,6,109.68,21.59,SGD
drv_wei_sg_13,Wei Jie Lim,stabilizer,2026-01-31,2026-01,2026-W05,Sat,2,19,3.82,Marina_Bay,Marina Bay / Sands,4,82.55,21.61,SGD
drv_wei_sg_13,Wei Jie Lim,stabilizer,2026-02-01,2026-02,2026-W05,Sun,1,11,4.87,Marina_Bay,Marina Bay / Sands,7,117.35,24.1,SGD
drv_wei_sg_13,Wei Jie Lim,stabilizer,2026-02-01,2026-02,2026-W05,Sun,2,18,3.83,Marina_Bay,Marina Bay / Sands,6,92.08,24.04,SGD
drv_wei_sg_13,Wei Jie Lim,stabilizer,2026-02-02,2026-02,2026-W06,Mon,1,8,4.03,Woodlands,Woodlands,7,48.85,12.12,SGD
drv_wei_sg_13,Wei Jie Lim,stabilizer,2026-02-02,2026-02,2026-W06,Mon,2,17,5.17,Woodlands,Woodlands,10,62.57,12.1,SGD
drv_wei_sg_13,Wei Jie Lim,stabilizer,2026-02-04,2026-02,2026-W06,Wed,1,9,4.72,Changi_Airport,Changi Airport,10,74.33,15.75,SGD
drv_wei_sg_13,Wei Jie Lim,stabilizer,2026-02-04,2026-02,2026-W06,Wed,2,17,4.18,Changi_Airport,Changi Airport,9,65.79,15.74,SGD
drv_wei_sg_13,Wei Jie Lim,stabilizer,2026-02-05,2026-02,2026-W06,Thu,1,8,6.2,Orchard,Orchard Road,11,96.2,15.52,SGD
drv_wei_sg_13,Wei Jie Lim,stabilizer,2026-02-05,2026-02,2026-W06,Thu,2,19,4.9,Marina_Bay,Marina Bay / Sands,9,76.12,15.53,SGD
drv_wei_sg_13,Wei Jie Lim,stabilizer,2026-02-06,2026-02,2026-W06,Fri,1,11,3.97,Marina_Bay,Marina Bay / Sands,6,89.44,22.53,SGD
drv_wei_sg_13,Wei Jie Lim,stabilizer,2026-02-06,2026-02,2026-W06,Fri,2,19,4.13,Marina_Bay,Marina Bay / Sands,7,92.89,22.49,SGD
drv_wei_sg_13,Wei Jie Lim,stabilizer,2026-02-07,2026-02,2026-W06,Sat,1,9,5.35,Marina_Bay,Marina Bay / Sands,4,125.12,23.39,SGD
drv_wei_sg_13,Wei Jie Lim,stabilizer,2026-02-07,2026-02,2026-W06,Sat,2,19,5.25,Orchard,Orchard Road,4,122.88,23.41,SGD
drv_wei_sg_13,Wei Jie Lim,stabilizer,2026-02-08,2026-02,2026-W06,Sun,1,11,4.24,Woodlands,Woodlands,8,101.37,23.91,SGD
drv_wei_sg_13,Wei Jie Lim,stabilizer,2026-02-08,2026-02,2026-W06,Sun,2,19,3.66,Orchard,Orchard Road,7,87.7,23.96,SGD
drv_wei_sg_13,Wei Jie Lim,stabilizer,2026-02-09,2026-02,2026-W07,Mon,1,9,4.84,Woodlands,Woodlands,7,69.16,14.29,SGD
drv_wei_sg_13,Wei Jie Lim,stabilizer,2026-02-09,2026-02,2026-W07,Mon,2,19,4.26,Orchard,Orchard Road,6,60.82,14.28,SGD
drv_wei_sg_13,Wei Jie Lim,stabilizer,2026-02-11,2026-02,2026-W07,Wed,1,10,5.08,Marina_Bay,Marina Bay / Sands,8,72.35,14.24,SGD
drv_wei_sg_13,Wei Jie Lim,stabilizer,2026-02-11,2026-02,2026-W07,Wed,2,18,5.02,Woodlands,Woodlands,8,71.39,14.22,SGD
drv_wei_sg_13,Wei Jie Lim,stabilizer,2026-02-12,2026-02,2026-W07,Thu,1,10,6.35,Woodlands,Woodlands,11,82.9,13.06,SGD
drv_wei_sg_13,Wei Jie Lim,stabilizer,2026-02-12,2026-02,2026-W07,Thu,2,17,4.45,Woodlands,Woodlands,8,58.13,13.06,SGD
drv_wei_sg_13,Wei Jie Lim,stabilizer,2026-02-13,2026-02,2026-W07,Fri,1,10,3.97,Orchard,Orchard Road,9,79.92,20.13,SGD
drv_wei_sg_13,Wei Jie Lim,stabilizer,2026-02-13,2026-02,2026-W07,Fri,2,17,5.33,Woodlands,Woodlands,11,107.46,20.16,SGD
drv_wei_sg_13,Wei Jie Lim,stabilizer,2026-02-14,2026-02,2026-W07,Sat,1,9,5.3,Orchard,Orchard Road,6,77.12,14.55,SGD
drv_wei_sg_13,Wei Jie Lim,stabilizer,2026-02-14,2026-02,2026-W07,Sat,2,19,4.9,Woodlands,Woodlands,5,71.18,14.53,SGD
drv_wei_sg_13,Wei Jie Lim,stabilizer,2026-02-15,2026-02,2026-W07,Sun,1,11,3.82,Woodlands,Woodlands,5,60.97,15.96,SGD
drv_wei_sg_13,Wei Jie Lim,stabilizer,2026-02-15,2026-02,2026-W07,Sun,2,18,4.58,Changi_Airport,Changi Airport,5,73.01,15.94,SGD
drv_wei_sg_13,Wei Jie Lim,stabilizer,2026-02-16,2026-02,2026-W08,Mon,1,10,6.07,Orchard,Orchard Road,6,57.9,9.54,SGD
drv_wei_sg_13,Wei Jie Lim,stabilizer,2026-02-16,2026-02,2026-W08,Mon,2,18,4.73,Marina_Bay,Marina Bay / Sands,4,45.07,9.53,SGD
drv_wei_sg_13,Wei Jie Lim,stabilizer,2026-02-18,2026-02,2026-W08,Wed,1,10,5.03,Woodlands,Woodlands,9,65.31,12.98,SGD
drv_wei_sg_13,Wei Jie Lim,stabilizer,2026-02-18,2026-02,2026-W08,Wed,2,19,4.07,Marina_Bay,Marina Bay / Sands,7,52.9,13.0,SGD
drv_wei_sg_13,Wei Jie Lim,stabilizer,2026-02-19,2026-02,2026-W08,Thu,1,9,5.44,Marina_Bay,Marina Bay / Sands,11,71.78,13.19,SGD
drv_wei_sg_13,Wei Jie Lim,stabilizer,2026-02-19,2026-02,2026-W08,Thu,2,18,5.26,Orchard,Orchard Road,11,69.42,13.2,SGD
drv_wei_sg_13,Wei Jie Lim,stabilizer,2026-02-20,2026-02,2026-W08,Fri,1,11,2.86,Orchard,Orchard Road,4,75.35,26.35,SGD
drv_wei_sg_13,Wei Jie Lim,stabilizer,2026-02-20,2026-02,2026-W08,Fri,2,18,3.24,Changi_Airport,Changi Airport,4,85.23,26.31,SGD
drv_wei_sg_13,Wei Jie Lim,stabilizer,2026-02-21,2026-02,2026-W08,Sat,1,10,6.2,Marina_Bay,Marina Bay / Sands,10,91.88,14.82,SGD
drv_wei_sg_13,Wei Jie Lim,stabilizer,2026-02-21,2026-02,2026-W08,Sat,2,19,5.3,Changi_Airport,Changi Airport,9,78.56,14.82,SGD
drv_wei_sg_13,Wei Jie Lim,stabilizer,2026-02-22,2026-02,2026-W08,Sun,1,8,4.8,Orchard,Orchard Road,5,98.51,20.52,SGD
drv_wei_sg_13,Wei Jie Lim,stabilizer,2026-02-22,2026-02,2026-W08,Sun,2,19,3.8,Woodlands,Woodlands,4,77.84,20.48,SGD
drv_wei_sg_13,Wei Jie Lim,stabilizer,2026-02-23,2026-02,2026-W09,Mon,1,10,5.86,Changi_Airport,Changi Airport,7,49.68,8.48,SGD
drv_wei_sg_13,Wei Jie Lim,stabilizer,2026-02-23,2026-02,2026-W09,Mon,2,19,5.64,Orchard,Orchard Road,7,47.89,8.49,SGD
drv_wei_sg_13,Wei Jie Lim,stabilizer,2026-02-25,2026-02,2026-W09,Wed,1,11,5.42,Orchard,Orchard Road,9,70.03,12.92,SGD
drv_wei_sg_13,Wei Jie Lim,stabilizer,2026-02-25,2026-02,2026-W09,Wed,2,19,4.88,Marina_Bay,Marina Bay / Sands,8,63.1,12.93,SGD
drv_wei_sg_13,Wei Jie Lim,stabilizer,2026-02-26,2026-02,2026-W09,Thu,1,9,6.04,Woodlands,Woodlands,4,76.55,12.67,SGD
drv_wei_sg_13,Wei Jie Lim,stabilizer,2026-02-26,2026-02,2026-W09,Thu,2,18,5.76,Marina_Bay,Marina Bay / Sands,4,72.92,12.66,SGD
drv_wei_sg_13,Wei Jie Lim,stabilizer,2026-02-27,2026-02,2026-W09,Fri,1,9,2.84,Orchard,Orchard Road,5,60.69,21.37,SGD
drv_wei_sg_13,Wei Jie Lim,stabilizer,2026-02-27,2026-02,2026-W09,Fri,2,18,3.96,Changi_Airport,Changi Airport,8,84.45,21.33,SGD
drv_wei_sg_13,Wei Jie Lim,stabilizer,2026-02-28,2026-02,2026-W09,Sat,1,11,4.0,Changi_Airport,Changi Airport,6,72.41,18.1,SGD
drv_wei_sg_13,Wei Jie Lim,stabilizer,2026-02-28,2026-02,2026-W09,Sat,2,19,5.4,Changi_Airport,Changi Airport,8,97.57,18.07,SGD
drv_wei_sg_13,Wei Jie Lim,stabilizer,2026-03-01,2026-03,2026-W09,Sun,1,11,6.53,Changi_Airport,Changi Airport,10,87.6,13.42,SGD
drv_wei_sg_13,Wei Jie Lim,stabilizer,2026-03-01,2026-03,2026-W09,Sun,2,19,5.27,Orchard,Orchard Road,8,70.76,13.43,SGD
drv_wei_sg_13,Wei Jie Lim,stabilizer,2026-03-02,2026-03,2026-W10,Mon,1,10,5.35,Changi_Airport,Changi Airport,6,60.19,11.25,SGD
drv_wei_sg_13,Wei Jie Lim,stabilizer,2026-03-02,2026-03,2026-W10,Mon,2,18,5.15,Changi_Airport,Changi Airport,6,58.02,11.27,SGD
drv_wei_sg_13,Wei Jie Lim,stabilizer,2026-03-04,2026-03,2026-W10,Wed,1,9,4.16,Orchard,Orchard Road,5,65.83,15.82,SGD
drv_wei_sg_13,Wei Jie Lim,stabilizer,2026-03-04,2026-03,2026-W10,Wed,2,19,4.44,Woodlands,Woodlands,5,70.22,15.82,SGD
drv_wei_sg_13,Wei Jie Lim,stabilizer,2026-03-05,2026-03,2026-W10,Thu,1,8,4.72,Marina_Bay,Marina Bay / Sands,5,57.7,12.22,SGD
drv_wei_sg_13,Wei Jie Lim,stabilizer,2026-03-05,2026-03,2026-W10,Thu,2,19,4.58,Woodlands,Woodlands,4,55.93,12.21,SGD
drv_wei_sg_13,Wei Jie Lim,stabilizer,2026-03-06,2026-03,2026-W10,Fri,1,8,3.02,Changi_Airport,Changi Airport,6,73.8,24.44,SGD
drv_wei_sg_13,Wei Jie Lim,stabilizer,2026-03-06,2026-03,2026-W10,Fri,2,19,3.68,Changi_Airport,Changi Airport,8,90.06,24.47,SGD
drv_wei_sg_13,Wei Jie Lim,stabilizer,2026-03-07,2026-03,2026-W10,Sat,1,8,4.59,Orchard,Orchard Road,6,71.44,15.56,SGD
drv_wei_sg_13,Wei Jie Lim,stabilizer,2026-03-07,2026-03,2026-W10,Sat,2,17,5.51,Changi_Airport,Changi Airport,7,85.65,15.54,SGD
drv_wei_sg_13,Wei Jie Lim,stabilizer,2026-03-08,2026-03,2026-W10,Sun,1,11,2.71,Orchard,Orchard Road,10,57.25,21.13,SGD
drv_wei_sg_13,Wei Jie Lim,stabilizer,2026-03-08,2026-03,2026-W10,Sun,2,17,3.59,Marina_Bay,Marina Bay / Sands,14,75.61,21.06,SGD
drv_wei_sg_13,Wei Jie Lim,stabilizer,2026-03-09,2026-03,2026-W11,Mon,1,10,4.29,Changi_Airport,Changi Airport,6,49.02,11.43,SGD
drv_wei_sg_13,Wei Jie Lim,stabilizer,2026-03-09,2026-03,2026-W11,Mon,2,17,4.11,Orchard,Orchard Road,6,46.85,11.4,SGD
drv_wei_sg_13,Wei Jie Lim,stabilizer,2026-03-11,2026-03,2026-W11,Wed,1,10,3.51,Woodlands,Woodlands,8,48.26,13.75,SGD
drv_wei_sg_13,Wei Jie Lim,stabilizer,2026-03-11,2026-03,2026-W11,Wed,2,17,4.59,Woodlands,Woodlands,11,62.98,13.72,SGD
drv_wei_sg_13,Wei Jie Lim,stabilizer,2026-03-12,2026-03,2026-W11,Thu,1,9,3.59,Marina_Bay,Marina Bay / Sands,6,64.59,17.99,SGD
drv_wei_sg_13,Wei Jie Lim,stabilizer,2026-03-12,2026-03,2026-W11,Thu,2,19,4.11,Changi_Airport,Changi Airport,6,74.11,18.03,SGD
drv_wei_sg_13,Wei Jie Lim,stabilizer,2026-03-13,2026-03,2026-W11,Fri,1,11,4.55,Marina_Bay,Marina Bay / Sands,8,79.17,17.4,SGD
drv_wei_sg_13,Wei Jie Lim,stabilizer,2026-03-13,2026-03,2026-W11,Fri,2,19,3.85,Marina_Bay,Marina Bay / Sands,7,67.06,17.42,SGD
drv_wei_sg_13,Wei Jie Lim,stabilizer,2026-03-14,2026-03,2026-W11,Sat,1,9,3.38,Marina_Bay,Marina Bay / Sands,6,81.5,24.11,SGD
drv_wei_sg_13,Wei Jie Lim,stabilizer,2026-03-14,2026-03,2026-W11,Sat,2,19,3.52,Changi_Airport,Changi Airport,6,84.96,24.14,SGD
drv_wei_sg_13,Wei Jie Lim,stabilizer,2026-03-15,2026-03,2026-W11,Sun,1,9,2.95,Orchard,Orchard Road,8,72.17,24.46,SGD
drv_wei_sg_13,Wei Jie Lim,stabilizer,2026-03-15,2026-03,2026-W11,Sun,2,17,3.55,Orchard,Orchard Road,9,87.09,24.53,SGD
drv_wei_sg_13,Wei Jie Lim,stabilizer,2026-03-16,2026-03,2026-W12,Mon,1,8,5.64,Changi_Airport,Changi Airport,11,49.7,8.81,SGD
drv_wei_sg_13,Wei Jie Lim,stabilizer,2026-03-16,2026-03,2026-W12,Mon,2,19,6.26,Marina_Bay,Marina Bay / Sands,12,55.2,8.82,SGD
drv_wei_sg_13,Wei Jie Lim,stabilizer,2026-03-18,2026-03,2026-W12,Wed,1,11,3.05,Changi_Airport,Changi Airport,4,44.49,14.59,SGD
drv_wei_sg_13,Wei Jie Lim,stabilizer,2026-03-18,2026-03,2026-W12,Wed,2,17,4.15,Marina_Bay,Marina Bay / Sands,6,60.41,14.56,SGD
drv_wei_sg_13,Wei Jie Lim,stabilizer,2026-03-19,2026-03,2026-W12,Thu,1,9,2.95,Orchard,Orchard Road,7,76.44,25.91,SGD
drv_wei_sg_13,Wei Jie Lim,stabilizer,2026-03-19,2026-03,2026-W12,Thu,2,18,3.25,Orchard,Orchard Road,7,84.1,25.88,SGD
drv_wei_sg_13,Wei Jie Lim,stabilizer,2026-03-20,2026-03,2026-W12,Fri,1,11,3.17,Marina_Bay,Marina Bay / Sands,8,39.36,12.42,SGD
drv_wei_sg_13,Wei Jie Lim,stabilizer,2026-03-20,2026-03,2026-W12,Fri,2,18,2.83,Woodlands,Woodlands,7,35.14,12.42,SGD
drv_wei_sg_13,Wei Jie Lim,stabilizer,2026-03-21,2026-03,2026-W12,Sat,1,9,3.72,Marina_Bay,Marina Bay / Sands,14,49.33,13.26,SGD
drv_wei_sg_13,Wei Jie Lim,stabilizer,2026-03-21,2026-03,2026-W12,Sat,2,19,2.68,Changi_Airport,Changi Airport,10,35.6,13.28,SGD
drv_wei_sg_13,Wei Jie Lim,stabilizer,2026-03-22,2026-03,2026-W12,Sun,1,8,5.13,Changi_Airport,Changi Airport,7,29.84,5.82,SGD
drv_wei_sg_13,Wei Jie Lim,stabilizer,2026-03-22,2026-03,2026-W12,Sun,2,18,5.77,Marina_Bay,Marina Bay / Sands,7,33.59,5.82,SGD
drv_wei_sg_13,Wei Jie Lim,stabilizer,2026-03-23,2026-03,2026-W13,Mon,1,11,4.89,Woodlands,Woodlands,6,24.12,4.93,SGD
drv_wei_sg_13,Wei Jie Lim,stabilizer,2026-03-23,2026-03,2026-W13,Mon,2,19,5.81,Orchard,Orchard Road,8,28.68,4.94,SGD
drv_wei_sg_13,Wei Jie Lim,stabilizer,2026-03-25,2026-03,2026-W13,Wed,1,10,3.41,Changi_Airport,Changi Airport,7,70.43,20.65,SGD
drv_wei_sg_13,Wei Jie Lim,stabilizer,2026-03-25,2026-03,2026-W13,Wed,2,18,2.79,Changi_Airport,Changi Airport,6,57.6,20.65,SGD
drv_wei_sg_13,Wei Jie Lim,stabilizer,2026-03-26,2026-03,2026-W13,Thu,1,10,5.27,Orchard,Orchard Road,11,106.11,20.13,SGD
drv_wei_sg_13,Wei Jie Lim,stabilizer,2026-03-26,2026-03,2026-W13,Thu,2,18,4.63,Changi_Airport,Changi Airport,10,93.06,20.1,SGD
drv_wei_sg_13,Wei Jie Lim,stabilizer,2026-03-27,2026-03,2026-W13,Fri,1,8,4.48,Marina_Bay,Marina Bay / Sands,7,116.1,25.92,SGD
drv_wei_sg_13,Wei Jie Lim,stabilizer,2026-03-27,2026-03,2026-W13,Fri,2,18,4.12,Marina_Bay,Marina Bay / Sands,6,106.96,25.96,SGD
drv_wei_sg_13,Wei Jie Lim,stabilizer,2026-03-28,2026-03,2026-W13,Sat,1,11,5.39,Orchard,Orchard Road,5,98.93,18.35,SGD
drv_wei_sg_13,Wei Jie Lim,stabilizer,2026-03-28,2026-03,2026-W13,Sat,2,17,5.91,Marina_Bay,Marina Bay / Sands,6,108.33,18.33,SGD
drv_wei_sg_13,Wei Jie Lim,stabilizer,2026-03-29,2026-03,2026-W13,Sun,1,8,4.18,Woodlands,Woodlands,12,76.82,18.38,SGD
drv_wei_sg_13,Wei Jie Lim,stabilizer,2026-03-29,2026-03,2026-W13,Sun,2,18,4.12,Marina_Bay,Marina Bay / Sands,12,75.61,18.35,SGD
drv_wei_sg_13,Wei Jie Lim,stabilizer,2026-03-30,2026-03,2026-W14,Mon,1,10,3.8,Changi_Airport,Changi Airport,7,58.25,15.33,SGD
drv_wei_sg_13,Wei Jie Lim,stabilizer,2026-03-30,2026-03,2026-W14,Mon,2,18,4.9,Changi_Airport,Changi Airport,9,75.16,15.34,SGD
drv_wei_sg_13,Wei Jie Lim,stabilizer,2026-04-01,2026-04,2026-W14,Wed,1,9,5.39,Changi_Airport,Changi Airport,4,62.07,11.52,SGD
drv_wei_sg_13,Wei Jie Lim,stabilizer,2026-04-01,2026-04,2026-W14,Wed,2,17,6.31,Woodlands,Woodlands,4,72.74,11.53,SGD
drv_wei_sg_13,Wei Jie Lim,stabilizer,2026-04-02,2026-04,2026-W14,Thu,1,10,4.56,Changi_Airport,Changi Airport,11,81.07,17.78,SGD
drv_wei_sg_13,Wei Jie Lim,stabilizer,2026-04-02,2026-04,2026-W14,Thu,2,18,5.24,Marina_Bay,Marina Bay / Sands,13,93.23,17.79,SGD
drv_wei_sg_13,Wei Jie Lim,stabilizer,2026-04-03,2026-04,2026-W14,Fri,1,8,4.85,Changi_Airport,Changi Airport,8,116.43,24.01,SGD
drv_wei_sg_13,Wei Jie Lim,stabilizer,2026-04-03,2026-04,2026-W14,Fri,2,19,4.65,Marina_Bay,Marina Bay / Sands,7,111.47,23.97,SGD
drv_wei_sg_13,Wei Jie Lim,stabilizer,2026-04-04,2026-04,2026-W14,Sat,1,11,4.74,Changi_Airport,Changi Airport,5,122.08,25.76,SGD
drv_wei_sg_13,Wei Jie Lim,stabilizer,2026-04-04,2026-04,2026-W14,Sat,2,18,4.46,Marina_Bay,Marina Bay / Sands,4,114.86,25.75,SGD
drv_wei_sg_13,Wei Jie Lim,stabilizer,2026-04-05,2026-04,2026-W14,Sun,1,11,6.26,Orchard,Orchard Road,4,116.43,18.6,SGD
drv_wei_sg_13,Wei Jie Lim,stabilizer,2026-04-05,2026-04,2026-W14,Sun,2,17,5.14,Woodlands,Woodlands,4,95.58,18.6,SGD
drv_wei_sg_13,Wei Jie Lim,stabilizer,2026-04-06,2026-04,2026-W15,Mon,1,11,2.87,Woodlands,Woodlands,7,60.94,21.23,SGD
drv_wei_sg_13,Wei Jie Lim,stabilizer,2026-04-06,2026-04,2026-W15,Mon,2,18,3.23,Woodlands,Woodlands,7,68.44,21.19,SGD
drv_wei_sg_13,Wei Jie Lim,stabilizer,2026-04-08,2026-04,2026-W15,Wed,1,10,5.27,Woodlands,Woodlands,6,82.84,15.72,SGD
drv_wei_sg_13,Wei Jie Lim,stabilizer,2026-04-08,2026-04,2026-W15,Wed,2,17,6.63,Orchard,Orchard Road,7,104.36,15.74,SGD
drv_wei_sg_13,Wei Jie Lim,stabilizer,2026-04-09,2026-04,2026-W15,Thu,1,8,4.74,Orchard,Orchard Road,10,81.15,17.12,SGD
drv_wei_sg_13,Wei Jie Lim,stabilizer,2026-04-09,2026-04,2026-W15,Thu,2,19,4.36,Changi_Airport,Changi Airport,10,74.62,17.11,SGD
drv_wei_sg_13,Wei Jie Lim,stabilizer,2026-04-10,2026-04,2026-W15,Fri,1,10,5.0,Marina_Bay,Marina Bay / Sands,6,85.58,17.12,SGD
drv_wei_sg_13,Wei Jie Lim,stabilizer,2026-04-10,2026-04,2026-W15,Fri,2,19,5.1,Woodlands,Woodlands,6,87.41,17.14,SGD
drv_wei_sg_13,Wei Jie Lim,stabilizer,2026-04-11,2026-04,2026-W15,Sat,1,10,4.35,Marina_Bay,Marina Bay / Sands,6,103.92,23.89,SGD
drv_wei_sg_13,Wei Jie Lim,stabilizer,2026-04-11,2026-04,2026-W15,Sat,2,17,6.05,Orchard,Orchard Road,8,144.54,23.89,SGD
drv_wei_sg_13,Wei Jie Lim,stabilizer,2026-04-12,2026-04,2026-W15,Sun,1,10,6.18,Orchard,Orchard Road,12,111.97,18.12,SGD
drv_wei_sg_13,Wei Jie Lim,stabilizer,2026-04-12,2026-04,2026-W15,Sun,2,18,5.42,Changi_Airport,Changi Airport,11,98.25,18.13,SGD
drv_wei_sg_13,Wei Jie Lim,stabilizer,2026-04-13,2026-04,2026-W16,Mon,1,9,6.06,Changi_Airport,Changi Airport,6,61.09,10.08,SGD
drv_wei_sg_13,Wei Jie Lim,stabilizer,2026-04-13,2026-04,2026-W16,Mon,2,19,5.84,Woodlands,Woodlands,5,58.92,10.09,SGD
drv_wei_sg_13,Wei Jie Lim,stabilizer,2026-04-15,2026-04,2026-W16,Wed,1,9,3.0,Marina_Bay,Marina Bay / Sands,10,90.7,30.23,SGD
drv_wei_sg_13,Wei Jie Lim,stabilizer,2026-04-15,2026-04,2026-W16,Wed,2,17,3.1,Woodlands,Woodlands,11,93.6,30.19,SGD
drv_wei_sg_13,Wei Jie Lim,stabilizer,2026-04-16,2026-04,2026-W16,Thu,1,9,4.67,Woodlands,Woodlands,11,100.9,21.61,SGD
drv_wei_sg_13,Wei Jie Lim,stabilizer,2026-04-16,2026-04,2026-W16,Thu,2,18,4.03,Changi_Airport,Changi Airport,9,87.15,21.63,SGD
drv_wei_sg_13,Wei Jie Lim,stabilizer,2026-04-17,2026-04,2026-W16,Fri,1,10,3.85,Marina_Bay,Marina Bay / Sands,14,113.84,29.57,SGD
drv_wei_sg_13,Wei Jie Lim,stabilizer,2026-04-17,2026-04,2026-W16,Fri,2,18,2.95,Orchard,Orchard Road,10,87.29,29.59,SGD
drv_wei_sg_13,Wei Jie Lim,stabilizer,2026-04-18,2026-04,2026-W16,Sat,1,9,5.74,Changi_Airport,Changi Airport,10,91.71,15.98,SGD
drv_wei_sg_13,Wei Jie Lim,stabilizer,2026-04-18,2026-04,2026-W16,Sat,2,17,5.86,Orchard,Orchard Road,10,93.67,15.98,SGD
drv_wei_sg_13,Wei Jie Lim,stabilizer,2026-04-19,2026-04,2026-W16,Sun,1,9,5.27,Orchard,Orchard Road,6,102.13,19.38,SGD
drv_wei_sg_13,Wei Jie Lim,stabilizer,2026-04-19,2026-04,2026-W16,Sun,2,17,4.93,Orchard,Orchard Road,6,95.73,19.42,SGD
drv_wei_sg_13,Wei Jie Lim,stabilizer,2026-04-20,2026-04,2026-W17,Mon,1,11,4.61,Woodlands,Woodlands,7,79.14,17.17,SGD
drv_wei_sg_13,Wei Jie Lim,stabilizer,2026-04-20,2026-04,2026-W17,Mon,2,18,4.09,Woodlands,Woodlands,6,70.12,17.14,SGD
drv_wei_sg_13,Wei Jie Lim,stabilizer,2026-04-22,2026-04,2026-W17,Wed,1,11,5.12,Orchard,Orchard Road,4,86.03,16.8,SGD
drv_wei_sg_13,Wei Jie Lim,stabilizer,2026-04-22,2026-04,2026-W17,Wed,2,18,6.18,Orchard,Orchard Road,5,104.0,16.83,SGD
drv_wei_sg_13,Wei Jie Lim,stabilizer,2026-04-23,2026-04,2026-W17,Thu,1,10,2.64,Orchard,Orchard Road,7,78.57,29.76,SGD
drv_wei_sg_13,Wei Jie Lim,stabilizer,2026-04-23,2026-04,2026-W17,Thu,2,18,3.56,Marina_Bay,Marina Bay / Sands,10,106.28,29.85,SGD
drv_wei_sg_13,Wei Jie Lim,stabilizer,2026-04-24,2026-04,2026-W17,Fri,1,9,5.35,Orchard,Orchard Road,4,85.83,16.04,SGD
drv_wei_sg_13,Wei Jie Lim,stabilizer,2026-04-24,2026-04,2026-W17,Fri,2,19,5.15,Woodlands,Woodlands,4,82.63,16.04,SGD
drv_wei_sg_13,Wei Jie Lim,stabilizer,2026-04-25,2026-04,2026-W17,Sat,1,8,5.97,Changi_Airport,Changi Airport,12,92.95,15.57,SGD
drv_wei_sg_13,Wei Jie Lim,stabilizer,2026-04-25,2026-04,2026-W17,Sat,2,18,5.23,Woodlands,Woodlands,11,81.39,15.56,SGD
drv_wei_sg_13,Wei Jie Lim,stabilizer,2026-04-26,2026-04,2026-W17,Sun,1,8,4.27,Woodlands,Woodlands,9,88.45,20.71,SGD
drv_wei_sg_13,Wei Jie Lim,stabilizer,2026-04-26,2026-04,2026-W17,Sun,2,18,4.53,Orchard,Orchard Road,10,93.69,20.68,SGD
drv_wei_sg_13,Wei Jie Lim,stabilizer,2026-04-27,2026-04,2026-W18,Mon,1,8,5.23,Changi_Airport,Changi Airport,7,55.66,10.64,SGD
drv_wei_sg_13,Wei Jie Lim,stabilizer,2026-04-27,2026-04,2026-W18,Mon,2,18,6.07,Orchard,Orchard Road,8,64.54,10.63,SGD
drv_wei_sg_13,Wei Jie Lim,stabilizer,2026-04-29,2026-04,2026-W18,Wed,1,8,5.31,Marina_Bay,Marina Bay / Sands,10,72.02,13.56,SGD
drv_wei_sg_13,Wei Jie Lim,stabilizer,2026-04-29,2026-04,2026-W18,Wed,2,19,4.49,Orchard,Orchard Road,8,60.91,13.57,SGD
drv_wei_sg_13,Wei Jie Lim,stabilizer,2026-04-30,2026-04,2026-W18,Thu,1,9,3.35,Woodlands,Woodlands,5,105.87,31.6,SGD
drv_wei_sg_13,Wei Jie Lim,stabilizer,2026-04-30,2026-04,2026-W18,Thu,2,19,2.75,Changi_Airport,Changi Airport,4,86.84,31.58,SGD
drv_wei_sg_13,Wei Jie Lim,stabilizer,2026-05-01,2026-05,2026-W18,Fri,1,10,5.89,Woodlands,Woodlands,12,94.59,16.06,SGD
drv_wei_sg_13,Wei Jie Lim,stabilizer,2026-05-01,2026-05,2026-W18,Fri,2,17,5.51,Changi_Airport,Changi Airport,11,88.51,16.06,SGD
drv_wei_sg_13,Wei Jie Lim,stabilizer,2026-05-02,2026-05,2026-W18,Sat,1,10,4.72,Marina_Bay,Marina Bay / Sands,7,87.71,18.58,SGD
drv_wei_sg_13,Wei Jie Lim,stabilizer,2026-05-02,2026-05,2026-W18,Sat,2,17,5.68,Woodlands,Woodlands,9,105.63,18.6,SGD
drv_wei_sg_13,Wei Jie Lim,stabilizer,2026-05-03,2026-05,2026-W18,Sun,1,11,5.16,Orchard,Orchard Road,5,91.16,17.67,SGD
drv_wei_sg_13,Wei Jie Lim,stabilizer,2026-05-03,2026-05,2026-W18,Sun,2,18,6.04,Changi_Airport,Changi Airport,6,106.62,17.65,SGD
drv_wei_sg_13,Wei Jie Lim,stabilizer,2026-05-04,2026-05,2026-W19,Mon,1,8,5.21,Marina_Bay,Marina Bay / Sands,6,72.56,13.93,SGD
drv_wei_sg_13,Wei Jie Lim,stabilizer,2026-05-04,2026-05,2026-W19,Mon,2,18,6.09,Marina_Bay,Marina Bay / Sands,7,84.7,13.91,SGD
drv_wei_sg_13,Wei Jie Lim,stabilizer,2026-05-06,2026-05,2026-W19,Wed,1,10,3.18,Orchard,Orchard Road,4,75.05,23.6,SGD
drv_wei_sg_13,Wei Jie Lim,stabilizer,2026-05-06,2026-05,2026-W19,Wed,2,18,4.32,Marina_Bay,Marina Bay / Sands,5,101.81,23.57,SGD
drv_wei_sg_13,Wei Jie Lim,stabilizer,2026-05-07,2026-05,2026-W19,Thu,1,8,3.39,Changi_Airport,Changi Airport,4,76.83,22.66,SGD
drv_wei_sg_13,Wei Jie Lim,stabilizer,2026-05-07,2026-05,2026-W19,Thu,2,19,3.71,Marina_Bay,Marina Bay / Sands,5,84.1,22.67,SGD
drv_wei_sg_13,Wei Jie Lim,stabilizer,2026-05-08,2026-05,2026-W19,Fri,1,8,4.02,Woodlands,Woodlands,7,76.82,19.11,SGD
drv_wei_sg_13,Wei Jie Lim,stabilizer,2026-05-08,2026-05,2026-W19,Fri,2,17,4.28,Changi_Airport,Changi Airport,7,81.75,19.1,SGD
drv_wei_sg_13,Wei Jie Lim,stabilizer,2026-05-09,2026-05,2026-W19,Sat,1,11,4.53,Woodlands,Woodlands,12,109.65,24.21,SGD
drv_wei_sg_13,Wei Jie Lim,stabilizer,2026-05-09,2026-05,2026-W19,Sat,2,18,4.47,Changi_Airport,Changi Airport,11,108.11,24.19,SGD
drv_wei_sg_13,Wei Jie Lim,stabilizer,2026-05-10,2026-05,2026-W19,Sun,1,9,4.73,Changi_Airport,Changi Airport,6,99.35,21.0,SGD
drv_wei_sg_13,Wei Jie Lim,stabilizer,2026-05-10,2026-05,2026-W19,Sun,2,18,4.37,Woodlands,Woodlands,5,91.72,20.99,SGD
drv_wei_sg_13,Wei Jie Lim,stabilizer,2026-05-11,2026-05,2026-W20,Mon,1,9,4.67,Woodlands,Woodlands,8,64.76,13.87,SGD
drv_wei_sg_13,Wei Jie Lim,stabilizer,2026-05-11,2026-05,2026-W20,Mon,2,18,4.53,Orchard,Orchard Road,7,62.74,13.85,SGD
drv_wei_sg_13,Wei Jie Lim,stabilizer,2026-05-13,2026-05,2026-W20,Wed,1,9,5.58,Orchard,Orchard Road,7,62.68,11.23,SGD
drv_wei_sg_13,Wei Jie Lim,stabilizer,2026-05-13,2026-05,2026-W20,Wed,2,19,6.02,Changi_Airport,Changi Airport,8,67.54,11.22,SGD
drv_wei_sg_13,Wei Jie Lim,stabilizer,2026-05-14,2026-05,2026-W20,Thu,1,9,5.03,Marina_Bay,Marina Bay / Sands,8,101.02,20.08,SGD
drv_wei_sg_13,Wei Jie Lim,stabilizer,2026-05-14,2026-05,2026-W20,Thu,2,19,5.27,Marina_Bay,Marina Bay / Sands,8,105.8,20.08,SGD
drv_wei_sg_13,Wei Jie Lim,stabilizer,2026-05-15,2026-05,2026-W20,Fri,1,9,6.5,Woodlands,Woodlands,14,119.83,18.44,SGD
drv_wei_sg_13,Wei Jie Lim,stabilizer,2026-05-15,2026-05,2026-W20,Fri,2,19,5.0,Marina_Bay,Marina Bay / Sands,10,92.08,18.42,SGD
drv_nurul_sg_14,Nurul Aisyah,stabilizer,2024-11-16,2024-11,2024-W46,Sat,1,8,5.37,Jurong_East,Jurong East,5,64.02,11.92,SGD
drv_nurul_sg_14,Nurul Aisyah,stabilizer,2024-11-16,2024-11,2024-W46,Sat,2,18,5.93,Jurong_East,Jurong East,6,70.76,11.93,SGD
drv_nurul_sg_14,Nurul Aisyah,stabilizer,2024-11-18,2024-11,2024-W47,Mon,1,10,3.18,Changi_Airport,Changi Airport,12,38.89,12.23,SGD
drv_nurul_sg_14,Nurul Aisyah,stabilizer,2024-11-18,2024-11,2024-W47,Mon,2,18,3.12,Jurong_East,Jurong East,11,38.05,12.2,SGD
drv_nurul_sg_14,Nurul Aisyah,stabilizer,2024-11-19,2024-11,2024-W47,Tue,1,9,3.6,Marina_Bay,Marina Bay / Sands,5,32.01,8.89,SGD
drv_nurul_sg_14,Nurul Aisyah,stabilizer,2024-11-19,2024-11,2024-W47,Tue,2,18,4.2,Marina_Bay,Marina Bay / Sands,5,37.41,8.91,SGD
drv_nurul_sg_14,Nurul Aisyah,stabilizer,2024-11-20,2024-11,2024-W47,Wed,1,8,3.7,Tampines,Tampines,11,60.95,16.47,SGD
drv_nurul_sg_14,Nurul Aisyah,stabilizer,2024-11-20,2024-11,2024-W47,Wed,2,17,4.3,Changi_Airport,Changi Airport,12,70.72,16.45,SGD
drv_nurul_sg_14,Nurul Aisyah,stabilizer,2024-11-21,2024-11,2024-W47,Thu,1,11,5.59,Tampines,Tampines,9,71.91,12.86,SGD
drv_nurul_sg_14,Nurul Aisyah,stabilizer,2024-11-21,2024-11,2024-W47,Thu,2,17,5.41,Jurong_East,Jurong East,9,69.66,12.88,SGD
drv_nurul_sg_14,Nurul Aisyah,stabilizer,2024-11-22,2024-11,2024-W47,Fri,1,9,3.31,Jurong_East,Jurong East,9,75.63,22.85,SGD
drv_nurul_sg_14,Nurul Aisyah,stabilizer,2024-11-22,2024-11,2024-W47,Fri,2,18,3.59,Jurong_East,Jurong East,9,81.96,22.83,SGD
drv_nurul_sg_14,Nurul Aisyah,stabilizer,2024-11-23,2024-11,2024-W47,Sat,1,9,3.44,Marina_Bay,Marina Bay / Sands,8,88.37,25.69,SGD
drv_nurul_sg_14,Nurul Aisyah,stabilizer,2024-11-23,2024-11,2024-W47,Sat,2,18,2.76,Tampines,Tampines,6,70.9,25.69,SGD
drv_nurul_sg_14,Nurul Aisyah,stabilizer,2024-11-25,2024-11,2024-W48,Mon,1,10,3.62,Marina_Bay,Marina Bay / Sands,8,43.18,11.93,SGD
drv_nurul_sg_14,Nurul Aisyah,stabilizer,2024-11-25,2024-11,2024-W48,Mon,2,19,3.48,Jurong_East,Jurong East,8,41.62,11.96,SGD
drv_nurul_sg_14,Nurul Aisyah,stabilizer,2024-11-26,2024-11,2024-W48,Tue,1,9,3.16,Changi_Airport,Changi Airport,6,54.18,17.15,SGD
drv_nurul_sg_14,Nurul Aisyah,stabilizer,2024-11-26,2024-11,2024-W48,Tue,2,17,3.54,Changi_Airport,Changi Airport,7,60.64,17.13,SGD
drv_nurul_sg_14,Nurul Aisyah,stabilizer,2024-11-27,2024-11,2024-W48,Wed,1,8,5.45,Marina_Bay,Marina Bay / Sands,7,65.17,11.96,SGD
drv_nurul_sg_14,Nurul Aisyah,stabilizer,2024-11-27,2024-11,2024-W48,Wed,2,17,5.75,Jurong_East,Jurong East,8,68.83,11.97,SGD
drv_nurul_sg_14,Nurul Aisyah,stabilizer,2024-11-28,2024-11,2024-W48,Thu,1,11,4.56,Changi_Airport,Changi Airport,8,56.65,12.42,SGD
drv_nurul_sg_14,Nurul Aisyah,stabilizer,2024-11-28,2024-11,2024-W48,Thu,2,17,3.94,Tampines,Tampines,6,49.01,12.44,SGD
drv_nurul_sg_14,Nurul Aisyah,stabilizer,2024-11-29,2024-11,2024-W48,Fri,1,10,5.15,Jurong_East,Jurong East,8,85.04,16.51,SGD
drv_nurul_sg_14,Nurul Aisyah,stabilizer,2024-11-29,2024-11,2024-W48,Fri,2,19,5.45,Jurong_East,Jurong East,8,89.84,16.48,SGD
drv_nurul_sg_14,Nurul Aisyah,stabilizer,2024-11-30,2024-11,2024-W48,Sat,1,9,5.37,Changi_Airport,Changi Airport,5,72.35,13.47,SGD
drv_nurul_sg_14,Nurul Aisyah,stabilizer,2024-11-30,2024-11,2024-W48,Sat,2,19,4.93,Changi_Airport,Changi Airport,4,66.5,13.49,SGD
drv_nurul_sg_14,Nurul Aisyah,stabilizer,2024-12-02,2024-12,2024-W49,Mon,1,11,5.07,Changi_Airport,Changi Airport,4,33.18,6.54,SGD
drv_nurul_sg_14,Nurul Aisyah,stabilizer,2024-12-02,2024-12,2024-W49,Mon,2,18,6.93,Jurong_East,Jurong East,5,45.32,6.54,SGD
drv_nurul_sg_14,Nurul Aisyah,stabilizer,2024-12-03,2024-12,2024-W49,Tue,1,10,3.56,Changi_Airport,Changi Airport,12,51.27,14.4,SGD
drv_nurul_sg_14,Nurul Aisyah,stabilizer,2024-12-03,2024-12,2024-W49,Tue,2,17,3.44,Marina_Bay,Marina Bay / Sands,12,49.5,14.39,SGD
drv_nurul_sg_14,Nurul Aisyah,stabilizer,2024-12-04,2024-12,2024-W49,Wed,1,9,3.2,Jurong_East,Jurong East,10,40.84,12.76,SGD
drv_nurul_sg_14,Nurul Aisyah,stabilizer,2024-12-04,2024-12,2024-W49,Wed,2,18,4.0,Changi_Airport,Changi Airport,13,50.97,12.74,SGD
drv_nurul_sg_14,Nurul Aisyah,stabilizer,2024-12-05,2024-12,2024-W49,Thu,1,8,3.69,Tampines,Tampines,11,68.55,18.58,SGD
drv_nurul_sg_14,Nurul Aisyah,stabilizer,2024-12-05,2024-12,2024-W49,Thu,2,17,3.61,Marina_Bay,Marina Bay / Sands,10,66.97,18.55,SGD
drv_nurul_sg_14,Nurul Aisyah,stabilizer,2024-12-06,2024-12,2024-W49,Fri,1,10,4.62,Tampines,Tampines,8,82.5,17.86,SGD
drv_nurul_sg_14,Nurul Aisyah,stabilizer,2024-12-06,2024-12,2024-W49,Fri,2,19,3.58,Changi_Airport,Changi Airport,7,63.83,17.83,SGD
drv_nurul_sg_14,Nurul Aisyah,stabilizer,2024-12-07,2024-12,2024-W49,Sat,1,8,4.44,Marina_Bay,Marina Bay / Sands,7,70.88,15.96,SGD
drv_nurul_sg_14,Nurul Aisyah,stabilizer,2024-12-07,2024-12,2024-W49,Sat,2,18,5.06,Jurong_East,Jurong East,9,80.62,15.93,SGD
drv_nurul_sg_14,Nurul Aisyah,stabilizer,2024-12-09,2024-12,2024-W50,Mon,1,10,3.49,Tampines,Tampines,8,51.25,14.68,SGD
drv_nurul_sg_14,Nurul Aisyah,stabilizer,2024-12-09,2024-12,2024-W50,Mon,2,18,3.21,Changi_Airport,Changi Airport,8,47.24,14.72,SGD
drv_nurul_sg_14,Nurul Aisyah,stabilizer,2024-12-10,2024-12,2024-W50,Tue,1,8,5.79,Marina_Bay,Marina Bay / Sands,7,52.82,9.12,SGD
drv_nurul_sg_14,Nurul Aisyah,stabilizer,2024-12-10,2024-12,2024-W50,Tue,2,17,5.91,Marina_Bay,Marina Bay / Sands,8,53.83,9.11,SGD
drv_nurul_sg_14,Nurul Aisyah,stabilizer,2024-12-11,2024-12,2024-W50,Wed,1,10,3.81,Marina_Bay,Marina Bay / Sands,13,68.81,18.06,SGD
drv_nurul_sg_14,Nurul Aisyah,stabilizer,2024-12-11,2024-12,2024-W50,Wed,2,17,2.99,Jurong_East,Jurong East,10,54.11,18.1,SGD
drv_nurul_sg_14,Nurul Aisyah,stabilizer,2024-12-12,2024-12,2024-W50,Thu,1,9,3.24,Tampines,Tampines,5,63.24,19.52,SGD
drv_nurul_sg_14,Nurul Aisyah,stabilizer,2024-12-12,2024-12,2024-W50,Thu,2,17,2.86,Tampines,Tampines,4,55.74,19.49,SGD
drv_nurul_sg_14,Nurul Aisyah,stabilizer,2024-12-13,2024-12,2024-W50,Fri,1,9,4.64,Changi_Airport,Changi Airport,5,71.41,15.39,SGD
drv_nurul_sg_14,Nurul Aisyah,stabilizer,2024-12-13,2024-12,2024-W50,Fri,2,19,4.76,Marina_Bay,Marina Bay / Sands,6,73.12,15.36,SGD
drv_nurul_sg_14,Nurul Aisyah,stabilizer,2024-12-14,2024-12,2024-W50,Sat,1,9,5.58,Jurong_East,Jurong East,7,74.68,13.38,SGD
drv_nurul_sg_14,Nurul Aisyah,stabilizer,2024-12-14,2024-12,2024-W50,Sat,2,17,5.02,Tampines,Tampines,7,67.22,13.39,SGD
drv_nurul_sg_14,Nurul Aisyah,stabilizer,2024-12-16,2024-12,2024-W51,Mon,1,10,5.27,Marina_Bay,Marina Bay / Sands,6,47.88,9.09,SGD
drv_nurul_sg_14,Nurul Aisyah,stabilizer,2024-12-16,2024-12,2024-W51,Mon,2,18,5.53,Jurong_East,Jurong East,6,50.17,9.07,SGD
drv_nurul_sg_14,Nurul Aisyah,stabilizer,2024-12-17,2024-12,2024-W51,Tue,1,10,2.75,Tampines,Tampines,8,42.03,15.28,SGD
drv_nurul_sg_14,Nurul Aisyah,stabilizer,2024-12-17,2024-12,2024-W51,Tue,2,18,3.35,Marina_Bay,Marina Bay / Sands,10,51.31,15.32,SGD
drv_nurul_sg_14,Nurul Aisyah,stabilizer,2024-12-18,2024-12,2024-W51,Wed,1,11,3.91,Jurong_East,Jurong East,9,51.36,13.14,SGD
drv_nurul_sg_14,Nurul Aisyah,stabilizer,2024-12-18,2024-12,2024-W51,Wed,2,18,3.69,Tampines,Tampines,8,48.35,13.1,SGD
drv_nurul_sg_14,Nurul Aisyah,stabilizer,2024-12-19,2024-12,2024-W51,Thu,1,8,6.51,Changi_Airport,Changi Airport,7,64.65,9.93,SGD
drv_nurul_sg_14,Nurul Aisyah,stabilizer,2024-12-19,2024-12,2024-W51,Thu,2,17,5.09,Marina_Bay,Marina Bay / Sands,5,50.52,9.93,SGD
drv_nurul_sg_14,Nurul Aisyah,stabilizer,2024-12-20,2024-12,2024-W51,Fri,1,9,4.65,Jurong_East,Jurong East,5,76.42,16.43,SGD
drv_nurul_sg_14,Nurul Aisyah,stabilizer,2024-12-20,2024-12,2024-W51,Fri,2,18,4.35,Tampines,Tampines,5,71.47,16.43,SGD
drv_nurul_sg_14,Nurul Aisyah,stabilizer,2024-12-21,2024-12,2024-W51,Sat,1,11,4.2,Changi_Airport,Changi Airport,6,57.02,13.58,SGD
drv_nurul_sg_14,Nurul Aisyah,stabilizer,2024-12-21,2024-12,2024-W51,Sat,2,17,5.2,Changi_Airport,Changi Airport,7,70.74,13.6,SGD
drv_nurul_sg_14,Nurul Aisyah,stabilizer,2024-12-23,2024-12,2024-W52,Mon,1,10,5.77,Changi_Airport,Changi Airport,6,53.16,9.21,SGD
drv_nurul_sg_14,Nurul Aisyah,stabilizer,2024-12-23,2024-12,2024-W52,Mon,2,17,4.93,Tampines,Tampines,6,45.41,9.21,SGD
drv_nurul_sg_14,Nurul Aisyah,stabilizer,2024-12-24,2024-12,2024-W52,Tue,1,8,4.69,Tampines,Tampines,4,70.47,15.03,SGD
drv_nurul_sg_14,Nurul Aisyah,stabilizer,2024-12-24,2024-12,2024-W52,Tue,2,17,4.21,Jurong_East,Jurong East,4,63.37,15.05,SGD
drv_nurul_sg_14,Nurul Aisyah,stabilizer,2024-12-25,2024-12,2024-W52,Wed,1,8,6.43,Jurong_East,Jurong East,9,78.85,12.26,SGD
drv_nurul_sg_14,Nurul Aisyah,stabilizer,2024-12-25,2024-12,2024-W52,Wed,2,18,4.87,Marina_Bay,Marina Bay / Sands,7,59.78,12.28,SGD
drv_nurul_sg_14,Nurul Aisyah,stabilizer,2024-12-26,2024-12,2024-W52,Thu,1,11,4.22,Tampines,Tampines,12,79.82,18.91,SGD
drv_nurul_sg_14,Nurul Aisyah,stabilizer,2024-12-26,2024-12,2024-W52,Thu,2,19,3.48,Marina_Bay,Marina Bay / Sands,9,65.93,18.95,SGD
drv_nurul_sg_14,Nurul Aisyah,stabilizer,2024-12-27,2024-12,2024-W52,Fri,1,9,4.4,Marina_Bay,Marina Bay / Sands,7,71.55,16.26,SGD
drv_nurul_sg_14,Nurul Aisyah,stabilizer,2024-12-27,2024-12,2024-W52,Fri,2,18,4.4,Changi_Airport,Changi Airport,6,71.43,16.23,SGD
drv_nurul_sg_14,Nurul Aisyah,stabilizer,2024-12-28,2024-12,2024-W52,Sat,1,11,4.6,Jurong_East,Jurong East,9,98.7,21.46,SGD
drv_nurul_sg_14,Nurul Aisyah,stabilizer,2024-12-28,2024-12,2024-W52,Sat,2,19,4.7,Tampines,Tampines,9,100.67,21.42,SGD
drv_nurul_sg_14,Nurul Aisyah,stabilizer,2024-12-30,2024-12,2025-W01,Mon,1,8,6.07,Marina_Bay,Marina Bay / Sands,6,51.93,8.56,SGD
drv_nurul_sg_14,Nurul Aisyah,stabilizer,2024-12-30,2024-12,2025-W01,Mon,2,18,5.43,Jurong_East,Jurong East,5,46.52,8.57,SGD
drv_nurul_sg_14,Nurul Aisyah,stabilizer,2024-12-31,2024-12,2025-W01,Tue,1,11,5.51,Changi_Airport,Changi Airport,10,85.77,15.57,SGD
drv_nurul_sg_14,Nurul Aisyah,stabilizer,2024-12-31,2024-12,2025-W01,Tue,2,18,3.79,Tampines,Tampines,7,58.95,15.55,SGD
drv_nurul_sg_14,Nurul Aisyah,stabilizer,2025-01-01,2025-01,2025-W01,Wed,1,10,4.13,Changi_Airport,Changi Airport,10,75.34,18.24,SGD
drv_nurul_sg_14,Nurul Aisyah,stabilizer,2025-01-01,2025-01,2025-W01,Wed,2,19,5.07,Jurong_East,Jurong East,12,92.65,18.27,SGD
drv_nurul_sg_14,Nurul Aisyah,stabilizer,2025-01-02,2025-01,2025-W01,Thu,1,9,5.0,Jurong_East,Jurong East,10,78.11,15.62,SGD
drv_nurul_sg_14,Nurul Aisyah,stabilizer,2025-01-02,2025-01,2025-W01,Thu,2,17,5.7,Jurong_East,Jurong East,11,88.99,15.61,SGD
drv_nurul_sg_14,Nurul Aisyah,stabilizer,2025-01-03,2025-01,2025-W01,Fri,1,10,4.61,Jurong_East,Jurong East,10,72.59,15.75,SGD
drv_nurul_sg_14,Nurul Aisyah,stabilizer,2025-01-03,2025-01,2025-W01,Fri,2,17,4.69,Tampines,Tampines,10,73.71,15.72,SGD
drv_nurul_sg_14,Nurul Aisyah,stabilizer,2025-01-04,2025-01,2025-W01,Sat,1,11,5.55,Changi_Airport,Changi Airport,10,77.5,13.96,SGD
drv_nurul_sg_14,Nurul Aisyah,stabilizer,2025-01-04,2025-01,2025-W01,Sat,2,19,6.25,Tampines,Tampines,11,87.32,13.97,SGD
drv_nurul_sg_14,Nurul Aisyah,stabilizer,2025-01-06,2025-01,2025-W02,Mon,1,9,6.32,Tampines,Tampines,8,59.27,9.38,SGD
drv_nurul_sg_14,Nurul Aisyah,stabilizer,2025-01-06,2025-01,2025-W02,Mon,2,18,5.08,Jurong_East,Jurong East,7,47.58,9.37,SGD
drv_nurul_sg_14,Nurul Aisyah,stabilizer,2025-01-07,2025-01,2025-W02,Tue,1,11,5.98,Changi_Airport,Changi Airport,9,70.95,11.86,SGD
drv_nurul_sg_14,Nurul Aisyah,stabilizer,2025-01-07,2025-01,2025-W02,Tue,2,19,5.12,Marina_Bay,Marina Bay / Sands,7,60.84,11.88,SGD
drv_nurul_sg_14,Nurul Aisyah,stabilizer,2025-01-08,2025-01,2025-W02,Wed,1,10,3.33,Marina_Bay,Marina Bay / Sands,11,58.27,17.5,SGD
drv_nurul_sg_14,Nurul Aisyah,stabilizer,2025-01-08,2025-01,2025-W02,Wed,2,17,3.77,Changi_Airport,Changi Airport,12,66.12,17.54,SGD
drv_nurul_sg_14,Nurul Aisyah,stabilizer,2025-01-09,2025-01,2025-W02,Thu,1,11,5.86,Jurong_East,Jurong East,5,63.97,10.92,SGD
drv_nurul_sg_14,Nurul Aisyah,stabilizer,2025-01-09,2025-01,2025-W02,Thu,2,18,5.54,Changi_Airport,Changi Airport,4,60.39,10.9,SGD
drv_nurul_sg_14,Nurul Aisyah,stabilizer,2025-01-10,2025-01,2025-W02,Fri,1,8,2.92,Marina_Bay,Marina Bay / Sands,8,58.87,20.16,SGD
drv_nurul_sg_14,Nurul Aisyah,stabilizer,2025-01-10,2025-01,2025-W02,Fri,2,18,3.58,Marina_Bay,Marina Bay / Sands,9,72.39,20.22,SGD
drv_nurul_sg_14,Nurul Aisyah,stabilizer,2025-01-11,2025-01,2025-W02,Sat,1,8,5.44,Jurong_East,Jurong East,6,79.19,14.56,SGD
drv_nurul_sg_14,Nurul Aisyah,stabilizer,2025-01-11,2025-01,2025-W02,Sat,2,18,5.86,Marina_Bay,Marina Bay / Sands,7,85.17,14.53,SGD
drv_nurul_sg_14,Nurul Aisyah,stabilizer,2025-01-13,2025-01,2025-W03,Mon,1,11,3.81,Marina_Bay,Marina Bay / Sands,9,33.24,8.72,SGD
drv_nurul_sg_14,Nurul Aisyah,stabilizer,2025-01-13,2025-01,2025-W03,Mon,2,19,5.59,Jurong_East,Jurong East,12,48.76,8.72,SGD
drv_nurul_sg_14,Nurul Aisyah,stabilizer,2025-01-14,2025-01,2025-W03,Tue,1,9,5.09,Tampines,Tampines,8,46.93,9.22,SGD
drv_nurul_sg_14,Nurul Aisyah,stabilizer,2025-01-14,2025-01,2025-W03,Tue,2,19,5.81,Tampines,Tampines,10,53.62,9.23,SGD
drv_nurul_sg_14,Nurul Aisyah,stabilizer,2025-01-15,2025-01,2025-W03,Wed,1,8,4.9,Changi_Airport,Changi Airport,9,55.66,11.36,SGD
drv_nurul_sg_14,Nurul Aisyah,stabilizer,2025-01-15,2025-01,2025-W03,Wed,2,19,7.0,Marina_Bay,Marina Bay / Sands,12,79.62,11.37,SGD
drv_nurul_sg_14,Nurul Aisyah,stabilizer,2025-01-16,2025-01,2025-W03,Thu,1,9,4.45,Tampines,Tampines,3,42.02,9.44,SGD
drv_nurul_sg_14,Nurul Aisyah,stabilizer,2025-01-16,2025-01,2025-W03,Thu,2,18,6.15,Marina_Bay,Marina Bay / Sands,5,58.01,9.43,SGD
drv_nurul_sg_14,Nurul Aisyah,stabilizer,2025-01-17,2025-01,2025-W03,Fri,1,10,5.14,Tampines,Tampines,5,58.82,11.44,SGD
drv_nurul_sg_14,Nurul Aisyah,stabilizer,2025-01-17,2025-01,2025-W03,Fri,2,19,6.36,Marina_Bay,Marina Bay / Sands,7,72.68,11.43,SGD
drv_nurul_sg_14,Nurul Aisyah,stabilizer,2025-01-18,2025-01,2025-W03,Sat,1,10,3.3,Jurong_East,Jurong East,8,70.75,21.44,SGD
drv_nurul_sg_14,Nurul Aisyah,stabilizer,2025-01-18,2025-01,2025-W03,Sat,2,18,4.7,Jurong_East,Jurong East,11,100.94,21.48,SGD
drv_nurul_sg_14,Nurul Aisyah,stabilizer,2025-01-20,2025-01,2025-W04,Mon,1,10,3.54,Tampines,Tampines,12,52.13,14.73,SGD
drv_nurul_sg_14,Nurul Aisyah,stabilizer,2025-01-20,2025-01,2025-W04,Mon,2,17,3.26,Marina_Bay,Marina Bay / Sands,11,47.93,14.7,SGD
drv_nurul_sg_14,Nurul Aisyah,stabilizer,2025-01-21,2025-01,2025-W04,Tue,1,9,3.83,Tampines,Tampines,7,61.95,16.17,SGD
drv_nurul_sg_14,Nurul Aisyah,stabilizer,2025-01-21,2025-01,2025-W04,Tue,2,17,3.87,Marina_Bay,Marina Bay / Sands,8,62.62,16.18,SGD
drv_nurul_sg_14,Nurul Aisyah,stabilizer,2025-01-22,2025-01,2025-W04,Wed,1,10,5.1,Marina_Bay,Marina Bay / Sands,6,54.92,10.77,SGD
drv_nurul_sg_14,Nurul Aisyah,stabilizer,2025-01-22,2025-01,2025-W04,Wed,2,17,6.0,Marina_Bay,Marina Bay / Sands,7,64.7,10.78,SGD
drv_nurul_sg_14,Nurul Aisyah,stabilizer,2025-01-23,2025-01,2025-W04,Thu,1,9,3.8,Marina_Bay,Marina Bay / Sands,12,64.08,16.86,SGD
drv_nurul_sg_14,Nurul Aisyah,stabilizer,2025-01-23,2025-01,2025-W04,Thu,2,19,3.4,Tampines,Tampines,11,57.39,16.88,SGD
drv_nurul_sg_14,Nurul Aisyah,stabilizer,2025-01-24,2025-01,2025-W04,Fri,1,10,6.57,Jurong_East,Jurong East,4,93.96,14.3,SGD
drv_nurul_sg_14,Nurul Aisyah,stabilizer,2025-01-24,2025-01,2025-W04,Fri,2,18,5.23,Jurong_East,Jurong East,4,74.88,14.32,SGD
drv_nurul_sg_14,Nurul Aisyah,stabilizer,2025-01-25,2025-01,2025-W04,Sat,1,9,4.21,Marina_Bay,Marina Bay / Sands,10,81.6,19.38,SGD
drv_nurul_sg_14,Nurul Aisyah,stabilizer,2025-01-25,2025-01,2025-W04,Sat,2,17,5.49,Tampines,Tampines,12,106.55,19.41,SGD
drv_nurul_sg_14,Nurul Aisyah,stabilizer,2025-01-27,2025-01,2025-W05,Mon,1,10,3.92,Tampines,Tampines,11,35.32,9.01,SGD
drv_nurul_sg_14,Nurul Aisyah,stabilizer,2025-01-27,2025-01,2025-W05,Mon,2,18,4.28,Jurong_East,Jurong East,12,38.53,9.0,SGD
drv_nurul_sg_14,Nurul Aisyah,stabilizer,2025-01-28,2025-01,2025-W05,Tue,1,9,4.75,Tampines,Tampines,9,42.06,8.85,SGD
drv_nurul_sg_14,Nurul Aisyah,stabilizer,2025-01-28,2025-01,2025-W05,Tue,2,18,5.15,Tampines,Tampines,10,45.59,8.85,SGD
drv_nurul_sg_14,Nurul Aisyah,stabilizer,2025-01-29,2025-01,2025-W05,Wed,1,8,3.68,Tampines,Tampines,9,44.5,12.09,SGD
drv_nurul_sg_14,Nurul Aisyah,stabilizer,2025-01-29,2025-01,2025-W05,Wed,2,17,4.42,Tampines,Tampines,10,53.39,12.08,SGD
drv_nurul_sg_14,Nurul Aisyah,stabilizer,2025-01-30,2025-01,2025-W05,Thu,1,11,3.34,Changi_Airport,Changi Airport,7,40.58,12.15,SGD
drv_nurul_sg_14,Nurul Aisyah,stabilizer,2025-01-30,2025-01,2025-W05,Thu,2,19,3.56,Marina_Bay,Marina Bay / Sands,8,43.36,12.18,SGD
drv_nurul_sg_14,Nurul Aisyah,stabilizer,2025-01-31,2025-01,2025-W05,Fri,1,8,4.94,Tampines,Tampines,9,56.29,11.39,SGD
drv_nurul_sg_14,Nurul Aisyah,stabilizer,2025-01-31,2025-01,2025-W05,Fri,2,18,4.46,Changi_Airport,Changi Airport,9,50.75,11.38,SGD
drv_nurul_sg_14,Nurul Aisyah,stabilizer,2025-02-01,2025-02,2025-W05,Sat,1,10,3.1,Jurong_East,Jurong East,10,45.4,14.65,SGD
drv_nurul_sg_14,Nurul Aisyah,stabilizer,2025-02-01,2025-02,2025-W05,Sat,2,18,3.0,Changi_Airport,Changi Airport,10,43.83,14.61,SGD
drv_nurul_sg_14,Nurul Aisyah,stabilizer,2025-02-03,2025-02,2025-W06,Mon,1,8,4.5,Marina_Bay,Marina Bay / Sands,8,43.57,9.68,SGD
drv_nurul_sg_14,Nurul Aisyah,stabilizer,2025-02-03,2025-02,2025-W06,Mon,2,18,4.3,Jurong_East,Jurong East,8,41.61,9.68,SGD
drv_nurul_sg_14,Nurul Aisyah,stabilizer,2025-02-04,2025-02,2025-W06,Tue,1,8,5.15,Jurong_East,Jurong East,8,64.22,12.47,SGD
drv_nurul_sg_14,Nurul Aisyah,stabilizer,2025-02-04,2025-02,2025-W06,Tue,2,18,3.95,Jurong_East,Jurong East,6,49.28,12.48,SGD
drv_nurul_sg_14,Nurul Aisyah,stabilizer,2025-02-05,2025-02,2025-W06,Wed,1,10,5.05,Changi_Airport,Changi Airport,6,72.92,14.44,SGD
drv_nurul_sg_14,Nurul Aisyah,stabilizer,2025-02-05,2025-02,2025-W06,Wed,2,18,4.05,Tampines,Tampines,4,58.47,14.44,SGD
drv_nurul_sg_14,Nurul Aisyah,stabilizer,2025-02-06,2025-02,2025-W06,Thu,1,8,4.32,Tampines,Tampines,4,57.86,13.39,SGD
drv_nurul_sg_14,Nurul Aisyah,stabilizer,2025-02-06,2025-02,2025-W06,Thu,2,19,4.48,Jurong_East,Jurong East,5,59.97,13.39,SGD
drv_nurul_sg_14,Nurul Aisyah,stabilizer,2025-02-07,2025-02,2025-W06,Fri,1,10,3.7,Changi_Airport,Changi Airport,7,65.75,17.77,SGD
drv_nurul_sg_14,Nurul Aisyah,stabilizer,2025-02-07,2025-02,2025-W06,Fri,2,18,4.8,Jurong_East,Jurong East,8,85.14,17.74,SGD
drv_nurul_sg_14,Nurul Aisyah,stabilizer,2025-02-08,2025-02,2025-W06,Sat,1,8,4.19,Jurong_East,Jurong East,6,36.64,8.74,SGD
drv_nurul_sg_14,Nurul Aisyah,stabilizer,2025-02-08,2025-02,2025-W06,Sat,2,18,5.21,Jurong_East,Jurong East,7,45.49,8.73,SGD
drv_nurul_sg_14,Nurul Aisyah,stabilizer,2025-02-10,2025-02,2025-W07,Mon,1,8,3.84,Changi_Airport,Changi Airport,10,54.91,14.3,SGD
drv_nurul_sg_14,Nurul Aisyah,stabilizer,2025-02-10,2025-02,2025-W07,Mon,2,17,3.86,Marina_Bay,Marina Bay / Sands,11,55.17,14.29,SGD
drv_nurul_sg_14,Nurul Aisyah,stabilizer,2025-02-11,2025-02,2025-W07,Tue,1,10,3.49,Marina_Bay,Marina Bay / Sands,6,46.4,13.3,SGD
drv_nurul_sg_14,Nurul Aisyah,stabilizer,2025-02-11,2025-02,2025-W07,Tue,2,18,3.81,Marina_Bay,Marina Bay / Sands,6,50.6,13.28,SGD
drv_nurul_sg_14,Nurul Aisyah,stabilizer,2025-02-12,2025-02,2025-W07,Wed,1,8,4.2,Changi_Airport,Changi Airport,6,51.58,12.28,SGD
drv_nurul_sg_14,Nurul Aisyah,stabilizer,2025-02-12,2025-02,2025-W07,Wed,2,17,4.8,Marina_Bay,Marina Bay / Sands,6,58.88,12.27,SGD
drv_nurul_sg_14,Nurul Aisyah,stabilizer,2025-02-13,2025-02,2025-W07,Thu,1,11,3.97,Marina_Bay,Marina Bay / Sands,8,65.23,16.43,SGD
drv_nurul_sg_14,Nurul Aisyah,stabilizer,2025-02-13,2025-02,2025-W07,Thu,2,17,4.03,Changi_Airport,Changi Airport,8,66.14,16.41,SGD
drv_nurul_sg_14,Nurul Aisyah,stabilizer,2025-02-14,2025-02,2025-W07,Fri,1,8,4.58,Tampines,Tampines,7,54.44,11.89,SGD
drv_nurul_sg_14,Nurul Aisyah,stabilizer,2025-02-14,2025-02,2025-W07,Fri,2,17,5.32,Tampines,Tampines,8,63.17,11.87,SGD
drv_nurul_sg_14,Nurul Aisyah,stabilizer,2025-02-15,2025-02,2025-W07,Sat,1,11,6.24,Changi_Airport,Changi Airport,12,102.7,16.46,SGD
drv_nurul_sg_14,Nurul Aisyah,stabilizer,2025-02-15,2025-02,2025-W07,Sat,2,19,5.46,Jurong_East,Jurong East,11,89.83,16.45,SGD
drv_nurul_sg_14,Nurul Aisyah,stabilizer,2025-02-17,2025-02,2025-W08,Mon,1,8,5.52,Tampines,Tampines,5,40.81,7.39,SGD
drv_nurul_sg_14,Nurul Aisyah,stabilizer,2025-02-17,2025-02,2025-W08,Mon,2,19,5.78,Jurong_East,Jurong East,5,42.78,7.4,SGD
drv_nurul_sg_14,Nurul Aisyah,stabilizer,2025-02-18,2025-02,2025-W08,Tue,1,8,3.54,Changi_Airport,Changi Airport,6,52.0,14.69,SGD
drv_nurul_sg_14,Nurul Aisyah,stabilizer,2025-02-18,2025-02,2025-W08,Tue,2,17,4.16,Jurong_East,Jurong East,8,61.09,14.69,SGD
drv_nurul_sg_14,Nurul Aisyah,stabilizer,2025-02-19,2025-02,2025-W08,Wed,1,10,3.4,Marina_Bay,Marina Bay / Sands,12,63.72,18.74,SGD
drv_nurul_sg_14,Nurul Aisyah,stabilizer,2025-02-19,2025-02,2025-W08,Wed,2,18,2.9,Changi_Airport,Changi Airport,11,54.52,18.8,SGD
drv_nurul_sg_14,Nurul Aisyah,stabilizer,2025-02-20,2025-02,2025-W08,Thu,1,11,5.75,Marina_Bay,Marina Bay / Sands,12,52.8,9.18,SGD
drv_nurul_sg_14,Nurul Aisyah,stabilizer,2025-02-20,2025-02,2025-W08,Thu,2,17,5.85,Marina_Bay,Marina Bay / Sands,12,53.74,9.19,SGD
drv_nurul_sg_14,Nurul Aisyah,stabilizer,2025-02-21,2025-02,2025-W08,Fri,1,10,6.37,Jurong_East,Jurong East,12,86.66,13.6,SGD
drv_nurul_sg_14,Nurul Aisyah,stabilizer,2025-02-21,2025-02,2025-W08,Fri,2,18,5.53,Marina_Bay,Marina Bay / Sands,11,75.22,13.6,SGD
drv_nurul_sg_14,Nurul Aisyah,stabilizer,2025-02-22,2025-02,2025-W08,Sat,1,9,6.41,Marina_Bay,Marina Bay / Sands,7,76.59,11.95,SGD
drv_nurul_sg_14,Nurul Aisyah,stabilizer,2025-02-22,2025-02,2025-W08,Sat,2,18,5.59,Jurong_East,Jurong East,6,66.84,11.96,SGD
drv_nurul_sg_14,Nurul Aisyah,stabilizer,2025-02-24,2025-02,2025-W09,Mon,1,10,4.86,Jurong_East,Jurong East,11,47.04,9.68,SGD
drv_nurul_sg_14,Nurul Aisyah,stabilizer,2025-02-24,2025-02,2025-W09,Mon,2,17,5.94,Marina_Bay,Marina Bay / Sands,13,57.46,9.67,SGD
drv_nurul_sg_14,Nurul Aisyah,stabilizer,2025-02-25,2025-02,2025-W09,Tue,1,11,3.81,Tampines,Tampines,10,46.05,12.09,SGD
drv_nurul_sg_14,Nurul Aisyah,stabilizer,2025-02-25,2025-02,2025-W09,Tue,2,17,3.49,Changi_Airport,Changi Airport,9,42.15,12.08,SGD
drv_nurul_sg_14,Nurul Aisyah,stabilizer,2025-02-26,2025-02,2025-W09,Wed,1,11,3.8,Tampines,Tampines,11,45.9,12.08,SGD
drv_nurul_sg_14,Nurul Aisyah,stabilizer,2025-02-26,2025-02,2025-W09,Wed,2,17,3.7,Tampines,Tampines,10,44.62,12.06,SGD
drv_nurul_sg_14,Nurul Aisyah,stabilizer,2025-02-27,2025-02,2025-W09,Thu,1,10,4.28,Tampines,Tampines,7,53.96,12.61,SGD
drv_nurul_sg_14,Nurul Aisyah,stabilizer,2025-02-27,2025-02,2025-W09,Thu,2,18,5.12,Changi_Airport,Changi Airport,8,64.68,12.63,SGD
drv_nurul_sg_14,Nurul Aisyah,stabilizer,2025-02-28,2025-02,2025-W09,Fri,1,11,3.87,Marina_Bay,Marina Bay / Sands,6,73.93,19.1,SGD
drv_nurul_sg_14,Nurul Aisyah,stabilizer,2025-02-28,2025-02,2025-W09,Fri,2,18,4.03,Marina_Bay,Marina Bay / Sands,6,76.88,19.08,SGD
drv_nurul_sg_14,Nurul Aisyah,stabilizer,2025-03-01,2025-03,2025-W09,Sat,1,11,5.54,Tampines,Tampines,9,61.0,11.01,SGD
drv_nurul_sg_14,Nurul Aisyah,stabilizer,2025-03-01,2025-03,2025-W09,Sat,2,19,6.06,Tampines,Tampines,9,66.74,11.01,SGD
drv_nurul_sg_14,Nurul Aisyah,stabilizer,2025-03-03,2025-03,2025-W10,Mon,1,11,4.4,Tampines,Tampines,4,56.19,12.77,SGD
drv_nurul_sg_14,Nurul Aisyah,stabilizer,2025-03-03,2025-03,2025-W10,Mon,2,18,4.3,Tampines,Tampines,4,54.94,12.78,SGD
drv_nurul_sg_14,Nurul Aisyah,stabilizer,2025-03-04,2025-03,2025-W10,Tue,1,8,5.77,Tampines,Tampines,8,72.83,12.62,SGD
drv_nurul_sg_14,Nurul Aisyah,stabilizer,2025-03-04,2025-03,2025-W10,Tue,2,18,4.23,Tampines,Tampines,5,53.36,12.61,SGD
drv_nurul_sg_14,Nurul Aisyah,stabilizer,2025-03-05,2025-03,2025-W10,Wed,1,10,4.2,Jurong_East,Jurong East,6,62.38,14.85,SGD
drv_nurul_sg_14,Nurul Aisyah,stabilizer,2025-03-05,2025-03,2025-W10,Wed,2,19,4.4,Marina_Bay,Marina Bay / Sands,6,65.33,14.85,SGD
drv_nurul_sg_14,Nurul Aisyah,stabilizer,2025-03-06,2025-03,2025-W10,Thu,1,10,5.59,Marina_Bay,Marina Bay / Sands,8,49.22,8.81,SGD
drv_nurul_sg_14,Nurul Aisyah,stabilizer,2025-03-06,2025-03,2025-W10,Thu,2,19,5.91,Tampines,Tampines,8,52.04,8.81,SGD
drv_nurul_sg_14,Nurul Aisyah,stabilizer,2025-03-07,2025-03,2025-W10,Fri,1,11,3.57,Jurong_East,Jurong East,10,82.04,22.98,SGD
drv_nurul_sg_14,Nurul Aisyah,stabilizer,2025-03-07,2025-03,2025-W10,Fri,2,17,3.23,Marina_Bay,Marina Bay / Sands,10,74.37,23.02,SGD
drv_nurul_sg_14,Nurul Aisyah,stabilizer,2025-03-08,2025-03,2025-W10,Sat,1,9,5.46,Changi_Airport,Changi Airport,10,80.65,14.77,SGD
drv_nurul_sg_14,Nurul Aisyah,stabilizer,2025-03-08,2025-03,2025-W10,Sat,2,18,5.54,Changi_Airport,Changi Airport,10,81.8,14.77,SGD
drv_nurul_sg_14,Nurul Aisyah,stabilizer,2025-03-10,2025-03,2025-W11,Mon,1,10,6.56,Marina_Bay,Marina Bay / Sands,12,52.88,8.06,SGD
drv_nurul_sg_14,Nurul Aisyah,stabilizer,2025-03-10,2025-03,2025-W11,Mon,2,19,5.34,Jurong_East,Jurong East,9,43.01,8.05,SGD
drv_nurul_sg_14,Nurul Aisyah,stabilizer,2025-03-11,2025-03,2025-W11,Tue,1,11,3.14,Marina_Bay,Marina Bay / Sands,10,50.37,16.04,SGD
drv_nurul_sg_14,Nurul Aisyah,stabilizer,2025-03-11,2025-03,2025-W11,Tue,2,19,2.96,Changi_Airport,Changi Airport,10,47.38,16.01,SGD
drv_nurul_sg_14,Nurul Aisyah,stabilizer,2025-03-12,2025-03,2025-W11,Wed,1,9,4.38,Marina_Bay,Marina Bay / Sands,6,66.22,15.12,SGD
drv_nurul_sg_14,Nurul Aisyah,stabilizer,2025-03-12,2025-03,2025-W11,Wed,2,19,3.42,Marina_Bay,Marina Bay / Sands,5,51.7,15.12,SGD
drv_nurul_sg_14,Nurul Aisyah,stabilizer,2025-03-13,2025-03,2025-W11,Thu,1,10,4.64,Marina_Bay,Marina Bay / Sands,9,45.88,9.89,SGD
drv_nurul_sg_14,Nurul Aisyah,stabilizer,2025-03-13,2025-03,2025-W11,Thu,2,19,6.36,Jurong_East,Jurong East,13,62.81,9.88,SGD
drv_nurul_sg_14,Nurul Aisyah,stabilizer,2025-03-14,2025-03,2025-W11,Fri,1,8,3.45,Changi_Airport,Changi Airport,10,67.31,19.51,SGD
drv_nurul_sg_14,Nurul Aisyah,stabilizer,2025-03-14,2025-03,2025-W11,Fri,2,17,3.75,Changi_Airport,Changi Airport,11,73.13,19.5,SGD
drv_nurul_sg_14,Nurul Aisyah,stabilizer,2025-03-15,2025-03,2025-W11,Sat,1,9,5.18,Changi_Airport,Changi Airport,10,62.54,12.07,SGD
drv_nurul_sg_14,Nurul Aisyah,stabilizer,2025-03-15,2025-03,2025-W11,Sat,2,17,6.52,Marina_Bay,Marina Bay / Sands,12,78.7,12.07,SGD
drv_nurul_sg_14,Nurul Aisyah,stabilizer,2025-03-17,2025-03,2025-W12,Mon,1,8,4.11,Jurong_East,Jurong East,7,40.41,9.83,SGD
drv_nurul_sg_14,Nurul Aisyah,stabilizer,2025-03-17,2025-03,2025-W12,Mon,2,19,4.49,Marina_Bay,Marina Bay / Sands,7,44.18,9.84,SGD
drv_nurul_sg_14,Nurul Aisyah,stabilizer,2025-03-18,2025-03,2025-W12,Tue,1,11,5.48,Marina_Bay,Marina Bay / Sands,9,63.73,11.63,SGD
drv_nurul_sg_14,Nurul Aisyah,stabilizer,2025-03-18,2025-03,2025-W12,Tue,2,17,5.52,Tampines,Tampines,9,64.1,11.61,SGD
drv_nurul_sg_14,Nurul Aisyah,stabilizer,2025-03-19,2025-03,2025-W12,Wed,1,10,5.63,Marina_Bay,Marina Bay / Sands,6,51.3,9.11,SGD
drv_nurul_sg_14,Nurul Aisyah,stabilizer,2025-03-19,2025-03,2025-W12,Wed,2,18,5.57,Tampines,Tampines,5,50.83,9.13,SGD
drv_nurul_sg_14,Nurul Aisyah,stabilizer,2025-03-20,2025-03,2025-W12,Thu,1,11,5.15,Tampines,Tampines,5,66.44,12.9,SGD
drv_nurul_sg_14,Nurul Aisyah,stabilizer,2025-03-20,2025-03,2025-W12,Thu,2,17,5.65,Jurong_East,Jurong East,6,72.95,12.91,SGD
drv_nurul_sg_14,Nurul Aisyah,stabilizer,2025-03-21,2025-03,2025-W12,Fri,1,8,5.17,Tampines,Tampines,10,73.88,14.29,SGD
drv_nurul_sg_14,Nurul Aisyah,stabilizer,2025-03-21,2025-03,2025-W12,Fri,2,18,5.33,Jurong_East,Jurong East,11,76.07,14.27,SGD
drv_nurul_sg_14,Nurul Aisyah,stabilizer,2025-03-22,2025-03,2025-W12,Sat,1,9,3.04,Tampines,Tampines,5,56.02,18.43,SGD
drv_nurul_sg_14,Nurul Aisyah,stabilizer,2025-03-22,2025-03,2025-W12,Sat,2,19,3.66,Jurong_East,Jurong East,6,67.56,18.46,SGD
drv_nurul_sg_14,Nurul Aisyah,stabilizer,2025-03-24,2025-03,2025-W13,Mon,1,9,4.91,Marina_Bay,Marina Bay / Sands,9,39.91,8.13,SGD
drv_nurul_sg_14,Nurul Aisyah,stabilizer,2025-03-24,2025-03,2025-W13,Mon,2,18,6.29,Marina_Bay,Marina Bay / Sands,11,51.2,8.14,SGD
drv_nurul_sg_14,Nurul Aisyah,stabilizer,2025-03-25,2025-03,2025-W13,Tue,1,10,5.71,Changi_Airport,Changi Airport,9,52.01,9.11,SGD
drv_nurul_sg_14,Nurul Aisyah,stabilizer,2025-03-25,2025-03,2025-W13,Tue,2,18,5.99,Marina_Bay,Marina Bay / Sands,10,54.58,9.11,SGD
drv_nurul_sg_14,Nurul Aisyah,stabilizer,2025-03-26,2025-03,2025-W13,Wed,1,11,3.61,Marina_Bay,Marina Bay / Sands,8,32.32,8.95,SGD
drv_nurul_sg_14,Nurul Aisyah,stabilizer,2025-03-26,2025-03,2025-W13,Wed,2,18,2.89,Jurong_East,Jurong East,6,25.94,8.98,SGD
drv_nurul_sg_14,Nurul Aisyah,stabilizer,2025-03-27,2025-03,2025-W13,Thu,1,9,5.36,Marina_Bay,Marina Bay / Sands,6,61.17,11.41,SGD
drv_nurul_sg_14,Nurul Aisyah,stabilizer,2025-03-27,2025-03,2025-W13,Thu,2,19,5.34,Marina_Bay,Marina Bay / Sands,6,60.83,11.39,SGD
drv_nurul_sg_14,Nurul Aisyah,stabilizer,2025-03-28,2025-03,2025-W13,Fri,1,11,3.83,Jurong_East,Jurong East,6,92.37,24.12,SGD
drv_nurul_sg_14,Nurul Aisyah,stabilizer,2025-03-28,2025-03,2025-W13,Fri,2,19,3.57,Tampines,Tampines,6,85.86,24.05,SGD
drv_nurul_sg_14,Nurul Aisyah,stabilizer,2025-03-29,2025-03,2025-W13,Sat,1,10,4.05,Changi_Airport,Changi Airport,7,53.45,13.2,SGD
drv_nurul_sg_14,Nurul Aisyah,stabilizer,2025-03-29,2025-03,2025-W13,Sat,2,19,4.95,Marina_Bay,Marina Bay / Sands,8,65.47,13.23,SGD
drv_nurul_sg_14,Nurul Aisyah,stabilizer,2025-03-31,2025-03,2025-W14,Mon,1,11,4.75,Marina_Bay,Marina Bay / Sands,9,54.39,11.45,SGD
drv_nurul_sg_14,Nurul Aisyah,stabilizer,2025-03-31,2025-03,2025-W14,Mon,2,17,4.15,Changi_Airport,Changi Airport,7,47.5,11.45,SGD
drv_nurul_sg_14,Nurul Aisyah,stabilizer,2025-04-01,2025-04,2025-W14,Tue,1,9,2.83,Jurong_East,Jurong East,7,58.53,20.68,SGD
drv_nurul_sg_14,Nurul Aisyah,stabilizer,2025-04-01,2025-04,2025-W14,Tue,2,18,3.27,Jurong_East,Jurong East,8,67.42,20.62,SGD
drv_nurul_sg_14,Nurul Aisyah,stabilizer,2025-04-02,2025-04,2025-W14,Wed,1,10,3.39,Changi_Airport,Changi Airport,12,51.84,15.29,SGD
drv_nurul_sg_14,Nurul Aisyah,stabilizer,2025-04-02,2025-04,2025-W14,Wed,2,17,3.01,Jurong_East,Jurong East,10,45.98,15.28,SGD
drv_nurul_sg_14,Nurul Aisyah,stabilizer,2025-04-03,2025-04,2025-W14,Thu,1,10,5.65,Marina_Bay,Marina Bay / Sands,4,58.5,10.35,SGD
drv_nurul_sg_14,Nurul Aisyah,stabilizer,2025-04-03,2025-04,2025-W14,Thu,2,17,5.85,Changi_Airport,Changi Airport,4,60.54,10.35,SGD
drv_nurul_sg_14,Nurul Aisyah,stabilizer,2025-04-04,2025-04,2025-W14,Fri,1,10,3.87,Jurong_East,Jurong East,5,60.92,15.74,SGD
drv_nurul_sg_14,Nurul Aisyah,stabilizer,2025-04-04,2025-04,2025-W14,Fri,2,18,3.83,Tampines,Tampines,5,60.21,15.72,SGD
drv_nurul_sg_14,Nurul Aisyah,stabilizer,2025-04-05,2025-04,2025-W14,Sat,1,11,3.42,Marina_Bay,Marina Bay / Sands,7,57.81,16.9,SGD
drv_nurul_sg_14,Nurul Aisyah,stabilizer,2025-04-05,2025-04,2025-W14,Sat,2,19,4.38,Marina_Bay,Marina Bay / Sands,8,74.11,16.92,SGD
drv_nurul_sg_14,Nurul Aisyah,stabilizer,2025-04-07,2025-04,2025-W15,Mon,1,9,4.32,Jurong_East,Jurong East,9,49.55,11.47,SGD
drv_nurul_sg_14,Nurul Aisyah,stabilizer,2025-04-07,2025-04,2025-W15,Mon,2,19,4.98,Changi_Airport,Changi Airport,10,57.04,11.45,SGD
drv_nurul_sg_14,Nurul Aisyah,stabilizer,2025-04-08,2025-04,2025-W15,Tue,1,10,3.84,Tampines,Tampines,7,58.04,15.11,SGD
drv_nurul_sg_14,Nurul Aisyah,stabilizer,2025-04-08,2025-04,2025-W15,Tue,2,19,3.86,Tampines,Tampines,7,58.46,15.15,SGD
drv_nurul_sg_14,Nurul Aisyah,stabilizer,2025-04-09,2025-04,2025-W15,Wed,1,9,4.52,Marina_Bay,Marina Bay / Sands,4,54.72,12.11,SGD
drv_nurul_sg_14,Nurul Aisyah,stabilizer,2025-04-09,2025-04,2025-W15,Wed,2,19,4.98,Tampines,Tampines,5,60.39,12.13,SGD
drv_nurul_sg_14,Nurul Aisyah,stabilizer,2025-04-10,2025-04,2025-W15,Thu,1,8,5.05,Changi_Airport,Changi Airport,7,50.13,9.93,SGD
drv_nurul_sg_14,Nurul Aisyah,stabilizer,2025-04-10,2025-04,2025-W15,Thu,2,17,4.65,Tampines,Tampines,7,46.09,9.91,SGD
drv_nurul_sg_14,Nurul Aisyah,stabilizer,2025-04-11,2025-04,2025-W15,Fri,1,10,3.59,Jurong_East,Jurong East,6,64.75,18.04,SGD
drv_nurul_sg_14,Nurul Aisyah,stabilizer,2025-04-11,2025-04,2025-W15,Fri,2,17,4.31,Jurong_East,Jurong East,7,77.69,18.03,SGD
drv_nurul_sg_14,Nurul Aisyah,stabilizer,2025-04-12,2025-04,2025-W15,Sat,1,8,3.85,Marina_Bay,Marina Bay / Sands,11,77.6,20.16,SGD
drv_nurul_sg_14,Nurul Aisyah,stabilizer,2025-04-12,2025-04,2025-W15,Sat,2,19,3.85,Tampines,Tampines,10,77.54,20.14,SGD
drv_nurul_sg_14,Nurul Aisyah,stabilizer,2025-04-14,2025-04,2025-W16,Mon,1,10,5.31,Marina_Bay,Marina Bay / Sands,8,58.85,11.08,SGD
drv_nurul_sg_14,Nurul Aisyah,stabilizer,2025-04-14,2025-04,2025-W16,Mon,2,19,5.79,Jurong_East,Jurong East,9,64.18,11.08,SGD
drv_nurul_sg_14,Nurul Aisyah,stabilizer,2025-04-15,2025-04,2025-W16,Tue,1,8,4.91,Tampines,Tampines,7,53.28,10.85,SGD
drv_nurul_sg_14,Nurul Aisyah,stabilizer,2025-04-15,2025-04,2025-W16,Tue,2,17,4.89,Jurong_East,Jurong East,7,53.1,10.86,SGD
drv_nurul_sg_14,Nurul Aisyah,stabilizer,2025-04-16,2025-04,2025-W16,Wed,1,11,4.86,Changi_Airport,Changi Airport,11,53.44,11.0,SGD
drv_nurul_sg_14,Nurul Aisyah,stabilizer,2025-04-16,2025-04,2025-W16,Wed,2,19,3.74,Tampines,Tampines,9,41.14,11.0,SGD
drv_nurul_sg_14,Nurul Aisyah,stabilizer,2025-04-17,2025-04,2025-W16,Thu,1,11,4.35,Changi_Airport,Changi Airport,8,58.03,13.34,SGD
drv_nurul_sg_14,Nurul Aisyah,stabilizer,2025-04-17,2025-04,2025-W16,Thu,2,17,5.35,Changi_Airport,Changi Airport,9,71.34,13.33,SGD
drv_nurul_sg_14,Nurul Aisyah,stabilizer,2025-04-18,2025-04,2025-W16,Fri,1,9,2.91,Marina_Bay,Marina Bay / Sands,8,75.88,26.08,SGD
drv_nurul_sg_14,Nurul Aisyah,stabilizer,2025-04-18,2025-04,2025-W16,Fri,2,19,3.29,Tampines,Tampines,10,85.89,26.11,SGD
drv_nurul_sg_14,Nurul Aisyah,stabilizer,2025-04-19,2025-04,2025-W16,Sat,1,8,5.15,Marina_Bay,Marina Bay / Sands,11,54.08,10.5,SGD
drv_nurul_sg_14,Nurul Aisyah,stabilizer,2025-04-19,2025-04,2025-W16,Sat,2,18,6.45,Changi_Airport,Changi Airport,13,67.7,10.5,SGD
drv_nurul_sg_14,Nurul Aisyah,stabilizer,2025-04-21,2025-04,2025-W17,Mon,1,11,5.98,Jurong_East,Jurong East,13,54.79,9.16,SGD
drv_nurul_sg_14,Nurul Aisyah,stabilizer,2025-04-21,2025-04,2025-W17,Mon,2,17,4.82,Changi_Airport,Changi Airport,10,44.15,9.16,SGD
drv_nurul_sg_14,Nurul Aisyah,stabilizer,2025-04-22,2025-04,2025-W17,Tue,1,11,4.55,Tampines,Tampines,12,52.3,11.49,SGD
drv_nurul_sg_14,Nurul Aisyah,stabilizer,2025-04-22,2025-04,2025-W17,Tue,2,19,4.45,Jurong_East,Jurong East,11,51.05,11.47,SGD
drv_nurul_sg_14,Nurul Aisyah,stabilizer,2025-04-23,2025-04,2025-W17,Wed,1,11,6.01,Tampines,Tampines,6,50.53,8.41,SGD
drv_nurul_sg_14,Nurul Aisyah,stabilizer,2025-04-23,2025-04,2025-W17,Wed,2,18,5.79,Changi_Airport,Changi Airport,6,48.71,8.41,SGD
drv_nurul_sg_14,Nurul Aisyah,stabilizer,2025-04-24,2025-04,2025-W17,Thu,1,9,4.32,Jurong_East,Jurong East,10,64.61,14.96,SGD
drv_nurul_sg_14,Nurul Aisyah,stabilizer,2025-04-24,2025-04,2025-W17,Thu,2,18,4.08,Changi_Airport,Changi Airport,9,61.01,14.95,SGD
drv_nurul_sg_14,Nurul Aisyah,stabilizer,2025-04-25,2025-04,2025-W17,Fri,1,9,3.35,Changi_Airport,Changi Airport,6,64.5,19.25,SGD
drv_nurul_sg_14,Nurul Aisyah,stabilizer,2025-04-25,2025-04,2025-W17,Fri,2,19,3.75,Marina_Bay,Marina Bay / Sands,7,72.03,19.21,SGD
drv_nurul_sg_14,Nurul Aisyah,stabilizer,2025-04-26,2025-04,2025-W17,Sat,1,8,3.15,Changi_Airport,Changi Airport,4,61.74,19.6,SGD
drv_nurul_sg_14,Nurul Aisyah,stabilizer,2025-04-26,2025-04,2025-W17,Sat,2,17,4.35,Jurong_East,Jurong East,5,85.33,19.62,SGD
drv_nurul_sg_14,Nurul Aisyah,stabilizer,2025-04-28,2025-04,2025-W18,Mon,1,10,6.43,Jurong_East,Jurong East,11,63.5,9.88,SGD
drv_nurul_sg_14,Nurul Aisyah,stabilizer,2025-04-28,2025-04,2025-W18,Mon,2,18,5.37,Jurong_East,Jurong East,10,52.98,9.87,SGD
drv_nurul_sg_14,Nurul Aisyah,stabilizer,2025-04-29,2025-04,2025-W18,Tue,1,10,4.7,Marina_Bay,Marina Bay / Sands,7,52.22,11.11,SGD
drv_nurul_sg_14,Nurul Aisyah,stabilizer,2025-04-29,2025-04,2025-W18,Tue,2,18,3.9,Tampines,Tampines,5,43.4,11.13,SGD
drv_nurul_sg_14,Nurul Aisyah,stabilizer,2025-04-30,2025-04,2025-W18,Wed,1,11,5.58,Tampines,Tampines,5,55.41,9.93,SGD
drv_nurul_sg_14,Nurul Aisyah,stabilizer,2025-04-30,2025-04,2025-W18,Wed,2,19,6.02,Marina_Bay,Marina Bay / Sands,6,59.87,9.95,SGD
drv_nurul_sg_14,Nurul Aisyah,stabilizer,2025-05-01,2025-05,2025-W18,Thu,1,9,3.48,Jurong_East,Jurong East,6,47.39,13.62,SGD
drv_nurul_sg_14,Nurul Aisyah,stabilizer,2025-05-01,2025-05,2025-W18,Thu,2,18,4.22,Changi_Airport,Changi Airport,8,57.48,13.62,SGD
drv_nurul_sg_14,Nurul Aisyah,stabilizer,2025-05-02,2025-05,2025-W18,Fri,1,10,3.95,Changi_Airport,Changi Airport,7,55.54,14.06,SGD
drv_nurul_sg_14,Nurul Aisyah,stabilizer,2025-05-02,2025-05,2025-W18,Fri,2,18,3.95,Marina_Bay,Marina Bay / Sands,8,55.64,14.09,SGD
drv_nurul_sg_14,Nurul Aisyah,stabilizer,2025-05-03,2025-05,2025-W18,Sat,1,8,4.54,Marina_Bay,Marina Bay / Sands,10,32.17,7.09,SGD
drv_nurul_sg_14,Nurul Aisyah,stabilizer,2025-05-03,2025-05,2025-W18,Sat,2,17,4.66,Tampines,Tampines,11,33.09,7.1,SGD
drv_nurul_sg_14,Nurul Aisyah,stabilizer,2025-05-05,2025-05,2025-W19,Mon,1,11,3.1,Marina_Bay,Marina Bay / Sands,6,59.91,19.33,SGD
drv_nurul_sg_14,Nurul Aisyah,stabilizer,2025-05-05,2025-05,2025-W19,Mon,2,18,3.1,Jurong_East,Jurong East,6,59.88,19.32,SGD
drv_nurul_sg_14,Nurul Aisyah,stabilizer,2025-05-06,2025-05,2025-W19,Tue,1,11,4.39,Changi_Airport,Changi Airport,12,49.79,11.34,SGD
drv_nurul_sg_14,Nurul Aisyah,stabilizer,2025-05-06,2025-05,2025-W19,Tue,2,18,4.21,Jurong_East,Jurong East,12,47.84,11.36,SGD
drv_nurul_sg_14,Nurul Aisyah,stabilizer,2025-05-07,2025-05,2025-W19,Wed,1,9,4.99,Changi_Airport,Changi Airport,12,55.54,11.13,SGD
drv_nurul_sg_14,Nurul Aisyah,stabilizer,2025-05-07,2025-05,2025-W19,Wed,2,18,3.51,Marina_Bay,Marina Bay / Sands,8,39.06,11.13,SGD
drv_nurul_sg_14,Nurul Aisyah,stabilizer,2025-05-08,2025-05,2025-W19,Thu,1,10,3.16,Jurong_East,Jurong East,9,46.3,14.65,SGD
drv_nurul_sg_14,Nurul Aisyah,stabilizer,2025-05-08,2025-05,2025-W19,Thu,2,17,3.44,Marina_Bay,Marina Bay / Sands,10,50.28,14.62,SGD
drv_nurul_sg_14,Nurul Aisyah,stabilizer,2025-05-09,2025-05,2025-W19,Fri,1,10,3.8,Changi_Airport,Changi Airport,10,66.33,17.46,SGD
drv_nurul_sg_14,Nurul Aisyah,stabilizer,2025-05-09,2025-05,2025-W19,Fri,2,19,4.1,Jurong_East,Jurong East,10,71.68,17.48,SGD
drv_nurul_sg_14,Nurul Aisyah,stabilizer,2025-05-10,2025-05,2025-W19,Sat,1,8,3.01,Jurong_East,Jurong East,8,73.85,24.53,SGD
drv_nurul_sg_14,Nurul Aisyah,stabilizer,2025-05-10,2025-05,2025-W19,Sat,2,18,4.09,Marina_Bay,Marina Bay / Sands,10,100.51,24.57,SGD
drv_nurul_sg_14,Nurul Aisyah,stabilizer,2025-05-12,2025-05,2025-W20,Mon,1,10,5.04,Tampines,Tampines,8,59.75,11.86,SGD
drv_nurul_sg_14,Nurul Aisyah,stabilizer,2025-05-12,2025-05,2025-W20,Mon,2,18,3.96,Changi_Airport,Changi Airport,6,47.01,11.87,SGD
drv_nurul_sg_14,Nurul Aisyah,stabilizer,2025-05-13,2025-05,2025-W20,Tue,1,9,4.62,Changi_Airport,Changi Airport,9,48.36,10.47,SGD
drv_nurul_sg_14,Nurul Aisyah,stabilizer,2025-05-13,2025-05,2025-W20,Tue,2,19,4.88,Marina_Bay,Marina Bay / Sands,9,51.18,10.49,SGD
drv_nurul_sg_14,Nurul Aisyah,stabilizer,2025-05-14,2025-05,2025-W20,Wed,1,9,4.56,Jurong_East,Jurong East,11,54.33,11.91,SGD
drv_nurul_sg_14,Nurul Aisyah,stabilizer,2025-05-14,2025-05,2025-W20,Wed,2,18,4.44,Changi_Airport,Changi Airport,10,52.94,11.92,SGD
drv_nurul_sg_14,Nurul Aisyah,stabilizer,2025-05-15,2025-05,2025-W20,Thu,1,9,3.66,Marina_Bay,Marina Bay / Sands,10,63.85,17.45,SGD
drv_nurul_sg_14,Nurul Aisyah,stabilizer,2025-05-15,2025-05,2025-W20,Thu,2,19,3.84,Changi_Airport,Changi Airport,11,66.84,17.41,SGD
drv_nurul_sg_14,Nurul Aisyah,stabilizer,2025-05-16,2025-05,2025-W20,Fri,1,11,3.5,Changi_Airport,Changi Airport,9,75.73,21.64,SGD
drv_nurul_sg_14,Nurul Aisyah,stabilizer,2025-05-16,2025-05,2025-W20,Fri,2,18,3.3,Marina_Bay,Marina Bay / Sands,9,71.3,21.61,SGD
drv_nurul_sg_14,Nurul Aisyah,stabilizer,2025-05-17,2025-05,2025-W20,Sat,1,9,4.19,Jurong_East,Jurong East,9,72.19,17.23,SGD
drv_nurul_sg_14,Nurul Aisyah,stabilizer,2025-05-17,2025-05,2025-W20,Sat,2,19,6.01,Changi_Airport,Changi Airport,14,103.75,17.26,SGD
drv_nurul_sg_14,Nurul Aisyah,stabilizer,2025-05-19,2025-05,2025-W21,Mon,1,11,5.68,Changi_Airport,Changi Airport,8,49.13,8.65,SGD
drv_nurul_sg_14,Nurul Aisyah,stabilizer,2025-05-19,2025-05,2025-W21,Mon,2,17,5.22,Tampines,Tampines,7,45.14,8.65,SGD
drv_nurul_sg_14,Nurul Aisyah,stabilizer,2025-05-20,2025-05,2025-W21,Tue,1,11,4.1,Changi_Airport,Changi Airport,11,50.89,12.41,SGD
drv_nurul_sg_14,Nurul Aisyah,stabilizer,2025-05-20,2025-05,2025-W21,Tue,2,19,4.1,Tampines,Tampines,11,50.81,12.39,SGD
drv_nurul_sg_14,Nurul Aisyah,stabilizer,2025-05-21,2025-05,2025-W21,Wed,1,11,4.99,Jurong_East,Jurong East,8,64.2,12.87,SGD
drv_nurul_sg_14,Nurul Aisyah,stabilizer,2025-05-21,2025-05,2025-W21,Wed,2,19,5.11,Changi_Airport,Changi Airport,8,65.86,12.89,SGD
drv_nurul_sg_14,Nurul Aisyah,stabilizer,2025-05-22,2025-05,2025-W21,Thu,1,9,4.66,Jurong_East,Jurong East,11,71.33,15.31,SGD
drv_nurul_sg_14,Nurul Aisyah,stabilizer,2025-05-22,2025-05,2025-W21,Thu,2,18,3.24,Tampines,Tampines,7,49.49,15.27,SGD
drv_nurul_sg_14,Nurul Aisyah,stabilizer,2025-05-23,2025-05,2025-W21,Fri,1,11,4.17,Jurong_East,Jurong East,10,69.83,16.75,SGD
drv_nurul_sg_14,Nurul Aisyah,stabilizer,2025-05-23,2025-05,2025-W21,Fri,2,18,4.93,Changi_Airport,Changi Airport,11,82.52,16.74,SGD
drv_nurul_sg_14,Nurul Aisyah,stabilizer,2025-05-24,2025-05,2025-W21,Sat,1,10,4.02,Changi_Airport,Changi Airport,12,67.03,16.67,SGD
drv_nurul_sg_14,Nurul Aisyah,stabilizer,2025-05-24,2025-05,2025-W21,Sat,2,17,3.58,Changi_Airport,Changi Airport,11,59.84,16.72,SGD
drv_nurul_sg_14,Nurul Aisyah,stabilizer,2025-05-26,2025-05,2025-W22,Mon,1,10,3.54,Marina_Bay,Marina Bay / Sands,12,58.9,16.64,SGD
drv_nurul_sg_14,Nurul Aisyah,stabilizer,2025-05-26,2025-05,2025-W22,Mon,2,17,3.26,Tampines,Tampines,11,54.24,16.64,SGD
drv_nurul_sg_14,Nurul Aisyah,stabilizer,2025-05-27,2025-05,2025-W22,Tue,1,10,3.33,Jurong_East,Jurong East,11,53.97,16.21,SGD
drv_nurul_sg_14,Nurul Aisyah,stabilizer,2025-05-27,2025-05,2025-W22,Tue,2,18,3.47,Changi_Airport,Changi Airport,12,56.3,16.22,SGD
drv_nurul_sg_14,Nurul Aisyah,stabilizer,2025-05-28,2025-05,2025-W22,Wed,1,9,3.54,Changi_Airport,Changi Airport,5,64.15,18.12,SGD
drv_nurul_sg_14,Nurul Aisyah,stabilizer,2025-05-28,2025-05,2025-W22,Wed,2,19,3.36,Tampines,Tampines,5,60.86,18.11,SGD
drv_nurul_sg_14,Nurul Aisyah,stabilizer,2025-05-29,2025-05,2025-W22,Thu,1,8,5.52,Changi_Airport,Changi Airport,7,53.79,9.74,SGD
drv_nurul_sg_14,Nurul Aisyah,stabilizer,2025-05-29,2025-05,2025-W22,Thu,2,17,5.48,Jurong_East,Jurong East,6,53.33,9.73,SGD
drv_nurul_sg_14,Nurul Aisyah,stabilizer,2025-05-30,2025-05,2025-W22,Fri,1,11,4.1,Jurong_East,Jurong East,11,76.22,18.59,SGD
drv_nurul_sg_14,Nurul Aisyah,stabilizer,2025-05-30,2025-05,2025-W22,Fri,2,18,4.3,Tampines,Tampines,11,79.85,18.57,SGD
drv_nurul_sg_14,Nurul Aisyah,stabilizer,2025-05-31,2025-05,2025-W22,Sat,1,9,3.92,Tampines,Tampines,9,70.15,17.9,SGD
drv_nurul_sg_14,Nurul Aisyah,stabilizer,2025-05-31,2025-05,2025-W22,Sat,2,18,4.58,Tampines,Tampines,10,81.84,17.87,SGD
drv_nurul_sg_14,Nurul Aisyah,stabilizer,2025-06-02,2025-06,2025-W23,Mon,1,11,3.45,Changi_Airport,Changi Airport,10,39.99,11.59,SGD
drv_nurul_sg_14,Nurul Aisyah,stabilizer,2025-06-02,2025-06,2025-W23,Mon,2,19,4.15,Jurong_East,Jurong East,11,48.15,11.6,SGD
drv_nurul_sg_14,Nurul Aisyah,stabilizer,2025-06-03,2025-06,2025-W23,Tue,1,8,3.79,Changi_Airport,Changi Airport,4,59.41,15.68,SGD
drv_nurul_sg_14,Nurul Aisyah,stabilizer,2025-06-03,2025-06,2025-W23,Tue,2,18,4.11,Marina_Bay,Marina Bay / Sands,4,64.41,15.67,SGD
drv_nurul_sg_14,Nurul Aisyah,stabilizer,2025-06-04,2025-06,2025-W23,Wed,1,10,4.74,Tampines,Tampines,7,50.88,10.73,SGD
drv_nurul_sg_14,Nurul Aisyah,stabilizer,2025-06-04,2025-06,2025-W23,Wed,2,17,4.76,Marina_Bay,Marina Bay / Sands,8,51.07,10.73,SGD
drv_nurul_sg_14,Nurul Aisyah,stabilizer,2025-06-05,2025-06,2025-W23,Thu,1,8,6.2,Marina_Bay,Marina Bay / Sands,12,77.38,12.48,SGD
drv_nurul_sg_14,Nurul Aisyah,stabilizer,2025-06-05,2025-06,2025-W23,Thu,2,18,5.1,Changi_Airport,Changi Airport,10,63.64,12.48,SGD
drv_nurul_sg_14,Nurul Aisyah,stabilizer,2025-06-06,2025-06,2025-W23,Fri,1,10,3.32,Changi_Airport,Changi Airport,11,84.29,25.39,SGD
drv_nurul_sg_14,Nurul Aisyah,stabilizer,2025-06-06,2025-06,2025-W23,Fri,2,17,3.28,Jurong_East,Jurong East,10,83.26,25.38,SGD
drv_nurul_sg_14,Nurul Aisyah,stabilizer,2025-06-07,2025-06,2025-W23,Sat,1,10,4.94,Jurong_East,Jurong East,5,34.47,6.98,SGD
drv_nurul_sg_14,Nurul Aisyah,stabilizer,2025-06-07,2025-06,2025-W23,Sat,2,19,6.06,Tampines,Tampines,6,42.28,6.98,SGD
drv_nurul_sg_14,Nurul Aisyah,stabilizer,2025-06-09,2025-06,2025-W24,Mon,1,8,3.46,Tampines,Tampines,6,49.1,14.19,SGD
drv_nurul_sg_14,Nurul Aisyah,stabilizer,2025-06-09,2025-06,2025-W24,Mon,2,17,3.74,Tampines,Tampines,7,52.95,14.16,SGD
drv_nurul_sg_14,Nurul Aisyah,stabilizer,2025-06-10,2025-06,2025-W24,Tue,1,10,6.0,Jurong_East,Jurong East,11,63.11,10.52,SGD
drv_nurul_sg_14,Nurul Aisyah,stabilizer,2025-06-10,2025-06,2025-W24,Tue,2,18,5.7,Changi_Airport,Changi Airport,10,59.97,10.52,SGD
drv_nurul_sg_14,Nurul Aisyah,stabilizer,2025-06-11,2025-06,2025-W24,Wed,1,10,4.11,Tampines,Tampines,6,50.5,12.29,SGD
drv_nurul_sg_14,Nurul Aisyah,stabilizer,2025-06-11,2025-06,2025-W24,Wed,2,18,4.19,Changi_Airport,Changi Airport,6,51.43,12.27,SGD
drv_nurul_sg_14,Nurul Aisyah,stabilizer,2025-06-12,2025-06,2025-W24,Thu,1,9,4.94,Changi_Airport,Changi Airport,8,75.52,15.29,SGD
drv_nurul_sg_14,Nurul Aisyah,stabilizer,2025-06-12,2025-06,2025-W24,Thu,2,18,4.76,Changi_Airport,Changi Airport,7,72.69,15.27,SGD
drv_nurul_sg_14,Nurul Aisyah,stabilizer,2025-06-13,2025-06,2025-W24,Fri,1,11,5.02,Marina_Bay,Marina Bay / Sands,6,81.89,16.31,SGD
drv_nurul_sg_14,Nurul Aisyah,stabilizer,2025-06-13,2025-06,2025-W24,Fri,2,17,5.48,Marina_Bay,Marina Bay / Sands,6,89.35,16.3,SGD
drv_nurul_sg_14,Nurul Aisyah,stabilizer,2025-06-14,2025-06,2025-W24,Sat,1,10,4.4,Tampines,Tampines,7,79.2,18.0,SGD
drv_nurul_sg_14,Nurul Aisyah,stabilizer,2025-06-14,2025-06,2025-W24,Sat,2,19,4.3,Marina_Bay,Marina Bay / Sands,6,77.37,17.99,SGD
drv_nurul_sg_14,Nurul Aisyah,stabilizer,2025-06-16,2025-06,2025-W25,Mon,1,9,3.62,Changi_Airport,Changi Airport,6,45.18,12.48,SGD
drv_nurul_sg_14,Nurul Aisyah,stabilizer,2025-06-16,2025-06,2025-W25,Mon,2,19,3.18,Changi_Airport,Changi Airport,5,39.61,12.46,SGD
drv_nurul_sg_14,Nurul Aisyah,stabilizer,2025-06-17,2025-06,2025-W25,Tue,1,8,5.29,Jurong_East,Jurong East,10,75.24,14.22,SGD
drv_nurul_sg_14,Nurul Aisyah,stabilizer,2025-06-17,2025-06,2025-W25,Tue,2,19,4.11,Jurong_East,Jurong East,8,58.34,14.19,SGD
drv_nurul_sg_14,Nurul Aisyah,stabilizer,2025-06-18,2025-06,2025-W25,Wed,1,11,3.36,Changi_Airport,Changi Airport,6,60.42,17.98,SGD
drv_nurul_sg_14,Nurul Aisyah,stabilizer,2025-06-18,2025-06,2025-W25,Wed,2,19,3.44,Marina_Bay,Marina Bay / Sands,7,61.76,17.95,SGD
drv_nurul_sg_14,Nurul Aisyah,stabilizer,2025-06-19,2025-06,2025-W25,Thu,1,11,3.09,Marina_Bay,Marina Bay / Sands,4,77.64,25.13,SGD
drv_nurul_sg_14,Nurul Aisyah,stabilizer,2025-06-19,2025-06,2025-W25,Thu,2,17,3.21,Jurong_East,Jurong East,4,80.77,25.16,SGD
drv_nurul_sg_14,Nurul Aisyah,stabilizer,2025-06-20,2025-06,2025-W25,Fri,1,10,3.17,Changi_Airport,Changi Airport,12,62.73,19.79,SGD
drv_nurul_sg_14,Nurul Aisyah,stabilizer,2025-06-20,2025-06,2025-W25,Fri,2,17,3.03,Changi_Airport,Changi Airport,12,59.85,19.75,SGD
drv_nurul_sg_14,Nurul Aisyah,stabilizer,2025-06-21,2025-06,2025-W25,Sat,1,10,5.39,Tampines,Tampines,4,76.44,14.18,SGD
drv_nurul_sg_14,Nurul Aisyah,stabilizer,2025-06-21,2025-06,2025-W25,Sat,2,19,5.61,Jurong_East,Jurong East,4,79.42,14.16,SGD
drv_nurul_sg_14,Nurul Aisyah,stabilizer,2025-06-23,2025-06,2025-W26,Mon,1,8,3.92,Tampines,Tampines,6,43.42,11.08,SGD
drv_nurul_sg_14,Nurul Aisyah,stabilizer,2025-06-23,2025-06,2025-W26,Mon,2,18,4.78,Marina_Bay,Marina Bay / Sands,7,52.84,11.05,SGD
drv_nurul_sg_14,Nurul Aisyah,stabilizer,2025-06-24,2025-06,2025-W26,Tue,1,9,6.19,Changi_Airport,Changi Airport,10,64.32,10.39,SGD
drv_nurul_sg_14,Nurul Aisyah,stabilizer,2025-06-24,2025-06,2025-W26,Tue,2,18,5.31,Jurong_East,Jurong East,9,55.14,10.38,SGD
drv_nurul_sg_14,Nurul Aisyah,stabilizer,2025-06-25,2025-06,2025-W26,Wed,1,11,3.06,Marina_Bay,Marina Bay / Sands,4,44.25,14.46,SGD
drv_nurul_sg_14,Nurul Aisyah,stabilizer,2025-06-25,2025-06,2025-W26,Wed,2,18,4.24,Marina_Bay,Marina Bay / Sands,5,61.48,14.5,SGD
drv_nurul_sg_14,Nurul Aisyah,stabilizer,2025-06-26,2025-06,2025-W26,Thu,1,10,5.08,Jurong_East,Jurong East,7,49.5,9.74,SGD
drv_nurul_sg_14,Nurul Aisyah,stabilizer,2025-06-26,2025-06,2025-W26,Thu,2,19,6.42,Tampines,Tampines,8,62.62,9.75,SGD
drv_nurul_sg_14,Nurul Aisyah,stabilizer,2025-06-27,2025-06,2025-W26,Fri,1,9,4.6,Tampines,Tampines,9,32.75,7.12,SGD
drv_nurul_sg_14,Nurul Aisyah,stabilizer,2025-06-27,2025-06,2025-W26,Fri,2,19,5.7,Tampines,Tampines,11,40.52,7.11,SGD
drv_nurul_sg_14,Nurul Aisyah,stabilizer,2025-06-28,2025-06,2025-W26,Sat,1,8,4.57,Changi_Airport,Changi Airport,9,73.34,16.05,SGD
drv_nurul_sg_14,Nurul Aisyah,stabilizer,2025-06-28,2025-06,2025-W26,Sat,2,19,5.33,Jurong_East,Jurong East,11,85.38,16.02,SGD
drv_nurul_sg_14,Nurul Aisyah,stabilizer,2025-06-30,2025-06,2025-W27,Mon,1,10,5.37,Jurong_East,Jurong East,5,47.86,8.91,SGD
drv_nurul_sg_14,Nurul Aisyah,stabilizer,2025-06-30,2025-06,2025-W27,Mon,2,19,4.73,Tampines,Tampines,4,42.1,8.9,SGD
drv_nurul_sg_14,Nurul Aisyah,stabilizer,2025-07-01,2025-07,2025-W27,Tue,1,10,3.51,Jurong_East,Jurong East,10,55.95,15.94,SGD
drv_nurul_sg_14,Nurul Aisyah,stabilizer,2025-07-01,2025-07,2025-W27,Tue,2,19,4.39,Jurong_East,Jurong East,13,70.01,15.95,SGD
drv_nurul_sg_14,Nurul Aisyah,stabilizer,2025-07-02,2025-07,2025-W27,Wed,1,11,4.18,Changi_Airport,Changi Airport,6,56.3,13.47,SGD
drv_nurul_sg_14,Nurul Aisyah,stabilizer,2025-07-02,2025-07,2025-W27,Wed,2,18,4.42,Marina_Bay,Marina Bay / Sands,7,59.47,13.45,SGD
drv_nurul_sg_14,Nurul Aisyah,stabilizer,2025-07-03,2025-07,2025-W27,Thu,1,8,3.88,Changi_Airport,Changi Airport,7,79.06,20.38,SGD
drv_nurul_sg_14,Nurul Aisyah,stabilizer,2025-07-03,2025-07,2025-W27,Thu,2,18,4.12,Changi_Airport,Changi Airport,8,83.77,20.33,SGD
drv_nurul_sg_14,Nurul Aisyah,stabilizer,2025-07-04,2025-07,2025-W27,Fri,1,8,3.1,Tampines,Tampines,9,76.95,24.82,SGD
drv_nurul_sg_14,Nurul Aisyah,stabilizer,2025-07-04,2025-07,2025-W27,Fri,2,19,3.1,Changi_Airport,Changi Airport,9,76.77,24.76,SGD
drv_nurul_sg_14,Nurul Aisyah,stabilizer,2025-07-05,2025-07,2025-W27,Sat,1,10,3.47,Marina_Bay,Marina Bay / Sands,11,95.32,27.47,SGD
drv_nurul_sg_14,Nurul Aisyah,stabilizer,2025-07-05,2025-07,2025-W27,Sat,2,19,3.03,Changi_Airport,Changi Airport,9,82.99,27.39,SGD
drv_nurul_sg_14,Nurul Aisyah,stabilizer,2025-07-07,2025-07,2025-W28,Mon,1,8,5.27,Tampines,Tampines,13,57.39,10.89,SGD
drv_nurul_sg_14,Nurul Aisyah,stabilizer,2025-07-07,2025-07,2025-W28,Mon,2,19,4.83,Jurong_East,Jurong East,11,52.58,10.89,SGD
drv_nurul_sg_14,Nurul Aisyah,stabilizer,2025-07-08,2025-07,2025-W28,Tue,1,9,3.67,Tampines,Tampines,6,65.69,17.9,SGD
drv_nurul_sg_14,Nurul Aisyah,stabilizer,2025-07-08,2025-07,2025-W28,Tue,2,17,3.53,Changi_Airport,Changi Airport,6,63.13,17.88,SGD
drv_nurul_sg_14,Nurul Aisyah,stabilizer,2025-07-09,2025-07,2025-W28,Wed,1,10,4.01,Marina_Bay,Marina Bay / Sands,9,48.88,12.19,SGD
drv_nurul_sg_14,Nurul Aisyah,stabilizer,2025-07-09,2025-07,2025-W28,Wed,2,17,4.59,Marina_Bay,Marina Bay / Sands,11,55.93,12.19,SGD
drv_nurul_sg_14,Nurul Aisyah,stabilizer,2025-07-10,2025-07,2025-W28,Thu,1,8,4.54,Marina_Bay,Marina Bay / Sands,4,64.8,14.27,SGD
drv_nurul_sg_14,Nurul Aisyah,stabilizer,2025-07-10,2025-07,2025-W28,Thu,2,18,5.96,Tampines,Tampines,6,85.11,14.28,SGD
drv_nurul_sg_14,Nurul Aisyah,stabilizer,2025-07-11,2025-07,2025-W28,Fri,1,11,3.31,Jurong_East,Jurong East,9,72.29,21.84,SGD
drv_nurul_sg_14,Nurul Aisyah,stabilizer,2025-07-11,2025-07,2025-W28,Fri,2,17,4.09,Changi_Airport,Changi Airport,12,89.45,21.87,SGD
drv_nurul_sg_14,Nurul Aisyah,stabilizer,2025-07-12,2025-07,2025-W28,Sat,1,8,4.82,Tampines,Tampines,7,91.12,18.9,SGD
drv_nurul_sg_14,Nurul Aisyah,stabilizer,2025-07-12,2025-07,2025-W28,Sat,2,17,3.88,Jurong_East,Jurong East,5,73.31,18.89,SGD
drv_nurul_sg_14,Nurul Aisyah,stabilizer,2025-07-14,2025-07,2025-W29,Mon,1,10,4.83,Tampines,Tampines,5,43.24,8.95,SGD
drv_nurul_sg_14,Nurul Aisyah,stabilizer,2025-07-14,2025-07,2025-W29,Mon,2,19,4.87,Jurong_East,Jurong East,6,43.6,8.95,SGD
drv_nurul_sg_14,Nurul Aisyah,stabilizer,2025-07-15,2025-07,2025-W29,Tue,1,8,4.2,Jurong_East,Jurong East,7,51.37,12.23,SGD
drv_nurul_sg_14,Nurul Aisyah,stabilizer,2025-07-15,2025-07,2025-W29,Tue,2,18,4.5,Marina_Bay,Marina Bay / Sands,8,55.01,12.22,SGD
drv_nurul_sg_14,Nurul Aisyah,stabilizer,2025-07-16,2025-07,2025-W29,Wed,1,9,5.81,Marina_Bay,Marina Bay / Sands,9,70.99,12.22,SGD
drv_nurul_sg_14,Nurul Aisyah,stabilizer,2025-07-16,2025-07,2025-W29,Wed,2,19,4.49,Jurong_East,Jurong East,7,54.89,12.22,SGD
drv_nurul_sg_14,Nurul Aisyah,stabilizer,2025-07-17,2025-07,2025-W29,Thu,1,8,4.69,Changi_Airport,Changi Airport,12,74.39,15.86,SGD
drv_nurul_sg_14,Nurul Aisyah,stabilizer,2025-07-17,2025-07,2025-W29,Thu,2,19,4.31,Changi_Airport,Changi Airport,11,68.44,15.88,SGD
drv_nurul_sg_14,Nurul Aisyah,stabilizer,2025-07-18,2025-07,2025-W29,Fri,1,8,5.78,Jurong_East,Jurong East,10,63.41,10.97,SGD
drv_nurul_sg_14,Nurul Aisyah,stabilizer,2025-07-18,2025-07,2025-W29,Fri,2,17,5.32,Jurong_East,Jurong East,10,58.37,10.97,SGD
drv_nurul_sg_14,Nurul Aisyah,stabilizer,2025-07-19,2025-07,2025-W29,Sat,1,9,5.66,Jurong_East,Jurong East,12,79.86,14.11,SGD
drv_nurul_sg_14,Nurul Aisyah,stabilizer,2025-07-19,2025-07,2025-W29,Sat,2,19,4.64,Marina_Bay,Marina Bay / Sands,9,65.44,14.1,SGD
drv_nurul_sg_14,Nurul Aisyah,stabilizer,2025-07-21,2025-07,2025-W30,Mon,1,11,4.06,Changi_Airport,Changi Airport,8,53.54,13.19,SGD
drv_nurul_sg_14,Nurul Aisyah,stabilizer,2025-07-21,2025-07,2025-W30,Mon,2,18,5.04,Tampines,Tampines,10,66.53,13.2,SGD
drv_nurul_sg_14,Nurul Aisyah,stabilizer,2025-07-22,2025-07,2025-W30,Tue,1,9,3.31,Marina_Bay,Marina Bay / Sands,9,44.26,13.37,SGD
drv_nurul_sg_14,Nurul Aisyah,stabilizer,2025-07-22,2025-07,2025-W30,Tue,2,19,4.39,Marina_Bay,Marina Bay / Sands,11,58.83,13.4,SGD
drv_nurul_sg_14,Nurul Aisyah,stabilizer,2025-07-23,2025-07,2025-W30,Wed,1,8,3.73,Changi_Airport,Changi Airport,10,55.7,14.93,SGD
drv_nurul_sg_14,Nurul Aisyah,stabilizer,2025-07-23,2025-07,2025-W30,Wed,2,19,4.17,Marina_Bay,Marina Bay / Sands,12,62.32,14.94,SGD
drv_nurul_sg_14,Nurul Aisyah,stabilizer,2025-07-24,2025-07,2025-W30,Thu,1,10,3.76,Jurong_East,Jurong East,6,69.14,18.39,SGD
drv_nurul_sg_14,Nurul Aisyah,stabilizer,2025-07-24,2025-07,2025-W30,Thu,2,18,3.44,Changi_Airport,Changi Airport,5,63.32,18.41,SGD
drv_nurul_sg_14,Nurul Aisyah,stabilizer,2025-07-25,2025-07,2025-W30,Fri,1,8,4.73,Changi_Airport,Changi Airport,6,73.76,15.59,SGD
drv_nurul_sg_14,Nurul Aisyah,stabilizer,2025-07-25,2025-07,2025-W30,Fri,2,19,4.97,Jurong_East,Jurong East,6,77.46,15.59,SGD
drv_nurul_sg_14,Nurul Aisyah,stabilizer,2025-07-26,2025-07,2025-W30,Sat,1,9,5.5,Marina_Bay,Marina Bay / Sands,12,103.04,18.73,SGD
drv_nurul_sg_14,Nurul Aisyah,stabilizer,2025-07-26,2025-07,2025-W30,Sat,2,17,4.5,Marina_Bay,Marina Bay / Sands,9,84.47,18.77,SGD
drv_nurul_sg_14,Nurul Aisyah,stabilizer,2025-07-28,2025-07,2025-W31,Mon,1,11,3.22,Changi_Airport,Changi Airport,8,70.53,21.9,SGD
drv_nurul_sg_14,Nurul Aisyah,stabilizer,2025-07-28,2025-07,2025-W31,Mon,2,19,2.78,Jurong_East,Jurong East,6,61.04,21.96,SGD
drv_nurul_sg_14,Nurul Aisyah,stabilizer,2025-07-29,2025-07,2025-W31,Tue,1,8,4.54,Marina_Bay,Marina Bay / Sands,5,68.25,15.03,SGD
drv_nurul_sg_14,Nurul Aisyah,stabilizer,2025-07-29,2025-07,2025-W31,Tue,2,18,4.16,Tampines,Tampines,5,62.65,15.06,SGD
drv_nurul_sg_14,Nurul Aisyah,stabilizer,2025-07-30,2025-07,2025-W31,Wed,1,11,5.93,Marina_Bay,Marina Bay / Sands,10,59.7,10.07,SGD
drv_nurul_sg_14,Nurul Aisyah,stabilizer,2025-07-30,2025-07,2025-W31,Wed,2,17,5.67,Jurong_East,Jurong East,10,57.09,10.07,SGD
drv_nurul_sg_14,Nurul Aisyah,stabilizer,2025-07-31,2025-07,2025-W31,Thu,1,11,4.7,Jurong_East,Jurong East,5,46.44,9.88,SGD
drv_nurul_sg_14,Nurul Aisyah,stabilizer,2025-07-31,2025-07,2025-W31,Thu,2,18,6.1,Marina_Bay,Marina Bay / Sands,6,60.3,9.89,SGD
drv_nurul_sg_14,Nurul Aisyah,stabilizer,2025-08-01,2025-08,2025-W31,Fri,1,9,4.1,Changi_Airport,Changi Airport,5,73.63,17.96,SGD
drv_nurul_sg_14,Nurul Aisyah,stabilizer,2025-08-01,2025-08,2025-W31,Fri,2,17,5.0,Jurong_East,Jurong East,7,89.89,17.98,SGD
drv_nurul_sg_14,Nurul Aisyah,stabilizer,2025-08-02,2025-08,2025-W31,Sat,1,11,2.84,Jurong_East,Jurong East,6,53.18,18.73,SGD
drv_nurul_sg_14,Nurul Aisyah,stabilizer,2025-08-02,2025-08,2025-W31,Sat,2,18,3.66,Tampines,Tampines,7,68.64,18.75,SGD
drv_nurul_sg_14,Nurul Aisyah,stabilizer,2025-08-04,2025-08,2025-W32,Mon,1,11,4.05,Marina_Bay,Marina Bay / Sands,8,48.93,12.08,SGD
drv_nurul_sg_14,Nurul Aisyah,stabilizer,2025-08-04,2025-08,2025-W32,Mon,2,18,4.85,Tampines,Tampines,10,58.67,12.1,SGD
drv_nurul_sg_14,Nurul Aisyah,stabilizer,2025-08-05,2025-08,2025-W32,Tue,1,10,3.27,Tampines,Tampines,10,47.04,14.39,SGD
drv_nurul_sg_14,Nurul Aisyah,stabilizer,2025-08-05,2025-08,2025-W32,Tue,2,19,4.43,Jurong_East,Jurong East,14,63.79,14.4,SGD
drv_nurul_sg_14,Nurul Aisyah,stabilizer,2025-08-06,2025-08,2025-W32,Wed,1,9,3.63,Changi_Airport,Changi Airport,5,67.04,18.47,SGD
drv_nurul_sg_14,Nurul Aisyah,stabilizer,2025-08-06,2025-08,2025-W32,Wed,2,17,3.47,Marina_Bay,Marina Bay / Sands,5,63.95,18.43,SGD
drv_nurul_sg_14,Nurul Aisyah,stabilizer,2025-08-07,2025-08,2025-W32,Thu,1,10,4.4,Marina_Bay,Marina Bay / Sands,9,50.97,11.58,SGD
drv_nurul_sg_14,Nurul Aisyah,stabilizer,2025-08-07,2025-08,2025-W32,Thu,2,19,5.2,Changi_Airport,Changi Airport,11,60.29,11.59,SGD
drv_nurul_sg_14,Nurul Aisyah,stabilizer,2025-08-08,2025-08,2025-W32,Fri,1,11,3.38,Jurong_East,Jurong East,4,48.94,14.48,SGD
drv_nurul_sg_14,Nurul Aisyah,stabilizer,2025-08-08,2025-08,2025-W32,Fri,2,17,4.22,Changi_Airport,Changi Airport,4,61.15,14.49,SGD
drv_nurul_sg_14,Nurul Aisyah,stabilizer,2025-08-09,2025-08,2025-W32,Sat,1,8,3.41,Tampines,Tampines,11,35.78,10.49,SGD
drv_nurul_sg_14,Nurul Aisyah,stabilizer,2025-08-09,2025-08,2025-W32,Sat,2,19,3.99,Tampines,Tampines,12,41.91,10.5,SGD
drv_nurul_sg_14,Nurul Aisyah,stabilizer,2025-08-11,2025-08,2025-W33,Mon,1,8,5.82,Changi_Airport,Changi Airport,7,54.95,9.44,SGD
drv_nurul_sg_14,Nurul Aisyah,stabilizer,2025-08-11,2025-08,2025-W33,Mon,2,17,4.68,Tampines,Tampines,6,44.15,9.43,SGD
drv_nurul_sg_14,Nurul Aisyah,stabilizer,2025-08-12,2025-08,2025-W33,Tue,1,11,3.71,Changi_Airport,Changi Airport,6,64.38,17.35,SGD
drv_nurul_sg_14,Nurul Aisyah,stabilizer,2025-08-12,2025-08,2025-W33,Tue,2,17,3.49,Jurong_East,Jurong East,6,60.54,17.35,SGD
drv_nurul_sg_14,Nurul Aisyah,stabilizer,2025-08-13,2025-08,2025-W33,Wed,1,11,2.99,Changi_Airport,Changi Airport,7,42.45,14.2,SGD
drv_nurul_sg_14,Nurul Aisyah,stabilizer,2025-08-13,2025-08,2025-W33,Wed,2,17,3.71,Jurong_East,Jurong East,9,52.61,14.18,SGD
drv_nurul_sg_14,Nurul Aisyah,stabilizer,2025-08-14,2025-08,2025-W33,Thu,1,8,4.14,Jurong_East,Jurong East,7,58.37,14.1,SGD
drv_nurul_sg_14,Nurul Aisyah,stabilizer,2025-08-14,2025-08,2025-W33,Thu,2,18,4.76,Jurong_East,Jurong East,9,67.21,14.12,SGD
drv_nurul_sg_14,Nurul Aisyah,stabilizer,2025-08-15,2025-08,2025-W33,Fri,1,9,3.82,Marina_Bay,Marina Bay / Sands,7,56.44,14.77,SGD
drv_nurul_sg_14,Nurul Aisyah,stabilizer,2025-08-15,2025-08,2025-W33,Fri,2,18,4.48,Tampines,Tampines,9,66.18,14.77,SGD
drv_nurul_sg_14,Nurul Aisyah,stabilizer,2025-08-16,2025-08,2025-W33,Sat,1,8,5.28,Marina_Bay,Marina Bay / Sands,8,61.65,11.68,SGD
drv_nurul_sg_14,Nurul Aisyah,stabilizer,2025-08-16,2025-08,2025-W33,Sat,2,17,5.42,Marina_Bay,Marina Bay / Sands,9,63.36,11.69,SGD
drv_nurul_sg_14,Nurul Aisyah,stabilizer,2025-08-18,2025-08,2025-W34,Mon,1,8,4.56,Jurong_East,Jurong East,5,41.67,9.14,SGD
drv_nurul_sg_14,Nurul Aisyah,stabilizer,2025-08-18,2025-08,2025-W34,Mon,2,18,5.34,Tampines,Tampines,5,48.79,9.14,SGD
drv_nurul_sg_14,Nurul Aisyah,stabilizer,2025-08-19,2025-08,2025-W34,Tue,1,10,6.32,Jurong_East,Jurong East,12,57.12,9.04,SGD
drv_nurul_sg_14,Nurul Aisyah,stabilizer,2025-08-19,2025-08,2025-W34,Tue,2,17,5.58,Changi_Airport,Changi Airport,10,50.49,9.05,SGD
drv_nurul_sg_14,Nurul Aisyah,stabilizer,2025-08-20,2025-08,2025-W34,Wed,1,9,5.76,Changi_Airport,Changi Airport,5,52.75,9.16,SGD
drv_nurul_sg_14,Nurul Aisyah,stabilizer,2025-08-20,2025-08,2025-W34,Wed,2,17,5.94,Changi_Airport,Changi Airport,5,54.31,9.14,SGD
drv_nurul_sg_14,Nurul Aisyah,stabilizer,2025-08-21,2025-08,2025-W34,Thu,1,9,3.61,Jurong_East,Jurong East,7,45.32,12.55,SGD
drv_nurul_sg_14,Nurul Aisyah,stabilizer,2025-08-21,2025-08,2025-W34,Thu,2,19,4.69,Tampines,Tampines,10,58.99,12.58,SGD
drv_nurul_sg_14,Nurul Aisyah,stabilizer,2025-08-22,2025-08,2025-W34,Fri,1,11,3.88,Tampines,Tampines,7,75.98,19.58,SGD
drv_nurul_sg_14,Nurul Aisyah,stabilizer,2025-08-22,2025-08,2025-W34,Fri,2,17,4.02,Tampines,Tampines,7,78.8,19.6,SGD
drv_nurul_sg_14,Nurul Aisyah,stabilizer,2025-08-23,2025-08,2025-W34,Sat,1,11,4.35,Tampines,Tampines,4,75.42,17.34,SGD
drv_nurul_sg_14,Nurul Aisyah,stabilizer,2025-08-23,2025-08,2025-W34,Sat,2,19,4.65,Tampines,Tampines,5,80.63,17.34,SGD
drv_nurul_sg_14,Nurul Aisyah,stabilizer,2025-08-25,2025-08,2025-W35,Mon,1,11,5.44,Changi_Airport,Changi Airport,10,38.83,7.14,SGD
drv_nurul_sg_14,Nurul Aisyah,stabilizer,2025-08-25,2025-08,2025-W35,Mon,2,17,6.36,Marina_Bay,Marina Bay / Sands,12,45.46,7.15,SGD
drv_nurul_sg_14,Nurul Aisyah,stabilizer,2025-08-26,2025-08,2025-W35,Tue,1,11,5.27,Jurong_East,Jurong East,9,54.34,10.31,SGD
drv_nurul_sg_14,Nurul Aisyah,stabilizer,2025-08-26,2025-08,2025-W35,Tue,2,19,4.73,Changi_Airport,Changi Airport,8,48.83,10.32,SGD
drv_nurul_sg_14,Nurul Aisyah,stabilizer,2025-08-27,2025-08,2025-W35,Wed,1,10,4.92,Changi_Airport,Changi Airport,5,48.45,9.85,SGD
drv_nurul_sg_14,Nurul Aisyah,stabilizer,2025-08-27,2025-08,2025-W35,Wed,2,18,6.08,Marina_Bay,Marina Bay / Sands,6,59.98,9.87,SGD
drv_nurul_sg_14,Nurul Aisyah,stabilizer,2025-08-28,2025-08,2025-W35,Thu,1,9,3.3,Tampines,Tampines,11,59.62,18.07,SGD
drv_nurul_sg_14,Nurul Aisyah,stabilizer,2025-08-28,2025-08,2025-W35,Thu,2,17,3.3,Tampines,Tampines,11,59.52,18.04,SGD
drv_nurul_sg_14,Nurul Aisyah,stabilizer,2025-08-29,2025-08,2025-W35,Fri,1,10,3.61,Jurong_East,Jurong East,10,67.56,18.71,SGD
drv_nurul_sg_14,Nurul Aisyah,stabilizer,2025-08-29,2025-08,2025-W35,Fri,2,18,2.79,Jurong_East,Jurong East,8,52.21,18.71,SGD
drv_nurul_sg_14,Nurul Aisyah,stabilizer,2025-08-30,2025-08,2025-W35,Sat,1,10,4.74,Tampines,Tampines,9,76.55,16.15,SGD
drv_nurul_sg_14,Nurul Aisyah,stabilizer,2025-08-30,2025-08,2025-W35,Sat,2,19,4.86,Jurong_East,Jurong East,10,78.38,16.13,SGD
drv_nurul_sg_14,Nurul Aisyah,stabilizer,2025-09-01,2025-09,2025-W36,Mon,1,10,4.6,Jurong_East,Jurong East,11,39.35,8.55,SGD
drv_nurul_sg_14,Nurul Aisyah,stabilizer,2025-09-01,2025-09,2025-W36,Mon,2,17,5.5,Changi_Airport,Changi Airport,13,47.07,8.56,SGD
drv_nurul_sg_14,Nurul Aisyah,stabilizer,2025-09-02,2025-09,2025-W36,Tue,1,8,3.06,Changi_Airport,Changi Airport,8,55.07,18.0,SGD
drv_nurul_sg_14,Nurul Aisyah,stabilizer,2025-09-02,2025-09,2025-W36,Tue,2,18,3.04,Jurong_East,Jurong East,7,54.87,18.05,SGD
drv_nurul_sg_14,Nurul Aisyah,stabilizer,2025-09-03,2025-09,2025-W36,Wed,1,9,6.81,Changi_Airport,Changi Airport,7,78.62,11.54,SGD
drv_nurul_sg_14,Nurul Aisyah,stabilizer,2025-09-03,2025-09,2025-W36,Wed,2,19,5.09,Jurong_East,Jurong East,6,58.73,11.54,SGD
drv_nurul_sg_14,Nurul Aisyah,stabilizer,2025-09-04,2025-09,2025-W36,Thu,1,8,4.04,Tampines,Tampines,11,73.5,18.19,SGD
drv_nurul_sg_14,Nurul Aisyah,stabilizer,2025-09-04,2025-09,2025-W36,Thu,2,18,3.96,Jurong_East,Jurong East,11,72.02,18.19,SGD
drv_nurul_sg_14,Nurul Aisyah,stabilizer,2025-09-05,2025-09,2025-W36,Fri,1,9,4.73,Marina_Bay,Marina Bay / Sands,7,92.51,19.56,SGD
drv_nurul_sg_14,Nurul Aisyah,stabilizer,2025-09-05,2025-09,2025-W36,Fri,2,19,3.87,Marina_Bay,Marina Bay / Sands,5,75.59,19.53,SGD
drv_nurul_sg_14,Nurul Aisyah,stabilizer,2025-09-06,2025-09,2025-W36,Sat,1,11,4.19,Changi_Airport,Changi Airport,8,74.13,17.69,SGD
drv_nurul_sg_14,Nurul Aisyah,stabilizer,2025-09-06,2025-09,2025-W36,Sat,2,18,3.91,Changi_Airport,Changi Airport,8,69.11,17.68,SGD
drv_nurul_sg_14,Nurul Aisyah,stabilizer,2025-09-08,2025-09,2025-W37,Mon,1,8,3.34,Changi_Airport,Changi Airport,6,51.57,15.44,SGD
drv_nurul_sg_14,Nurul Aisyah,stabilizer,2025-09-08,2025-09,2025-W37,Mon,2,17,3.06,Changi_Airport,Changi Airport,5,47.27,15.45,SGD
drv_nurul_sg_14,Nurul Aisyah,stabilizer,2025-09-09,2025-09,2025-W37,Tue,1,9,3.85,Changi_Airport,Changi Airport,9,53.6,13.92,SGD
drv_nurul_sg_14,Nurul Aisyah,stabilizer,2025-09-09,2025-09,2025-W37,Tue,2,19,3.25,Changi_Airport,Changi Airport,7,45.18,13.9,SGD
drv_nurul_sg_14,Nurul Aisyah,stabilizer,2025-09-10,2025-09,2025-W37,Wed,1,11,4.2,Tampines,Tampines,4,65.1,15.5,SGD
drv_nurul_sg_14,Nurul Aisyah,stabilizer,2025-09-10,2025-09,2025-W37,Wed,2,18,3.9,Tampines,Tampines,4,60.51,15.52,SGD
drv_nurul_sg_14,Nurul Aisyah,stabilizer,2025-09-11,2025-09,2025-W37,Thu,1,10,5.15,Tampines,Tampines,14,76.76,14.9,SGD
drv_nurul_sg_14,Nurul Aisyah,stabilizer,2025-09-11,2025-09,2025-W37,Thu,2,18,3.95,Jurong_East,Jurong East,10,59.01,14.94,SGD
drv_nurul_sg_14,Nurul Aisyah,stabilizer,2025-09-12,2025-09,2025-W37,Fri,1,10,5.07,Tampines,Tampines,9,77.7,15.33,SGD
drv_nurul_sg_14,Nurul Aisyah,stabilizer,2025-09-12,2025-09,2025-W37,Fri,2,17,5.33,Changi_Airport,Changi Airport,10,81.8,15.35,SGD
drv_nurul_sg_14,Nurul Aisyah,stabilizer,2025-09-13,2025-09,2025-W37,Sat,1,8,5.37,Jurong_East,Jurong East,12,68.07,12.68,SGD
drv_nurul_sg_14,Nurul Aisyah,stabilizer,2025-09-13,2025-09,2025-W37,Sat,2,18,5.03,Jurong_East,Jurong East,12,63.87,12.7,SGD
drv_nurul_sg_14,Nurul Aisyah,stabilizer,2025-09-15,2025-09,2025-W38,Mon,1,11,5.99,Marina_Bay,Marina Bay / Sands,9,52.8,8.81,SGD
drv_nurul_sg_14,Nurul Aisyah,stabilizer,2025-09-15,2025-09,2025-W38,Mon,2,19,5.21,Marina_Bay,Marina Bay / Sands,7,45.94,8.82,SGD
drv_nurul_sg_14,Nurul Aisyah,stabilizer,2025-09-16,2025-09,2025-W38,Tue,1,11,3.34,Jurong_East,Jurong East,7,49.45,14.81,SGD
drv_nurul_sg_14,Nurul Aisyah,stabilizer,2025-09-16,2025-09,2025-W38,Tue,2,19,3.86,Jurong_East,Jurong East,9,57.15,14.81,SGD
drv_nurul_sg_14,Nurul Aisyah,stabilizer,2025-09-17,2025-09,2025-W38,Wed,1,10,5.02,Marina_Bay,Marina Bay / Sands,10,56.06,11.17,SGD
drv_nurul_sg_14,Nurul Aisyah,stabilizer,2025-09-17,2025-09,2025-W38,Wed,2,18,5.48,Changi_Airport,Changi Airport,10,61.3,11.19,SGD
drv_nurul_sg_14,Nurul Aisyah,stabilizer,2025-09-18,2025-09,2025-W38,Thu,1,8,5.42,Jurong_East,Jurong East,6,67.32,12.42,SGD
drv_nurul_sg_14,Nurul Aisyah,stabilizer,2025-09-18,2025-09,2025-W38,Thu,2,19,5.78,Tampines,Tampines,7,71.67,12.4,SGD
drv_nurul_sg_14,Nurul Aisyah,stabilizer,2025-09-19,2025-09,2025-W38,Fri,1,9,4.13,Tampines,Tampines,6,57.84,14.0,SGD
drv_nurul_sg_14,Nurul Aisyah,stabilizer,2025-09-19,2025-09,2025-W38,Fri,2,18,4.87,Tampines,Tampines,8,68.3,14.02,SGD
drv_nurul_sg_14,Nurul Aisyah,stabilizer,2025-09-20,2025-09,2025-W38,Sat,1,10,3.26,Jurong_East,Jurong East,4,70.77,21.71,SGD
drv_nurul_sg_14,Nurul Aisyah,stabilizer,2025-09-20,2025-09,2025-W38,Sat,2,19,3.14,Jurong_East,Jurong East,4,68.09,21.68,SGD
drv_nurul_sg_14,Nurul Aisyah,stabilizer,2025-09-22,2025-09,2025-W39,Mon,1,11,4.95,Marina_Bay,Marina Bay / Sands,8,52.39,10.58,SGD
drv_nurul_sg_14,Nurul Aisyah,stabilizer,2025-09-22,2025-09,2025-W39,Mon,2,19,5.55,Jurong_East,Jurong East,8,58.76,10.59,SGD
drv_nurul_sg_14,Nurul Aisyah,stabilizer,2025-09-23,2025-09,2025-W39,Tue,1,8,4.97,Jurong_East,Jurong East,8,56.82,11.43,SGD
drv_nurul_sg_14,Nurul Aisyah,stabilizer,2025-09-23,2025-09,2025-W39,Tue,2,17,4.53,Tampines,Tampines,8,51.8,11.43,SGD
drv_nurul_sg_14,Nurul Aisyah,stabilizer,2025-09-24,2025-09,2025-W39,Wed,1,8,3.49,Changi_Airport,Changi Airport,5,60.5,17.34,SGD
drv_nurul_sg_14,Nurul Aisyah,stabilizer,2025-09-24,2025-09,2025-W39,Wed,2,18,3.41,Marina_Bay,Marina Bay / Sands,5,58.94,17.28,SGD
drv_nurul_sg_14,Nurul Aisyah,stabilizer,2025-09-25,2025-09,2025-W39,Thu,1,8,4.79,Marina_Bay,Marina Bay / Sands,9,61.86,12.91,SGD
drv_nurul_sg_14,Nurul Aisyah,stabilizer,2025-09-25,2025-09,2025-W39,Thu,2,19,4.91,Jurong_East,Jurong East,10,63.3,12.89,SGD
drv_nurul_sg_14,Nurul Aisyah,stabilizer,2025-09-26,2025-09,2025-W39,Fri,1,8,5.32,Jurong_East,Jurong East,9,73.08,13.74,SGD
drv_nurul_sg_14,Nurul Aisyah,stabilizer,2025-09-26,2025-09,2025-W39,Fri,2,19,4.48,Marina_Bay,Marina Bay / Sands,7,61.58,13.75,SGD
drv_nurul_sg_14,Nurul Aisyah,stabilizer,2025-09-27,2025-09,2025-W39,Sat,1,10,4.8,Changi_Airport,Changi Airport,6,62.97,13.12,SGD
drv_nurul_sg_14,Nurul Aisyah,stabilizer,2025-09-27,2025-09,2025-W39,Sat,2,19,4.8,Marina_Bay,Marina Bay / Sands,6,62.98,13.12,SGD
drv_nurul_sg_14,Nurul Aisyah,stabilizer,2025-09-29,2025-09,2025-W40,Mon,1,8,5.55,Marina_Bay,Marina Bay / Sands,8,51.1,9.21,SGD
drv_nurul_sg_14,Nurul Aisyah,stabilizer,2025-09-29,2025-09,2025-W40,Mon,2,18,5.45,Changi_Airport,Changi Airport,8,50.22,9.21,SGD
drv_nurul_sg_14,Nurul Aisyah,stabilizer,2025-09-30,2025-09,2025-W40,Tue,1,9,3.32,Jurong_East,Jurong East,5,22.87,6.89,SGD
drv_nurul_sg_14,Nurul Aisyah,stabilizer,2025-09-30,2025-09,2025-W40,Tue,2,19,4.58,Tampines,Tampines,8,31.63,6.91,SGD
drv_nurul_sg_14,Nurul Aisyah,stabilizer,2025-10-01,2025-10,2025-W40,Wed,1,11,6.34,Marina_Bay,Marina Bay / Sands,10,51.75,8.16,SGD
drv_nurul_sg_14,Nurul Aisyah,stabilizer,2025-10-01,2025-10,2025-W40,Wed,2,19,5.16,Changi_Airport,Changi Airport,8,42.14,8.17,SGD
drv_nurul_sg_14,Nurul Aisyah,stabilizer,2025-10-02,2025-10,2025-W40,Thu,1,11,5.21,Marina_Bay,Marina Bay / Sands,6,61.25,11.76,SGD
drv_nurul_sg_14,Nurul Aisyah,stabilizer,2025-10-02,2025-10,2025-W40,Thu,2,18,6.59,Changi_Airport,Changi Airport,8,77.58,11.77,SGD
drv_nurul_sg_14,Nurul Aisyah,stabilizer,2025-10-03,2025-10,2025-W40,Fri,1,8,5.55,Changi_Airport,Changi Airport,6,63.01,11.35,SGD
drv_nurul_sg_14,Nurul Aisyah,stabilizer,2025-10-03,2025-10,2025-W40,Fri,2,18,5.25,Marina_Bay,Marina Bay / Sands,5,59.49,11.33,SGD
drv_nurul_sg_14,Nurul Aisyah,stabilizer,2025-10-04,2025-10,2025-W40,Sat,1,9,4.1,Tampines,Tampines,11,35.99,8.78,SGD
drv_nurul_sg_14,Nurul Aisyah,stabilizer,2025-10-04,2025-10,2025-W40,Sat,2,19,3.7,Changi_Airport,Changi Airport,10,32.51,8.79,SGD
drv_nurul_sg_14,Nurul Aisyah,stabilizer,2025-10-06,2025-10,2025-W41,Mon,1,9,5.29,Jurong_East,Jurong East,9,58.59,11.08,SGD
drv_nurul_sg_14,Nurul Aisyah,stabilizer,2025-10-06,2025-10,2025-W41,Mon,2,18,4.51,Changi_Airport,Changi Airport,8,49.98,11.08,SGD
drv_nurul_sg_14,Nurul Aisyah,stabilizer,2025-10-07,2025-10,2025-W41,Tue,1,8,4.48,Marina_Bay,Marina Bay / Sands,6,50.0,11.16,SGD
drv_nurul_sg_14,Nurul Aisyah,stabilizer,2025-10-07,2025-10,2025-W41,Tue,2,18,3.92,Marina_Bay,Marina Bay / Sands,6,43.71,11.15,SGD
drv_nurul_sg_14,Nurul Aisyah,stabilizer,2025-10-08,2025-10,2025-W41,Wed,1,8,3.17,Tampines,Tampines,6,55.67,17.56,SGD
drv_nurul_sg_14,Nurul Aisyah,stabilizer,2025-10-08,2025-10,2025-W41,Wed,2,18,3.43,Jurong_East,Jurong East,6,60.27,17.57,SGD
drv_nurul_sg_14,Nurul Aisyah,stabilizer,2025-10-09,2025-10,2025-W41,Thu,1,10,3.92,Marina_Bay,Marina Bay / Sands,11,60.0,15.31,SGD
drv_nurul_sg_14,Nurul Aisyah,stabilizer,2025-10-09,2025-10,2025-W41,Thu,2,17,4.18,Jurong_East,Jurong East,12,63.86,15.28,SGD
drv_nurul_sg_14,Nurul Aisyah,stabilizer,2025-10-10,2025-10,2025-W41,Fri,1,8,4.15,Changi_Airport,Changi Airport,10,75.27,18.14,SGD
drv_nurul_sg_14,Nurul Aisyah,stabilizer,2025-10-10,2025-10,2025-W41,Fri,2,18,3.75,Jurong_East,Jurong East,9,67.87,18.1,SGD
drv_nurul_sg_14,Nurul Aisyah,stabilizer,2025-10-11,2025-10,2025-W41,Sat,1,11,3.93,Jurong_East,Jurong East,4,66.27,16.86,SGD
drv_nurul_sg_14,Nurul Aisyah,stabilizer,2025-10-11,2025-10,2025-W41,Sat,2,19,3.47,Tampines,Tampines,4,58.44,16.84,SGD
drv_nurul_sg_14,Nurul Aisyah,stabilizer,2025-10-13,2025-10,2025-W42,Mon,1,10,3.85,Changi_Airport,Changi Airport,6,39.3,10.21,SGD
drv_nurul_sg_14,Nurul Aisyah,stabilizer,2025-10-13,2025-10,2025-W42,Mon,2,17,4.15,Marina_Bay,Marina Bay / Sands,6,42.32,10.2,SGD
drv_nurul_sg_14,Nurul Aisyah,stabilizer,2025-10-14,2025-10,2025-W42,Tue,1,10,5.25,Changi_Airport,Changi Airport,10,53.5,10.19,SGD
drv_nurul_sg_14,Nurul Aisyah,stabilizer,2025-10-14,2025-10,2025-W42,Tue,2,17,5.95,Jurong_East,Jurong East,11,60.65,10.19,SGD
drv_nurul_sg_14,Nurul Aisyah,stabilizer,2025-10-15,2025-10,2025-W42,Wed,1,11,2.84,Tampines,Tampines,6,52.4,18.45,SGD
drv_nurul_sg_14,Nurul Aisyah,stabilizer,2025-10-15,2025-10,2025-W42,Wed,2,19,3.96,Changi_Airport,Changi Airport,9,73.14,18.47,SGD
drv_nurul_sg_14,Nurul Aisyah,stabilizer,2025-10-16,2025-10,2025-W42,Thu,1,9,4.89,Changi_Airport,Changi Airport,8,58.82,12.03,SGD
drv_nurul_sg_14,Nurul Aisyah,stabilizer,2025-10-16,2025-10,2025-W42,Thu,2,17,4.91,Jurong_East,Jurong East,9,58.97,12.01,SGD
drv_nurul_sg_14,Nurul Aisyah,stabilizer,2025-10-17,2025-10,2025-W42,Fri,1,10,4.4,Jurong_East,Jurong East,6,76.95,17.49,SGD
drv_nurul_sg_14,Nurul Aisyah,stabilizer,2025-10-17,2025-10,2025-W42,Fri,2,17,4.0,Tampines,Tampines,5,69.85,17.46,SGD
drv_nurul_sg_14,Nurul Aisyah,stabilizer,2025-10-18,2025-10,2025-W42,Sat,1,9,3.42,Jurong_East,Jurong East,12,83.99,24.56,SGD
drv_nurul_sg_14,Nurul Aisyah,stabilizer,2025-10-18,2025-10,2025-W42,Sat,2,18,2.98,Changi_Airport,Changi Airport,11,73.07,24.52,SGD
drv_nurul_sg_14,Nurul Aisyah,stabilizer,2025-10-20,2025-10,2025-W43,Mon,1,11,3.93,Tampines,Tampines,13,47.7,12.14,SGD
drv_nurul_sg_14,Nurul Aisyah,stabilizer,2025-10-20,2025-10,2025-W43,Mon,2,17,3.37,Tampines,Tampines,11,40.83,12.12,SGD
drv_nurul_sg_14,Nurul Aisyah,stabilizer,2025-10-21,2025-10,2025-W43,Tue,1,11,5.3,Jurong_East,Jurong East,7,67.63,12.76,SGD
drv_nurul_sg_14,Nurul Aisyah,stabilizer,2025-10-21,2025-10,2025-W43,Tue,2,19,4.2,Tampines,Tampines,6,53.66,12.78,SGD
drv_nurul_sg_14,Nurul Aisyah,stabilizer,2025-10-22,2025-10,2025-W43,Wed,1,11,5.19,Tampines,Tampines,7,51.38,9.9,SGD
drv_nurul_sg_14,Nurul Aisyah,stabilizer,2025-10-22,2025-10,2025-W43,Wed,2,17,5.11,Marina_Bay,Marina Bay / Sands,7,50.55,9.89,SGD
drv_nurul_sg_14,Nurul Aisyah,stabilizer,2025-10-23,2025-10,2025-W43,Thu,1,10,4.07,Tampines,Tampines,11,65.99,16.21,SGD
drv_nurul_sg_14,Nurul Aisyah,stabilizer,2025-10-23,2025-10,2025-W43,Thu,2,19,3.53,Jurong_East,Jurong East,9,57.39,16.26,SGD
drv_nurul_sg_14,Nurul Aisyah,stabilizer,2025-10-24,2025-10,2025-W43,Fri,1,8,5.99,Changi_Airport,Changi Airport,13,83.56,13.95,SGD
drv_nurul_sg_14,Nurul Aisyah,stabilizer,2025-10-24,2025-10,2025-W43,Fri,2,19,4.81,Jurong_East,Jurong East,10,67.06,13.94,SGD
drv_nurul_sg_14,Nurul Aisyah,stabilizer,2025-10-25,2025-10,2025-W43,Sat,1,10,3.78,Marina_Bay,Marina Bay / Sands,5,73.87,19.54,SGD
drv_nurul_sg_14,Nurul Aisyah,stabilizer,2025-10-25,2025-10,2025-W43,Sat,2,18,3.22,Tampines,Tampines,4,62.79,19.5,SGD
drv_nurul_sg_14,Nurul Aisyah,stabilizer,2025-10-27,2025-10,2025-W44,Mon,1,11,5.23,Tampines,Tampines,9,49.59,9.48,SGD
drv_nurul_sg_14,Nurul Aisyah,stabilizer,2025-10-27,2025-10,2025-W44,Mon,2,19,4.87,Marina_Bay,Marina Bay / Sands,8,46.21,9.49,SGD
drv_nurul_sg_14,Nurul Aisyah,stabilizer,2025-10-28,2025-10,2025-W44,Tue,1,11,5.57,Tampines,Tampines,10,62.46,11.21,SGD
drv_nurul_sg_14,Nurul Aisyah,stabilizer,2025-10-28,2025-10,2025-W44,Tue,2,17,5.43,Changi_Airport,Changi Airport,10,60.9,11.22,SGD
drv_nurul_sg_14,Nurul Aisyah,stabilizer,2025-10-29,2025-10,2025-W44,Wed,1,8,3.81,Jurong_East,Jurong East,5,63.83,16.75,SGD
drv_nurul_sg_14,Nurul Aisyah,stabilizer,2025-10-29,2025-10,2025-W44,Wed,2,19,3.69,Changi_Airport,Changi Airport,5,61.93,16.78,SGD
drv_nurul_sg_14,Nurul Aisyah,stabilizer,2025-10-30,2025-10,2025-W44,Thu,1,9,5.25,Marina_Bay,Marina Bay / Sands,6,66.43,12.65,SGD
drv_nurul_sg_14,Nurul Aisyah,stabilizer,2025-10-30,2025-10,2025-W44,Thu,2,19,5.25,Tampines,Tampines,6,66.37,12.64,SGD
drv_nurul_sg_14,Nurul Aisyah,stabilizer,2025-10-31,2025-10,2025-W44,Fri,1,11,4.58,Tampines,Tampines,13,67.81,14.81,SGD
drv_nurul_sg_14,Nurul Aisyah,stabilizer,2025-10-31,2025-10,2025-W44,Fri,2,17,3.42,Jurong_East,Jurong East,9,50.75,14.84,SGD
drv_nurul_sg_14,Nurul Aisyah,stabilizer,2025-11-01,2025-11,2025-W44,Sat,1,9,5.69,Jurong_East,Jurong East,7,88.36,15.53,SGD
drv_nurul_sg_14,Nurul Aisyah,stabilizer,2025-11-01,2025-11,2025-W44,Sat,2,18,5.51,Changi_Airport,Changi Airport,6,85.54,15.52,SGD
drv_nurul_sg_14,Nurul Aisyah,stabilizer,2025-11-03,2025-11,2025-W45,Mon,1,8,3.74,Marina_Bay,Marina Bay / Sands,3,45.58,12.19,SGD
drv_nurul_sg_14,Nurul Aisyah,stabilizer,2025-11-03,2025-11,2025-W45,Mon,2,18,4.86,Changi_Airport,Changi Airport,5,59.18,12.18,SGD
drv_nurul_sg_14,Nurul Aisyah,stabilizer,2025-11-04,2025-11,2025-W45,Tue,1,9,4.73,Marina_Bay,Marina Bay / Sands,8,60.97,12.89,SGD
drv_nurul_sg_14,Nurul Aisyah,stabilizer,2025-11-04,2025-11,2025-W45,Tue,2,18,4.97,Tampines,Tampines,9,64.17,12.91,SGD
drv_nurul_sg_14,Nurul Aisyah,stabilizer,2025-11-05,2025-11,2025-W45,Wed,1,8,4.15,Changi_Airport,Changi Airport,9,53.58,12.91,SGD
drv_nurul_sg_14,Nurul Aisyah,stabilizer,2025-11-05,2025-11,2025-W45,Wed,2,18,3.85,Jurong_East,Jurong East,8,49.69,12.91,SGD
drv_nurul_sg_14,Nurul Aisyah,stabilizer,2025-11-06,2025-11,2025-W45,Thu,1,9,4.55,Tampines,Tampines,6,59.28,13.03,SGD
drv_nurul_sg_14,Nurul Aisyah,stabilizer,2025-11-06,2025-11,2025-W45,Thu,2,18,5.05,Tampines,Tampines,6,65.86,13.04,SGD
drv_nurul_sg_14,Nurul Aisyah,stabilizer,2025-11-07,2025-11,2025-W45,Fri,1,11,4.72,Marina_Bay,Marina Bay / Sands,7,77.2,16.36,SGD
drv_nurul_sg_14,Nurul Aisyah,stabilizer,2025-11-07,2025-11,2025-W45,Fri,2,19,4.98,Jurong_East,Jurong East,7,81.33,16.33,SGD
drv_nurul_sg_14,Nurul Aisyah,stabilizer,2025-11-08,2025-11,2025-W45,Sat,1,8,5.2,Jurong_East,Jurong East,13,67.8,13.04,SGD
drv_nurul_sg_14,Nurul Aisyah,stabilizer,2025-11-08,2025-11,2025-W45,Sat,2,18,4.6,Tampines,Tampines,11,60.09,13.06,SGD
drv_nurul_sg_14,Nurul Aisyah,stabilizer,2025-11-10,2025-11,2025-W46,Mon,1,10,4.32,Marina_Bay,Marina Bay / Sands,6,57.57,13.33,SGD
drv_nurul_sg_14,Nurul Aisyah,stabilizer,2025-11-10,2025-11,2025-W46,Mon,2,18,3.68,Jurong_East,Jurong East,6,48.99,13.31,SGD
drv_nurul_sg_14,Nurul Aisyah,stabilizer,2025-11-11,2025-11,2025-W46,Tue,1,10,3.74,Marina_Bay,Marina Bay / Sands,8,53.82,14.39,SGD
drv_nurul_sg_14,Nurul Aisyah,stabilizer,2025-11-11,2025-11,2025-W46,Tue,2,19,4.16,Changi_Airport,Changi Airport,8,59.82,14.38,SGD
drv_nurul_sg_14,Nurul Aisyah,stabilizer,2025-11-12,2025-11,2025-W46,Wed,1,8,3.85,Jurong_East,Jurong East,11,62.87,16.33,SGD
drv_nurul_sg_14,Nurul Aisyah,stabilizer,2025-11-12,2025-11,2025-W46,Wed,2,19,3.75,Tampines,Tampines,11,61.08,16.29,SGD
drv_nurul_sg_14,Nurul Aisyah,stabilizer,2025-11-13,2025-11,2025-W46,Thu,1,8,5.2,Tampines,Tampines,6,65.3,12.56,SGD
drv_nurul_sg_14,Nurul Aisyah,stabilizer,2025-11-13,2025-11,2025-W46,Thu,2,18,5.1,Marina_Bay,Marina Bay / Sands,5,64.13,12.57,SGD
drv_nurul_sg_14,Nurul Aisyah,stabilizer,2025-11-14,2025-11,2025-W46,Fri,1,10,3.51,Jurong_East,Jurong East,5,63.5,18.09,SGD
drv_nurul_sg_14,Nurul Aisyah,stabilizer,2025-11-14,2025-11,2025-W46,Fri,2,18,2.69,Marina_Bay,Marina Bay / Sands,3,48.6,18.07,SGD
drv_nurul_sg_14,Nurul Aisyah,stabilizer,2025-11-15,2025-11,2025-W46,Sat,1,8,5.16,Jurong_East,Jurong East,9,57.5,11.14,SGD
drv_nurul_sg_14,Nurul Aisyah,stabilizer,2025-11-15,2025-11,2025-W46,Sat,2,18,5.54,Tampines,Tampines,10,61.65,11.13,SGD
drv_nurul_sg_14,Nurul Aisyah,stabilizer,2025-11-17,2025-11,2025-W47,Mon,1,9,4.57,Jurong_East,Jurong East,11,47.17,10.32,SGD
drv_nurul_sg_14,Nurul Aisyah,stabilizer,2025-11-17,2025-11,2025-W47,Mon,2,17,3.53,Jurong_East,Jurong East,9,36.46,10.33,SGD
drv_nurul_sg_14,Nurul Aisyah,stabilizer,2025-11-18,2025-11,2025-W47,Tue,1,10,3.27,Marina_Bay,Marina Bay / Sands,7,55.92,17.1,SGD
drv_nurul_sg_14,Nurul Aisyah,stabilizer,2025-11-18,2025-11,2025-W47,Tue,2,17,3.73,Jurong_East,Jurong East,9,63.63,17.06,SGD
drv_nurul_sg_14,Nurul Aisyah,stabilizer,2025-11-19,2025-11,2025-W47,Wed,1,10,5.13,Marina_Bay,Marina Bay / Sands,11,55.38,10.8,SGD
drv_nurul_sg_14,Nurul Aisyah,stabilizer,2025-11-19,2025-11,2025-W47,Wed,2,19,5.57,Marina_Bay,Marina Bay / Sands,12,60.2,10.81,SGD
drv_nurul_sg_14,Nurul Aisyah,stabilizer,2025-11-20,2025-11,2025-W47,Thu,1,9,4.42,Jurong_East,Jurong East,5,65.86,14.9,SGD
drv_nurul_sg_14,Nurul Aisyah,stabilizer,2025-11-20,2025-11,2025-W47,Thu,2,18,3.98,Changi_Airport,Changi Airport,4,59.29,14.9,SGD
drv_nurul_sg_14,Nurul Aisyah,stabilizer,2025-11-21,2025-11,2025-W47,Fri,1,11,4.24,Changi_Airport,Changi Airport,9,57.19,13.49,SGD
drv_nurul_sg_14,Nurul Aisyah,stabilizer,2025-11-21,2025-11,2025-W47,Fri,2,17,5.16,Jurong_East,Jurong East,10,69.72,13.51,SGD
drv_nurul_sg_14,Nurul Aisyah,stabilizer,2025-11-22,2025-11,2025-W47,Sat,1,8,5.08,Changi_Airport,Changi Airport,10,74.54,14.67,SGD
drv_nurul_sg_14,Nurul Aisyah,stabilizer,2025-11-22,2025-11,2025-W47,Sat,2,18,5.72,Tampines,Tampines,12,84.06,14.7,SGD
drv_nurul_sg_14,Nurul Aisyah,stabilizer,2025-11-24,2025-11,2025-W48,Mon,1,10,4.43,Marina_Bay,Marina Bay / Sands,4,54.92,12.4,SGD
drv_nurul_sg_14,Nurul Aisyah,stabilizer,2025-11-24,2025-11,2025-W48,Mon,2,18,4.57,Marina_Bay,Marina Bay / Sands,4,56.57,12.38,SGD
drv_nurul_sg_14,Nurul Aisyah,stabilizer,2025-11-25,2025-11,2025-W48,Tue,1,9,3.6,Marina_Bay,Marina Bay / Sands,11,53.87,14.96,SGD
drv_nurul_sg_14,Nurul Aisyah,stabilizer,2025-11-25,2025-11,2025-W48,Tue,2,19,3.7,Tampines,Tampines,12,55.44,14.98,SGD
drv_nurul_sg_14,Nurul Aisyah,stabilizer,2025-11-26,2025-11,2025-W48,Wed,1,11,3.88,Changi_Airport,Changi Airport,10,51.78,13.35,SGD
drv_nurul_sg_14,Nurul Aisyah,stabilizer,2025-11-26,2025-11,2025-W48,Wed,2,18,3.52,Jurong_East,Jurong East,10,46.87,13.32,SGD
drv_nurul_sg_14,Nurul Aisyah,stabilizer,2025-11-27,2025-11,2025-W48,Thu,1,10,6.74,Tampines,Tampines,10,53.29,7.91,SGD
drv_nurul_sg_14,Nurul Aisyah,stabilizer,2025-11-27,2025-11,2025-W48,Thu,2,18,5.06,Changi_Airport,Changi Airport,8,40.01,7.91,SGD
drv_nurul_sg_14,Nurul Aisyah,stabilizer,2025-11-28,2025-11,2025-W48,Fri,1,10,3.75,Changi_Airport,Changi Airport,11,98.54,26.28,SGD
drv_nurul_sg_14,Nurul Aisyah,stabilizer,2025-11-28,2025-11,2025-W48,Fri,2,17,2.95,Changi_Airport,Changi Airport,8,77.53,26.28,SGD
drv_nurul_sg_14,Nurul Aisyah,stabilizer,2025-11-29,2025-11,2025-W48,Sat,1,8,2.98,Jurong_East,Jurong East,10,95.99,32.21,SGD
drv_nurul_sg_14,Nurul Aisyah,stabilizer,2025-11-29,2025-11,2025-W48,Sat,2,19,3.02,Changi_Airport,Changi Airport,11,97.35,32.24,SGD
drv_nurul_sg_14,Nurul Aisyah,stabilizer,2025-12-01,2025-12,2025-W49,Mon,1,10,4.04,Tampines,Tampines,9,51.36,12.71,SGD
drv_nurul_sg_14,Nurul Aisyah,stabilizer,2025-12-01,2025-12,2025-W49,Mon,2,18,4.86,Changi_Airport,Changi Airport,10,61.77,12.71,SGD
drv_nurul_sg_14,Nurul Aisyah,stabilizer,2025-12-02,2025-12,2025-W49,Tue,1,10,4.03,Changi_Airport,Changi Airport,13,67.85,16.84,SGD
drv_nurul_sg_14,Nurul Aisyah,stabilizer,2025-12-02,2025-12,2025-W49,Tue,2,17,3.27,Changi_Airport,Changi Airport,11,55.1,16.85,SGD
drv_nurul_sg_14,Nurul Aisyah,stabilizer,2025-12-03,2025-12,2025-W49,Wed,1,9,5.52,Marina_Bay,Marina Bay / Sands,4,54.65,9.9,SGD
drv_nurul_sg_14,Nurul Aisyah,stabilizer,2025-12-03,2025-12,2025-W49,Wed,2,19,6.48,Marina_Bay,Marina Bay / Sands,4,64.19,9.91,SGD
drv_nurul_sg_14,Nurul Aisyah,stabilizer,2025-12-04,2025-12,2025-W49,Thu,1,9,4.6,Marina_Bay,Marina Bay / Sands,6,62.32,13.55,SGD
drv_nurul_sg_14,Nurul Aisyah,stabilizer,2025-12-04,2025-12,2025-W49,Thu,2,19,4.5,Tampines,Tampines,5,61.08,13.57,SGD
drv_nurul_sg_14,Nurul Aisyah,stabilizer,2025-12-05,2025-12,2025-W49,Fri,1,10,5.4,Tampines,Tampines,5,93.42,17.3,SGD
drv_nurul_sg_14,Nurul Aisyah,stabilizer,2025-12-05,2025-12,2025-W49,Fri,2,18,4.1,Marina_Bay,Marina Bay / Sands,3,70.97,17.31,SGD
drv_nurul_sg_14,Nurul Aisyah,stabilizer,2025-12-06,2025-12,2025-W49,Sat,1,9,3.22,Changi_Airport,Changi Airport,6,70.22,21.81,SGD
drv_nurul_sg_14,Nurul Aisyah,stabilizer,2025-12-06,2025-12,2025-W49,Sat,2,17,3.08,Marina_Bay,Marina Bay / Sands,5,66.99,21.75,SGD
drv_nurul_sg_14,Nurul Aisyah,stabilizer,2025-12-08,2025-12,2025-W50,Mon,1,8,4.38,Changi_Airport,Changi Airport,4,48.45,11.06,SGD
drv_nurul_sg_14,Nurul Aisyah,stabilizer,2025-12-08,2025-12,2025-W50,Mon,2,17,4.52,Jurong_East,Jurong East,5,50.1,11.08,SGD
drv_nurul_sg_14,Nurul Aisyah,stabilizer,2025-12-09,2025-12,2025-W50,Tue,1,8,6.42,Tampines,Tampines,5,66.54,10.36,SGD
drv_nurul_sg_14,Nurul Aisyah,stabilizer,2025-12-09,2025-12,2025-W50,Tue,2,18,5.48,Jurong_East,Jurong East,4,56.73,10.35,SGD
drv_nurul_sg_14,Nurul Aisyah,stabilizer,2025-12-10,2025-12,2025-W50,Wed,1,9,4.12,Marina_Bay,Marina Bay / Sands,11,67.91,16.48,SGD
drv_nurul_sg_14,Nurul Aisyah,stabilizer,2025-12-10,2025-12,2025-W50,Wed,2,18,4.08,Tampines,Tampines,10,67.23,16.48,SGD
drv_nurul_sg_14,Nurul Aisyah,stabilizer,2025-12-11,2025-12,2025-W50,Thu,1,8,4.12,Changi_Airport,Changi Airport,4,49.29,11.96,SGD
drv_nurul_sg_14,Nurul Aisyah,stabilizer,2025-12-11,2025-12,2025-W50,Thu,2,18,4.48,Marina_Bay,Marina Bay / Sands,5,53.56,11.96,SGD
drv_nurul_sg_14,Nurul Aisyah,stabilizer,2025-12-12,2025-12,2025-W50,Fri,1,8,3.61,Changi_Airport,Changi Airport,5,69.75,19.32,SGD
drv_nurul_sg_14,Nurul Aisyah,stabilizer,2025-12-12,2025-12,2025-W50,Fri,2,18,3.49,Jurong_East,Jurong East,4,67.49,19.34,SGD
drv_nurul_sg_14,Nurul Aisyah,stabilizer,2025-12-13,2025-12,2025-W50,Sat,1,8,4.19,Tampines,Tampines,11,81.76,19.51,SGD
drv_nurul_sg_14,Nurul Aisyah,stabilizer,2025-12-13,2025-12,2025-W50,Sat,2,19,4.01,Marina_Bay,Marina Bay / Sands,10,78.42,19.56,SGD
drv_nurul_sg_14,Nurul Aisyah,stabilizer,2025-12-15,2025-12,2025-W51,Mon,1,10,5.34,Marina_Bay,Marina Bay / Sands,6,45.48,8.52,SGD
drv_nurul_sg_14,Nurul Aisyah,stabilizer,2025-12-15,2025-12,2025-W51,Mon,2,19,4.56,Tampines,Tampines,5,38.89,8.53,SGD
drv_nurul_sg_14,Nurul Aisyah,stabilizer,2025-12-16,2025-12,2025-W51,Tue,1,9,5.15,Tampines,Tampines,11,55.13,10.7,SGD
drv_nurul_sg_14,Nurul Aisyah,stabilizer,2025-12-16,2025-12,2025-W51,Tue,2,17,5.15,Changi_Airport,Changi Airport,12,55.17,10.71,SGD
drv_nurul_sg_14,Nurul Aisyah,stabilizer,2025-12-17,2025-12,2025-W51,Wed,1,8,3.34,Jurong_East,Jurong East,6,58.2,17.43,SGD
drv_nurul_sg_14,Nurul Aisyah,stabilizer,2025-12-17,2025-12,2025-W51,Wed,2,18,3.76,Changi_Airport,Changi Airport,7,65.46,17.41,SGD
drv_nurul_sg_14,Nurul Aisyah,stabilizer,2025-12-18,2025-12,2025-W51,Thu,1,11,5.01,Marina_Bay,Marina Bay / Sands,9,73.86,14.74,SGD
drv_nurul_sg_14,Nurul Aisyah,stabilizer,2025-12-18,2025-12,2025-W51,Thu,2,17,4.99,Changi_Airport,Changi Airport,8,73.63,14.76,SGD
drv_nurul_sg_14,Nurul Aisyah,stabilizer,2025-12-19,2025-12,2025-W51,Fri,1,8,3.94,Jurong_East,Jurong East,10,66.64,16.91,SGD
drv_nurul_sg_14,Nurul Aisyah,stabilizer,2025-12-19,2025-12,2025-W51,Fri,2,17,3.56,Marina_Bay,Marina Bay / Sands,9,60.29,16.94,SGD
drv_nurul_sg_14,Nurul Aisyah,stabilizer,2025-12-20,2025-12,2025-W51,Sat,1,9,4.26,Changi_Airport,Changi Airport,6,54.64,12.83,SGD
drv_nurul_sg_14,Nurul Aisyah,stabilizer,2025-12-20,2025-12,2025-W51,Sat,2,17,5.44,Marina_Bay,Marina Bay / Sands,7,69.74,12.82,SGD
drv_nurul_sg_14,Nurul Aisyah,stabilizer,2025-12-22,2025-12,2025-W52,Mon,1,11,4.8,Marina_Bay,Marina Bay / Sands,8,74.36,15.49,SGD
drv_nurul_sg_14,Nurul Aisyah,stabilizer,2025-12-22,2025-12,2025-W52,Mon,2,18,4.5,Jurong_East,Jurong East,8,69.66,15.48,SGD
drv_nurul_sg_14,Nurul Aisyah,stabilizer,2025-12-23,2025-12,2025-W52,Tue,1,9,5.4,Tampines,Tampines,10,54.04,10.01,SGD
drv_nurul_sg_14,Nurul Aisyah,stabilizer,2025-12-23,2025-12,2025-W52,Tue,2,17,5.3,Jurong_East,Jurong East,10,53.11,10.02,SGD
drv_nurul_sg_14,Nurul Aisyah,stabilizer,2025-12-24,2025-12,2025-W52,Wed,1,8,3.48,Changi_Airport,Changi Airport,8,51.58,14.82,SGD
drv_nurul_sg_14,Nurul Aisyah,stabilizer,2025-12-24,2025-12,2025-W52,Wed,2,18,2.92,Tampines,Tampines,6,43.29,14.83,SGD
drv_nurul_sg_14,Nurul Aisyah,stabilizer,2025-12-25,2025-12,2025-W52,Thu,1,11,4.76,Marina_Bay,Marina Bay / Sands,6,62.93,13.22,SGD
drv_nurul_sg_14,Nurul Aisyah,stabilizer,2025-12-25,2025-12,2025-W52,Thu,2,19,4.94,Tampines,Tampines,6,65.23,13.2,SGD
drv_nurul_sg_14,Nurul Aisyah,stabilizer,2025-12-26,2025-12,2025-W52,Fri,1,9,5.54,Marina_Bay,Marina Bay / Sands,7,103.2,18.63,SGD
drv_nurul_sg_14,Nurul Aisyah,stabilizer,2025-12-26,2025-12,2025-W52,Fri,2,18,4.46,Jurong_East,Jurong East,5,83.13,18.64,SGD
drv_nurul_sg_14,Nurul Aisyah,stabilizer,2025-12-27,2025-12,2025-W52,Sat,1,8,4.05,Jurong_East,Jurong East,6,66.96,16.53,SGD
drv_nurul_sg_14,Nurul Aisyah,stabilizer,2025-12-27,2025-12,2025-W52,Sat,2,19,4.85,Tampines,Tampines,7,80.19,16.53,SGD
drv_nurul_sg_14,Nurul Aisyah,stabilizer,2025-12-29,2025-12,2026-W01,Mon,1,9,5.53,Tampines,Tampines,7,68.73,12.43,SGD
drv_nurul_sg_14,Nurul Aisyah,stabilizer,2025-12-29,2025-12,2026-W01,Mon,2,17,5.17,Jurong_East,Jurong East,6,64.27,12.43,SGD
drv_nurul_sg_14,Nurul Aisyah,stabilizer,2025-12-30,2025-12,2026-W01,Tue,1,8,4.43,Tampines,Tampines,6,74.26,16.76,SGD
drv_nurul_sg_14,Nurul Aisyah,stabilizer,2025-12-30,2025-12,2026-W01,Tue,2,19,4.77,Changi_Airport,Changi Airport,7,79.86,16.74,SGD
drv_nurul_sg_14,Nurul Aisyah,stabilizer,2025-12-31,2025-12,2026-W01,Wed,1,9,3.47,Changi_Airport,Changi Airport,9,49.47,14.26,SGD
drv_nurul_sg_14,Nurul Aisyah,stabilizer,2025-12-31,2025-12,2026-W01,Wed,2,18,4.33,Tampines,Tampines,11,61.87,14.29,SGD
drv_nurul_sg_14,Nurul Aisyah,stabilizer,2026-01-01,2026-01,2026-W01,Thu,1,8,3.62,Jurong_East,Jurong East,7,34.4,9.5,SGD
drv_nurul_sg_14,Nurul Aisyah,stabilizer,2026-01-01,2026-01,2026-W01,Thu,2,19,4.88,Marina_Bay,Marina Bay / Sands,9,46.35,9.5,SGD
drv_nurul_sg_14,Nurul Aisyah,stabilizer,2026-01-02,2026-01,2026-W01,Fri,1,11,3.41,Marina_Bay,Marina Bay / Sands,8,83.5,24.49,SGD
drv_nurul_sg_14,Nurul Aisyah,stabilizer,2026-01-02,2026-01,2026-W01,Fri,2,18,3.39,Marina_Bay,Marina Bay / Sands,7,82.95,24.47,SGD
drv_nurul_sg_14,Nurul Aisyah,stabilizer,2026-01-12,2026-01,2026-W03,Mon,1,11,5.42,Marina_Bay,Marina Bay / Sands,11,36.77,6.78,SGD
drv_nurul_sg_14,Nurul Aisyah,stabilizer,2026-01-12,2026-01,2026-W03,Mon,2,18,6.38,Changi_Airport,Changi Airport,12,43.25,6.78,SGD
drv_nurul_sg_14,Nurul Aisyah,stabilizer,2026-01-13,2026-01,2026-W03,Tue,1,8,3.04,Tampines,Tampines,5,53.38,17.56,SGD
drv_nurul_sg_14,Nurul Aisyah,stabilizer,2026-01-13,2026-01,2026-W03,Tue,2,18,3.36,Marina_Bay,Marina Bay / Sands,5,59.04,17.57,SGD
drv_nurul_sg_14,Nurul Aisyah,stabilizer,2026-01-14,2026-01,2026-W03,Wed,1,10,4.68,Tampines,Tampines,5,47.09,10.06,SGD
drv_nurul_sg_14,Nurul Aisyah,stabilizer,2026-01-14,2026-01,2026-W03,Wed,2,17,4.52,Tampines,Tampines,4,45.45,10.06,SGD
drv_nurul_sg_14,Nurul Aisyah,stabilizer,2026-01-15,2026-01,2026-W03,Thu,1,8,6.36,Jurong_East,Jurong East,8,74.61,11.73,SGD
drv_nurul_sg_14,Nurul Aisyah,stabilizer,2026-01-15,2026-01,2026-W03,Thu,2,17,4.54,Marina_Bay,Marina Bay / Sands,6,53.22,11.72,SGD
drv_nurul_sg_14,Nurul Aisyah,stabilizer,2026-01-16,2026-01,2026-W03,Fri,1,9,5.52,Tampines,Tampines,11,40.28,7.3,SGD
drv_nurul_sg_14,Nurul Aisyah,stabilizer,2026-01-16,2026-01,2026-W03,Fri,2,19,4.18,Tampines,Tampines,8,30.48,7.29,SGD
drv_nurul_sg_14,Nurul Aisyah,stabilizer,2026-01-17,2026-01,2026-W03,Sat,1,10,5.26,Changi_Airport,Changi Airport,10,93.05,17.69,SGD
drv_nurul_sg_14,Nurul Aisyah,stabilizer,2026-01-17,2026-01,2026-W03,Sat,2,18,3.94,Jurong_East,Jurong East,8,69.7,17.69,SGD
drv_nurul_sg_14,Nurul Aisyah,stabilizer,2026-01-19,2026-01,2026-W04,Mon,1,9,3.12,Changi_Airport,Changi Airport,4,35.07,11.24,SGD
drv_nurul_sg_14,Nurul Aisyah,stabilizer,2026-01-19,2026-01,2026-W04,Mon,2,18,3.58,Jurong_East,Jurong East,4,40.31,11.26,SGD
drv_nurul_sg_14,Nurul Aisyah,stabilizer,2026-01-20,2026-01,2026-W04,Tue,1,8,2.74,Marina_Bay,Marina Bay / Sands,5,38.88,14.19,SGD
drv_nurul_sg_14,Nurul Aisyah,stabilizer,2026-01-20,2026-01,2026-W04,Tue,2,19,3.76,Jurong_East,Jurong East,8,53.2,14.15,SGD
drv_nurul_sg_14,Nurul Aisyah,stabilizer,2026-01-21,2026-01,2026-W04,Wed,1,11,4.0,Marina_Bay,Marina Bay / Sands,7,48.86,12.21,SGD
drv_nurul_sg_14,Nurul Aisyah,stabilizer,2026-01-21,2026-01,2026-W04,Wed,2,17,3.5,Marina_Bay,Marina Bay / Sands,7,42.76,12.22,SGD
drv_nurul_sg_14,Nurul Aisyah,stabilizer,2026-01-22,2026-01,2026-W04,Thu,1,8,3.59,Jurong_East,Jurong East,12,70.52,19.64,SGD
drv_nurul_sg_14,Nurul Aisyah,stabilizer,2026-01-22,2026-01,2026-W04,Thu,2,19,3.31,Tampines,Tampines,11,64.9,19.61,SGD
drv_nurul_sg_14,Nurul Aisyah,stabilizer,2026-01-23,2026-01,2026-W04,Fri,1,8,4.58,Marina_Bay,Marina Bay / Sands,9,81.85,17.87,SGD
drv_nurul_sg_14,Nurul Aisyah,stabilizer,2026-01-23,2026-01,2026-W04,Fri,2,17,4.12,Changi_Airport,Changi Airport,9,73.56,17.85,SGD
drv_nurul_sg_14,Nurul Aisyah,stabilizer,2026-01-24,2026-01,2026-W04,Sat,1,8,4.87,Changi_Airport,Changi Airport,8,36.04,7.4,SGD
drv_nurul_sg_14,Nurul Aisyah,stabilizer,2026-01-24,2026-01,2026-W04,Sat,2,17,6.13,Changi_Airport,Changi Airport,10,45.37,7.4,SGD
drv_nurul_sg_14,Nurul Aisyah,stabilizer,2026-01-26,2026-01,2026-W05,Mon,1,10,5.8,Tampines,Tampines,4,57.71,9.95,SGD
drv_nurul_sg_14,Nurul Aisyah,stabilizer,2026-01-26,2026-01,2026-W05,Mon,2,18,5.9,Marina_Bay,Marina Bay / Sands,4,58.7,9.95,SGD
drv_nurul_sg_14,Nurul Aisyah,stabilizer,2026-01-27,2026-01,2026-W05,Tue,1,11,5.11,Marina_Bay,Marina Bay / Sands,9,64.45,12.61,SGD
drv_nurul_sg_14,Nurul Aisyah,stabilizer,2026-01-27,2026-01,2026-W05,Tue,2,18,5.79,Tampines,Tampines,11,72.94,12.6,SGD
drv_nurul_sg_14,Nurul Aisyah,stabilizer,2026-01-28,2026-01,2026-W05,Wed,1,9,2.87,Jurong_East,Jurong East,4,61.29,21.36,SGD
drv_nurul_sg_14,Nurul Aisyah,stabilizer,2026-01-28,2026-01,2026-W05,Wed,2,18,3.43,Jurong_East,Jurong East,5,73.17,21.33,SGD
drv_nurul_sg_14,Nurul Aisyah,stabilizer,2026-01-29,2026-01,2026-W05,Thu,1,9,3.74,Jurong_East,Jurong East,11,58.66,15.68,SGD
drv_nurul_sg_14,Nurul Aisyah,stabilizer,2026-01-29,2026-01,2026-W05,Thu,2,18,4.16,Jurong_East,Jurong East,12,65.38,15.72,SGD
drv_nurul_sg_14,Nurul Aisyah,stabilizer,2026-01-30,2026-01,2026-W05,Fri,1,11,5.29,Changi_Airport,Changi Airport,10,69.76,13.19,SGD
drv_nurul_sg_14,Nurul Aisyah,stabilizer,2026-01-30,2026-01,2026-W05,Fri,2,18,5.51,Changi_Airport,Changi Airport,10,72.59,13.17,SGD
drv_nurul_sg_14,Nurul Aisyah,stabilizer,2026-01-31,2026-01,2026-W05,Sat,1,10,5.04,Jurong_East,Jurong East,5,51.63,10.24,SGD
drv_nurul_sg_14,Nurul Aisyah,stabilizer,2026-01-31,2026-01,2026-W05,Sat,2,18,6.36,Jurong_East,Jurong East,7,65.09,10.23,SGD
drv_nurul_sg_14,Nurul Aisyah,stabilizer,2026-02-02,2026-02,2026-W06,Mon,1,8,5.69,Tampines,Tampines,9,53.47,9.4,SGD
drv_nurul_sg_14,Nurul Aisyah,stabilizer,2026-02-02,2026-02,2026-W06,Mon,2,19,4.51,Marina_Bay,Marina Bay / Sands,7,42.36,9.39,SGD
drv_nurul_sg_14,Nurul Aisyah,stabilizer,2026-02-03,2026-02,2026-W06,Tue,1,11,4.74,Jurong_East,Jurong East,5,54.33,11.46,SGD
drv_nurul_sg_14,Nurul Aisyah,stabilizer,2026-02-03,2026-02,2026-W06,Tue,2,19,3.96,Changi_Airport,Changi Airport,5,45.4,11.46,SGD
drv_nurul_sg_14,Nurul Aisyah,stabilizer,2026-02-04,2026-02,2026-W06,Wed,1,11,4.12,Jurong_East,Jurong East,7,42.85,10.4,SGD
drv_nurul_sg_14,Nurul Aisyah,stabilizer,2026-02-04,2026-02,2026-W06,Wed,2,18,3.88,Marina_Bay,Marina Bay / Sands,6,40.33,10.39,SGD
drv_nurul_sg_14,Nurul Aisyah,stabilizer,2026-02-05,2026-02,2026-W06,Thu,1,9,4.88,Changi_Airport,Changi Airport,7,48.52,9.94,SGD
drv_nurul_sg_14,Nurul Aisyah,stabilizer,2026-02-05,2026-02,2026-W06,Thu,2,19,5.32,Marina_Bay,Marina Bay / Sands,7,52.95,9.95,SGD
drv_nurul_sg_14,Nurul Aisyah,stabilizer,2026-02-06,2026-02,2026-W06,Fri,1,8,3.9,Marina_Bay,Marina Bay / Sands,4,56.73,14.55,SGD
drv_nurul_sg_14,Nurul Aisyah,stabilizer,2026-02-06,2026-02,2026-W06,Fri,2,17,4.4,Jurong_East,Jurong East,5,63.98,14.54,SGD
drv_nurul_sg_14,Nurul Aisyah,stabilizer,2026-02-07,2026-02,2026-W06,Sat,1,8,5.03,Marina_Bay,Marina Bay / Sands,6,79.86,15.88,SGD
drv_nurul_sg_14,Nurul Aisyah,stabilizer,2026-02-07,2026-02,2026-W06,Sat,2,17,6.07,Changi_Airport,Changi Airport,7,96.47,15.89,SGD
drv_nurul_sg_14,Nurul Aisyah,stabilizer,2026-02-09,2026-02,2026-W07,Mon,1,9,3.17,Marina_Bay,Marina Bay / Sands,9,46.53,14.68,SGD
drv_nurul_sg_14,Nurul Aisyah,stabilizer,2026-02-09,2026-02,2026-W07,Mon,2,18,3.63,Tampines,Tampines,10,53.19,14.65,SGD
drv_nurul_sg_14,Nurul Aisyah,stabilizer,2026-02-10,2026-02,2026-W07,Tue,1,9,4.39,Jurong_East,Jurong East,9,44.94,10.24,SGD
drv_nurul_sg_14,Nurul Aisyah,stabilizer,2026-02-10,2026-02,2026-W07,Tue,2,19,3.81,Jurong_East,Jurong East,7,39.01,10.24,SGD
drv_nurul_sg_14,Nurul Aisyah,stabilizer,2026-02-11,2026-02,2026-W07,Wed,1,8,3.9,Jurong_East,Jurong East,8,59.99,15.38,SGD
drv_nurul_sg_14,Nurul Aisyah,stabilizer,2026-02-11,2026-02,2026-W07,Wed,2,19,4.3,Changi_Airport,Changi Airport,8,66.28,15.41,SGD
drv_nurul_sg_14,Nurul Aisyah,stabilizer,2026-02-12,2026-02,2026-W07,Thu,1,11,4.57,Tampines,Tampines,8,57.88,12.67,SGD
drv_nurul_sg_14,Nurul Aisyah,stabilizer,2026-02-12,2026-02,2026-W07,Thu,2,17,5.53,Jurong_East,Jurong East,10,70.12,12.68,SGD
drv_nurul_sg_14,Nurul Aisyah,stabilizer,2026-02-13,2026-02,2026-W07,Fri,1,8,5.5,Jurong_East,Jurong East,4,73.74,13.41,SGD
drv_nurul_sg_14,Nurul Aisyah,stabilizer,2026-02-13,2026-02,2026-W07,Fri,2,18,6.0,Jurong_East,Jurong East,4,80.58,13.43,SGD
drv_nurul_sg_14,Nurul Aisyah,stabilizer,2026-02-14,2026-02,2026-W07,Sat,1,11,3.68,Jurong_East,Jurong East,9,76.46,20.78,SGD
drv_nurul_sg_14,Nurul Aisyah,stabilizer,2026-02-14,2026-02,2026-W07,Sat,2,18,3.12,Marina_Bay,Marina Bay / Sands,7,64.94,20.81,SGD
drv_nurul_sg_14,Nurul Aisyah,stabilizer,2026-02-16,2026-02,2026-W08,Mon,1,10,5.39,Tampines,Tampines,10,28.29,5.25,SGD
drv_nurul_sg_14,Nurul Aisyah,stabilizer,2026-02-16,2026-02,2026-W08,Mon,2,17,6.41,Marina_Bay,Marina Bay / Sands,11,33.61,5.24,SGD
drv_nurul_sg_14,Nurul Aisyah,stabilizer,2026-02-17,2026-02,2026-W08,Tue,1,9,4.97,Marina_Bay,Marina Bay / Sands,10,26.08,5.25,SGD
drv_nurul_sg_14,Nurul Aisyah,stabilizer,2026-02-17,2026-02,2026-W08,Tue,2,17,6.83,Changi_Airport,Changi Airport,13,35.82,5.24,SGD
drv_nurul_sg_14,Nurul Aisyah,stabilizer,2026-02-18,2026-02,2026-W08,Wed,1,9,5.71,Marina_Bay,Marina Bay / Sands,11,26.41,4.63,SGD
drv_nurul_sg_14,Nurul Aisyah,stabilizer,2026-02-18,2026-02,2026-W08,Wed,2,19,5.69,Changi_Airport,Changi Airport,11,26.32,4.63,SGD
drv_nurul_sg_14,Nurul Aisyah,stabilizer,2026-02-19,2026-02,2026-W08,Thu,1,9,4.19,Jurong_East,Jurong East,7,40.22,9.6,SGD
drv_nurul_sg_14,Nurul Aisyah,stabilizer,2026-02-19,2026-02,2026-W08,Thu,2,17,4.61,Marina_Bay,Marina Bay / Sands,7,44.32,9.61,SGD
drv_nurul_sg_14,Nurul Aisyah,stabilizer,2026-02-20,2026-02,2026-W08,Fri,1,10,2.89,Changi_Airport,Changi Airport,10,62.27,21.55,SGD
drv_nurul_sg_14,Nurul Aisyah,stabilizer,2026-02-20,2026-02,2026-W08,Fri,2,17,3.71,Changi_Airport,Changi Airport,13,79.92,21.54,SGD
drv_nurul_sg_14,Nurul Aisyah,stabilizer,2026-02-21,2026-02,2026-W08,Sat,1,8,4.07,Changi_Airport,Changi Airport,5,58.75,14.43,SGD
drv_nurul_sg_14,Nurul Aisyah,stabilizer,2026-02-21,2026-02,2026-W08,Sat,2,19,3.93,Tampines,Tampines,5,56.62,14.41,SGD
drv_nurul_sg_14,Nurul Aisyah,stabilizer,2026-02-23,2026-02,2026-W09,Mon,1,8,5.53,Marina_Bay,Marina Bay / Sands,10,55.11,9.97,SGD
drv_nurul_sg_14,Nurul Aisyah,stabilizer,2026-02-23,2026-02,2026-W09,Mon,2,18,5.67,Tampines,Tampines,11,56.47,9.96,SGD
drv_nurul_sg_14,Nurul Aisyah,stabilizer,2026-02-24,2026-02,2026-W09,Tue,1,8,3.88,Jurong_East,Jurong East,10,52.23,13.46,SGD
drv_nurul_sg_14,Nurul Aisyah,stabilizer,2026-02-24,2026-02,2026-W09,Tue,2,17,3.92,Jurong_East,Jurong East,11,52.84,13.48,SGD
drv_nurul_sg_14,Nurul Aisyah,stabilizer,2026-02-25,2026-02,2026-W09,Wed,1,8,4.21,Jurong_East,Jurong East,9,56.54,13.43,SGD
drv_nurul_sg_14,Nurul Aisyah,stabilizer,2026-02-25,2026-02,2026-W09,Wed,2,17,4.39,Jurong_East,Jurong East,9,58.87,13.41,SGD
drv_nurul_sg_14,Nurul Aisyah,stabilizer,2026-02-26,2026-02,2026-W09,Thu,1,9,5.44,Changi_Airport,Changi Airport,11,46.7,8.58,SGD
drv_nurul_sg_14,Nurul Aisyah,stabilizer,2026-02-26,2026-02,2026-W09,Thu,2,18,6.16,Marina_Bay,Marina Bay / Sands,13,52.95,8.6,SGD
drv_nurul_sg_14,Nurul Aisyah,stabilizer,2026-02-27,2026-02,2026-W09,Fri,1,11,5.7,Marina_Bay,Marina Bay / Sands,9,74.37,13.05,SGD
drv_nurul_sg_14,Nurul Aisyah,stabilizer,2026-02-27,2026-02,2026-W09,Fri,2,19,5.1,Changi_Airport,Changi Airport,8,66.65,13.07,SGD
drv_nurul_sg_14,Nurul Aisyah,stabilizer,2026-02-28,2026-02,2026-W09,Sat,1,9,4.89,Changi_Airport,Changi Airport,9,75.08,15.35,SGD
drv_nurul_sg_14,Nurul Aisyah,stabilizer,2026-02-28,2026-02,2026-W09,Sat,2,17,5.21,Tampines,Tampines,10,79.83,15.32,SGD
drv_nurul_sg_14,Nurul Aisyah,stabilizer,2026-03-02,2026-03,2026-W10,Mon,1,8,4.26,Marina_Bay,Marina Bay / Sands,8,63.14,14.82,SGD
drv_nurul_sg_14,Nurul Aisyah,stabilizer,2026-03-02,2026-03,2026-W10,Mon,2,19,3.54,Changi_Airport,Changi Airport,6,52.45,14.82,SGD
drv_nurul_sg_14,Nurul Aisyah,stabilizer,2026-03-03,2026-03,2026-W10,Tue,1,8,4.84,Jurong_East,Jurong East,5,57.35,11.85,SGD
drv_nurul_sg_14,Nurul Aisyah,stabilizer,2026-03-03,2026-03,2026-W10,Tue,2,19,5.76,Changi_Airport,Changi Airport,5,68.23,11.85,SGD
drv_nurul_sg_14,Nurul Aisyah,stabilizer,2026-03-04,2026-03,2026-W10,Wed,1,11,4.39,Tampines,Tampines,8,56.07,12.77,SGD
drv_nurul_sg_14,Nurul Aisyah,stabilizer,2026-03-04,2026-03,2026-W10,Wed,2,17,5.61,Marina_Bay,Marina Bay / Sands,11,71.55,12.75,SGD
drv_nurul_sg_14,Nurul Aisyah,stabilizer,2026-03-05,2026-03,2026-W10,Thu,1,8,5.86,Tampines,Tampines,9,67.76,11.56,SGD
drv_nurul_sg_14,Nurul Aisyah,stabilizer,2026-03-05,2026-03,2026-W10,Thu,2,19,4.64,Jurong_East,Jurong East,8,53.59,11.55,SGD
drv_nurul_sg_14,Nurul Aisyah,stabilizer,2026-03-06,2026-03,2026-W10,Fri,1,10,6.53,Marina_Bay,Marina Bay / Sands,7,74.7,11.44,SGD
drv_nurul_sg_14,Nurul Aisyah,stabilizer,2026-03-06,2026-03,2026-W10,Fri,2,19,4.87,Tampines,Tampines,6,55.74,11.45,SGD
drv_nurul_sg_14,Nurul Aisyah,stabilizer,2026-03-07,2026-03,2026-W10,Sat,1,8,5.31,Marina_Bay,Marina Bay / Sands,10,39.11,7.37,SGD
drv_nurul_sg_14,Nurul Aisyah,stabilizer,2026-03-07,2026-03,2026-W10,Sat,2,18,5.99,Jurong_East,Jurong East,12,44.1,7.36,SGD
drv_nurul_sg_14,Nurul Aisyah,stabilizer,2026-03-09,2026-03,2026-W11,Mon,1,8,6.57,Jurong_East,Jurong East,4,34.19,5.2,SGD
drv_nurul_sg_14,Nurul Aisyah,stabilizer,2026-03-09,2026-03,2026-W11,Mon,2,18,5.23,Jurong_East,Jurong East,4,27.25,5.21,SGD
drv_nurul_sg_14,Nurul Aisyah,stabilizer,2026-03-10,2026-03,2026-W11,Tue,1,11,5.12,Tampines,Tampines,7,52.14,10.18,SGD
drv_nurul_sg_14,Nurul Aisyah,stabilizer,2026-03-10,2026-03,2026-W11,Tue,2,18,6.58,Jurong_East,Jurong East,8,67.08,10.19,SGD
drv_nurul_sg_14,Nurul Aisyah,stabilizer,2026-03-11,2026-03,2026-W11,Wed,1,10,3.84,Marina_Bay,Marina Bay / Sands,9,58.3,15.18,SGD
drv_nurul_sg_14,Nurul Aisyah,stabilizer,2026-03-11,2026-03,2026-W11,Wed,2,18,4.66,Jurong_East,Jurong East,10,70.73,15.18,SGD
drv_nurul_sg_14,Nurul Aisyah,stabilizer,2026-03-12,2026-03,2026-W11,Thu,1,10,4.93,Changi_Airport,Changi Airport,5,54.61,11.08,SGD
drv_nurul_sg_14,Nurul Aisyah,stabilizer,2026-03-12,2026-03,2026-W11,Thu,2,18,4.67,Changi_Airport,Changi Airport,4,51.8,11.09,SGD
drv_nurul_sg_14,Nurul Aisyah,stabilizer,2026-03-13,2026-03,2026-W11,Fri,1,9,3.85,Tampines,Tampines,11,76.69,19.92,SGD
drv_nurul_sg_14,Nurul Aisyah,stabilizer,2026-03-13,2026-03,2026-W11,Fri,2,18,3.25,Changi_Airport,Changi Airport,10,64.88,19.96,SGD
drv_nurul_sg_14,Nurul Aisyah,stabilizer,2026-03-14,2026-03,2026-W11,Sat,1,11,3.97,Changi_Airport,Changi Airport,4,72.83,18.35,SGD
drv_nurul_sg_14,Nurul Aisyah,stabilizer,2026-03-14,2026-03,2026-W11,Sat,2,19,3.93,Tampines,Tampines,4,72.1,18.35,SGD
drv_nurul_sg_14,Nurul Aisyah,stabilizer,2026-03-16,2026-03,2026-W12,Mon,1,9,5.26,Tampines,Tampines,6,46.43,8.83,SGD
drv_nurul_sg_14,Nurul Aisyah,stabilizer,2026-03-16,2026-03,2026-W12,Mon,2,18,4.84,Tampines,Tampines,5,42.65,8.81,SGD
drv_nurul_sg_14,Nurul Aisyah,stabilizer,2026-03-17,2026-03,2026-W12,Tue,1,10,4.06,Changi_Airport,Changi Airport,10,50.7,12.49,SGD
drv_nurul_sg_14,Nurul Aisyah,stabilizer,2026-03-17,2026-03,2026-W12,Tue,2,18,4.24,Marina_Bay,Marina Bay / Sands,11,52.96,12.49,SGD
drv_nurul_sg_14,Nurul Aisyah,stabilizer,2026-03-18,2026-03,2026-W12,Wed,1,10,5.03,Tampines,Tampines,10,60.06,11.94,SGD
drv_nurul_sg_14,Nurul Aisyah,stabilizer,2026-03-18,2026-03,2026-W12,Wed,2,19,5.07,Jurong_East,Jurong East,10,60.51,11.93,SGD
drv_nurul_sg_14,Nurul Aisyah,stabilizer,2026-03-19,2026-03,2026-W12,Thu,1,11,4.06,Tampines,Tampines,6,48.12,11.85,SGD
drv_nurul_sg_14,Nurul Aisyah,stabilizer,2026-03-19,2026-03,2026-W12,Thu,2,18,5.44,Changi_Airport,Changi Airport,8,64.54,11.86,SGD
drv_nurul_sg_14,Nurul Aisyah,stabilizer,2026-03-20,2026-03,2026-W12,Fri,1,8,3.72,Tampines,Tampines,9,62.92,16.91,SGD
drv_nurul_sg_14,Nurul Aisyah,stabilizer,2026-03-20,2026-03,2026-W12,Fri,2,17,4.38,Tampines,Tampines,10,74.27,16.96,SGD
drv_nurul_sg_14,Nurul Aisyah,stabilizer,2026-03-21,2026-03,2026-W12,Sat,1,8,5.59,Tampines,Tampines,9,80.55,14.41,SGD
drv_nurul_sg_14,Nurul Aisyah,stabilizer,2026-03-21,2026-03,2026-W12,Sat,2,17,3.91,Changi_Airport,Changi Airport,6,56.24,14.38,SGD
drv_nurul_sg_14,Nurul Aisyah,stabilizer,2026-03-23,2026-03,2026-W13,Mon,1,10,4.5,Tampines,Tampines,9,51.76,11.5,SGD
drv_nurul_sg_14,Nurul Aisyah,stabilizer,2026-03-23,2026-03,2026-W13,Mon,2,19,4.4,Jurong_East,Jurong East,9,50.51,11.48,SGD
drv_nurul_sg_14,Nurul Aisyah,stabilizer,2026-03-24,2026-03,2026-W13,Tue,1,10,5.84,Marina_Bay,Marina Bay / Sands,5,46.42,7.95,SGD
drv_nurul_sg_14,Nurul Aisyah,stabilizer,2026-03-24,2026-03,2026-W13,Tue,2,17,4.76,Changi_Airport,Changi Airport,4,37.88,7.96,SGD
drv_nurul_sg_14,Nurul Aisyah,stabilizer,2026-03-25,2026-03,2026-W13,Wed,1,9,6.26,Jurong_East,Jurong East,5,59.56,9.51,SGD
drv_nurul_sg_14,Nurul Aisyah,stabilizer,2026-03-25,2026-03,2026-W13,Wed,2,19,5.64,Changi_Airport,Changi Airport,5,53.68,9.52,SGD
drv_nurul_sg_14,Nurul Aisyah,stabilizer,2026-03-26,2026-03,2026-W13,Thu,1,11,4.6,Changi_Airport,Changi Airport,8,63.84,13.88,SGD
drv_nurul_sg_14,Nurul Aisyah,stabilizer,2026-03-26,2026-03,2026-W13,Thu,2,19,4.3,Tampines,Tampines,7,59.76,13.9,SGD
drv_nurul_sg_14,Nurul Aisyah,stabilizer,2026-03-27,2026-03,2026-W13,Fri,1,10,6.03,Tampines,Tampines,8,72.24,11.98,SGD
drv_nurul_sg_14,Nurul Aisyah,stabilizer,2026-03-27,2026-03,2026-W13,Fri,2,17,5.27,Changi_Airport,Changi Airport,7,63.2,11.99,SGD
drv_nurul_sg_14,Nurul Aisyah,stabilizer,2026-03-28,2026-03,2026-W13,Sat,1,9,4.31,Tampines,Tampines,8,67.29,15.61,SGD
drv_nurul_sg_14,Nurul Aisyah,stabilizer,2026-03-28,2026-03,2026-W13,Sat,2,17,5.19,Changi_Airport,Changi Airport,10,80.87,15.58,SGD
drv_nurul_sg_14,Nurul Aisyah,stabilizer,2026-03-30,2026-03,2026-W14,Mon,1,10,3.5,Jurong_East,Jurong East,10,46.1,13.17,SGD
drv_nurul_sg_14,Nurul Aisyah,stabilizer,2026-03-30,2026-03,2026-W14,Mon,2,19,3.4,Tampines,Tampines,10,44.69,13.14,SGD
drv_nurul_sg_14,Nurul Aisyah,stabilizer,2026-03-31,2026-03,2026-W14,Tue,1,8,5.31,Changi_Airport,Changi Airport,4,52.23,9.84,SGD
drv_nurul_sg_14,Nurul Aisyah,stabilizer,2026-03-31,2026-03,2026-W14,Tue,2,18,5.69,Jurong_East,Jurong East,4,56.07,9.85,SGD
drv_nurul_sg_14,Nurul Aisyah,stabilizer,2026-04-01,2026-04,2026-W14,Wed,1,10,3.67,Tampines,Tampines,12,74.22,20.22,SGD
drv_nurul_sg_14,Nurul Aisyah,stabilizer,2026-04-01,2026-04,2026-W14,Wed,2,19,2.93,Tampines,Tampines,10,59.16,20.19,SGD
drv_nurul_sg_14,Nurul Aisyah,stabilizer,2026-04-02,2026-04,2026-W14,Thu,1,9,3.68,Jurong_East,Jurong East,7,55.97,15.21,SGD
drv_nurul_sg_14,Nurul Aisyah,stabilizer,2026-04-02,2026-04,2026-W14,Thu,2,18,4.12,Jurong_East,Jurong East,7,62.61,15.2,SGD
drv_nurul_sg_14,Nurul Aisyah,stabilizer,2026-04-03,2026-04,2026-W14,Fri,1,8,4.69,Tampines,Tampines,6,87.93,18.75,SGD
drv_nurul_sg_14,Nurul Aisyah,stabilizer,2026-04-03,2026-04,2026-W14,Fri,2,17,3.31,Changi_Airport,Changi Airport,5,62.05,18.75,SGD
drv_nurul_sg_14,Nurul Aisyah,stabilizer,2026-04-04,2026-04,2026-W14,Sat,1,10,4.73,Marina_Bay,Marina Bay / Sands,4,57.78,12.22,SGD
drv_nurul_sg_14,Nurul Aisyah,stabilizer,2026-04-04,2026-04,2026-W14,Sat,2,17,5.67,Tampines,Tampines,5,69.2,12.2,SGD
drv_nurul_sg_14,Nurul Aisyah,stabilizer,2026-04-06,2026-04,2026-W15,Mon,1,8,5.66,Marina_Bay,Marina Bay / Sands,8,40.23,7.11,SGD
drv_nurul_sg_14,Nurul Aisyah,stabilizer,2026-04-06,2026-04,2026-W15,Mon,2,17,6.04,Changi_Airport,Changi Airport,9,42.9,7.1,SGD
drv_nurul_sg_14,Nurul Aisyah,stabilizer,2026-04-07,2026-04,2026-W15,Tue,1,9,4.56,Marina_Bay,Marina Bay / Sands,11,42.92,9.41,SGD
drv_nurul_sg_14,Nurul Aisyah,stabilizer,2026-04-07,2026-04,2026-W15,Tue,2,19,4.94,Marina_Bay,Marina Bay / Sands,11,46.54,9.42,SGD
drv_nurul_sg_14,Nurul Aisyah,stabilizer,2026-04-08,2026-04,2026-W15,Wed,1,10,3.94,Tampines,Tampines,9,35.91,9.11,SGD
drv_nurul_sg_14,Nurul Aisyah,stabilizer,2026-04-08,2026-04,2026-W15,Wed,2,19,4.66,Marina_Bay,Marina Bay / Sands,10,42.39,9.1,SGD
drv_nurul_sg_14,Nurul Aisyah,stabilizer,2026-04-09,2026-04,2026-W15,Thu,1,8,3.81,Marina_Bay,Marina Bay / Sands,7,66.64,17.49,SGD
drv_nurul_sg_14,Nurul Aisyah,stabilizer,2026-04-09,2026-04,2026-W15,Thu,2,17,4.79,Marina_Bay,Marina Bay / Sands,9,83.75,17.48,SGD
drv_nurul_sg_14,Nurul Aisyah,stabilizer,2026-04-10,2026-04,2026-W15,Fri,1,8,3.25,Jurong_East,Jurong East,9,79.1,24.34,SGD
drv_nurul_sg_14,Nurul Aisyah,stabilizer,2026-04-10,2026-04,2026-W15,Fri,2,18,3.25,Changi_Airport,Changi Airport,8,79.07,24.33,SGD
drv_nurul_sg_14,Nurul Aisyah,stabilizer,2026-04-11,2026-04,2026-W15,Sat,1,9,5.76,Jurong_East,Jurong East,9,65.52,11.38,SGD
drv_nurul_sg_14,Nurul Aisyah,stabilizer,2026-04-11,2026-04,2026-W15,Sat,2,17,5.74,Tampines,Tampines,9,65.25,11.37,SGD
drv_nurul_sg_14,Nurul Aisyah,stabilizer,2026-04-13,2026-04,2026-W16,Mon,1,8,3.05,Tampines,Tampines,7,39.41,12.92,SGD
drv_nurul_sg_14,Nurul Aisyah,stabilizer,2026-04-13,2026-04,2026-W16,Mon,2,18,3.35,Marina_Bay,Marina Bay / Sands,7,43.39,12.95,SGD
drv_nurul_sg_14,Nurul Aisyah,stabilizer,2026-04-14,2026-04,2026-W16,Tue,1,8,4.1,Changi_Airport,Changi Airport,7,44.36,10.82,SGD
drv_nurul_sg_14,Nurul Aisyah,stabilizer,2026-04-14,2026-04,2026-W16,Tue,2,19,4.9,Changi_Airport,Changi Airport,8,53.1,10.84,SGD
drv_nurul_sg_14,Nurul Aisyah,stabilizer,2026-04-15,2026-04,2026-W16,Wed,1,9,3.59,Jurong_East,Jurong East,11,50.47,14.06,SGD
drv_nurul_sg_14,Nurul Aisyah,stabilizer,2026-04-15,2026-04,2026-W16,Wed,2,19,3.91,Changi_Airport,Changi Airport,11,55.01,14.07,SGD
drv_nurul_sg_14,Nurul Aisyah,stabilizer,2026-04-16,2026-04,2026-W16,Thu,1,8,3.35,Jurong_East,Jurong East,11,70.91,21.17,SGD
drv_nurul_sg_14,Nurul Aisyah,stabilizer,2026-04-16,2026-04,2026-W16,Thu,2,17,3.75,Changi_Airport,Changi Airport,13,79.21,21.12,SGD
drv_nurul_sg_14,Nurul Aisyah,stabilizer,2026-04-17,2026-04,2026-W16,Fri,1,11,3.58,Changi_Airport,Changi Airport,10,74.65,20.85,SGD
drv_nurul_sg_14,Nurul Aisyah,stabilizer,2026-04-17,2026-04,2026-W16,Fri,2,17,3.92,Tampines,Tampines,10,81.76,20.86,SGD
drv_nurul_sg_14,Nurul Aisyah,stabilizer,2026-04-18,2026-04,2026-W16,Sat,1,11,4.58,Marina_Bay,Marina Bay / Sands,8,86.33,18.85,SGD
drv_nurul_sg_14,Nurul Aisyah,stabilizer,2026-04-18,2026-04,2026-W16,Sat,2,17,4.22,Jurong_East,Jurong East,8,79.5,18.84,SGD
drv_nurul_sg_14,Nurul Aisyah,stabilizer,2026-04-20,2026-04,2026-W17,Mon,1,9,5.25,Jurong_East,Jurong East,8,38.4,7.31,SGD
drv_nurul_sg_14,Nurul Aisyah,stabilizer,2026-04-20,2026-04,2026-W17,Mon,2,18,6.05,Changi_Airport,Changi Airport,9,44.3,7.32,SGD
drv_nurul_sg_14,Nurul Aisyah,stabilizer,2026-04-21,2026-04,2026-W17,Tue,1,10,3.77,Changi_Airport,Changi Airport,9,53.61,14.22,SGD
drv_nurul_sg_14,Nurul Aisyah,stabilizer,2026-04-21,2026-04,2026-W17,Tue,2,18,4.43,Changi_Airport,Changi Airport,10,62.92,14.2,SGD
drv_nurul_sg_14,Nurul Aisyah,stabilizer,2026-04-22,2026-04,2026-W17,Wed,1,9,3.58,Marina_Bay,Marina Bay / Sands,7,57.24,15.99,SGD
drv_nurul_sg_14,Nurul Aisyah,stabilizer,2026-04-22,2026-04,2026-W17,Wed,2,18,4.22,Jurong_East,Jurong East,8,67.35,15.96,SGD
drv_nurul_sg_14,Nurul Aisyah,stabilizer,2026-04-23,2026-04,2026-W17,Thu,1,11,6.56,Marina_Bay,Marina Bay / Sands,11,60.48,9.22,SGD
drv_nurul_sg_14,Nurul Aisyah,stabilizer,2026-04-23,2026-04,2026-W17,Thu,2,18,4.94,Tampines,Tampines,9,45.62,9.23,SGD
drv_nurul_sg_14,Nurul Aisyah,stabilizer,2026-04-24,2026-04,2026-W17,Fri,1,9,4.78,Changi_Airport,Changi Airport,13,68.5,14.33,SGD
drv_nurul_sg_14,Nurul Aisyah,stabilizer,2026-04-24,2026-04,2026-W17,Fri,2,17,3.72,Tampines,Tampines,11,53.42,14.36,SGD
drv_nurul_sg_14,Nurul Aisyah,stabilizer,2026-04-25,2026-04,2026-W17,Sat,1,10,5.08,Jurong_East,Jurong East,11,61.43,12.09,SGD
drv_nurul_sg_14,Nurul Aisyah,stabilizer,2026-04-25,2026-04,2026-W17,Sat,2,18,4.92,Marina_Bay,Marina Bay / Sands,10,59.5,12.09,SGD
drv_nurul_sg_14,Nurul Aisyah,stabilizer,2026-04-27,2026-04,2026-W18,Mon,1,8,3.17,Changi_Airport,Changi Airport,10,54.75,17.27,SGD
drv_nurul_sg_14,Nurul Aisyah,stabilizer,2026-04-27,2026-04,2026-W18,Mon,2,19,3.23,Changi_Airport,Changi Airport,10,55.73,17.25,SGD
drv_nurul_sg_14,Nurul Aisyah,stabilizer,2026-04-28,2026-04,2026-W18,Tue,1,11,4.59,Marina_Bay,Marina Bay / Sands,8,44.26,9.64,SGD
drv_nurul_sg_14,Nurul Aisyah,stabilizer,2026-04-28,2026-04,2026-W18,Tue,2,19,6.11,Tampines,Tampines,10,58.89,9.64,SGD
drv_nurul_sg_14,Nurul Aisyah,stabilizer,2026-04-29,2026-04,2026-W18,Wed,1,10,3.61,Changi_Airport,Changi Airport,8,58.83,16.3,SGD
drv_nurul_sg_14,Nurul Aisyah,stabilizer,2026-04-29,2026-04,2026-W18,Wed,2,17,3.59,Changi_Airport,Changi Airport,7,58.4,16.27,SGD
drv_nurul_sg_14,Nurul Aisyah,stabilizer,2026-04-30,2026-04,2026-W18,Thu,1,8,4.35,Tampines,Tampines,9,60.36,13.88,SGD
drv_nurul_sg_14,Nurul Aisyah,stabilizer,2026-04-30,2026-04,2026-W18,Thu,2,19,3.75,Tampines,Tampines,7,52.05,13.88,SGD
drv_nurul_sg_14,Nurul Aisyah,stabilizer,2026-05-01,2026-05,2026-W18,Fri,1,11,3.79,Marina_Bay,Marina Bay / Sands,8,99.31,26.2,SGD
drv_nurul_sg_14,Nurul Aisyah,stabilizer,2026-05-01,2026-05,2026-W18,Fri,2,17,2.61,Marina_Bay,Marina Bay / Sands,6,68.36,26.19,SGD
drv_nurul_sg_14,Nurul Aisyah,stabilizer,2026-05-02,2026-05,2026-W18,Sat,1,10,4.5,Marina_Bay,Marina Bay / Sands,8,36.6,8.13,SGD
drv_nurul_sg_14,Nurul Aisyah,stabilizer,2026-05-02,2026-05,2026-W18,Sat,2,19,3.6,Jurong_East,Jurong East,7,29.24,8.12,SGD
drv_nurul_sg_14,Nurul Aisyah,stabilizer,2026-05-04,2026-05,2026-W19,Mon,1,11,4.85,Jurong_East,Jurong East,5,42.45,8.75,SGD
drv_nurul_sg_14,Nurul Aisyah,stabilizer,2026-05-04,2026-05,2026-W19,Mon,2,19,6.65,Changi_Airport,Changi Airport,7,58.23,8.76,SGD
drv_nurul_sg_14,Nurul Aisyah,stabilizer,2026-05-05,2026-05,2026-W19,Tue,1,8,4.88,Tampines,Tampines,5,44.83,9.19,SGD
drv_nurul_sg_14,Nurul Aisyah,stabilizer,2026-05-05,2026-05,2026-W19,Tue,2,17,5.82,Changi_Airport,Changi Airport,6,53.39,9.17,SGD
drv_nurul_sg_14,Nurul Aisyah,stabilizer,2026-05-06,2026-05,2026-W19,Wed,1,11,4.91,Tampines,Tampines,5,51.16,10.42,SGD
drv_nurul_sg_14,Nurul Aisyah,stabilizer,2026-05-06,2026-05,2026-W19,Wed,2,17,6.49,Jurong_East,Jurong East,7,67.59,10.41,SGD
drv_nurul_sg_14,Nurul Aisyah,stabilizer,2026-05-07,2026-05,2026-W19,Thu,1,11,4.37,Tampines,Tampines,10,81.11,18.56,SGD
drv_nurul_sg_14,Nurul Aisyah,stabilizer,2026-05-07,2026-05,2026-W19,Thu,2,19,3.63,Jurong_East,Jurong East,8,67.44,18.58,SGD
drv_nurul_sg_14,Nurul Aisyah,stabilizer,2026-05-08,2026-05,2026-W19,Fri,1,8,6.4,Jurong_East,Jurong East,6,59.29,9.26,SGD
drv_nurul_sg_14,Nurul Aisyah,stabilizer,2026-05-08,2026-05,2026-W19,Fri,2,19,5.6,Marina_Bay,Marina Bay / Sands,6,51.85,9.26,SGD
drv_nurul_sg_14,Nurul Aisyah,stabilizer,2026-05-09,2026-05,2026-W19,Sat,1,8,3.71,Changi_Airport,Changi Airport,8,63.86,17.21,SGD
drv_nurul_sg_14,Nurul Aisyah,stabilizer,2026-05-09,2026-05,2026-W19,Sat,2,17,4.09,Tampines,Tampines,9,70.44,17.22,SGD
drv_nurul_sg_14,Nurul Aisyah,stabilizer,2026-05-11,2026-05,2026-W20,Mon,1,8,4.49,Marina_Bay,Marina Bay / Sands,6,52.96,11.8,SGD
drv_nurul_sg_14,Nurul Aisyah,stabilizer,2026-05-11,2026-05,2026-W20,Mon,2,18,4.81,Tampines,Tampines,6,56.74,11.8,SGD
drv_nurul_sg_14,Nurul Aisyah,stabilizer,2026-05-12,2026-05,2026-W20,Tue,1,10,3.88,Marina_Bay,Marina Bay / Sands,4,46.95,12.1,SGD
drv_nurul_sg_14,Nurul Aisyah,stabilizer,2026-05-12,2026-05,2026-W20,Tue,2,17,4.92,Tampines,Tampines,6,59.62,12.12,SGD
drv_nurul_sg_14,Nurul Aisyah,stabilizer,2026-05-13,2026-05,2026-W20,Wed,1,10,5.16,Marina_Bay,Marina Bay / Sands,9,58.32,11.3,SGD
drv_nurul_sg_14,Nurul Aisyah,stabilizer,2026-05-13,2026-05,2026-W20,Wed,2,18,3.94,Tampines,Tampines,7,44.46,11.28,SGD
drv_nurul_sg_14,Nurul Aisyah,stabilizer,2026-05-14,2026-05,2026-W20,Thu,1,8,4.28,Marina_Bay,Marina Bay / Sands,11,51.19,11.96,SGD
drv_nurul_sg_14,Nurul Aisyah,stabilizer,2026-05-14,2026-05,2026-W20,Thu,2,19,5.42,Changi_Airport,Changi Airport,13,64.73,11.94,SGD
drv_nurul_sg_14,Nurul Aisyah,stabilizer,2026-05-15,2026-05,2026-W20,Fri,1,10,5.36,Tampines,Tampines,9,52.37,9.77,SGD
drv_nurul_sg_14,Nurul Aisyah,stabilizer,2026-05-15,2026-05,2026-W20,Fri,2,17,6.54,Jurong_East,Jurong East,10,63.99,9.78,SGD
drv_daniel_sg_15,Daniel Goh,firefighter,2024-11-16,2024-11,2024-W46,Sat,1,8,3.05,Marina_Bay,Marina Bay / Sands,4,21.72,7.12,SGD
drv_daniel_sg_15,Daniel Goh,firefighter,2024-11-16,2024-11,2024-W46,Sat,2,20,4.15,Marina_Bay,Marina Bay / Sands,5,29.58,7.13,SGD
drv_daniel_sg_15,Daniel Goh,firefighter,2024-11-16,2024-11,2024-W46,Sat,3,23,4.2,Jurong_East,Jurong East,6,29.96,7.13,SGD
drv_daniel_sg_15,Daniel Goh,firefighter,2024-11-17,2024-11,2024-W46,Sun,1,7,3.05,Orchard,Orchard Road,4,27.28,8.94,SGD
drv_daniel_sg_15,Daniel Goh,firefighter,2024-11-17,2024-11,2024-W46,Sun,2,18,3.12,Jurong_East,Jurong East,5,27.84,8.92,SGD
drv_daniel_sg_15,Daniel Goh,firefighter,2024-11-17,2024-11,2024-W46,Sun,3,21,3.43,Changi_Airport,Changi Airport,5,30.66,8.94,SGD
drv_daniel_sg_15,Daniel Goh,firefighter,2024-11-18,2024-11,2024-W47,Mon,1,20,3.94,Orchard,Orchard Road,9,40.56,10.29,SGD
drv_daniel_sg_15,Daniel Goh,firefighter,2024-11-18,2024-11,2024-W47,Mon,2,23,3.66,Jurong_East,Jurong East,9,37.65,10.29,SGD
drv_daniel_sg_15,Daniel Goh,firefighter,2024-11-19,2024-11,2024-W47,Tue,1,8,3.67,Jurong_East,Jurong East,5,37.07,10.1,SGD
drv_daniel_sg_15,Daniel Goh,firefighter,2024-11-19,2024-11,2024-W47,Tue,2,19,4.08,Changi_Airport,Changi Airport,6,41.15,10.09,SGD
drv_daniel_sg_15,Daniel Goh,firefighter,2024-11-19,2024-11,2024-W47,Tue,3,22,3.35,Marina_Bay,Marina Bay / Sands,5,33.76,10.08,SGD
drv_daniel_sg_15,Daniel Goh,firefighter,2024-11-20,2024-11,2024-W47,Wed,1,7,4.07,Marina_Bay,Marina Bay / Sands,6,52.58,12.92,SGD
drv_daniel_sg_15,Daniel Goh,firefighter,2024-11-20,2024-11,2024-W47,Wed,2,19,3.93,Jurong_East,Jurong East,6,50.65,12.89,SGD
drv_daniel_sg_15,Daniel Goh,firefighter,2024-11-22,2024-11,2024-W47,Fri,1,9,3.84,Orchard,Orchard Road,6,53.28,13.88,SGD
drv_daniel_sg_15,Daniel Goh,firefighter,2024-11-22,2024-11,2024-W47,Fri,2,19,4.18,Marina_Bay,Marina Bay / Sands,7,58.02,13.88,SGD
drv_daniel_sg_15,Daniel Goh,firefighter,2024-11-22,2024-11,2024-W47,Fri,3,23,3.58,Marina_Bay,Marina Bay / Sands,6,49.7,13.88,SGD
drv_daniel_sg_15,Daniel Goh,firefighter,2024-11-23,2024-11,2024-W47,Sat,1,8,3.8,Changi_Airport,Changi Airport,3,48.81,12.84,SGD
drv_daniel_sg_15,Daniel Goh,firefighter,2024-11-23,2024-11,2024-W47,Sat,2,17,2.91,Changi_Airport,Changi Airport,2,37.42,12.86,SGD
drv_daniel_sg_15,Daniel Goh,firefighter,2024-11-23,2024-11,2024-W47,Sat,3,23,3.09,Jurong_East,Jurong East,3,39.77,12.87,SGD
drv_daniel_sg_15,Daniel Goh,firefighter,2024-11-24,2024-11,2024-W47,Sun,1,8,2.85,Orchard,Orchard Road,8,37.36,13.11,SGD
drv_daniel_sg_15,Daniel Goh,firefighter,2024-11-24,2024-11,2024-W47,Sun,2,20,3.15,Orchard,Orchard Road,8,41.27,13.1,SGD
drv_daniel_sg_15,Daniel Goh,firefighter,2024-11-24,2024-11,2024-W47,Sun,3,0,2.59,Marina_Bay,Marina Bay / Sands,7,33.91,13.09,SGD
drv_daniel_sg_15,Daniel Goh,firefighter,2024-11-25,2024-11,2024-W48,Mon,1,8,3.19,Changi_Airport,Changi Airport,7,34.93,10.95,SGD
drv_daniel_sg_15,Daniel Goh,firefighter,2024-11-25,2024-11,2024-W48,Mon,2,19,3.38,Changi_Airport,Changi Airport,8,37.05,10.96,SGD
drv_daniel_sg_15,Daniel Goh,firefighter,2024-11-25,2024-11,2024-W48,Mon,3,23,2.74,Marina_Bay,Marina Bay / Sands,6,29.99,10.95,SGD
drv_daniel_sg_15,Daniel Goh,firefighter,2024-11-26,2024-11,2024-W48,Tue,1,8,3.0,Marina_Bay,Marina Bay / Sands,4,35.28,11.76,SGD
drv_daniel_sg_15,Daniel Goh,firefighter,2024-11-26,2024-11,2024-W48,Tue,2,19,3.78,Jurong_East,Jurong East,5,44.46,11.76,SGD
drv_daniel_sg_15,Daniel Goh,firefighter,2024-11-26,2024-11,2024-W48,Tue,3,0,3.31,Marina_Bay,Marina Bay / Sands,4,38.91,11.76,SGD
drv_daniel_sg_15,Daniel Goh,firefighter,2024-11-27,2024-11,2024-W48,Wed,1,7,4.36,Marina_Bay,Marina Bay / Sands,8,36.02,8.26,SGD
drv_daniel_sg_15,Daniel Goh,firefighter,2024-11-27,2024-11,2024-W48,Wed,2,19,3.28,Changi_Airport,Changi Airport,6,27.1,8.26,SGD
drv_daniel_sg_15,Daniel Goh,firefighter,2024-11-27,2024-11,2024-W48,Wed,3,21,3.55,Orchard,Orchard Road,7,29.31,8.26,SGD
drv_daniel_sg_15,Daniel Goh,firefighter,2024-11-29,2024-11,2024-W48,Fri,1,9,3.93,Changi_Airport,Changi Airport,3,48.2,12.26,SGD
drv_daniel_sg_15,Daniel Goh,firefighter,2024-11-29,2024-11,2024-W48,Fri,2,20,3.84,Orchard,Orchard Road,3,47.12,12.27,SGD
drv_daniel_sg_15,Daniel Goh,firefighter,2024-11-29,2024-11,2024-W48,Fri,3,23,3.83,Jurong_East,Jurong East,3,47.02,12.28,SGD
drv_daniel_sg_15,Daniel Goh,firefighter,2024-11-30,2024-11,2024-W48,Sat,1,8,3.66,Jurong_East,Jurong East,8,44.69,12.21,SGD
drv_daniel_sg_15,Daniel Goh,firefighter,2024-11-30,2024-11,2024-W48,Sat,2,18,3.87,Changi_Airport,Changi Airport,8,47.26,12.21,SGD
drv_daniel_sg_15,Daniel Goh,firefighter,2024-11-30,2024-11,2024-W48,Sat,3,21,3.67,Jurong_East,Jurong East,8,44.8,12.21,SGD
drv_daniel_sg_15,Daniel Goh,firefighter,2024-12-01,2024-12,2024-W48,Sun,1,9,3.3,Marina_Bay,Marina Bay / Sands,4,34.28,10.39,SGD
drv_daniel_sg_15,Daniel Goh,firefighter,2024-12-01,2024-12,2024-W48,Sun,2,18,2.96,Marina_Bay,Marina Bay / Sands,4,30.76,10.39,SGD
drv_daniel_sg_15,Daniel Goh,firefighter,2024-12-01,2024-12,2024-W48,Sun,3,23,4.13,Jurong_East,Jurong East,5,42.91,10.39,SGD
drv_daniel_sg_15,Daniel Goh,firefighter,2024-12-02,2024-12,2024-W49,Mon,1,8,2.85,Changi_Airport,Changi Airport,7,33.04,11.59,SGD
drv_daniel_sg_15,Daniel Goh,firefighter,2024-12-02,2024-12,2024-W49,Mon,2,17,3.31,Changi_Airport,Changi Airport,8,38.33,11.58,SGD
drv_daniel_sg_15,Daniel Goh,firefighter,2024-12-02,2024-12,2024-W49,Mon,3,23,3.04,Marina_Bay,Marina Bay / Sands,7,35.24,11.59,SGD
drv_daniel_sg_15,Daniel Goh,firefighter,2024-12-03,2024-12,2024-W49,Tue,1,7,3.4,Changi_Airport,Changi Airport,11,61.73,18.16,SGD
drv_daniel_sg_15,Daniel Goh,firefighter,2024-12-03,2024-12,2024-W49,Tue,2,17,3.6,Changi_Airport,Changi Airport,11,65.42,18.17,SGD
drv_daniel_sg_15,Daniel Goh,firefighter,2024-12-04,2024-12,2024-W49,Wed,1,8,3.78,Orchard,Orchard Road,6,30.28,8.01,SGD
drv_daniel_sg_15,Daniel Goh,firefighter,2024-12-04,2024-12,2024-W49,Wed,2,19,2.89,Changi_Airport,Changi Airport,4,23.14,8.01,SGD
drv_daniel_sg_15,Daniel Goh,firefighter,2024-12-04,2024-12,2024-W49,Wed,3,22,3.43,Changi_Airport,Changi Airport,5,27.41,7.99,SGD
drv_daniel_sg_15,Daniel Goh,firefighter,2024-12-06,2024-12,2024-W49,Fri,1,7,3.8,Marina_Bay,Marina Bay / Sands,8,78.23,20.59,SGD
drv_daniel_sg_15,Daniel Goh,firefighter,2024-12-06,2024-12,2024-W49,Fri,2,0,4.1,Marina_Bay,Marina Bay / Sands,8,84.44,20.6,SGD
drv_daniel_sg_15,Daniel Goh,firefighter,2024-12-07,2024-12,2024-W49,Sat,1,7,3.46,Marina_Bay,Marina Bay / Sands,7,55.0,15.9,SGD
drv_daniel_sg_15,Daniel Goh,firefighter,2024-12-07,2024-12,2024-W49,Sat,2,17,4.14,Changi_Airport,Changi Airport,8,65.83,15.9,SGD
drv_daniel_sg_15,Daniel Goh,firefighter,2024-12-07,2024-12,2024-W49,Sat,3,21,4.2,Changi_Airport,Changi Airport,8,66.7,15.88,SGD
drv_daniel_sg_15,Daniel Goh,firefighter,2024-12-08,2024-12,2024-W49,Sun,1,8,3.24,Orchard,Orchard Road,5,30.19,9.32,SGD
drv_daniel_sg_15,Daniel Goh,firefighter,2024-12-08,2024-12,2024-W49,Sun,2,19,3.25,Orchard,Orchard Road,5,30.3,9.32,SGD
drv_daniel_sg_15,Daniel Goh,firefighter,2024-12-08,2024-12,2024-W49,Sun,3,22,2.61,Marina_Bay,Marina Bay / Sands,4,24.36,9.33,SGD
drv_daniel_sg_15,Daniel Goh,firefighter,2024-12-09,2024-12,2024-W50,Mon,1,8,4.35,Changi_Airport,Changi Airport,12,42.33,9.73,SGD
drv_daniel_sg_15,Daniel Goh,firefighter,2024-12-09,2024-12,2024-W50,Mon,2,20,3.55,Jurong_East,Jurong East,10,34.61,9.75,SGD
drv_daniel_sg_15,Daniel Goh,firefighter,2024-12-10,2024-12,2024-W50,Tue,1,18,4.01,Changi_Airport,Changi Airport,7,63.38,15.81,SGD
drv_daniel_sg_15,Daniel Goh,firefighter,2024-12-10,2024-12,2024-W50,Tue,2,23,3.79,Changi_Airport,Changi Airport,7,60.01,15.83,SGD
drv_daniel_sg_15,Daniel Goh,firefighter,2024-12-11,2024-12,2024-W50,Wed,1,8,4.07,Orchard,Orchard Road,8,36.84,9.05,SGD
drv_daniel_sg_15,Daniel Goh,firefighter,2024-12-11,2024-12,2024-W50,Wed,2,19,3.96,Jurong_East,Jurong East,8,35.86,9.06,SGD
drv_daniel_sg_15,Daniel Goh,firefighter,2024-12-11,2024-12,2024-W50,Wed,3,21,3.98,Jurong_East,Jurong East,8,36.01,9.05,SGD
drv_daniel_sg_15,Daniel Goh,firefighter,2024-12-13,2024-12,2024-W50,Fri,1,9,3.24,Jurong_East,Jurong East,6,38.09,11.76,SGD
drv_daniel_sg_15,Daniel Goh,firefighter,2024-12-13,2024-12,2024-W50,Fri,2,17,3.92,Orchard,Orchard Road,8,46.07,11.75,SGD
drv_daniel_sg_15,Daniel Goh,firefighter,2024-12-13,2024-12,2024-W50,Fri,3,0,3.25,Orchard,Orchard Road,6,38.17,11.74,SGD
drv_daniel_sg_15,Daniel Goh,firefighter,2024-12-14,2024-12,2024-W50,Sat,1,9,3.26,Changi_Airport,Changi Airport,10,42.38,13.0,SGD
drv_daniel_sg_15,Daniel Goh,firefighter,2024-12-14,2024-12,2024-W50,Sat,2,22,3.14,Jurong_East,Jurong East,10,40.77,12.98,SGD
drv_daniel_sg_15,Daniel Goh,firefighter,2024-12-15,2024-12,2024-W50,Sun,1,7,3.0,Jurong_East,Jurong East,9,24.75,8.25,SGD
drv_daniel_sg_15,Daniel Goh,firefighter,2024-12-15,2024-12,2024-W50,Sun,2,19,2.34,Changi_Airport,Changi Airport,7,19.29,8.24,SGD
drv_daniel_sg_15,Daniel Goh,firefighter,2024-12-15,2024-12,2024-W50,Sun,3,23,2.96,Changi_Airport,Changi Airport,9,24.44,8.26,SGD
drv_daniel_sg_15,Daniel Goh,firefighter,2024-12-16,2024-12,2024-W51,Mon,1,8,3.68,Changi_Airport,Changi Airport,8,30.98,8.42,SGD
drv_daniel_sg_15,Daniel Goh,firefighter,2024-12-16,2024-12,2024-W51,Mon,2,18,2.77,Marina_Bay,Marina Bay / Sands,6,23.3,8.41,SGD
drv_daniel_sg_15,Daniel Goh,firefighter,2024-12-16,2024-12,2024-W51,Mon,3,21,3.66,Jurong_East,Jurong East,8,30.8,8.42,SGD
drv_daniel_sg_15,Daniel Goh,firefighter,2024-12-17,2024-12,2024-W51,Tue,1,7,2.96,Orchard,Orchard Road,5,40.1,13.55,SGD
drv_daniel_sg_15,Daniel Goh,firefighter,2024-12-17,2024-12,2024-W51,Tue,2,20,2.45,Jurong_East,Jurong East,4,33.14,13.53,SGD
drv_daniel_sg_15,Daniel Goh,firefighter,2024-12-17,2024-12,2024-W51,Tue,3,23,2.89,Marina_Bay,Marina Bay / Sands,5,39.04,13.51,SGD
drv_daniel_sg_15,Daniel Goh,firefighter,2024-12-18,2024-12,2024-W51,Wed,1,9,3.4,Orchard,Orchard Road,11,66.53,19.57,SGD
drv_daniel_sg_15,Daniel Goh,firefighter,2024-12-18,2024-12,2024-W51,Wed,2,17,3.4,Orchard,Orchard Road,10,66.53,19.57,SGD
drv_daniel_sg_15,Daniel Goh,firefighter,2024-12-20,2024-12,2024-W51,Fri,1,8,3.56,Orchard,Orchard Road,8,48.42,13.6,SGD
drv_daniel_sg_15,Daniel Goh,firefighter,2024-12-20,2024-12,2024-W51,Fri,2,18,3.73,Changi_Airport,Changi Airport,8,50.83,13.63,SGD
drv_daniel_sg_15,Daniel Goh,firefighter,2024-12-20,2024-12,2024-W51,Fri,3,22,3.11,Changi_Airport,Changi Airport,7,42.3,13.6,SGD
drv_daniel_sg_15,Daniel Goh,firefighter,2024-12-21,2024-12,2024-W51,Sat,1,7,3.31,Changi_Airport,Changi Airport,6,45.19,13.65,SGD
drv_daniel_sg_15,Daniel Goh,firefighter,2024-12-21,2024-12,2024-W51,Sat,2,18,3.55,Orchard,Orchard Road,7,48.41,13.64,SGD
drv_daniel_sg_15,Daniel Goh,firefighter,2024-12-21,2024-12,2024-W51,Sat,3,0,3.65,Marina_Bay,Marina Bay / Sands,7,49.78,13.64,SGD
drv_daniel_sg_15,Daniel Goh,firefighter,2024-12-22,2024-12,2024-W51,Sun,1,9,2.88,Orchard,Orchard Road,6,44.56,15.47,SGD
drv_daniel_sg_15,Daniel Goh,firefighter,2024-12-22,2024-12,2024-W51,Sun,2,17,3.39,Jurong_East,Jurong East,7,52.41,15.46,SGD
drv_daniel_sg_15,Daniel Goh,firefighter,2024-12-22,2024-12,2024-W51,Sun,3,0,3.13,Changi_Airport,Changi Airport,7,48.42,15.47,SGD
drv_daniel_sg_15,Daniel Goh,firefighter,2024-12-23,2024-12,2024-W52,Mon,1,8,3.12,Changi_Airport,Changi Airport,5,35.8,11.47,SGD
drv_daniel_sg_15,Daniel Goh,firefighter,2024-12-23,2024-12,2024-W52,Mon,2,20,2.96,Orchard,Orchard Road,5,33.92,11.46,SGD
drv_daniel_sg_15,Daniel Goh,firefighter,2024-12-23,2024-12,2024-W52,Mon,3,23,3.42,Jurong_East,Jurong East,5,39.16,11.45,SGD
drv_daniel_sg_15,Daniel Goh,firefighter,2024-12-24,2024-12,2024-W52,Tue,1,7,3.34,Changi_Airport,Changi Airport,7,37.06,11.1,SGD
drv_daniel_sg_15,Daniel Goh,firefighter,2024-12-24,2024-12,2024-W52,Tue,2,17,3.23,Marina_Bay,Marina Bay / Sands,7,35.9,11.11,SGD
drv_daniel_sg_15,Daniel Goh,firefighter,2024-12-24,2024-12,2024-W52,Tue,3,22,3.13,Jurong_East,Jurong East,6,34.78,11.11,SGD
drv_daniel_sg_15,Daniel Goh,firefighter,2024-12-25,2024-12,2024-W52,Wed,1,8,4.49,Marina_Bay,Marina Bay / Sands,7,41.59,9.26,SGD
drv_daniel_sg_15,Daniel Goh,firefighter,2024-12-25,2024-12,2024-W52,Wed,2,20,4.06,Orchard,Orchard Road,6,37.67,9.28,SGD
drv_daniel_sg_15,Daniel Goh,firefighter,2024-12-25,2024-12,2024-W52,Wed,3,0,3.35,Jurong_East,Jurong East,5,31.05,9.27,SGD
drv_daniel_sg_15,Daniel Goh,firefighter,2024-12-27,2024-12,2024-W52,Fri,1,7,3.86,Changi_Airport,Changi Airport,6,64.03,16.59,SGD
drv_daniel_sg_15,Daniel Goh,firefighter,2024-12-27,2024-12,2024-W52,Fri,2,19,3.09,Orchard,Orchard Road,5,51.29,16.6,SGD
drv_daniel_sg_15,Daniel Goh,firefighter,2024-12-27,2024-12,2024-W52,Fri,3,22,3.94,Changi_Airport,Changi Airport,6,65.37,16.59,SGD
drv_daniel_sg_15,Daniel Goh,firefighter,2024-12-28,2024-12,2024-W52,Sat,1,8,3.07,Orchard,Orchard Road,5,32.51,10.59,SGD
drv_daniel_sg_15,Daniel Goh,firefighter,2024-12-28,2024-12,2024-W52,Sat,2,18,2.37,Marina_Bay,Marina Bay / Sands,4,25.06,10.57,SGD
drv_daniel_sg_15,Daniel Goh,firefighter,2024-12-28,2024-12,2024-W52,Sat,3,22,2.76,Jurong_East,Jurong East,4,29.15,10.56,SGD
drv_daniel_sg_15,Daniel Goh,firefighter,2024-12-29,2024-12,2024-W52,Sun,1,8,3.59,Marina_Bay,Marina Bay / Sands,4,41.52,11.57,SGD
drv_daniel_sg_15,Daniel Goh,firefighter,2024-12-29,2024-12,2024-W52,Sun,2,20,4.32,Marina_Bay,Marina Bay / Sands,5,49.9,11.55,SGD
drv_daniel_sg_15,Daniel Goh,firefighter,2024-12-29,2024-12,2024-W52,Sun,3,0,3.49,Jurong_East,Jurong East,4,40.26,11.54,SGD
drv_daniel_sg_15,Daniel Goh,firefighter,2024-12-30,2024-12,2025-W01,Mon,1,9,2.93,Changi_Airport,Changi Airport,6,47.48,16.2,SGD
drv_daniel_sg_15,Daniel Goh,firefighter,2024-12-30,2024-12,2025-W01,Mon,2,18,3.36,Jurong_East,Jurong East,6,54.43,16.2,SGD
drv_daniel_sg_15,Daniel Goh,firefighter,2024-12-30,2024-12,2025-W01,Mon,3,21,2.51,Marina_Bay,Marina Bay / Sands,5,40.59,16.17,SGD
drv_daniel_sg_15,Daniel Goh,firefighter,2024-12-31,2024-12,2025-W01,Tue,1,7,3.67,Jurong_East,Jurong East,7,20.77,5.66,SGD
drv_daniel_sg_15,Daniel Goh,firefighter,2024-12-31,2024-12,2025-W01,Tue,2,18,3.29,Jurong_East,Jurong East,7,18.58,5.65,SGD
drv_daniel_sg_15,Daniel Goh,firefighter,2024-12-31,2024-12,2025-W01,Tue,3,23,3.84,Orchard,Orchard Road,8,21.7,5.65,SGD
drv_daniel_sg_15,Daniel Goh,firefighter,2025-01-01,2025-01,2025-W01,Wed,1,19,2.85,Changi_Airport,Changi Airport,7,66.75,23.42,SGD
drv_daniel_sg_15,Daniel Goh,firefighter,2025-01-01,2025-01,2025-W01,Wed,2,21,3.25,Changi_Airport,Changi Airport,8,75.96,23.37,SGD
drv_daniel_sg_15,Daniel Goh,firefighter,2025-01-03,2025-01,2025-W01,Fri,1,18,3.19,Orchard,Orchard Road,5,55.75,17.48,SGD
drv_daniel_sg_15,Daniel Goh,firefighter,2025-01-03,2025-01,2025-W01,Fri,2,0,3.61,Marina_Bay,Marina Bay / Sands,5,63.08,17.47,SGD
drv_daniel_sg_15,Daniel Goh,firefighter,2025-01-04,2025-01,2025-W01,Sat,1,9,2.92,Changi_Airport,Changi Airport,4,65.47,22.42,SGD
drv_daniel_sg_15,Daniel Goh,firefighter,2025-01-04,2025-01,2025-W01,Sat,2,23,3.38,Jurong_East,Jurong East,4,75.98,22.48,SGD
drv_daniel_sg_15,Daniel Goh,firefighter,2025-01-05,2025-01,2025-W01,Sun,1,8,2.61,Marina_Bay,Marina Bay / Sands,5,43.2,16.55,SGD
drv_daniel_sg_15,Daniel Goh,firefighter,2025-01-05,2025-01,2025-W01,Sun,2,19,3.09,Jurong_East,Jurong East,6,51.15,16.55,SGD
drv_daniel_sg_15,Daniel Goh,firefighter,2025-01-05,2025-01,2025-W01,Sun,3,22,2.9,Jurong_East,Jurong East,5,48.03,16.56,SGD
drv_daniel_sg_15,Daniel Goh,firefighter,2025-01-06,2025-01,2025-W02,Mon,1,7,3.01,Orchard,Orchard Road,8,34.3,11.4,SGD
drv_daniel_sg_15,Daniel Goh,firefighter,2025-01-06,2025-01,2025-W02,Mon,2,19,2.57,Changi_Airport,Changi Airport,7,29.25,11.38,SGD
drv_daniel_sg_15,Daniel Goh,firefighter,2025-01-06,2025-01,2025-W02,Mon,3,22,2.83,Orchard,Orchard Road,7,32.23,11.39,SGD
drv_daniel_sg_15,Daniel Goh,firefighter,2025-01-07,2025-01,2025-W02,Tue,1,9,3.08,Marina_Bay,Marina Bay / Sands,8,61.43,19.94,SGD
drv_daniel_sg_15,Daniel Goh,firefighter,2025-01-07,2025-01,2025-W02,Tue,2,20,3.42,Jurong_East,Jurong East,9,68.23,19.95,SGD
drv_daniel_sg_15,Daniel Goh,firefighter,2025-01-08,2025-01,2025-W02,Wed,1,18,3.74,Jurong_East,Jurong East,12,67.35,18.01,SGD
drv_daniel_sg_15,Daniel Goh,firefighter,2025-01-08,2025-01,2025-W02,Wed,2,22,3.16,Orchard,Orchard Road,10,56.87,18.0,SGD
drv_daniel_sg_15,Daniel Goh,firefighter,2025-01-10,2025-01,2025-W02,Fri,1,8,2.96,Changi_Airport,Changi Airport,3,48.62,16.43,SGD
drv_daniel_sg_15,Daniel Goh,firefighter,2025-01-10,2025-01,2025-W02,Fri,2,19,2.9,Marina_Bay,Marina Bay / Sands,3,47.7,16.45,SGD
drv_daniel_sg_15,Daniel Goh,firefighter,2025-01-10,2025-01,2025-W02,Fri,3,23,2.64,Jurong_East,Jurong East,3,43.47,16.47,SGD
drv_daniel_sg_15,Daniel Goh,firefighter,2025-01-11,2025-01,2025-W02,Sat,1,8,2.88,Orchard,Orchard Road,3,43.58,15.13,SGD
drv_daniel_sg_15,Daniel Goh,firefighter,2025-01-11,2025-01,2025-W02,Sat,2,20,3.57,Orchard,Orchard Road,4,53.93,15.11,SGD
drv_daniel_sg_15,Daniel Goh,firefighter,2025-01-11,2025-01,2025-W02,Sat,3,21,2.95,Orchard,Orchard Road,3,44.6,15.12,SGD
drv_daniel_sg_15,Daniel Goh,firefighter,2025-01-12,2025-01,2025-W02,Sun,1,9,3.18,Orchard,Orchard Road,13,73.31,23.05,SGD
drv_daniel_sg_15,Daniel Goh,firefighter,2025-01-12,2025-01,2025-W02,Sun,2,18,2.92,Jurong_East,Jurong East,11,67.15,23.0,SGD
drv_daniel_sg_15,Daniel Goh,firefighter,2025-01-13,2025-01,2025-W03,Mon,1,9,2.96,Orchard,Orchard Road,7,34.97,11.81,SGD
drv_daniel_sg_15,Daniel Goh,firefighter,2025-01-13,2025-01,2025-W03,Mon,2,17,3.71,Orchard,Orchard Road,8,43.87,11.82,SGD
drv_daniel_sg_15,Daniel Goh,firefighter,2025-01-13,2025-01,2025-W03,Mon,3,0,3.03,Jurong_East,Jurong East,7,35.86,11.83,SGD
drv_daniel_sg_15,Daniel Goh,firefighter,2025-01-14,2025-01,2025-W03,Tue,1,9,3.37,Orchard,Orchard Road,8,52.9,15.7,SGD
drv_daniel_sg_15,Daniel Goh,firefighter,2025-01-14,2025-01,2025-W03,Tue,2,23,4.33,Jurong_East,Jurong East,10,67.96,15.7,SGD
drv_daniel_sg_15,Daniel Goh,firefighter,2025-01-15,2025-01,2025-W03,Wed,1,8,3.65,Orchard,Orchard Road,3,36.57,10.02,SGD
drv_daniel_sg_15,Daniel Goh,firefighter,2025-01-15,2025-01,2025-W03,Wed,2,18,4.36,Changi_Airport,Changi Airport,4,43.7,10.02,SGD
drv_daniel_sg_15,Daniel Goh,firefighter,2025-01-15,2025-01,2025-W03,Wed,3,21,3.99,Jurong_East,Jurong East,4,39.96,10.02,SGD
drv_daniel_sg_15,Daniel Goh,firefighter,2025-01-17,2025-01,2025-W03,Fri,1,7,3.24,Marina_Bay,Marina Bay / Sands,8,60.5,18.67,SGD
drv_daniel_sg_15,Daniel Goh,firefighter,2025-01-17,2025-01,2025-W03,Fri,2,17,3.53,Marina_Bay,Marina Bay / Sands,9,65.99,18.69,SGD
drv_daniel_sg_15,Daniel Goh,firefighter,2025-01-17,2025-01,2025-W03,Fri,3,23,2.54,Orchard,Orchard Road,6,47.41,18.67,SGD
drv_daniel_sg_15,Daniel Goh,firefighter,2025-01-18,2025-01,2025-W03,Sat,1,9,2.8,Orchard,Orchard Road,6,50.95,18.2,SGD
drv_daniel_sg_15,Daniel Goh,firefighter,2025-01-18,2025-01,2025-W03,Sat,2,17,3.5,Changi_Airport,Changi Airport,8,63.83,18.24,SGD
drv_daniel_sg_15,Daniel Goh,firefighter,2025-01-19,2025-01,2025-W03,Sun,1,8,3.71,Changi_Airport,Changi Airport,4,47.11,12.7,SGD
drv_daniel_sg_15,Daniel Goh,firefighter,2025-01-19,2025-01,2025-W03,Sun,2,17,3.16,Jurong_East,Jurong East,3,40.11,12.69,SGD
drv_daniel_sg_15,Daniel Goh,firefighter,2025-01-19,2025-01,2025-W03,Sun,3,23,2.74,Orchard,Orchard Road,3,34.78,12.69,SGD
drv_daniel_sg_15,Daniel Goh,firefighter,2025-01-20,2025-01,2025-W04,Mon,1,20,3.62,Jurong_East,Jurong East,11,45.57,12.59,SGD
drv_daniel_sg_15,Daniel Goh,firefighter,2025-01-20,2025-01,2025-W04,Mon,2,22,4.28,Marina_Bay,Marina Bay / Sands,12,53.78,12.57,SGD
drv_daniel_sg_15,Daniel Goh,firefighter,2025-01-21,2025-01,2025-W04,Tue,1,9,3.07,Marina_Bay,Marina Bay / Sands,10,63.06,20.54,SGD
drv_daniel_sg_15,Daniel Goh,firefighter,2025-01-21,2025-01,2025-W04,Tue,2,23,3.23,Changi_Airport,Changi Airport,11,66.51,20.59,SGD
drv_daniel_sg_15,Daniel Goh,firefighter,2025-01-22,2025-01,2025-W04,Wed,1,7,4.19,Changi_Airport,Changi Airport,8,34.87,8.32,SGD
drv_daniel_sg_15,Daniel Goh,firefighter,2025-01-22,2025-01,2025-W04,Wed,2,20,3.22,Changi_Airport,Changi Airport,6,26.81,8.33,SGD
drv_daniel_sg_15,Daniel Goh,firefighter,2025-01-22,2025-01,2025-W04,Wed,3,21,3.99,Changi_Airport,Changi Airport,8,33.25,8.33,SGD
drv_daniel_sg_15,Daniel Goh,firefighter,2025-01-24,2025-01,2025-W04,Fri,1,7,2.97,Jurong_East,Jurong East,5,49.87,16.79,SGD
drv_daniel_sg_15,Daniel Goh,firefighter,2025-01-24,2025-01,2025-W04,Fri,2,20,3.15,Orchard,Orchard Road,6,52.94,16.81,SGD
drv_daniel_sg_15,Daniel Goh,firefighter,2025-01-24,2025-01,2025-W04,Fri,3,23,2.39,Changi_Airport,Changi Airport,4,40.15,16.8,SGD
drv_daniel_sg_15,Daniel Goh,firefighter,2025-01-25,2025-01,2025-W04,Sat,1,17,3.35,Changi_Airport,Changi Airport,7,80.25,23.96,SGD
drv_daniel_sg_15,Daniel Goh,firefighter,2025-01-25,2025-01,2025-W04,Sat,2,23,3.25,Marina_Bay,Marina Bay / Sands,6,77.81,23.94,SGD
drv_daniel_sg_15,Daniel Goh,firefighter,2025-01-26,2025-01,2025-W04,Sun,1,7,2.97,Changi_Airport,Changi Airport,11,67.95,22.88,SGD
drv_daniel_sg_15,Daniel Goh,firefighter,2025-01-26,2025-01,2025-W04,Sun,2,21,3.43,Orchard,Orchard Road,12,78.45,22.87,SGD
drv_daniel_sg_15,Daniel Goh,firefighter,2025-01-27,2025-01,2025-W05,Mon,1,8,4.24,Changi_Airport,Changi Airport,8,41.11,9.7,SGD
drv_daniel_sg_15,Daniel Goh,firefighter,2025-01-27,2025-01,2025-W05,Mon,2,20,3.78,Orchard,Orchard Road,7,36.68,9.7,SGD
drv_daniel_sg_15,Daniel Goh,firefighter,2025-01-27,2025-01,2025-W05,Mon,3,22,3.09,Marina_Bay,Marina Bay / Sands,6,29.95,9.69,SGD
drv_daniel_sg_15,Daniel Goh,firefighter,2025-01-28,2025-01,2025-W05,Tue,1,7,2.95,Jurong_East,Jurong East,4,21.49,7.28,SGD
drv_daniel_sg_15,Daniel Goh,firefighter,2025-01-28,2025-01,2025-W05,Tue,2,18,3.43,Marina_Bay,Marina Bay / Sands,5,24.98,7.28,SGD
drv_daniel_sg_15,Daniel Goh,firefighter,2025-01-28,2025-01,2025-W05,Tue,3,22,3.62,Orchard,Orchard Road,5,26.34,7.28,SGD
drv_daniel_sg_15,Daniel Goh,firefighter,2025-01-29,2025-01,2025-W05,Wed,1,7,3.19,Jurong_East,Jurong East,5,25.6,8.03,SGD
drv_daniel_sg_15,Daniel Goh,firefighter,2025-01-29,2025-01,2025-W05,Wed,2,20,3.71,Changi_Airport,Changi Airport,6,29.76,8.02,SGD
drv_daniel_sg_15,Daniel Goh,firefighter,2025-01-29,2025-01,2025-W05,Wed,3,21,3.8,Jurong_East,Jurong East,6,30.5,8.03,SGD
drv_daniel_sg_15,Daniel Goh,firefighter,2025-01-31,2025-01,2025-W05,Fri,1,9,3.56,Changi_Airport,Changi Airport,7,38.42,10.79,SGD
drv_daniel_sg_15,Daniel Goh,firefighter,2025-01-31,2025-01,2025-W05,Fri,2,19,3.03,Orchard,Orchard Road,6,32.66,10.78,SGD
drv_daniel_sg_15,Daniel Goh,firefighter,2025-01-31,2025-01,2025-W05,Fri,3,22,2.61,Changi_Airport,Changi Airport,5,28.18,10.8,SGD
drv_daniel_sg_15,Daniel Goh,firefighter,2025-02-01,2025-02,2025-W05,Sat,1,7,3.63,Changi_Airport,Changi Airport,7,37.26,10.26,SGD
drv_daniel_sg_15,Daniel Goh,firefighter,2025-02-01,2025-02,2025-W05,Sat,2,20,2.98,Jurong_East,Jurong East,6,30.57,10.26,SGD
drv_daniel_sg_15,Daniel Goh,firefighter,2025-02-01,2025-02,2025-W05,Sat,3,22,4.19,Jurong_East,Jurong East,9,42.95,10.25,SGD
drv_daniel_sg_15,Daniel Goh,firefighter,2025-02-02,2025-02,2025-W05,Sun,1,17,4.25,Orchard,Orchard Road,10,46.28,10.89,SGD
drv_daniel_sg_15,Daniel Goh,firefighter,2025-02-02,2025-02,2025-W05,Sun,2,0,3.35,Marina_Bay,Marina Bay / Sands,7,36.5,10.9,SGD
drv_daniel_sg_15,Daniel Goh,firefighter,2025-02-03,2025-02,2025-W06,Mon,1,8,3.02,Changi_Airport,Changi Airport,4,37.11,12.29,SGD
drv_daniel_sg_15,Daniel Goh,firefighter,2025-02-03,2025-02,2025-W06,Mon,2,20,3.01,Marina_Bay,Marina Bay / Sands,4,37.02,12.3,SGD
drv_daniel_sg_15,Daniel Goh,firefighter,2025-02-03,2025-02,2025-W06,Mon,3,22,2.87,Jurong_East,Jurong East,4,35.33,12.31,SGD
drv_daniel_sg_15,Daniel Goh,firefighter,2025-02-04,2025-02,2025-W06,Tue,1,17,4.14,Jurong_East,Jurong East,12,24.4,5.89,SGD
drv_daniel_sg_15,Daniel Goh,firefighter,2025-02-04,2025-02,2025-W06,Tue,2,22,3.76,Marina_Bay,Marina Bay / Sands,11,22.14,5.89,SGD
drv_daniel_sg_15,Daniel Goh,firefighter,2025-02-05,2025-02,2025-W06,Wed,1,7,3.04,Marina_Bay,Marina Bay / Sands,4,37.85,12.45,SGD
drv_daniel_sg_15,Daniel Goh,firefighter,2025-02-05,2025-02,2025-W06,Wed,2,17,3.28,Marina_Bay,Marina Bay / Sands,4,40.81,12.44,SGD
drv_daniel_sg_15,Daniel Goh,firefighter,2025-02-05,2025-02,2025-W06,Wed,3,21,2.28,Orchard,Orchard Road,3,28.41,12.46,SGD
drv_daniel_sg_15,Daniel Goh,firefighter,2025-02-07,2025-02,2025-W06,Fri,1,7,3.38,Orchard,Orchard Road,10,83.83,24.8,SGD
drv_daniel_sg_15,Daniel Goh,firefighter,2025-02-07,2025-02,2025-W06,Fri,2,17,3.22,Orchard,Orchard Road,9,79.82,24.79,SGD
drv_daniel_sg_15,Daniel Goh,firefighter,2025-02-08,2025-02,2025-W06,Sat,1,8,2.67,Changi_Airport,Changi Airport,7,39.98,14.97,SGD
drv_daniel_sg_15,Daniel Goh,firefighter,2025-02-08,2025-02,2025-W06,Sat,2,19,3.41,Jurong_East,Jurong East,8,50.96,14.94,SGD
drv_daniel_sg_15,Daniel Goh,firefighter,2025-02-08,2025-02,2025-W06,Sat,3,22,2.42,Marina_Bay,Marina Bay / Sands,6,36.12,14.93,SGD
drv_daniel_sg_15,Daniel Goh,firefighter,2025-02-09,2025-02,2025-W06,Sun,1,20,3.73,Orchard,Orchard Road,5,49.79,13.35,SGD
drv_daniel_sg_15,Daniel Goh,firefighter,2025-02-09,2025-02,2025-W06,Sun,2,23,4.17,Jurong_East,Jurong East,5,55.68,13.35,SGD
drv_daniel_sg_15,Daniel Goh,firefighter,2025-02-10,2025-02,2025-W07,Mon,1,7,4.26,Changi_Airport,Changi Airport,5,49.77,11.68,SGD
drv_daniel_sg_15,Daniel Goh,firefighter,2025-02-10,2025-02,2025-W07,Mon,2,22,3.54,Orchard,Orchard Road,4,41.29,11.66,SGD
drv_daniel_sg_15,Daniel Goh,firefighter,2025-02-11,2025-02,2025-W07,Tue,1,9,3.35,Jurong_East,Jurong East,7,44.16,13.18,SGD
drv_daniel_sg_15,Daniel Goh,firefighter,2025-02-11,2025-02,2025-W07,Tue,2,20,2.4,Marina_Bay,Marina Bay / Sands,5,31.64,13.18,SGD
drv_daniel_sg_15,Daniel Goh,firefighter,2025-02-11,2025-02,2025-W07,Tue,3,23,2.75,Changi_Airport,Changi Airport,6,36.26,13.19,SGD
drv_daniel_sg_15,Daniel Goh,firefighter,2025-02-12,2025-02,2025-W07,Wed,1,7,3.35,Marina_Bay,Marina Bay / Sands,5,28.67,8.56,SGD
drv_daniel_sg_15,Daniel Goh,firefighter,2025-02-12,2025-02,2025-W07,Wed,2,17,4.41,Jurong_East,Jurong East,6,37.8,8.57,SGD
drv_daniel_sg_15,Daniel Goh,firefighter,2025-02-12,2025-02,2025-W07,Wed,3,22,3.24,Marina_Bay,Marina Bay / Sands,5,27.72,8.56,SGD
drv_daniel_sg_15,Daniel Goh,firefighter,2025-02-14,2025-02,2025-W07,Fri,1,7,4.4,Changi_Airport,Changi Airport,4,49.41,11.23,SGD
drv_daniel_sg_15,Daniel Goh,firefighter,2025-02-14,2025-02,2025-W07,Fri,2,17,3.96,Changi_Airport,Changi Airport,4,44.44,11.22,SGD
drv_daniel_sg_15,Daniel Goh,firefighter,2025-02-14,2025-02,2025-W07,Fri,3,23,3.34,Orchard,Orchard Road,3,37.44,11.21,SGD
drv_daniel_sg_15,Daniel Goh,firefighter,2025-02-15,2025-02,2025-W07,Sat,1,7,3.24,Orchard,Orchard Road,5,69.45,21.44,SGD
drv_daniel_sg_15,Daniel Goh,firefighter,2025-02-15,2025-02,2025-W07,Sat,2,21,3.46,Jurong_East,Jurong East,5,74.17,21.44,SGD
drv_daniel_sg_15,Daniel Goh,firefighter,2025-02-16,2025-02,2025-W07,Sun,1,9,3.08,Marina_Bay,Marina Bay / Sands,7,44.72,14.52,SGD
drv_daniel_sg_15,Daniel Goh,firefighter,2025-02-16,2025-02,2025-W07,Sun,2,20,3.71,Marina_Bay,Marina Bay / Sands,8,53.83,14.51,SGD
drv_daniel_sg_15,Daniel Goh,firefighter,2025-02-16,2025-02,2025-W07,Sun,3,22,3.42,Changi_Airport,Changi Airport,8,49.6,14.5,SGD
drv_daniel_sg_15,Daniel Goh,firefighter,2025-02-17,2025-02,2025-W08,Mon,1,8,4.28,Marina_Bay,Marina Bay / Sands,7,36.44,8.51,SGD
drv_daniel_sg_15,Daniel Goh,firefighter,2025-02-17,2025-02,2025-W08,Mon,2,18,4.11,Changi_Airport,Changi Airport,7,35.05,8.53,SGD
drv_daniel_sg_15,Daniel Goh,firefighter,2025-02-17,2025-02,2025-W08,Mon,3,21,3.51,Orchard,Orchard Road,6,29.93,8.53,SGD
drv_daniel_sg_15,Daniel Goh,firefighter,2025-02-18,2025-02,2025-W08,Tue,1,9,4.05,Changi_Airport,Changi Airport,7,37.69,9.31,SGD
drv_daniel_sg_15,Daniel Goh,firefighter,2025-02-18,2025-02,2025-W08,Tue,2,20,3.1,Marina_Bay,Marina Bay / Sands,5,28.78,9.28,SGD
drv_daniel_sg_15,Daniel Goh,firefighter,2025-02-18,2025-02,2025-W08,Tue,3,23,3.85,Changi_Airport,Changi Airport,6,35.8,9.3,SGD
drv_daniel_sg_15,Daniel Goh,firefighter,2025-02-19,2025-02,2025-W08,Wed,1,19,3.58,Orchard,Orchard Road,6,56.82,15.87,SGD
drv_daniel_sg_15,Daniel Goh,firefighter,2025-02-19,2025-02,2025-W08,Wed,2,21,3.62,Jurong_East,Jurong East,6,57.5,15.88,SGD
drv_daniel_sg_15,Daniel Goh,firefighter,2025-02-21,2025-02,2025-W08,Fri,1,7,2.46,Marina_Bay,Marina Bay / Sands,6,33.09,13.45,SGD
drv_daniel_sg_15,Daniel Goh,firefighter,2025-02-21,2025-02,2025-W08,Fri,2,17,3.2,Jurong_East,Jurong East,8,43.04,13.45,SGD
drv_daniel_sg_15,Daniel Goh,firefighter,2025-02-21,2025-02,2025-W08,Fri,3,21,3.24,Changi_Airport,Changi Airport,8,43.69,13.48,SGD
drv_daniel_sg_15,Daniel Goh,firefighter,2025-02-22,2025-02,2025-W08,Sat,1,7,2.53,Changi_Airport,Changi Airport,5,47.07,18.6,SGD
drv_daniel_sg_15,Daniel Goh,firefighter,2025-02-22,2025-02,2025-W08,Sat,2,20,3.29,Jurong_East,Jurong East,7,61.28,18.63,SGD
drv_daniel_sg_15,Daniel Goh,firefighter,2025-02-22,2025-02,2025-W08,Sat,3,0,3.08,Jurong_East,Jurong East,7,57.26,18.59,SGD
drv_daniel_sg_15,Daniel Goh,firefighter,2025-02-23,2025-02,2025-W08,Sun,1,8,3.4,Changi_Airport,Changi Airport,7,50.78,14.94,SGD
drv_daniel_sg_15,Daniel Goh,firefighter,2025-02-23,2025-02,2025-W08,Sun,2,18,3.98,Marina_Bay,Marina Bay / Sands,8,59.46,14.94,SGD
drv_daniel_sg_15,Daniel Goh,firefighter,2025-02-23,2025-02,2025-W08,Sun,3,0,3.22,Orchard,Orchard Road,6,48.11,14.94,SGD
drv_daniel_sg_15,Daniel Goh,firefighter,2025-02-24,2025-02,2025-W09,Mon,1,18,3.61,Jurong_East,Jurong East,9,54.61,15.13,SGD
drv_daniel_sg_15,Daniel Goh,firefighter,2025-02-24,2025-02,2025-W09,Mon,2,21,3.49,Marina_Bay,Marina Bay / Sands,9,52.94,15.17,SGD
drv_daniel_sg_15,Daniel Goh,firefighter,2025-02-25,2025-02,2025-W09,Tue,1,7,2.99,Orchard,Orchard Road,7,29.86,9.99,SGD
drv_daniel_sg_15,Daniel Goh,firefighter,2025-02-25,2025-02,2025-W09,Tue,2,18,2.47,Marina_Bay,Marina Bay / Sands,5,24.71,10.0,SGD
drv_daniel_sg_15,Daniel Goh,firefighter,2025-02-25,2025-02,2025-W09,Tue,3,23,3.24,Orchard,Orchard Road,7,32.45,10.02,SGD
drv_daniel_sg_15,Daniel Goh,firefighter,2025-02-26,2025-02,2025-W09,Wed,1,7,3.01,Orchard,Orchard Road,7,43.51,14.46,SGD
drv_daniel_sg_15,Daniel Goh,firefighter,2025-02-26,2025-02,2025-W09,Wed,2,17,2.98,Changi_Airport,Changi Airport,7,42.95,14.41,SGD
drv_daniel_sg_15,Daniel Goh,firefighter,2025-02-26,2025-02,2025-W09,Wed,3,0,3.11,Jurong_East,Jurong East,8,44.88,14.43,SGD
drv_daniel_sg_15,Daniel Goh,firefighter,2025-02-28,2025-02,2025-W09,Fri,1,7,2.86,Jurong_East,Jurong East,6,34.92,12.21,SGD
drv_daniel_sg_15,Daniel Goh,firefighter,2025-02-28,2025-02,2025-W09,Fri,2,19,3.34,Marina_Bay,Marina Bay / Sands,8,40.83,12.22,SGD
drv_daniel_sg_15,Daniel Goh,firefighter,2025-02-28,2025-02,2025-W09,Fri,3,22,3.6,Marina_Bay,Marina Bay / Sands,8,43.96,12.21,SGD
drv_daniel_sg_15,Daniel Goh,firefighter,2025-03-01,2025-03,2025-W09,Sat,1,7,3.04,Orchard,Orchard Road,12,48.4,15.92,SGD
drv_daniel_sg_15,Daniel Goh,firefighter,2025-03-01,2025-03,2025-W09,Sat,2,19,3.16,Orchard,Orchard Road,12,50.34,15.93,SGD
drv_daniel_sg_15,Daniel Goh,firefighter,2025-03-02,2025-03,2025-W09,Sun,1,20,2.86,Jurong_East,Jurong East,7,53.15,18.58,SGD
drv_daniel_sg_15,Daniel Goh,firefighter,2025-03-02,2025-03,2025-W09,Sun,2,0,3.44,Marina_Bay,Marina Bay / Sands,9,63.87,18.57,SGD
drv_daniel_sg_15,Daniel Goh,firefighter,2025-03-03,2025-03,2025-W10,Mon,1,8,4.07,Marina_Bay,Marina Bay / Sands,6,13.89,3.41,SGD
drv_daniel_sg_15,Daniel Goh,firefighter,2025-03-03,2025-03,2025-W10,Mon,2,18,3.43,Jurong_East,Jurong East,5,11.69,3.41,SGD
drv_daniel_sg_15,Daniel Goh,firefighter,2025-03-03,2025-03,2025-W10,Mon,3,0,3.6,Jurong_East,Jurong East,6,12.29,3.41,SGD
drv_daniel_sg_15,Daniel Goh,firefighter,2025-03-04,2025-03,2025-W10,Tue,1,7,2.9,Orchard,Orchard Road,4,26.76,9.23,SGD
drv_daniel_sg_15,Daniel Goh,firefighter,2025-03-04,2025-03,2025-W10,Tue,2,20,3.02,Jurong_East,Jurong East,4,27.91,9.24,SGD
drv_daniel_sg_15,Daniel Goh,firefighter,2025-03-04,2025-03,2025-W10,Tue,3,0,3.28,Orchard,Orchard Road,4,30.28,9.23,SGD
drv_daniel_sg_15,Daniel Goh,firefighter,2025-03-05,2025-03,2025-W10,Wed,1,9,3.53,Marina_Bay,Marina Bay / Sands,5,42.29,11.98,SGD
drv_daniel_sg_15,Daniel Goh,firefighter,2025-03-05,2025-03,2025-W10,Wed,2,18,2.63,Orchard,Orchard Road,4,31.53,11.99,SGD
drv_daniel_sg_15,Daniel Goh,firefighter,2025-03-05,2025-03,2025-W10,Wed,3,22,3.13,Changi_Airport,Changi Airport,4,37.49,11.98,SGD
drv_daniel_sg_15,Daniel Goh,firefighter,2025-03-07,2025-03,2025-W10,Fri,1,7,3.41,Marina_Bay,Marina Bay / Sands,4,36.2,10.62,SGD
drv_daniel_sg_15,Daniel Goh,firefighter,2025-03-07,2025-03,2025-W10,Fri,2,19,3.42,Jurong_East,Jurong East,4,36.32,10.62,SGD
drv_daniel_sg_15,Daniel Goh,firefighter,2025-03-07,2025-03,2025-W10,Fri,3,22,3.66,Changi_Airport,Changi Airport,4,38.88,10.62,SGD
drv_daniel_sg_15,Daniel Goh,firefighter,2025-03-08,2025-03,2025-W10,Sat,1,8,2.65,Changi_Airport,Changi Airport,9,48.88,18.45,SGD
drv_daniel_sg_15,Daniel Goh,firefighter,2025-03-08,2025-03,2025-W10,Sat,2,21,3.45,Changi_Airport,Changi Airport,12,63.51,18.41,SGD
drv_daniel_sg_15,Daniel Goh,firefighter,2025-03-09,2025-03,2025-W10,Sun,1,9,3.69,Changi_Airport,Changi Airport,4,36.14,9.79,SGD
drv_daniel_sg_15,Daniel Goh,firefighter,2025-03-09,2025-03,2025-W10,Sun,2,19,3.66,Jurong_East,Jurong East,4,35.85,9.8,SGD
drv_daniel_sg_15,Daniel Goh,firefighter,2025-03-09,2025-03,2025-W10,Sun,3,22,3.75,Marina_Bay,Marina Bay / Sands,4,36.72,9.79,SGD
drv_daniel_sg_15,Daniel Goh,firefighter,2025-03-10,2025-03,2025-W11,Mon,1,7,4.33,Orchard,Orchard Road,4,31.55,7.29,SGD
drv_daniel_sg_15,Daniel Goh,firefighter,2025-03-10,2025-03,2025-W11,Mon,2,19,3.74,Marina_Bay,Marina Bay / Sands,3,27.26,7.29,SGD
drv_daniel_sg_15,Daniel Goh,firefighter,2025-03-10,2025-03,2025-W11,Mon,3,23,3.73,Changi_Airport,Changi Airport,3,27.18,7.29,SGD
drv_daniel_sg_15,Daniel Goh,firefighter,2025-03-11,2025-03,2025-W11,Tue,1,9,3.18,Changi_Airport,Changi Airport,3,28.78,9.05,SGD
drv_daniel_sg_15,Daniel Goh,firefighter,2025-03-11,2025-03,2025-W11,Tue,2,20,3.31,Jurong_East,Jurong East,3,29.93,9.04,SGD
drv_daniel_sg_15,Daniel Goh,firefighter,2025-03-11,2025-03,2025-W11,Tue,3,23,4.2,Changi_Airport,Changi Airport,4,37.99,9.05,SGD
drv_daniel_sg_15,Daniel Goh,firefighter,2025-03-12,2025-03,2025-W11,Wed,1,7,3.13,Marina_Bay,Marina Bay / Sands,5,28.51,9.11,SGD
drv_daniel_sg_15,Daniel Goh,firefighter,2025-03-12,2025-03,2025-W11,Wed,2,17,2.77,Changi_Airport,Changi Airport,4,25.22,9.1,SGD
drv_daniel_sg_15,Daniel Goh,firefighter,2025-03-12,2025-03,2025-W11,Wed,3,23,3.6,Orchard,Orchard Road,6,32.74,9.09,SGD
drv_daniel_sg_15,Daniel Goh,firefighter,2025-03-14,2025-03,2025-W11,Fri,1,9,3.67,Changi_Airport,Changi Airport,5,34.25,9.33,SGD
drv_daniel_sg_15,Daniel Goh,firefighter,2025-03-14,2025-03,2025-W11,Fri,2,17,3.41,Marina_Bay,Marina Bay / Sands,5,31.86,9.34,SGD
drv_daniel_sg_15,Daniel Goh,firefighter,2025-03-14,2025-03,2025-W11,Fri,3,0,3.72,Marina_Bay,Marina Bay / Sands,5,34.76,9.34,SGD
drv_daniel_sg_15,Daniel Goh,firefighter,2025-03-15,2025-03,2025-W11,Sat,1,9,3.73,Jurong_East,Jurong East,8,40.08,10.75,SGD
drv_daniel_sg_15,Daniel Goh,firefighter,2025-03-15,2025-03,2025-W11,Sat,2,19,2.95,Changi_Airport,Changi Airport,7,31.7,10.75,SGD
drv_daniel_sg_15,Daniel Goh,firefighter,2025-03-15,2025-03,2025-W11,Sat,3,21,2.82,Changi_Airport,Changi Airport,6,30.32,10.75,SGD
drv_daniel_sg_15,Daniel Goh,firefighter,2025-03-16,2025-03,2025-W11,Sun,1,7,2.75,Orchard,Orchard Road,4,36.18,13.16,SGD
drv_daniel_sg_15,Daniel Goh,firefighter,2025-03-16,2025-03,2025-W11,Sun,2,17,2.99,Changi_Airport,Changi Airport,4,39.37,13.17,SGD
drv_daniel_sg_15,Daniel Goh,firefighter,2025-03-16,2025-03,2025-W11,Sun,3,0,2.36,Orchard,Orchard Road,3,30.99,13.13,SGD
drv_daniel_sg_15,Daniel Goh,firefighter,2025-03-17,2025-03,2025-W12,Mon,1,9,3.93,Marina_Bay,Marina Bay / Sands,8,31.75,8.08,SGD
drv_daniel_sg_15,Daniel Goh,firefighter,2025-03-17,2025-03,2025-W12,Mon,2,20,3.48,Changi_Airport,Changi Airport,7,28.05,8.06,SGD
drv_daniel_sg_15,Daniel Goh,firefighter,2025-03-17,2025-03,2025-W12,Mon,3,22,2.89,Orchard,Orchard Road,6,23.33,8.07,SGD
drv_daniel_sg_15,Daniel Goh,firefighter,2025-03-18,2025-03,2025-W12,Tue,1,8,3.56,Marina_Bay,Marina Bay / Sands,7,21.59,6.06,SGD
drv_daniel_sg_15,Daniel Goh,firefighter,2025-03-18,2025-03,2025-W12,Tue,2,18,3.86,Marina_Bay,Marina Bay / Sands,8,23.41,6.06,SGD
drv_daniel_sg_15,Daniel Goh,firefighter,2025-03-18,2025-03,2025-W12,Tue,3,21,3.88,Jurong_East,Jurong East,8,23.54,6.07,SGD
drv_daniel_sg_15,Daniel Goh,firefighter,2025-03-19,2025-03,2025-W12,Wed,1,7,3.41,Orchard,Orchard Road,9,44.82,13.14,SGD
drv_daniel_sg_15,Daniel Goh,firefighter,2025-03-19,2025-03,2025-W12,Wed,2,21,3.09,Orchard,Orchard Road,8,40.64,13.15,SGD
drv_daniel_sg_15,Daniel Goh,firefighter,2025-03-21,2025-03,2025-W12,Fri,1,18,4.2,Orchard,Orchard Road,7,57.56,13.7,SGD
drv_daniel_sg_15,Daniel Goh,firefighter,2025-03-21,2025-03,2025-W12,Fri,2,0,3.6,Marina_Bay,Marina Bay / Sands,6,49.25,13.68,SGD
drv_daniel_sg_15,Daniel Goh,firefighter,2025-03-22,2025-03,2025-W12,Sat,1,7,3.54,Marina_Bay,Marina Bay / Sands,6,41.71,11.78,SGD
drv_daniel_sg_15,Daniel Goh,firefighter,2025-03-22,2025-03,2025-W12,Sat,2,20,3.25,Marina_Bay,Marina Bay / Sands,5,38.31,11.79,SGD
drv_daniel_sg_15,Daniel Goh,firefighter,2025-03-22,2025-03,2025-W12,Sat,3,23,3.4,Orchard,Orchard Road,6,40.08,11.79,SGD
drv_daniel_sg_15,Daniel Goh,firefighter,2025-03-23,2025-03,2025-W12,Sun,1,9,2.96,Changi_Airport,Changi Airport,7,28.0,9.46,SGD
drv_daniel_sg_15,Daniel Goh,firefighter,2025-03-23,2025-03,2025-W12,Sun,2,20,2.86,Marina_Bay,Marina Bay / Sands,7,27.04,9.45,SGD
drv_daniel_sg_15,Daniel Goh,firefighter,2025-03-23,2025-03,2025-W12,Sun,3,22,2.88,Changi_Airport,Changi Airport,7,27.17,9.43,SGD
drv_daniel_sg_15,Daniel Goh,firefighter,2025-03-24,2025-03,2025-W13,Mon,1,8,3.86,Jurong_East,Jurong East,8,27.58,7.15,SGD
drv_daniel_sg_15,Daniel Goh,firefighter,2025-03-24,2025-03,2025-W13,Mon,2,19,3.85,Marina_Bay,Marina Bay / Sands,8,27.53,7.15,SGD
drv_daniel_sg_15,Daniel Goh,firefighter,2025-03-24,2025-03,2025-W13,Mon,3,23,3.49,Orchard,Orchard Road,7,24.99,7.16,SGD
drv_daniel_sg_15,Daniel Goh,firefighter,2025-03-25,2025-03,2025-W13,Tue,1,9,2.31,Marina_Bay,Marina Bay / Sands,4,21.8,9.44,SGD
drv_daniel_sg_15,Daniel Goh,firefighter,2025-03-25,2025-03,2025-W13,Tue,2,19,3.17,Orchard,Orchard Road,5,29.91,9.44,SGD
drv_daniel_sg_15,Daniel Goh,firefighter,2025-03-25,2025-03,2025-W13,Tue,3,23,3.02,Marina_Bay,Marina Bay / Sands,5,28.45,9.42,SGD
drv_daniel_sg_15,Daniel Goh,firefighter,2025-03-26,2025-03,2025-W13,Wed,1,7,4.07,Changi_Airport,Changi Airport,8,54.76,13.45,SGD
drv_daniel_sg_15,Daniel Goh,firefighter,2025-03-26,2025-03,2025-W13,Wed,2,23,3.43,Orchard,Orchard Road,6,46.26,13.49,SGD
drv_daniel_sg_15,Daniel Goh,firefighter,2025-03-28,2025-03,2025-W13,Fri,1,9,3.55,Changi_Airport,Changi Airport,7,34.74,9.79,SGD
drv_daniel_sg_15,Daniel Goh,firefighter,2025-03-28,2025-03,2025-W13,Fri,2,18,3.14,Jurong_East,Jurong East,6,30.68,9.77,SGD
drv_daniel_sg_15,Daniel Goh,firefighter,2025-03-28,2025-03,2025-W13,Fri,3,21,2.81,Orchard,Orchard Road,6,27.54,9.8,SGD
drv_daniel_sg_15,Daniel Goh,firefighter,2025-03-29,2025-03,2025-W13,Sat,1,9,3.35,Orchard,Orchard Road,7,19.73,5.89,SGD
drv_daniel_sg_15,Daniel Goh,firefighter,2025-03-29,2025-03,2025-W13,Sat,2,18,3.81,Marina_Bay,Marina Bay / Sands,8,22.44,5.89,SGD
drv_daniel_sg_15,Daniel Goh,firefighter,2025-03-29,2025-03,2025-W13,Sat,3,21,4.04,Orchard,Orchard Road,9,23.77,5.88,SGD
drv_daniel_sg_15,Daniel Goh,firefighter,2025-03-30,2025-03,2025-W13,Sun,1,8,3.25,Marina_Bay,Marina Bay / Sands,7,22.32,6.87,SGD
drv_daniel_sg_15,Daniel Goh,firefighter,2025-03-30,2025-03,2025-W13,Sun,2,18,2.86,Orchard,Orchard Road,6,19.63,6.86,SGD
drv_daniel_sg_15,Daniel Goh,firefighter,2025-03-30,2025-03,2025-W13,Sun,3,23,2.7,Marina_Bay,Marina Bay / Sands,6,18.54,6.87,SGD
drv_daniel_sg_15,Daniel Goh,firefighter,2025-03-31,2025-03,2025-W14,Mon,1,7,3.31,Jurong_East,Jurong East,7,12.63,3.82,SGD
drv_daniel_sg_15,Daniel Goh,firefighter,2025-03-31,2025-03,2025-W14,Mon,2,19,3.15,Orchard,Orchard Road,7,12.01,3.81,SGD
drv_daniel_sg_15,Daniel Goh,firefighter,2025-03-31,2025-03,2025-W14,Mon,3,22,4.14,Orchard,Orchard Road,9,15.8,3.82,SGD
drv_daniel_sg_15,Daniel Goh,firefighter,2025-04-01,2025-04,2025-W14,Tue,1,8,3.77,Orchard,Orchard Road,5,15.12,4.01,SGD
drv_daniel_sg_15,Daniel Goh,firefighter,2025-04-01,2025-04,2025-W14,Tue,2,18,4.27,Changi_Airport,Changi Airport,6,17.13,4.01,SGD
drv_daniel_sg_15,Daniel Goh,firefighter,2025-04-01,2025-04,2025-W14,Tue,3,23,3.86,Orchard,Orchard Road,6,15.45,4.0,SGD
drv_daniel_sg_15,Daniel Goh,firefighter,2025-04-02,2025-04,2025-W14,Wed,1,7,3.16,Changi_Airport,Changi Airport,8,17.91,5.67,SGD
drv_daniel_sg_15,Daniel Goh,firefighter,2025-04-02,2025-04,2025-W14,Wed,2,19,3.48,Orchard,Orchard Road,8,19.73,5.67,SGD
drv_daniel_sg_15,Daniel Goh,firefighter,2025-04-02,2025-04,2025-W14,Wed,3,22,3.37,Orchard,Orchard Road,8,19.1,5.67,SGD
drv_daniel_sg_15,Daniel Goh,firefighter,2025-04-04,2025-04,2025-W14,Fri,1,9,3.6,Marina_Bay,Marina Bay / Sands,12,34.23,9.51,SGD
drv_daniel_sg_15,Daniel Goh,firefighter,2025-04-04,2025-04,2025-W14,Fri,2,17,3.8,Changi_Airport,Changi Airport,12,36.05,9.49,SGD
drv_daniel_sg_15,Daniel Goh,firefighter,2025-04-05,2025-04,2025-W14,Sat,1,8,2.9,Marina_Bay,Marina Bay / Sands,3,55.56,19.16,SGD
drv_daniel_sg_15,Daniel Goh,firefighter,2025-04-05,2025-04,2025-W14,Sat,2,18,2.59,Marina_Bay,Marina Bay / Sands,3,49.62,19.16,SGD
drv_daniel_sg_15,Daniel Goh,firefighter,2025-04-05,2025-04,2025-W14,Sat,3,23,3.22,Orchard,Orchard Road,3,61.68,19.16,SGD
drv_daniel_sg_15,Daniel Goh,firefighter,2025-04-06,2025-04,2025-W14,Sun,1,8,2.57,Orchard,Orchard Road,3,29.88,11.63,SGD
drv_daniel_sg_15,Daniel Goh,firefighter,2025-04-06,2025-04,2025-W14,Sun,2,17,2.78,Changi_Airport,Changi Airport,3,32.28,11.61,SGD
drv_daniel_sg_15,Daniel Goh,firefighter,2025-04-06,2025-04,2025-W14,Sun,3,22,3.04,Changi_Airport,Changi Airport,4,35.33,11.62,SGD
drv_daniel_sg_15,Daniel Goh,firefighter,2025-04-07,2025-04,2025-W15,Mon,1,7,3.34,Marina_Bay,Marina Bay / Sands,7,25.49,7.63,SGD
drv_daniel_sg_15,Daniel Goh,firefighter,2025-04-07,2025-04,2025-W15,Mon,2,17,3.4,Changi_Airport,Changi Airport,7,25.92,7.62,SGD
drv_daniel_sg_15,Daniel Goh,firefighter,2025-04-07,2025-04,2025-W15,Mon,3,21,3.26,Marina_Bay,Marina Bay / Sands,7,24.84,7.62,SGD
drv_daniel_sg_15,Daniel Goh,firefighter,2025-04-08,2025-04,2025-W15,Tue,1,9,4.5,Changi_Airport,Changi Airport,8,51.56,11.46,SGD
drv_daniel_sg_15,Daniel Goh,firefighter,2025-04-08,2025-04,2025-W15,Tue,2,22,3.3,Jurong_East,Jurong East,6,37.82,11.46,SGD
drv_daniel_sg_15,Daniel Goh,firefighter,2025-04-09,2025-04,2025-W15,Wed,1,8,2.36,Jurong_East,Jurong East,4,36.42,15.43,SGD
drv_daniel_sg_15,Daniel Goh,firefighter,2025-04-09,2025-04,2025-W15,Wed,2,20,3.12,Orchard,Orchard Road,5,48.15,15.43,SGD
drv_daniel_sg_15,Daniel Goh,firefighter,2025-04-09,2025-04,2025-W15,Wed,3,0,3.23,Changi_Airport,Changi Airport,6,49.9,15.45,SGD
drv_daniel_sg_15,Daniel Goh,firefighter,2025-04-11,2025-04,2025-W15,Fri,1,19,3.16,Changi_Airport,Changi Airport,12,62.55,19.79,SGD
drv_daniel_sg_15,Daniel Goh,firefighter,2025-04-11,2025-04,2025-W15,Fri,2,22,3.04,Changi_Airport,Changi Airport,12,60.35,19.85,SGD
drv_daniel_sg_15,Daniel Goh,firefighter,2025-04-12,2025-04,2025-W15,Sat,1,9,3.7,Jurong_East,Jurong East,6,51.32,13.87,SGD
drv_daniel_sg_15,Daniel Goh,firefighter,2025-04-12,2025-04,2025-W15,Sat,2,19,3.77,Marina_Bay,Marina Bay / Sands,6,52.41,13.9,SGD
drv_daniel_sg_15,Daniel Goh,firefighter,2025-04-12,2025-04,2025-W15,Sat,3,0,3.13,Changi_Airport,Changi Airport,5,43.49,13.89,SGD
drv_daniel_sg_15,Daniel Goh,firefighter,2025-04-13,2025-04,2025-W15,Sun,1,8,3.03,Jurong_East,Jurong East,11,75.5,24.92,SGD
drv_daniel_sg_15,Daniel Goh,firefighter,2025-04-13,2025-04,2025-W15,Sun,2,18,2.97,Orchard,Orchard Road,10,73.9,24.88,SGD
drv_daniel_sg_15,Daniel Goh,firefighter,2025-04-14,2025-04,2025-W16,Mon,1,9,2.73,Orchard,Orchard Road,6,34.74,12.73,SGD
drv_daniel_sg_15,Daniel Goh,firefighter,2025-04-14,2025-04,2025-W16,Mon,2,18,2.75,Changi_Airport,Changi Airport,6,35.11,12.77,SGD
drv_daniel_sg_15,Daniel Goh,firefighter,2025-04-14,2025-04,2025-W16,Mon,3,23,2.62,Marina_Bay,Marina Bay / Sands,6,33.37,12.74,SGD
drv_daniel_sg_15,Daniel Goh,firefighter,2025-04-15,2025-04,2025-W16,Tue,1,18,3.49,Changi_Airport,Changi Airport,10,59.62,17.08,SGD
drv_daniel_sg_15,Daniel Goh,firefighter,2025-04-15,2025-04,2025-W16,Tue,2,22,3.31,Jurong_East,Jurong East,10,56.45,17.05,SGD
drv_daniel_sg_15,Daniel Goh,firefighter,2025-04-16,2025-04,2025-W16,Wed,1,8,3.53,Marina_Bay,Marina Bay / Sands,10,25.97,7.36,SGD
drv_daniel_sg_15,Daniel Goh,firefighter,2025-04-16,2025-04,2025-W16,Wed,2,0,3.87,Jurong_East,Jurong East,10,28.46,7.35,SGD
drv_daniel_sg_15,Daniel Goh,firefighter,2025-04-18,2025-04,2025-W16,Fri,1,20,3.47,Changi_Airport,Changi Airport,5,74.38,21.44,SGD
drv_daniel_sg_15,Daniel Goh,firefighter,2025-04-18,2025-04,2025-W16,Fri,2,22,3.63,Marina_Bay,Marina Bay / Sands,6,77.72,21.41,SGD
drv_daniel_sg_15,Daniel Goh,firefighter,2025-04-19,2025-04,2025-W16,Sat,1,17,3.42,Orchard,Orchard Road,8,89.8,26.26,SGD
drv_daniel_sg_15,Daniel Goh,firefighter,2025-04-19,2025-04,2025-W16,Sat,2,21,3.18,Changi_Airport,Changi Airport,7,83.74,26.33,SGD
drv_daniel_sg_15,Daniel Goh,firefighter,2025-04-20,2025-04,2025-W16,Sun,1,8,3.74,Orchard,Orchard Road,12,72.48,19.38,SGD
drv_daniel_sg_15,Daniel Goh,firefighter,2025-04-20,2025-04,2025-W16,Sun,2,18,3.46,Changi_Airport,Changi Airport,11,67.18,19.42,SGD
drv_daniel_sg_15,Daniel Goh,firefighter,2025-04-21,2025-04,2025-W17,Mon,1,8,3.59,Marina_Bay,Marina Bay / Sands,8,53.32,14.85,SGD
drv_daniel_sg_15,Daniel Goh,firefighter,2025-04-21,2025-04,2025-W17,Mon,2,21,2.81,Orchard,Orchard Road,6,41.7,14.84,SGD
drv_daniel_sg_15,Daniel Goh,firefighter,2025-04-22,2025-04,2025-W17,Tue,1,7,3.65,Orchard,Orchard Road,4,33.28,9.12,SGD
drv_daniel_sg_15,Daniel Goh,firefighter,2025-04-22,2025-04,2025-W17,Tue,2,18,2.67,Marina_Bay,Marina Bay / Sands,3,24.35,9.12,SGD
drv_daniel_sg_15,Daniel Goh,firefighter,2025-04-22,2025-04,2025-W17,Tue,3,0,3.98,Changi_Airport,Changi Airport,5,36.24,9.11,SGD
drv_daniel_sg_15,Daniel Goh,firefighter,2025-04-23,2025-04,2025-W17,Wed,1,8,3.19,Changi_Airport,Changi Airport,7,43.85,13.75,SGD
drv_daniel_sg_15,Daniel Goh,firefighter,2025-04-23,2025-04,2025-W17,Wed,2,18,3.29,Orchard,Orchard Road,7,45.13,13.72,SGD
drv_daniel_sg_15,Daniel Goh,firefighter,2025-04-23,2025-04,2025-W17,Wed,3,22,2.52,Changi_Airport,Changi Airport,5,34.66,13.75,SGD
drv_daniel_sg_15,Daniel Goh,firefighter,2025-04-25,2025-04,2025-W17,Fri,1,8,3.61,Marina_Bay,Marina Bay / Sands,9,64.42,17.84,SGD
drv_daniel_sg_15,Daniel Goh,firefighter,2025-04-25,2025-04,2025-W17,Fri,2,0,3.49,Orchard,Orchard Road,8,62.39,17.88,SGD
drv_daniel_sg_15,Daniel Goh,firefighter,2025-04-26,2025-04,2025-W17,Sat,1,8,3.13,Orchard,Orchard Road,7,47.15,15.06,SGD
drv_daniel_sg_15,Daniel Goh,firefighter,2025-04-26,2025-04,2025-W17,Sat,2,20,3.07,Marina_Bay,Marina Bay / Sands,7,46.33,15.09,SGD
drv_daniel_sg_15,Daniel Goh,firefighter,2025-04-26,2025-04,2025-W17,Sat,3,23,2.5,Jurong_East,Jurong East,5,37.69,15.08,SGD
drv_daniel_sg_15,Daniel Goh,firefighter,2025-04-27,2025-04,2025-W17,Sun,1,8,2.69,Orchard,Orchard Road,5,42.29,15.72,SGD
drv_daniel_sg_15,Daniel Goh,firefighter,2025-04-27,2025-04,2025-W17,Sun,2,18,2.38,Changi_Airport,Changi Airport,5,37.4,15.71,SGD
drv_daniel_sg_15,Daniel Goh,firefighter,2025-04-27,2025-04,2025-W17,Sun,3,21,3.33,Orchard,Orchard Road,6,52.38,15.73,SGD
drv_daniel_sg_15,Daniel Goh,firefighter,2025-04-28,2025-04,2025-W18,Mon,1,18,3.05,Jurong_East,Jurong East,10,24.11,7.9,SGD
drv_daniel_sg_15,Daniel Goh,firefighter,2025-04-28,2025-04,2025-W18,Mon,2,22,3.35,Marina_Bay,Marina Bay / Sands,10,26.5,7.91,SGD
drv_daniel_sg_15,Daniel Goh,firefighter,2025-04-29,2025-04,2025-W18,Tue,1,7,4.06,Changi_Airport,Changi Airport,5,40.14,9.89,SGD
drv_daniel_sg_15,Daniel Goh,firefighter,2025-04-29,2025-04,2025-W18,Tue,2,20,3.6,Marina_Bay,Marina Bay / Sands,5,35.58,9.88,SGD
drv_daniel_sg_15,Daniel Goh,firefighter,2025-04-29,2025-04,2025-W18,Tue,3,23,3.63,Jurong_East,Jurong East,5,35.9,9.89,SGD
drv_daniel_sg_15,Daniel Goh,firefighter,2025-04-30,2025-04,2025-W18,Wed,1,7,4.1,Marina_Bay,Marina Bay / Sands,7,60.85,14.84,SGD
drv_daniel_sg_15,Daniel Goh,firefighter,2025-04-30,2025-04,2025-W18,Wed,2,19,3.9,Changi_Airport,Changi Airport,6,57.94,14.86,SGD
drv_daniel_sg_15,Daniel Goh,firefighter,2025-05-02,2025-05,2025-W18,Fri,1,18,2.98,Jurong_East,Jurong East,5,76.47,25.66,SGD
drv_daniel_sg_15,Daniel Goh,firefighter,2025-05-02,2025-05,2025-W18,Fri,2,23,3.42,Marina_Bay,Marina Bay / Sands,6,87.94,25.71,SGD
drv_daniel_sg_15,Daniel Goh,firefighter,2025-05-03,2025-05,2025-W18,Sat,1,8,2.56,Changi_Airport,Changi Airport,5,42.04,16.42,SGD
drv_daniel_sg_15,Daniel Goh,firefighter,2025-05-03,2025-05,2025-W18,Sat,2,19,3.69,Changi_Airport,Changi Airport,7,60.51,16.4,SGD
drv_daniel_sg_15,Daniel Goh,firefighter,2025-05-03,2025-05,2025-W18,Sat,3,22,3.64,Orchard,Orchard Road,7,59.72,16.41,SGD
drv_daniel_sg_15,Daniel Goh,firefighter,2025-05-04,2025-05,2025-W18,Sun,1,9,3.95,Jurong_East,Jurong East,5,37.1,9.39,SGD
drv_daniel_sg_15,Daniel Goh,firefighter,2025-05-04,2025-05,2025-W18,Sun,2,18,4.17,Changi_Airport,Changi Airport,5,39.15,9.39,SGD
drv_daniel_sg_15,Daniel Goh,firefighter,2025-05-04,2025-05,2025-W18,Sun,3,21,3.58,Jurong_East,Jurong East,5,33.57,9.38,SGD
drv_daniel_sg_15,Daniel Goh,firefighter,2025-05-05,2025-05,2025-W19,Mon,1,9,3.05,Changi_Airport,Changi Airport,4,30.54,10.01,SGD
drv_daniel_sg_15,Daniel Goh,firefighter,2025-05-05,2025-05,2025-W19,Mon,2,18,2.78,Changi_Airport,Changi Airport,3,27.8,10.0,SGD
drv_daniel_sg_15,Daniel Goh,firefighter,2025-05-05,2025-05,2025-W19,Mon,3,0,2.97,Orchard,Orchard Road,4,29.77,10.02,SGD
drv_daniel_sg_15,Daniel Goh,firefighter,2025-05-06,2025-05,2025-W19,Tue,1,8,3.39,Jurong_East,Jurong East,6,46.15,13.61,SGD
drv_daniel_sg_15,Daniel Goh,firefighter,2025-05-06,2025-05,2025-W19,Tue,2,22,3.51,Marina_Bay,Marina Bay / Sands,6,47.83,13.63,SGD
drv_daniel_sg_15,Daniel Goh,firefighter,2025-05-07,2025-05,2025-W19,Wed,1,9,4.2,Jurong_East,Jurong East,8,44.01,10.48,SGD
drv_daniel_sg_15,Daniel Goh,firefighter,2025-05-07,2025-05,2025-W19,Wed,2,19,3.04,Changi_Airport,Changi Airport,5,31.9,10.49,SGD
drv_daniel_sg_15,Daniel Goh,firefighter,2025-05-07,2025-05,2025-W19,Wed,3,22,3.36,Jurong_East,Jurong East,6,35.22,10.48,SGD
drv_daniel_sg_15,Daniel Goh,firefighter,2025-05-09,2025-05,2025-W19,Fri,1,7,3.04,Jurong_East,Jurong East,7,60.59,19.93,SGD
drv_daniel_sg_15,Daniel Goh,firefighter,2025-05-09,2025-05,2025-W19,Fri,2,20,3.26,Orchard,Orchard Road,7,64.95,19.92,SGD
drv_daniel_sg_15,Daniel Goh,firefighter,2025-05-10,2025-05,2025-W19,Sat,1,9,4.1,Changi_Airport,Changi Airport,9,39.25,9.57,SGD
drv_daniel_sg_15,Daniel Goh,firefighter,2025-05-10,2025-05,2025-W19,Sat,2,20,3.12,Orchard,Orchard Road,7,29.81,9.55,SGD
drv_daniel_sg_15,Daniel Goh,firefighter,2025-05-10,2025-05,2025-W19,Sat,3,22,3.38,Jurong_East,Jurong East,7,32.33,9.57,SGD
drv_daniel_sg_15,Daniel Goh,firefighter,2025-05-11,2025-05,2025-W19,Sun,1,8,2.98,Jurong_East,Jurong East,6,65.26,21.9,SGD
drv_daniel_sg_15,Daniel Goh,firefighter,2025-05-11,2025-05,2025-W19,Sun,2,18,3.32,Orchard,Orchard Road,6,72.82,21.93,SGD
drv_daniel_sg_15,Daniel Goh,firefighter,2025-05-12,2025-05,2025-W20,Mon,1,8,3.54,Marina_Bay,Marina Bay / Sands,3,35.38,9.99,SGD
drv_daniel_sg_15,Daniel Goh,firefighter,2025-05-12,2025-05,2025-W20,Mon,2,20,3.82,Orchard,Orchard Road,3,38.15,9.99,SGD
drv_daniel_sg_15,Daniel Goh,firefighter,2025-05-12,2025-05,2025-W20,Mon,3,21,4.24,Marina_Bay,Marina Bay / Sands,3,42.41,10.0,SGD
drv_daniel_sg_15,Daniel Goh,firefighter,2025-05-13,2025-05,2025-W20,Tue,1,7,3.62,Changi_Airport,Changi Airport,8,38.39,10.6,SGD
drv_daniel_sg_15,Daniel Goh,firefighter,2025-05-13,2025-05,2025-W20,Tue,2,17,3.35,Marina_Bay,Marina Bay / Sands,7,35.55,10.61,SGD
drv_daniel_sg_15,Daniel Goh,firefighter,2025-05-13,2025-05,2025-W20,Tue,3,22,3.63,Jurong_East,Jurong East,8,38.44,10.59,SGD
drv_daniel_sg_15,Daniel Goh,firefighter,2025-05-14,2025-05,2025-W20,Wed,1,8,4.08,Changi_Airport,Changi Airport,9,49.06,12.02,SGD
drv_daniel_sg_15,Daniel Goh,firefighter,2025-05-14,2025-05,2025-W20,Wed,2,19,3.14,Changi_Airport,Changi Airport,7,37.78,12.03,SGD
drv_daniel_sg_15,Daniel Goh,firefighter,2025-05-14,2025-05,2025-W20,Wed,3,0,3.78,Marina_Bay,Marina Bay / Sands,8,45.39,12.01,SGD
drv_daniel_sg_15,Daniel Goh,firefighter,2025-05-16,2025-05,2025-W20,Fri,1,9,3.38,Changi_Airport,Changi Airport,4,50.17,14.84,SGD
drv_daniel_sg_15,Daniel Goh,firefighter,2025-05-16,2025-05,2025-W20,Fri,2,19,3.45,Marina_Bay,Marina Bay / Sands,4,51.2,14.84,SGD
drv_daniel_sg_15,Daniel Goh,firefighter,2025-05-16,2025-05,2025-W20,Fri,3,21,3.07,Changi_Airport,Changi Airport,4,45.49,14.82,SGD
drv_daniel_sg_15,Daniel Goh,firefighter,2025-05-17,2025-05,2025-W20,Sat,1,9,2.43,Orchard,Orchard Road,3,23.32,9.6,SGD
drv_daniel_sg_15,Daniel Goh,firefighter,2025-05-17,2025-05,2025-W20,Sat,2,19,3.26,Changi_Airport,Changi Airport,4,31.23,9.58,SGD
drv_daniel_sg_15,Daniel Goh,firefighter,2025-05-17,2025-05,2025-W20,Sat,3,23,2.4,Changi_Airport,Changi Airport,3,23.03,9.6,SGD
drv_daniel_sg_15,Daniel Goh,firefighter,2025-05-18,2025-05,2025-W20,Sun,1,7,3.05,Changi_Airport,Changi Airport,3,21.27,6.97,SGD
drv_daniel_sg_15,Daniel Goh,firefighter,2025-05-18,2025-05,2025-W20,Sun,2,17,3.36,Orchard,Orchard Road,4,23.44,6.98,SGD
drv_daniel_sg_15,Daniel Goh,firefighter,2025-05-18,2025-05,2025-W20,Sun,3,0,2.69,Changi_Airport,Changi Airport,3,18.77,6.98,SGD
drv_daniel_sg_15,Daniel Goh,firefighter,2025-05-19,2025-05,2025-W21,Mon,1,7,3.11,Orchard,Orchard Road,5,30.47,9.8,SGD
drv_daniel_sg_15,Daniel Goh,firefighter,2025-05-19,2025-05,2025-W21,Mon,2,17,2.49,Orchard,Orchard Road,4,24.36,9.78,SGD
drv_daniel_sg_15,Daniel Goh,firefighter,2025-05-19,2025-05,2025-W21,Mon,3,0,3.3,Jurong_East,Jurong East,6,32.34,9.8,SGD
drv_daniel_sg_15,Daniel Goh,firefighter,2025-05-20,2025-05,2025-W21,Tue,1,7,2.87,Changi_Airport,Changi Airport,11,58.53,20.39,SGD
drv_daniel_sg_15,Daniel Goh,firefighter,2025-05-20,2025-05,2025-W21,Tue,2,19,3.33,Marina_Bay,Marina Bay / Sands,12,67.81,20.36,SGD
drv_daniel_sg_15,Daniel Goh,firefighter,2025-05-21,2025-05,2025-W21,Wed,1,9,3.45,Changi_Airport,Changi Airport,6,18.67,5.41,SGD
drv_daniel_sg_15,Daniel Goh,firefighter,2025-05-21,2025-05,2025-W21,Wed,2,19,3.36,Changi_Airport,Changi Airport,6,18.21,5.42,SGD
drv_daniel_sg_15,Daniel Goh,firefighter,2025-05-21,2025-05,2025-W21,Wed,3,21,3.29,Jurong_East,Jurong East,6,17.82,5.42,SGD
drv_daniel_sg_15,Daniel Goh,firefighter,2025-05-23,2025-05,2025-W21,Fri,1,8,3.54,Marina_Bay,Marina Bay / Sands,5,45.87,12.96,SGD
drv_daniel_sg_15,Daniel Goh,firefighter,2025-05-23,2025-05,2025-W21,Fri,2,18,3.45,Marina_Bay,Marina Bay / Sands,5,44.7,12.96,SGD
drv_daniel_sg_15,Daniel Goh,firefighter,2025-05-23,2025-05,2025-W21,Fri,3,21,3.71,Changi_Airport,Changi Airport,6,48.04,12.95,SGD
drv_daniel_sg_15,Daniel Goh,firefighter,2025-05-24,2025-05,2025-W21,Sat,1,9,4.16,Changi_Airport,Changi Airport,4,27.37,6.58,SGD
drv_daniel_sg_15,Daniel Goh,firefighter,2025-05-24,2025-05,2025-W21,Sat,2,18,3.35,Marina_Bay,Marina Bay / Sands,3,22.06,6.59,SGD
drv_daniel_sg_15,Daniel Goh,firefighter,2025-05-24,2025-05,2025-W21,Sat,3,21,4.29,Changi_Airport,Changi Airport,4,28.19,6.57,SGD
drv_daniel_sg_15,Daniel Goh,firefighter,2025-05-25,2025-05,2025-W21,Sun,1,9,2.65,Orchard,Orchard Road,4,40.55,15.3,SGD
drv_daniel_sg_15,Daniel Goh,firefighter,2025-05-25,2025-05,2025-W21,Sun,2,18,3.02,Orchard,Orchard Road,4,46.26,15.32,SGD
drv_daniel_sg_15,Daniel Goh,firefighter,2025-05-25,2025-05,2025-W21,Sun,3,21,3.03,Marina_Bay,Marina Bay / Sands,4,46.31,15.28,SGD
drv_daniel_sg_15,Daniel Goh,firefighter,2025-05-26,2025-05,2025-W22,Mon,1,9,2.8,Orchard,Orchard Road,7,32.91,11.75,SGD
drv_daniel_sg_15,Daniel Goh,firefighter,2025-05-26,2025-05,2025-W22,Mon,2,19,3.02,Orchard,Orchard Road,7,35.53,11.76,SGD
drv_daniel_sg_15,Daniel Goh,firefighter,2025-05-26,2025-05,2025-W22,Mon,3,23,2.59,Marina_Bay,Marina Bay / Sands,6,30.44,11.75,SGD
drv_daniel_sg_15,Daniel Goh,firefighter,2025-05-27,2025-05,2025-W22,Tue,1,17,3.25,Jurong_East,Jurong East,6,56.77,17.47,SGD
drv_daniel_sg_15,Daniel Goh,firefighter,2025-05-27,2025-05,2025-W22,Tue,2,21,4.05,Marina_Bay,Marina Bay / Sands,8,70.74,17.47,SGD
drv_daniel_sg_15,Daniel Goh,firefighter,2025-05-28,2025-05,2025-W22,Wed,1,7,4.5,Jurong_East,Jurong East,7,40.45,8.99,SGD
drv_daniel_sg_15,Daniel Goh,firefighter,2025-05-28,2025-05,2025-W22,Wed,2,17,3.8,Jurong_East,Jurong East,6,34.16,8.99,SGD
drv_daniel_sg_15,Daniel Goh,firefighter,2025-05-28,2025-05,2025-W22,Wed,3,0,3.5,Changi_Airport,Changi Airport,5,31.43,8.98,SGD
drv_daniel_sg_15,Daniel Goh,firefighter,2025-05-30,2025-05,2025-W22,Fri,1,9,2.27,Changi_Airport,Changi Airport,2,37.85,16.67,SGD
drv_daniel_sg_15,Daniel Goh,firefighter,2025-05-30,2025-05,2025-W22,Fri,2,20,2.93,Orchard,Orchard Road,3,48.79,16.65,SGD
drv_daniel_sg_15,Daniel Goh,firefighter,2025-05-30,2025-05,2025-W22,Fri,3,0,2.9,Changi_Airport,Changi Airport,3,48.38,16.68,SGD
drv_daniel_sg_15,Daniel Goh,firefighter,2025-05-31,2025-05,2025-W22,Sat,1,7,2.72,Marina_Bay,Marina Bay / Sands,5,53.42,19.64,SGD
drv_daniel_sg_15,Daniel Goh,firefighter,2025-05-31,2025-05,2025-W22,Sat,2,17,3.16,Jurong_East,Jurong East,6,62.06,19.64,SGD
drv_daniel_sg_15,Daniel Goh,firefighter,2025-05-31,2025-05,2025-W22,Sat,3,21,2.72,Jurong_East,Jurong East,5,53.37,19.62,SGD
drv_daniel_sg_15,Daniel Goh,firefighter,2025-06-01,2025-06,2025-W22,Sun,1,7,2.44,Changi_Airport,Changi Airport,2,32.61,13.36,SGD
drv_daniel_sg_15,Daniel Goh,firefighter,2025-06-01,2025-06,2025-W22,Sun,2,17,3.24,Changi_Airport,Changi Airport,3,43.42,13.4,SGD
drv_daniel_sg_15,Daniel Goh,firefighter,2025-06-01,2025-06,2025-W22,Sun,3,0,3.32,Marina_Bay,Marina Bay / Sands,3,44.47,13.39,SGD
drv_daniel_sg_15,Daniel Goh,firefighter,2025-06-02,2025-06,2025-W23,Mon,1,20,2.73,Jurong_East,Jurong East,4,37.08,13.58,SGD
drv_daniel_sg_15,Daniel Goh,firefighter,2025-06-02,2025-06,2025-W23,Mon,2,22,3.97,Orchard,Orchard Road,5,54.02,13.61,SGD
drv_daniel_sg_15,Daniel Goh,firefighter,2025-06-03,2025-06,2025-W23,Tue,1,7,2.29,Changi_Airport,Changi Airport,6,41.45,18.1,SGD
drv_daniel_sg_15,Daniel Goh,firefighter,2025-06-03,2025-06,2025-W23,Tue,2,17,2.89,Jurong_East,Jurong East,8,52.34,18.11,SGD
drv_daniel_sg_15,Daniel Goh,firefighter,2025-06-03,2025-06,2025-W23,Tue,3,23,2.91,Changi_Airport,Changi Airport,8,52.71,18.11,SGD
drv_daniel_sg_15,Daniel Goh,firefighter,2025-06-04,2025-06,2025-W23,Wed,1,7,2.97,Orchard,Orchard Road,2,30.85,10.39,SGD
drv_daniel_sg_15,Daniel Goh,firefighter,2025-06-04,2025-06,2025-W23,Wed,2,17,4.16,Orchard,Orchard Road,3,43.22,10.39,SGD
drv_daniel_sg_15,Daniel Goh,firefighter,2025-06-04,2025-06,2025-W23,Wed,3,23,3.87,Changi_Airport,Changi Airport,3,40.14,10.37,SGD
drv_daniel_sg_15,Daniel Goh,firefighter,2025-06-06,2025-06,2025-W23,Fri,1,8,3.07,Orchard,Orchard Road,4,69.91,22.77,SGD
drv_daniel_sg_15,Daniel Goh,firefighter,2025-06-06,2025-06,2025-W23,Fri,2,0,3.83,Orchard,Orchard Road,5,87.39,22.82,SGD
drv_daniel_sg_15,Daniel Goh,firefighter,2025-06-07,2025-06,2025-W23,Sat,1,9,4.05,Orchard,Orchard Road,4,71.12,17.56,SGD
drv_daniel_sg_15,Daniel Goh,firefighter,2025-06-07,2025-06,2025-W23,Sat,2,17,2.91,Changi_Airport,Changi Airport,3,51.13,17.57,SGD
drv_daniel_sg_15,Daniel Goh,firefighter,2025-06-07,2025-06,2025-W23,Sat,3,22,3.44,Jurong_East,Jurong East,3,60.32,17.53,SGD
drv_daniel_sg_15,Daniel Goh,firefighter,2025-06-08,2025-06,2025-W23,Sun,1,8,3.29,Jurong_East,Jurong East,4,49.84,15.15,SGD
drv_daniel_sg_15,Daniel Goh,firefighter,2025-06-08,2025-06,2025-W23,Sun,2,19,2.77,Jurong_East,Jurong East,3,41.91,15.13,SGD
drv_daniel_sg_15,Daniel Goh,firefighter,2025-06-08,2025-06,2025-W23,Sun,3,22,3.04,Changi_Airport,Changi Airport,3,45.95,15.12,SGD
drv_daniel_sg_15,Daniel Goh,firefighter,2025-06-09,2025-06,2025-W24,Mon,1,9,4.13,Changi_Airport,Changi Airport,8,37.49,9.08,SGD
drv_daniel_sg_15,Daniel Goh,firefighter,2025-06-09,2025-06,2025-W24,Mon,2,20,4.04,Orchard,Orchard Road,8,36.69,9.08,SGD
drv_daniel_sg_15,Daniel Goh,firefighter,2025-06-09,2025-06,2025-W24,Mon,3,21,3.54,Jurong_East,Jurong East,7,32.15,9.08,SGD
drv_daniel_sg_15,Daniel Goh,firefighter,2025-06-10,2025-06,2025-W24,Tue,1,7,3.39,Changi_Airport,Changi Airport,9,42.62,12.57,SGD
drv_daniel_sg_15,Daniel Goh,firefighter,2025-06-10,2025-06,2025-W24,Tue,2,19,3.29,Changi_Airport,Changi Airport,8,41.3,12.55,SGD
drv_daniel_sg_15,Daniel Goh,firefighter,2025-06-10,2025-06,2025-W24,Tue,3,22,2.72,Changi_Airport,Changi Airport,7,34.1,12.54,SGD
drv_daniel_sg_15,Daniel Goh,firefighter,2025-06-11,2025-06,2025-W24,Wed,1,9,3.1,Orchard,Orchard Road,5,46.2,14.9,SGD
drv_daniel_sg_15,Daniel Goh,firefighter,2025-06-11,2025-06,2025-W24,Wed,2,17,2.78,Changi_Airport,Changi Airport,4,41.36,14.88,SGD
drv_daniel_sg_15,Daniel Goh,firefighter,2025-06-11,2025-06,2025-W24,Wed,3,23,2.82,Orchard,Orchard Road,4,41.98,14.89,SGD
drv_daniel_sg_15,Daniel Goh,firefighter,2025-06-13,2025-06,2025-W24,Fri,1,8,2.89,Marina_Bay,Marina Bay / Sands,4,57.54,19.91,SGD
drv_daniel_sg_15,Daniel Goh,firefighter,2025-06-13,2025-06,2025-W24,Fri,2,17,2.78,Jurong_East,Jurong East,4,55.39,19.92,SGD
drv_daniel_sg_15,Daniel Goh,firefighter,2025-06-13,2025-06,2025-W24,Fri,3,21,3.13,Marina_Bay,Marina Bay / Sands,5,62.27,19.89,SGD
drv_daniel_sg_15,Daniel Goh,firefighter,2025-06-14,2025-06,2025-W24,Sat,1,9,3.23,Jurong_East,Jurong East,3,52.25,16.18,SGD
drv_daniel_sg_15,Daniel Goh,firefighter,2025-06-14,2025-06,2025-W24,Sat,2,19,2.83,Marina_Bay,Marina Bay / Sands,3,45.75,16.17,SGD
drv_daniel_sg_15,Daniel Goh,firefighter,2025-06-14,2025-06,2025-W24,Sat,3,0,2.33,Changi_Airport,Changi Airport,2,37.71,16.18,SGD
drv_daniel_sg_15,Daniel Goh,firefighter,2025-06-15,2025-06,2025-W24,Sun,1,8,2.56,Changi_Airport,Changi Airport,5,37.04,14.47,SGD
drv_daniel_sg_15,Daniel Goh,firefighter,2025-06-15,2025-06,2025-W24,Sun,2,18,3.1,Changi_Airport,Changi Airport,6,44.82,14.46,SGD
drv_daniel_sg_15,Daniel Goh,firefighter,2025-06-15,2025-06,2025-W24,Sun,3,22,2.94,Marina_Bay,Marina Bay / Sands,6,42.58,14.48,SGD
drv_daniel_sg_15,Daniel Goh,firefighter,2025-06-16,2025-06,2025-W25,Mon,1,8,2.67,Jurong_East,Jurong East,5,42.98,16.1,SGD
drv_daniel_sg_15,Daniel Goh,firefighter,2025-06-16,2025-06,2025-W25,Mon,2,20,2.93,Orchard,Orchard Road,6,47.21,16.11,SGD
drv_daniel_sg_15,Daniel Goh,firefighter,2025-06-16,2025-06,2025-W25,Mon,3,21,2.5,Orchard,Orchard Road,5,40.2,16.08,SGD
drv_daniel_sg_15,Daniel Goh,firefighter,2025-06-17,2025-06,2025-W25,Tue,1,9,3.32,Changi_Airport,Changi Airport,5,41.29,12.44,SGD
drv_daniel_sg_15,Daniel Goh,firefighter,2025-06-17,2025-06,2025-W25,Tue,2,18,2.81,Changi_Airport,Changi Airport,5,35.05,12.47,SGD
drv_daniel_sg_15,Daniel Goh,firefighter,2025-06-17,2025-06,2025-W25,Tue,3,0,3.77,Marina_Bay,Marina Bay / Sands,6,46.92,12.45,SGD
drv_daniel_sg_15,Daniel Goh,firefighter,2025-06-18,2025-06,2025-W25,Wed,1,9,3.47,Orchard,Orchard Road,7,20.3,5.85,SGD
drv_daniel_sg_15,Daniel Goh,firefighter,2025-06-18,2025-06,2025-W25,Wed,2,20,3.1,Marina_Bay,Marina Bay / Sands,6,18.18,5.86,SGD
drv_daniel_sg_15,Daniel Goh,firefighter,2025-06-18,2025-06,2025-W25,Wed,3,22,2.63,Changi_Airport,Changi Airport,5,15.41,5.86,SGD
drv_daniel_sg_15,Daniel Goh,firefighter,2025-06-20,2025-06,2025-W25,Fri,1,8,2.62,Changi_Airport,Changi Airport,3,44.41,16.95,SGD
drv_daniel_sg_15,Daniel Goh,firefighter,2025-06-20,2025-06,2025-W25,Fri,2,18,3.37,Marina_Bay,Marina Bay / Sands,4,57.15,16.96,SGD
drv_daniel_sg_15,Daniel Goh,firefighter,2025-06-20,2025-06,2025-W25,Fri,3,21,2.62,Marina_Bay,Marina Bay / Sands,3,44.48,16.98,SGD
drv_daniel_sg_15,Daniel Goh,firefighter,2025-06-21,2025-06,2025-W25,Sat,1,9,3.64,Orchard,Orchard Road,4,87.73,24.1,SGD
drv_daniel_sg_15,Daniel Goh,firefighter,2025-06-21,2025-06,2025-W25,Sat,2,20,4.06,Jurong_East,Jurong East,4,97.75,24.08,SGD
drv_daniel_sg_15,Daniel Goh,firefighter,2025-06-22,2025-06,2025-W25,Sun,1,7,3.72,Orchard,Orchard Road,9,58.54,15.74,SGD
drv_daniel_sg_15,Daniel Goh,firefighter,2025-06-22,2025-06,2025-W25,Sun,2,0,4.18,Jurong_East,Jurong East,11,65.73,15.72,SGD
drv_daniel_sg_15,Daniel Goh,firefighter,2025-06-23,2025-06,2025-W26,Mon,1,9,2.83,Changi_Airport,Changi Airport,4,27.96,9.88,SGD
drv_daniel_sg_15,Daniel Goh,firefighter,2025-06-23,2025-06,2025-W26,Mon,2,17,3.31,Jurong_East,Jurong East,5,32.64,9.86,SGD
drv_daniel_sg_15,Daniel Goh,firefighter,2025-06-23,2025-06,2025-W26,Mon,3,22,2.86,Orchard,Orchard Road,4,28.19,9.86,SGD
drv_daniel_sg_15,Daniel Goh,firefighter,2025-06-24,2025-06,2025-W26,Tue,1,9,4.37,Marina_Bay,Marina Bay / Sands,3,47.62,10.9,SGD
drv_daniel_sg_15,Daniel Goh,firefighter,2025-06-24,2025-06,2025-W26,Tue,2,20,3.15,Jurong_East,Jurong East,3,34.39,10.92,SGD
drv_daniel_sg_15,Daniel Goh,firefighter,2025-06-24,2025-06,2025-W26,Tue,3,22,3.78,Jurong_East,Jurong East,3,41.25,10.91,SGD
drv_daniel_sg_15,Daniel Goh,firefighter,2025-06-25,2025-06,2025-W26,Wed,1,8,2.45,Orchard,Orchard Road,4,42.94,17.53,SGD
drv_daniel_sg_15,Daniel Goh,firefighter,2025-06-25,2025-06,2025-W26,Wed,2,18,3.04,Changi_Airport,Changi Airport,6,53.35,17.55,SGD
drv_daniel_sg_15,Daniel Goh,firefighter,2025-06-25,2025-06,2025-W26,Wed,3,23,3.31,Changi_Airport,Changi Airport,6,58.16,17.57,SGD
drv_daniel_sg_15,Daniel Goh,firefighter,2025-06-27,2025-06,2025-W26,Fri,1,8,3.45,Orchard,Orchard Road,4,58.87,17.06,SGD
drv_daniel_sg_15,Daniel Goh,firefighter,2025-06-27,2025-06,2025-W26,Fri,2,19,3.3,Marina_Bay,Marina Bay / Sands,3,56.44,17.1,SGD
drv_daniel_sg_15,Daniel Goh,firefighter,2025-06-27,2025-06,2025-W26,Fri,3,23,2.85,Jurong_East,Jurong East,3,48.7,17.09,SGD
drv_daniel_sg_15,Daniel Goh,firefighter,2025-06-28,2025-06,2025-W26,Sat,1,7,2.69,Changi_Airport,Changi Airport,6,40.33,14.99,SGD
drv_daniel_sg_15,Daniel Goh,firefighter,2025-06-28,2025-06,2025-W26,Sat,2,20,3.35,Orchard,Orchard Road,8,50.19,14.98,SGD
drv_daniel_sg_15,Daniel Goh,firefighter,2025-06-28,2025-06,2025-W26,Sat,3,0,3.65,Changi_Airport,Changi Airport,8,54.7,14.99,SGD
drv_daniel_sg_15,Daniel Goh,firefighter,2025-06-29,2025-06,2025-W26,Sun,1,17,2.69,Changi_Airport,Changi Airport,11,70.24,26.11,SGD
drv_daniel_sg_15,Daniel Goh,firefighter,2025-06-29,2025-06,2025-W26,Sun,2,21,3.31,Jurong_East,Jurong East,13,86.41,26.11,SGD
drv_daniel_sg_15,Daniel Goh,firefighter,2025-06-30,2025-06,2025-W27,Mon,1,18,2.85,Marina_Bay,Marina Bay / Sands,8,56.83,19.94,SGD
drv_daniel_sg_15,Daniel Goh,firefighter,2025-06-30,2025-06,2025-W27,Mon,2,22,3.35,Marina_Bay,Marina Bay / Sands,9,66.9,19.97,SGD
drv_daniel_sg_15,Daniel Goh,firefighter,2025-07-01,2025-07,2025-W27,Tue,1,9,3.59,Marina_Bay,Marina Bay / Sands,5,74.51,20.75,SGD
drv_daniel_sg_15,Daniel Goh,firefighter,2025-07-01,2025-07,2025-W27,Tue,2,18,2.91,Jurong_East,Jurong East,4,60.57,20.81,SGD
drv_daniel_sg_15,Daniel Goh,firefighter,2025-07-02,2025-07,2025-W27,Wed,1,7,3.89,Marina_Bay,Marina Bay / Sands,4,43.77,11.25,SGD
drv_daniel_sg_15,Daniel Goh,firefighter,2025-07-02,2025-07,2025-W27,Wed,2,19,3.73,Marina_Bay,Marina Bay / Sands,4,41.98,11.25,SGD
drv_daniel_sg_15,Daniel Goh,firefighter,2025-07-02,2025-07,2025-W27,Wed,3,0,4.08,Changi_Airport,Changi Airport,5,46.0,11.27,SGD
drv_daniel_sg_15,Daniel Goh,firefighter,2025-07-04,2025-07,2025-W27,Fri,1,9,2.68,Orchard,Orchard Road,4,46.39,17.31,SGD
drv_daniel_sg_15,Daniel Goh,firefighter,2025-07-04,2025-07,2025-W27,Fri,2,19,2.76,Orchard,Orchard Road,4,47.75,17.3,SGD
drv_daniel_sg_15,Daniel Goh,firefighter,2025-07-04,2025-07,2025-W27,Fri,3,0,2.76,Marina_Bay,Marina Bay / Sands,4,47.77,17.31,SGD
drv_daniel_sg_15,Daniel Goh,firefighter,2025-07-05,2025-07,2025-W27,Sat,1,18,3.51,Marina_Bay,Marina Bay / Sands,10,74.54,21.24,SGD
drv_daniel_sg_15,Daniel Goh,firefighter,2025-07-05,2025-07,2025-W27,Sat,2,22,3.79,Orchard,Orchard Road,10,80.7,21.29,SGD
drv_daniel_sg_15,Daniel Goh,firefighter,2025-07-06,2025-07,2025-W27,Sun,1,7,3.14,Changi_Airport,Changi Airport,10,33.53,10.68,SGD
drv_daniel_sg_15,Daniel Goh,firefighter,2025-07-06,2025-07,2025-W27,Sun,2,22,3.26,Marina_Bay,Marina Bay / Sands,10,34.91,10.71,SGD
drv_daniel_sg_15,Daniel Goh,firefighter,2025-07-07,2025-07,2025-W28,Mon,1,9,4.22,Orchard,Orchard Road,9,44.2,10.47,SGD
drv_daniel_sg_15,Daniel Goh,firefighter,2025-07-07,2025-07,2025-W28,Mon,2,20,2.98,Changi_Airport,Changi Airport,6,31.19,10.47,SGD
drv_daniel_sg_15,Daniel Goh,firefighter,2025-07-07,2025-07,2025-W28,Mon,3,23,3.51,Marina_Bay,Marina Bay / Sands,7,36.76,10.47,SGD
drv_daniel_sg_15,Daniel Goh,firefighter,2025-07-08,2025-07,2025-W28,Tue,1,9,3.35,Orchard,Orchard Road,5,33.87,10.11,SGD
drv_daniel_sg_15,Daniel Goh,firefighter,2025-07-08,2025-07,2025-W28,Tue,2,20,3.2,Marina_Bay,Marina Bay / Sands,5,32.4,10.12,SGD
drv_daniel_sg_15,Daniel Goh,firefighter,2025-07-08,2025-07,2025-W28,Tue,3,23,3.35,Orchard,Orchard Road,5,33.9,10.12,SGD
drv_daniel_sg_15,Daniel Goh,firefighter,2025-07-09,2025-07,2025-W28,Wed,1,8,2.76,Changi_Airport,Changi Airport,3,42.51,15.4,SGD
drv_daniel_sg_15,Daniel Goh,firefighter,2025-07-09,2025-07,2025-W28,Wed,2,20,2.67,Jurong_East,Jurong East,3,41.04,15.37,SGD
drv_daniel_sg_15,Daniel Goh,firefighter,2025-07-09,2025-07,2025-W28,Wed,3,0,3.37,Orchard,Orchard Road,4,51.88,15.39,SGD
drv_daniel_sg_15,Daniel Goh,firefighter,2025-07-11,2025-07,2025-W28,Fri,1,18,3.49,Jurong_East,Jurong East,7,52.16,14.95,SGD
drv_daniel_sg_15,Daniel Goh,firefighter,2025-07-11,2025-07,2025-W28,Fri,2,0,4.41,Marina_Bay,Marina Bay / Sands,9,65.9,14.94,SGD
drv_daniel_sg_15,Daniel Goh,firefighter,2025-07-12,2025-07,2025-W28,Sat,1,7,2.89,Jurong_East,Jurong East,3,50.7,17.54,SGD
drv_daniel_sg_15,Daniel Goh,firefighter,2025-07-12,2025-07,2025-W28,Sat,2,18,2.65,Marina_Bay,Marina Bay / Sands,3,46.41,17.51,SGD
drv_daniel_sg_15,Daniel Goh,firefighter,2025-07-12,2025-07,2025-W28,Sat,3,23,2.66,Marina_Bay,Marina Bay / Sands,3,46.71,17.56,SGD
drv_daniel_sg_15,Daniel Goh,firefighter,2025-07-13,2025-07,2025-W28,Sun,1,8,3.36,Jurong_East,Jurong East,8,47.1,14.02,SGD
drv_daniel_sg_15,Daniel Goh,firefighter,2025-07-13,2025-07,2025-W28,Sun,2,17,3.22,Orchard,Orchard Road,8,45.14,14.02,SGD
drv_daniel_sg_15,Daniel Goh,firefighter,2025-07-13,2025-07,2025-W28,Sun,3,23,3.72,Orchard,Orchard Road,9,52.17,14.02,SGD
drv_daniel_sg_15,Daniel Goh,firefighter,2025-07-14,2025-07,2025-W29,Mon,1,8,2.94,Jurong_East,Jurong East,6,48.04,16.34,SGD
drv_daniel_sg_15,Daniel Goh,firefighter,2025-07-14,2025-07,2025-W29,Mon,2,23,3.16,Changi_Airport,Changi Airport,7,51.76,16.38,SGD
drv_daniel_sg_15,Daniel Goh,firefighter,2025-07-15,2025-07,2025-W29,Tue,1,9,3.9,Jurong_East,Jurong East,4,46.58,11.94,SGD
drv_daniel_sg_15,Daniel Goh,firefighter,2025-07-15,2025-07,2025-W29,Tue,2,18,3.24,Changi_Airport,Changi Airport,3,38.73,11.95,SGD
drv_daniel_sg_15,Daniel Goh,firefighter,2025-07-15,2025-07,2025-W29,Tue,3,0,3.76,Changi_Airport,Changi Airport,4,44.94,11.95,SGD
drv_daniel_sg_15,Daniel Goh,firefighter,2025-07-16,2025-07,2025-W29,Wed,1,7,3.81,Orchard,Orchard Road,4,43.09,11.31,SGD
drv_daniel_sg_15,Daniel Goh,firefighter,2025-07-16,2025-07,2025-W29,Wed,2,20,3.44,Changi_Airport,Changi Airport,4,38.87,11.3,SGD
drv_daniel_sg_15,Daniel Goh,firefighter,2025-07-16,2025-07,2025-W29,Wed,3,22,3.16,Orchard,Orchard Road,4,35.71,11.3,SGD
drv_daniel_sg_15,Daniel Goh,firefighter,2025-07-18,2025-07,2025-W29,Fri,1,9,4.28,Orchard,Orchard Road,7,62.68,14.64,SGD
drv_daniel_sg_15,Daniel Goh,firefighter,2025-07-18,2025-07,2025-W29,Fri,2,17,3.73,Orchard,Orchard Road,6,54.61,14.64,SGD
drv_daniel_sg_15,Daniel Goh,firefighter,2025-07-18,2025-07,2025-W29,Fri,3,22,3.7,Marina_Bay,Marina Bay / Sands,6,54.17,14.64,SGD
drv_daniel_sg_15,Daniel Goh,firefighter,2025-07-19,2025-07,2025-W29,Sat,1,7,3.56,Changi_Airport,Changi Airport,6,49.47,13.9,SGD
drv_daniel_sg_15,Daniel Goh,firefighter,2025-07-19,2025-07,2025-W29,Sat,2,17,3.66,Marina_Bay,Marina Bay / Sands,6,50.87,13.9,SGD
drv_daniel_sg_15,Daniel Goh,firefighter,2025-07-19,2025-07,2025-W29,Sat,3,22,3.78,Marina_Bay,Marina Bay / Sands,7,52.62,13.92,SGD
drv_daniel_sg_15,Daniel Goh,firefighter,2025-07-20,2025-07,2025-W29,Sun,1,9,3.52,Marina_Bay,Marina Bay / Sands,6,41.67,11.84,SGD
drv_daniel_sg_15,Daniel Goh,firefighter,2025-07-20,2025-07,2025-W29,Sun,2,19,3.06,Orchard,Orchard Road,5,36.16,11.82,SGD
drv_daniel_sg_15,Daniel Goh,firefighter,2025-07-20,2025-07,2025-W29,Sun,3,21,3.52,Orchard,Orchard Road,6,41.67,11.84,SGD
drv_daniel_sg_15,Daniel Goh,firefighter,2025-07-21,2025-07,2025-W30,Mon,1,8,3.8,Changi_Airport,Changi Airport,6,42.94,11.3,SGD
drv_daniel_sg_15,Daniel Goh,firefighter,2025-07-21,2025-07,2025-W30,Mon,2,19,3.89,Marina_Bay,Marina Bay / Sands,7,43.95,11.3,SGD
drv_daniel_sg_15,Daniel Goh,firefighter,2025-07-21,2025-07,2025-W30,Mon,3,22,3.52,Orchard,Orchard Road,6,39.8,11.31,SGD
drv_daniel_sg_15,Daniel Goh,firefighter,2025-07-22,2025-07,2025-W30,Tue,1,9,3.22,Changi_Airport,Changi Airport,6,37.67,11.7,SGD
drv_daniel_sg_15,Daniel Goh,firefighter,2025-07-22,2025-07,2025-W30,Tue,2,20,3.09,Orchard,Orchard Road,6,36.18,11.71,SGD
drv_daniel_sg_15,Daniel Goh,firefighter,2025-07-22,2025-07,2025-W30,Tue,3,22,2.6,Orchard,Orchard Road,5,30.4,11.69,SGD
drv_daniel_sg_15,Daniel Goh,firefighter,2025-07-23,2025-07,2025-W30,Wed,1,7,3.07,Marina_Bay,Marina Bay / Sands,4,35.83,11.67,SGD
drv_daniel_sg_15,Daniel Goh,firefighter,2025-07-23,2025-07,2025-W30,Wed,2,20,3.43,Changi_Airport,Changi Airport,5,40.11,11.69,SGD
drv_daniel_sg_15,Daniel Goh,firefighter,2025-07-25,2025-07,2025-W30,Fri,1,7,3.25,Orchard,Orchard Road,9,57.91,17.82,SGD
drv_daniel_sg_15,Daniel Goh,firefighter,2025-07-25,2025-07,2025-W30,Fri,2,18,4.05,Orchard,Orchard Road,12,72.04,17.79,SGD
drv_daniel_sg_15,Daniel Goh,firefighter,2025-07-26,2025-07,2025-W30,Sat,1,8,3.57,Orchard,Orchard Road,7,49.49,13.86,SGD
drv_daniel_sg_15,Daniel Goh,firefighter,2025-07-26,2025-07,2025-W30,Sat,2,19,4.42,Jurong_East,Jurong East,9,61.25,13.86,SGD
drv_daniel_sg_15,Daniel Goh,firefighter,2025-07-26,2025-07,2025-W30,Sat,3,22,3.7,Marina_Bay,Marina Bay / Sands,7,51.25,13.85,SGD
drv_daniel_sg_15,Daniel Goh,firefighter,2025-07-27,2025-07,2025-W30,Sun,1,8,2.18,Marina_Bay,Marina Bay / Sands,5,21.37,9.8,SGD
drv_daniel_sg_15,Daniel Goh,firefighter,2025-07-27,2025-07,2025-W30,Sun,2,17,2.86,Marina_Bay,Marina Bay / Sands,6,27.96,9.78,SGD
drv_daniel_sg_15,Daniel Goh,firefighter,2025-07-27,2025-07,2025-W30,Sun,3,23,3.16,Jurong_East,Jurong East,7,30.93,9.79,SGD
drv_daniel_sg_15,Daniel Goh,firefighter,2025-07-28,2025-07,2025-W31,Mon,1,7,3.43,Orchard,Orchard Road,7,45.98,13.41,SGD
drv_daniel_sg_15,Daniel Goh,firefighter,2025-07-28,2025-07,2025-W31,Mon,2,17,4.17,Orchard,Orchard Road,9,55.78,13.38,SGD
drv_daniel_sg_15,Daniel Goh,firefighter,2025-07-29,2025-07,2025-W31,Tue,1,8,4.11,Orchard,Orchard Road,10,53.7,13.07,SGD
drv_daniel_sg_15,Daniel Goh,firefighter,2025-07-29,2025-07,2025-W31,Tue,2,17,3.49,Marina_Bay,Marina Bay / Sands,9,45.61,13.07,SGD
drv_daniel_sg_15,Daniel Goh,firefighter,2025-07-30,2025-07,2025-W31,Wed,1,7,3.05,Changi_Airport,Changi Airport,5,42.62,13.97,SGD
drv_daniel_sg_15,Daniel Goh,firefighter,2025-07-30,2025-07,2025-W31,Wed,2,17,3.29,Orchard,Orchard Road,5,46.0,13.98,SGD
drv_daniel_sg_15,Daniel Goh,firefighter,2025-07-30,2025-07,2025-W31,Wed,3,21,3.46,Orchard,Orchard Road,6,48.33,13.97,SGD
drv_daniel_sg_15,Daniel Goh,firefighter,2025-08-01,2025-08,2025-W31,Fri,1,9,3.23,Marina_Bay,Marina Bay / Sands,3,39.61,12.26,SGD
drv_daniel_sg_15,Daniel Goh,firefighter,2025-08-01,2025-08,2025-W31,Fri,2,19,3.64,Jurong_East,Jurong East,4,44.63,12.26,SGD
drv_daniel_sg_15,Daniel Goh,firefighter,2025-08-01,2025-08,2025-W31,Fri,3,22,3.33,Jurong_East,Jurong East,3,40.92,12.29,SGD
drv_daniel_sg_15,Daniel Goh,firefighter,2025-08-02,2025-08,2025-W31,Sat,1,7,2.74,Marina_Bay,Marina Bay / Sands,4,53.61,19.57,SGD
drv_daniel_sg_15,Daniel Goh,firefighter,2025-08-02,2025-08,2025-W31,Sat,2,17,3.13,Jurong_East,Jurong East,4,61.3,19.58,SGD
drv_daniel_sg_15,Daniel Goh,firefighter,2025-08-02,2025-08,2025-W31,Sat,3,21,2.63,Orchard,Orchard Road,3,51.38,19.54,SGD
drv_daniel_sg_15,Daniel Goh,firefighter,2025-08-03,2025-08,2025-W31,Sun,1,9,4.02,Jurong_East,Jurong East,5,74.31,18.49,SGD
drv_daniel_sg_15,Daniel Goh,firefighter,2025-08-03,2025-08,2025-W31,Sun,2,22,3.08,Changi_Airport,Changi Airport,4,56.85,18.46,SGD
drv_daniel_sg_15,Daniel Goh,firefighter,2025-08-04,2025-08,2025-W32,Mon,1,8,2.89,Jurong_East,Jurong East,5,29.44,10.19,SGD
drv_daniel_sg_15,Daniel Goh,firefighter,2025-08-04,2025-08,2025-W32,Mon,2,17,3.92,Marina_Bay,Marina Bay / Sands,7,39.94,10.19,SGD
drv_daniel_sg_15,Daniel Goh,firefighter,2025-08-04,2025-08,2025-W32,Mon,3,21,3.29,Orchard,Orchard Road,6,33.56,10.2,SGD
drv_daniel_sg_15,Daniel Goh,firefighter,2025-08-05,2025-08,2025-W32,Tue,1,7,3.56,Changi_Airport,Changi Airport,6,33.85,9.51,SGD
drv_daniel_sg_15,Daniel Goh,firefighter,2025-08-05,2025-08,2025-W32,Tue,2,20,4.04,Marina_Bay,Marina Bay / Sands,7,38.5,9.53,SGD
drv_daniel_sg_15,Daniel Goh,firefighter,2025-08-05,2025-08,2025-W32,Tue,3,21,3.4,Jurong_East,Jurong East,6,32.35,9.51,SGD
drv_daniel_sg_15,Daniel Goh,firefighter,2025-08-06,2025-08,2025-W32,Wed,1,7,2.88,Changi_Airport,Changi Airport,5,39.43,13.69,SGD
drv_daniel_sg_15,Daniel Goh,firefighter,2025-08-06,2025-08,2025-W32,Wed,2,18,2.46,Orchard,Orchard Road,4,33.72,13.71,SGD
drv_daniel_sg_15,Daniel Goh,firefighter,2025-08-06,2025-08,2025-W32,Wed,3,0,2.76,Changi_Airport,Changi Airport,4,37.72,13.67,SGD
drv_daniel_sg_15,Daniel Goh,firefighter,2025-08-08,2025-08,2025-W32,Fri,1,9,3.16,Orchard,Orchard Road,4,52.12,16.49,SGD
drv_daniel_sg_15,Daniel Goh,firefighter,2025-08-08,2025-08,2025-W32,Fri,2,18,4.3,Marina_Bay,Marina Bay / Sands,5,70.94,16.5,SGD
drv_daniel_sg_15,Daniel Goh,firefighter,2025-08-08,2025-08,2025-W32,Fri,3,22,3.24,Marina_Bay,Marina Bay / Sands,4,53.45,16.5,SGD
drv_daniel_sg_15,Daniel Goh,firefighter,2025-08-09,2025-08,2025-W32,Sat,1,9,3.04,Marina_Bay,Marina Bay / Sands,5,66.85,21.99,SGD
drv_daniel_sg_15,Daniel Goh,firefighter,2025-08-09,2025-08,2025-W32,Sat,2,19,3.36,Marina_Bay,Marina Bay / Sands,6,73.95,22.01,SGD
drv_daniel_sg_15,Daniel Goh,firefighter,2025-08-10,2025-08,2025-W32,Sun,1,9,3.18,Orchard,Orchard Road,6,48.03,15.1,SGD
drv_daniel_sg_15,Daniel Goh,firefighter,2025-08-10,2025-08,2025-W32,Sun,2,17,2.56,Jurong_East,Jurong East,5,38.64,15.09,SGD
drv_daniel_sg_15,Daniel Goh,firefighter,2025-08-10,2025-08,2025-W32,Sun,3,23,2.55,Changi_Airport,Changi Airport,5,38.53,15.11,SGD
drv_daniel_sg_15,Daniel Goh,firefighter,2025-08-11,2025-08,2025-W33,Mon,1,9,3.41,Marina_Bay,Marina Bay / Sands,8,30.63,8.98,SGD
drv_daniel_sg_15,Daniel Goh,firefighter,2025-08-11,2025-08,2025-W33,Mon,2,19,3.62,Marina_Bay,Marina Bay / Sands,8,32.49,8.98,SGD
drv_daniel_sg_15,Daniel Goh,firefighter,2025-08-11,2025-08,2025-W33,Mon,3,22,2.88,Marina_Bay,Marina Bay / Sands,6,25.86,8.98,SGD
drv_daniel_sg_15,Daniel Goh,firefighter,2025-08-12,2025-08,2025-W33,Tue,1,20,2.75,Marina_Bay,Marina Bay / Sands,4,48.79,17.74,SGD
drv_daniel_sg_15,Daniel Goh,firefighter,2025-08-12,2025-08,2025-W33,Tue,2,21,3.85,Jurong_East,Jurong East,6,68.21,17.72,SGD
drv_daniel_sg_15,Daniel Goh,firefighter,2025-08-13,2025-08,2025-W33,Wed,1,17,3.64,Jurong_East,Jurong East,6,56.62,15.55,SGD
drv_daniel_sg_15,Daniel Goh,firefighter,2025-08-13,2025-08,2025-W33,Wed,2,0,2.96,Marina_Bay,Marina Bay / Sands,5,46.15,15.59,SGD
drv_daniel_sg_15,Daniel Goh,firefighter,2025-08-15,2025-08,2025-W33,Fri,1,7,3.28,Marina_Bay,Marina Bay / Sands,6,52.06,15.87,SGD
drv_daniel_sg_15,Daniel Goh,firefighter,2025-08-15,2025-08,2025-W33,Fri,2,17,3.24,Changi_Airport,Changi Airport,6,51.41,15.87,SGD
drv_daniel_sg_15,Daniel Goh,firefighter,2025-08-15,2025-08,2025-W33,Fri,3,22,3.38,Jurong_East,Jurong East,6,53.55,15.84,SGD
drv_daniel_sg_15,Daniel Goh,firefighter,2025-08-16,2025-08,2025-W33,Sat,1,8,3.77,Changi_Airport,Changi Airport,8,42.69,11.32,SGD
drv_daniel_sg_15,Daniel Goh,firefighter,2025-08-16,2025-08,2025-W33,Sat,2,18,3.52,Changi_Airport,Changi Airport,7,39.82,11.31,SGD
drv_daniel_sg_15,Daniel Goh,firefighter,2025-08-16,2025-08,2025-W33,Sat,3,23,3.62,Jurong_East,Jurong East,7,40.97,11.32,SGD
drv_daniel_sg_15,Daniel Goh,firefighter,2025-08-17,2025-08,2025-W33,Sun,1,8,2.97,Orchard,Orchard Road,3,44.02,14.82,SGD
drv_daniel_sg_15,Daniel Goh,firefighter,2025-08-17,2025-08,2025-W33,Sun,2,17,3.04,Jurong_East,Jurong East,3,45.21,14.87,SGD
drv_daniel_sg_15,Daniel Goh,firefighter,2025-08-17,2025-08,2025-W33,Sun,3,21,2.69,Changi_Airport,Changi Airport,3,39.94,14.85,SGD
drv_daniel_sg_15,Daniel Goh,firefighter,2025-08-18,2025-08,2025-W34,Mon,1,8,4.0,Orchard,Orchard Road,10,56.25,14.06,SGD
drv_daniel_sg_15,Daniel Goh,firefighter,2025-08-18,2025-08,2025-W34,Mon,2,21,3.9,Orchard,Orchard Road,10,54.84,14.06,SGD
drv_daniel_sg_15,Daniel Goh,firefighter,2025-08-19,2025-08,2025-W34,Tue,1,7,3.42,Orchard,Orchard Road,7,41.34,12.09,SGD
drv_daniel_sg_15,Daniel Goh,firefighter,2025-08-19,2025-08,2025-W34,Tue,2,19,3.43,Changi_Airport,Changi Airport,7,41.38,12.06,SGD
drv_daniel_sg_15,Daniel Goh,firefighter,2025-08-19,2025-08,2025-W34,Tue,3,0,3.55,Marina_Bay,Marina Bay / Sands,8,42.8,12.06,SGD
drv_daniel_sg_15,Daniel Goh,firefighter,2025-08-20,2025-08,2025-W34,Wed,1,9,3.44,Orchard,Orchard Road,3,46.07,13.39,SGD
drv_daniel_sg_15,Daniel Goh,firefighter,2025-08-20,2025-08,2025-W34,Wed,2,19,3.52,Jurong_East,Jurong East,3,47.08,13.38,SGD
drv_daniel_sg_15,Daniel Goh,firefighter,2025-08-20,2025-08,2025-W34,Wed,3,22,3.14,Jurong_East,Jurong East,2,42.04,13.39,SGD
drv_daniel_sg_15,Daniel Goh,firefighter,2025-08-22,2025-08,2025-W34,Fri,1,7,3.61,Marina_Bay,Marina Bay / Sands,7,73.1,20.25,SGD
drv_daniel_sg_15,Daniel Goh,firefighter,2025-08-22,2025-08,2025-W34,Fri,2,22,3.49,Changi_Airport,Changi Airport,7,70.7,20.26,SGD
drv_daniel_sg_15,Daniel Goh,firefighter,2025-08-23,2025-08,2025-W34,Sat,1,8,4.11,Changi_Airport,Changi Airport,10,97.42,23.7,SGD
drv_daniel_sg_15,Daniel Goh,firefighter,2025-08-23,2025-08,2025-W34,Sat,2,19,3.39,Orchard,Orchard Road,8,80.28,23.68,SGD
drv_daniel_sg_15,Daniel Goh,firefighter,2025-08-24,2025-08,2025-W34,Sun,1,7,2.76,Jurong_East,Jurong East,6,38.95,14.11,SGD
drv_daniel_sg_15,Daniel Goh,firefighter,2025-08-24,2025-08,2025-W34,Sun,2,17,3.68,Orchard,Orchard Road,9,52.04,14.14,SGD
drv_daniel_sg_15,Daniel Goh,firefighter,2025-08-24,2025-08,2025-W34,Sun,3,21,3.36,Changi_Airport,Changi Airport,8,47.53,14.15,SGD
drv_daniel_sg_15,Daniel Goh,firefighter,2025-08-25,2025-08,2025-W35,Mon,1,7,3.79,Jurong_East,Jurong East,3,37.95,10.01,SGD
drv_daniel_sg_15,Daniel Goh,firefighter,2025-08-25,2025-08,2025-W35,Mon,2,20,3.57,Marina_Bay,Marina Bay / Sands,3,35.76,10.02,SGD
drv_daniel_sg_15,Daniel Goh,firefighter,2025-08-25,2025-08,2025-W35,Mon,3,21,3.54,Orchard,Orchard Road,3,35.48,10.02,SGD
drv_daniel_sg_15,Daniel Goh,firefighter,2025-08-26,2025-08,2025-W35,Tue,1,7,3.43,Orchard,Orchard Road,7,22.51,6.56,SGD
drv_daniel_sg_15,Daniel Goh,firefighter,2025-08-26,2025-08,2025-W35,Tue,2,17,3.95,Changi_Airport,Changi Airport,8,25.89,6.55,SGD
drv_daniel_sg_15,Daniel Goh,firefighter,2025-08-26,2025-08,2025-W35,Tue,3,0,2.82,Changi_Airport,Changi Airport,6,18.5,6.56,SGD
drv_daniel_sg_15,Daniel Goh,firefighter,2025-08-27,2025-08,2025-W35,Wed,1,19,3.04,Orchard,Orchard Road,11,57.67,18.97,SGD
drv_daniel_sg_15,Daniel Goh,firefighter,2025-08-27,2025-08,2025-W35,Wed,2,22,3.16,Jurong_East,Jurong East,12,59.99,18.98,SGD
drv_daniel_sg_15,Daniel Goh,firefighter,2025-08-29,2025-08,2025-W35,Fri,1,7,3.46,Marina_Bay,Marina Bay / Sands,6,60.68,17.54,SGD
drv_daniel_sg_15,Daniel Goh,firefighter,2025-08-29,2025-08,2025-W35,Fri,2,20,2.91,Changi_Airport,Changi Airport,5,51.16,17.58,SGD
drv_daniel_sg_15,Daniel Goh,firefighter,2025-08-29,2025-08,2025-W35,Fri,3,21,2.83,Marina_Bay,Marina Bay / Sands,5,49.65,17.54,SGD
drv_daniel_sg_15,Daniel Goh,firefighter,2025-08-30,2025-08,2025-W35,Sat,1,20,3.73,Jurong_East,Jurong East,11,64.34,17.25,SGD
drv_daniel_sg_15,Daniel Goh,firefighter,2025-08-30,2025-08,2025-W35,Sat,2,21,3.07,Jurong_East,Jurong East,9,53.08,17.29,SGD
drv_daniel_sg_15,Daniel Goh,firefighter,2025-08-31,2025-08,2025-W35,Sun,1,7,3.0,Marina_Bay,Marina Bay / Sands,5,34.64,11.55,SGD
drv_daniel_sg_15,Daniel Goh,firefighter,2025-08-31,2025-08,2025-W35,Sun,2,17,4.02,Changi_Airport,Changi Airport,7,46.45,11.55,SGD
drv_daniel_sg_15,Daniel Goh,firefighter,2025-08-31,2025-08,2025-W35,Sun,3,0,2.79,Marina_Bay,Marina Bay / Sands,5,32.21,11.54,SGD
drv_daniel_sg_15,Daniel Goh,firefighter,2025-09-01,2025-09,2025-W36,Mon,1,7,2.72,Jurong_East,Jurong East,4,29.7,10.92,SGD
drv_daniel_sg_15,Daniel Goh,firefighter,2025-09-01,2025-09,2025-W36,Mon,2,17,3.85,Orchard,Orchard Road,6,42.06,10.92,SGD
drv_daniel_sg_15,Daniel Goh,firefighter,2025-09-01,2025-09,2025-W36,Mon,3,0,3.53,Jurong_East,Jurong East,6,38.5,10.91,SGD
drv_daniel_sg_15,Daniel Goh,firefighter,2025-09-02,2025-09,2025-W36,Tue,1,8,3.3,Changi_Airport,Changi Airport,5,33.93,10.28,SGD
drv_daniel_sg_15,Daniel Goh,firefighter,2025-09-02,2025-09,2025-W36,Tue,2,17,3.15,Changi_Airport,Changi Airport,5,32.33,10.26,SGD
drv_daniel_sg_15,Daniel Goh,firefighter,2025-09-02,2025-09,2025-W36,Tue,3,21,3.55,Changi_Airport,Changi Airport,5,36.45,10.27,SGD
drv_daniel_sg_15,Daniel Goh,firefighter,2025-09-03,2025-09,2025-W36,Wed,1,8,3.36,Changi_Airport,Changi Airport,6,32.34,9.63,SGD
drv_daniel_sg_15,Daniel Goh,firefighter,2025-09-03,2025-09,2025-W36,Wed,2,20,3.73,Orchard,Orchard Road,7,35.95,9.64,SGD
drv_daniel_sg_15,Daniel Goh,firefighter,2025-09-03,2025-09,2025-W36,Wed,3,23,3.21,Changi_Airport,Changi Airport,6,30.87,9.62,SGD
drv_daniel_sg_15,Daniel Goh,firefighter,2025-09-05,2025-09,2025-W36,Fri,1,7,3.61,Orchard,Orchard Road,6,82.07,22.73,SGD
drv_daniel_sg_15,Daniel Goh,firefighter,2025-09-05,2025-09,2025-W36,Fri,2,22,3.09,Jurong_East,Jurong East,5,70.15,22.7,SGD
drv_daniel_sg_15,Daniel Goh,firefighter,2025-09-06,2025-09,2025-W36,Sat,1,9,3.31,Orchard,Orchard Road,7,85.61,25.86,SGD
drv_daniel_sg_15,Daniel Goh,firefighter,2025-09-06,2025-09,2025-W36,Sat,2,18,2.99,Orchard,Orchard Road,6,77.46,25.91,SGD
drv_daniel_sg_15,Daniel Goh,firefighter,2025-09-07,2025-09,2025-W36,Sun,1,7,3.81,Orchard,Orchard Road,7,39.04,10.25,SGD
drv_daniel_sg_15,Daniel Goh,firefighter,2025-09-07,2025-09,2025-W36,Sun,2,17,4.16,Jurong_East,Jurong East,8,42.72,10.27,SGD
drv_daniel_sg_15,Daniel Goh,firefighter,2025-09-07,2025-09,2025-W36,Sun,3,22,3.93,Orchard,Orchard Road,7,40.3,10.25,SGD
drv_daniel_sg_15,Daniel Goh,firefighter,2025-09-08,2025-09,2025-W37,Mon,1,8,4.17,Orchard,Orchard Road,6,31.15,7.47,SGD
drv_daniel_sg_15,Daniel Goh,firefighter,2025-09-08,2025-09,2025-W37,Mon,2,17,3.72,Jurong_East,Jurong East,5,27.78,7.47,SGD
drv_daniel_sg_15,Daniel Goh,firefighter,2025-09-08,2025-09,2025-W37,Mon,3,0,3.31,Changi_Airport,Changi Airport,4,24.72,7.47,SGD
drv_daniel_sg_15,Daniel Goh,firefighter,2025-09-09,2025-09,2025-W37,Tue,1,7,3.42,Orchard,Orchard Road,6,36.31,10.62,SGD
drv_daniel_sg_15,Daniel Goh,firefighter,2025-09-09,2025-09,2025-W37,Tue,2,19,3.7,Orchard,Orchard Road,7,39.3,10.62,SGD
drv_daniel_sg_15,Daniel Goh,firefighter,2025-09-09,2025-09,2025-W37,Tue,3,23,3.08,Jurong_East,Jurong East,6,32.71,10.62,SGD
drv_daniel_sg_15,Daniel Goh,firefighter,2025-09-10,2025-09,2025-W37,Wed,1,20,3.12,Changi_Airport,Changi Airport,8,69.46,22.26,SGD
drv_daniel_sg_15,Daniel Goh,firefighter,2025-09-10,2025-09,2025-W37,Wed,2,0,2.98,Changi_Airport,Changi Airport,8,66.34,22.26,SGD
drv_daniel_sg_15,Daniel Goh,firefighter,2025-09-12,2025-09,2025-W37,Fri,1,8,3.18,Jurong_East,Jurong East,11,59.01,18.56,SGD
drv_daniel_sg_15,Daniel Goh,firefighter,2025-09-12,2025-09,2025-W37,Fri,2,18,3.52,Marina_Bay,Marina Bay / Sands,13,65.43,18.59,SGD
drv_daniel_sg_15,Daniel Goh,firefighter,2025-09-13,2025-09,2025-W37,Sat,1,9,3.93,Marina_Bay,Marina Bay / Sands,9,32.97,8.39,SGD
drv_daniel_sg_15,Daniel Goh,firefighter,2025-09-13,2025-09,2025-W37,Sat,2,20,2.7,Changi_Airport,Changi Airport,6,22.67,8.4,SGD
drv_daniel_sg_15,Daniel Goh,firefighter,2025-09-13,2025-09,2025-W37,Sat,3,22,3.06,Marina_Bay,Marina Bay / Sands,7,25.69,8.4,SGD
drv_daniel_sg_15,Daniel Goh,firefighter,2025-09-14,2025-09,2025-W37,Sun,1,8,3.98,Changi_Airport,Changi Airport,10,55.49,13.94,SGD
drv_daniel_sg_15,Daniel Goh,firefighter,2025-09-14,2025-09,2025-W37,Sun,2,21,3.02,Jurong_East,Jurong East,8,41.99,13.9,SGD
drv_daniel_sg_15,Daniel Goh,firefighter,2025-09-15,2025-09,2025-W38,Mon,1,8,3.6,Orchard,Orchard Road,7,31.1,8.64,SGD
drv_daniel_sg_15,Daniel Goh,firefighter,2025-09-15,2025-09,2025-W38,Mon,2,20,3.96,Orchard,Orchard Road,7,34.22,8.64,SGD
drv_daniel_sg_15,Daniel Goh,firefighter,2025-09-15,2025-09,2025-W38,Mon,3,21,2.73,Marina_Bay,Marina Bay / Sands,5,23.59,8.64,SGD
drv_daniel_sg_15,Daniel Goh,firefighter,2025-09-16,2025-09,2025-W38,Tue,1,9,3.98,Changi_Airport,Changi Airport,6,37.13,9.33,SGD
drv_daniel_sg_15,Daniel Goh,firefighter,2025-09-16,2025-09,2025-W38,Tue,2,20,3.76,Jurong_East,Jurong East,6,34.99,9.31,SGD
drv_daniel_sg_15,Daniel Goh,firefighter,2025-09-16,2025-09,2025-W38,Tue,3,21,3.86,Changi_Airport,Changi Airport,6,35.97,9.32,SGD
drv_daniel_sg_15,Daniel Goh,firefighter,2025-09-17,2025-09,2025-W38,Wed,1,9,3.3,Jurong_East,Jurong East,7,65.04,19.71,SGD
drv_daniel_sg_15,Daniel Goh,firefighter,2025-09-17,2025-09,2025-W38,Wed,2,20,2.9,Changi_Airport,Changi Airport,7,57.17,19.71,SGD
drv_daniel_sg_15,Daniel Goh,firefighter,2025-09-19,2025-09,2025-W38,Fri,1,8,3.24,Changi_Airport,Changi Airport,8,47.88,14.78,SGD
drv_daniel_sg_15,Daniel Goh,firefighter,2025-09-19,2025-09,2025-W38,Fri,2,18,3.16,Jurong_East,Jurong East,7,46.69,14.78,SGD
drv_daniel_sg_15,Daniel Goh,firefighter,2025-09-19,2025-09,2025-W38,Fri,3,22,3.39,Jurong_East,Jurong East,8,50.05,14.76,SGD
drv_daniel_sg_15,Daniel Goh,firefighter,2025-09-20,2025-09,2025-W38,Sat,1,9,3.91,Marina_Bay,Marina Bay / Sands,11,67.16,17.18,SGD
drv_daniel_sg_15,Daniel Goh,firefighter,2025-09-20,2025-09,2025-W38,Sat,2,22,3.89,Changi_Airport,Changi Airport,11,66.98,17.22,SGD
drv_daniel_sg_15,Daniel Goh,firefighter,2025-09-21,2025-09,2025-W38,Sun,1,8,3.08,Jurong_East,Jurong East,3,40.08,13.01,SGD
drv_daniel_sg_15,Daniel Goh,firefighter,2025-09-21,2025-09,2025-W38,Sun,2,20,3.56,Orchard,Orchard Road,4,46.36,13.02,SGD
drv_daniel_sg_15,Daniel Goh,firefighter,2025-09-21,2025-09,2025-W38,Sun,3,0,2.56,Orchard,Orchard Road,3,33.28,13.0,SGD
drv_daniel_sg_15,Daniel Goh,firefighter,2025-09-22,2025-09,2025-W39,Mon,1,7,3.18,Marina_Bay,Marina Bay / Sands,6,25.69,8.08,SGD
drv_daniel_sg_15,Daniel Goh,firefighter,2025-09-22,2025-09,2025-W39,Mon,2,20,2.99,Changi_Airport,Changi Airport,6,24.15,8.08,SGD
drv_daniel_sg_15,Daniel Goh,firefighter,2025-09-22,2025-09,2025-W39,Mon,3,21,2.32,Jurong_East,Jurong East,5,18.73,8.07,SGD
drv_daniel_sg_15,Daniel Goh,firefighter,2025-09-23,2025-09,2025-W39,Tue,1,9,3.25,Changi_Airport,Changi Airport,6,38.51,11.85,SGD
drv_daniel_sg_15,Daniel Goh,firefighter,2025-09-23,2025-09,2025-W39,Tue,2,17,3.12,Jurong_East,Jurong East,6,36.96,11.85,SGD
drv_daniel_sg_15,Daniel Goh,firefighter,2025-09-23,2025-09,2025-W39,Tue,3,21,3.54,Orchard,Orchard Road,7,41.97,11.86,SGD
drv_daniel_sg_15,Daniel Goh,firefighter,2025-09-24,2025-09,2025-W39,Wed,1,8,4.09,Changi_Airport,Changi Airport,7,19.35,4.73,SGD
drv_daniel_sg_15,Daniel Goh,firefighter,2025-09-24,2025-09,2025-W39,Wed,2,17,3.69,Orchard,Orchard Road,6,17.47,4.73,SGD
drv_daniel_sg_15,Daniel Goh,firefighter,2025-09-24,2025-09,2025-W39,Wed,3,21,3.63,Jurong_East,Jurong East,6,17.17,4.73,SGD
drv_daniel_sg_15,Daniel Goh,firefighter,2025-09-26,2025-09,2025-W39,Fri,1,9,3.34,Changi_Airport,Changi Airport,5,43.65,13.07,SGD
drv_daniel_sg_15,Daniel Goh,firefighter,2025-09-26,2025-09,2025-W39,Fri,2,19,3.38,Marina_Bay,Marina Bay / Sands,5,44.24,13.09,SGD
drv_daniel_sg_15,Daniel Goh,firefighter,2025-09-26,2025-09,2025-W39,Fri,3,0,3.18,Jurong_East,Jurong East,5,41.59,13.08,SGD
drv_daniel_sg_15,Daniel Goh,firefighter,2025-09-27,2025-09,2025-W39,Sat,1,9,2.99,Changi_Airport,Changi Airport,6,53.66,17.95,SGD
drv_daniel_sg_15,Daniel Goh,firefighter,2025-09-27,2025-09,2025-W39,Sat,2,17,2.78,Orchard,Orchard Road,6,49.89,17.95,SGD
drv_daniel_sg_15,Daniel Goh,firefighter,2025-09-27,2025-09,2025-W39,Sat,3,0,3.92,Jurong_East,Jurong East,8,70.24,17.92,SGD
drv_daniel_sg_15,Daniel Goh,firefighter,2025-09-28,2025-09,2025-W39,Sun,1,7,3.92,Jurong_East,Jurong East,7,35.52,9.06,SGD
drv_daniel_sg_15,Daniel Goh,firefighter,2025-09-28,2025-09,2025-W39,Sun,2,19,3.68,Changi_Airport,Changi Airport,6,33.31,9.05,SGD
drv_daniel_sg_15,Daniel Goh,firefighter,2025-09-28,2025-09,2025-W39,Sun,3,22,4.3,Changi_Airport,Changi Airport,8,38.88,9.04,SGD
drv_daniel_sg_15,Daniel Goh,firefighter,2025-09-29,2025-09,2025-W40,Mon,1,7,2.91,Jurong_East,Jurong East,3,14.53,4.99,SGD
drv_daniel_sg_15,Daniel Goh,firefighter,2025-09-29,2025-09,2025-W40,Mon,2,20,2.32,Jurong_East,Jurong East,3,11.55,4.98,SGD
drv_daniel_sg_15,Daniel Goh,firefighter,2025-09-29,2025-09,2025-W40,Mon,3,21,3.37,Changi_Airport,Changi Airport,4,16.79,4.98,SGD
drv_daniel_sg_15,Daniel Goh,firefighter,2025-09-30,2025-09,2025-W40,Tue,1,9,3.14,Jurong_East,Jurong East,6,60.43,19.25,SGD
drv_daniel_sg_15,Daniel Goh,firefighter,2025-09-30,2025-09,2025-W40,Tue,2,21,3.56,Jurong_East,Jurong East,6,68.34,19.2,SGD
drv_daniel_sg_15,Daniel Goh,firefighter,2025-10-01,2025-10,2025-W40,Wed,1,7,3.97,Marina_Bay,Marina Bay / Sands,5,44.11,11.11,SGD
drv_daniel_sg_15,Daniel Goh,firefighter,2025-10-01,2025-10,2025-W40,Wed,2,20,3.16,Changi_Airport,Changi Airport,4,35.12,11.11,SGD
drv_daniel_sg_15,Daniel Goh,firefighter,2025-10-01,2025-10,2025-W40,Wed,3,23,3.37,Orchard,Orchard Road,4,37.41,11.1,SGD
drv_daniel_sg_15,Daniel Goh,firefighter,2025-10-03,2025-10,2025-W40,Fri,1,9,4.5,Jurong_East,Jurong East,14,85.45,18.99,SGD
drv_daniel_sg_15,Daniel Goh,firefighter,2025-10-03,2025-10,2025-W40,Fri,2,21,3.3,Changi_Airport,Changi Airport,10,62.63,18.98,SGD
drv_daniel_sg_15,Daniel Goh,firefighter,2025-10-04,2025-10,2025-W40,Sat,1,8,4.52,Orchard,Orchard Road,7,64.4,14.25,SGD
drv_daniel_sg_15,Daniel Goh,firefighter,2025-10-04,2025-10,2025-W40,Sat,2,19,3.75,Marina_Bay,Marina Bay / Sands,6,53.32,14.22,SGD
drv_daniel_sg_15,Daniel Goh,firefighter,2025-10-04,2025-10,2025-W40,Sat,3,0,3.43,Jurong_East,Jurong East,5,48.86,14.24,SGD
drv_daniel_sg_15,Daniel Goh,firefighter,2025-10-05,2025-10,2025-W40,Sun,1,7,4.09,Jurong_East,Jurong East,8,61.95,15.15,SGD
drv_daniel_sg_15,Daniel Goh,firefighter,2025-10-05,2025-10,2025-W40,Sun,2,17,3.61,Jurong_East,Jurong East,7,54.79,15.18,SGD
drv_daniel_sg_15,Daniel Goh,firefighter,2025-10-06,2025-10,2025-W41,Mon,1,9,3.15,Marina_Bay,Marina Bay / Sands,3,19.62,6.23,SGD
drv_daniel_sg_15,Daniel Goh,firefighter,2025-10-06,2025-10,2025-W41,Mon,2,20,3.16,Changi_Airport,Changi Airport,3,19.71,6.24,SGD
drv_daniel_sg_15,Daniel Goh,firefighter,2025-10-06,2025-10,2025-W41,Mon,3,23,3.49,Changi_Airport,Changi Airport,4,21.71,6.22,SGD
drv_daniel_sg_15,Daniel Goh,firefighter,2025-10-07,2025-10,2025-W41,Tue,1,20,2.89,Jurong_East,Jurong East,9,40.1,13.88,SGD
drv_daniel_sg_15,Daniel Goh,firefighter,2025-10-07,2025-10,2025-W41,Tue,2,21,3.21,Changi_Airport,Changi Airport,10,44.44,13.84,SGD
drv_daniel_sg_15,Daniel Goh,firefighter,2025-10-08,2025-10,2025-W41,Wed,1,17,3.21,Changi_Airport,Changi Airport,11,55.26,17.21,SGD
drv_daniel_sg_15,Daniel Goh,firefighter,2025-10-08,2025-10,2025-W41,Wed,2,23,3.49,Jurong_East,Jurong East,13,60.1,17.22,SGD
drv_daniel_sg_15,Daniel Goh,firefighter,2025-10-10,2025-10,2025-W41,Fri,1,9,3.65,Orchard,Orchard Road,7,55.76,15.28,SGD
drv_daniel_sg_15,Daniel Goh,firefighter,2025-10-10,2025-10,2025-W41,Fri,2,20,3.78,Orchard,Orchard Road,7,57.72,15.27,SGD
drv_daniel_sg_15,Daniel Goh,firefighter,2025-10-10,2025-10,2025-W41,Fri,3,22,3.27,Changi_Airport,Changi Airport,6,49.98,15.28,SGD
drv_daniel_sg_15,Daniel Goh,firefighter,2025-10-11,2025-10,2025-W41,Sat,1,8,2.41,Orchard,Orchard Road,6,42.33,17.56,SGD
drv_daniel_sg_15,Daniel Goh,firefighter,2025-10-11,2025-10,2025-W41,Sat,2,17,2.94,Jurong_East,Jurong East,7,51.6,17.55,SGD
drv_daniel_sg_15,Daniel Goh,firefighter,2025-10-11,2025-10,2025-W41,Sat,3,22,3.25,Changi_Airport,Changi Airport,8,57.11,17.57,SGD
drv_daniel_sg_15,Daniel Goh,firefighter,2025-10-12,2025-10,2025-W41,Sun,1,8,3.3,Changi_Airport,Changi Airport,4,56.52,17.13,SGD
drv_daniel_sg_15,Daniel Goh,firefighter,2025-10-12,2025-10,2025-W41,Sun,2,18,2.92,Orchard,Orchard Road,4,49.96,17.11,SGD
drv_daniel_sg_15,Daniel Goh,firefighter,2025-10-12,2025-10,2025-W41,Sun,3,22,2.88,Jurong_East,Jurong East,3,49.23,17.09,SGD
drv_daniel_sg_15,Daniel Goh,firefighter,2025-10-13,2025-10,2025-W42,Mon,1,17,3.0,Marina_Bay,Marina Bay / Sands,8,49.41,16.47,SGD
drv_daniel_sg_15,Daniel Goh,firefighter,2025-10-13,2025-10,2025-W42,Mon,2,23,4.0,Changi_Airport,Changi Airport,10,65.97,16.49,SGD
drv_daniel_sg_15,Daniel Goh,firefighter,2025-10-14,2025-10,2025-W42,Tue,1,9,3.43,Orchard,Orchard Road,6,32.93,9.6,SGD
drv_daniel_sg_15,Daniel Goh,firefighter,2025-10-14,2025-10,2025-W42,Tue,2,20,3.38,Orchard,Orchard Road,6,32.52,9.62,SGD
drv_daniel_sg_15,Daniel Goh,firefighter,2025-10-14,2025-10,2025-W42,Tue,3,21,3.39,Orchard,Orchard Road,6,32.57,9.61,SGD
drv_daniel_sg_15,Daniel Goh,firefighter,2025-10-15,2025-10,2025-W42,Wed,1,9,3.37,Marina_Bay,Marina Bay / Sands,6,34.55,10.25,SGD
drv_daniel_sg_15,Daniel Goh,firefighter,2025-10-15,2025-10,2025-W42,Wed,2,17,4.41,Changi_Airport,Changi Airport,7,45.18,10.24,SGD
drv_daniel_sg_15,Daniel Goh,firefighter,2025-10-15,2025-10,2025-W42,Wed,3,0,4.02,Marina_Bay,Marina Bay / Sands,7,41.16,10.24,SGD
drv_daniel_sg_15,Daniel Goh,firefighter,2025-10-17,2025-10,2025-W42,Fri,1,8,2.72,Jurong_East,Jurong East,3,45.07,16.57,SGD
drv_daniel_sg_15,Daniel Goh,firefighter,2025-10-17,2025-10,2025-W42,Fri,2,20,2.84,Marina_Bay,Marina Bay / Sands,3,47.12,16.59,SGD
drv_daniel_sg_15,Daniel Goh,firefighter,2025-10-17,2025-10,2025-W42,Fri,3,23,2.84,Changi_Airport,Changi Airport,3,47.14,16.6,SGD
drv_daniel_sg_15,Daniel Goh,firefighter,2025-10-18,2025-10,2025-W42,Sat,1,9,2.69,Jurong_East,Jurong East,3,39.25,14.59,SGD
drv_daniel_sg_15,Daniel Goh,firefighter,2025-10-18,2025-10,2025-W42,Sat,2,20,3.92,Marina_Bay,Marina Bay / Sands,5,57.19,14.59,SGD
drv_daniel_sg_15,Daniel Goh,firefighter,2025-10-18,2025-10,2025-W42,Sat,3,0,3.0,Changi_Airport,Changi Airport,4,43.74,14.58,SGD
drv_daniel_sg_15,Daniel Goh,firefighter,2025-10-19,2025-10,2025-W42,Sun,1,8,3.98,Orchard,Orchard Road,13,51.57,12.96,SGD
drv_daniel_sg_15,Daniel Goh,firefighter,2025-10-19,2025-10,2025-W42,Sun,2,20,3.52,Orchard,Orchard Road,11,45.71,12.99,SGD
drv_daniel_sg_15,Daniel Goh,firefighter,2025-10-20,2025-10,2025-W43,Mon,1,8,4.35,Marina_Bay,Marina Bay / Sands,7,41.82,9.61,SGD
drv_daniel_sg_15,Daniel Goh,firefighter,2025-10-20,2025-10,2025-W43,Mon,2,19,3.55,Changi_Airport,Changi Airport,5,34.05,9.59,SGD
drv_daniel_sg_15,Daniel Goh,firefighter,2025-10-21,2025-10,2025-W43,Tue,1,9,3.31,Changi_Airport,Changi Airport,4,42.24,12.76,SGD
drv_daniel_sg_15,Daniel Goh,firefighter,2025-10-21,2025-10,2025-W43,Tue,2,19,2.45,Jurong_East,Jurong East,3,31.35,12.8,SGD
drv_daniel_sg_15,Daniel Goh,firefighter,2025-10-21,2025-10,2025-W43,Tue,3,23,2.84,Orchard,Orchard Road,4,36.27,12.77,SGD
drv_daniel_sg_15,Daniel Goh,firefighter,2025-10-22,2025-10,2025-W43,Wed,1,7,3.71,Changi_Airport,Changi Airport,7,39.57,10.67,SGD
drv_daniel_sg_15,Daniel Goh,firefighter,2025-10-22,2025-10,2025-W43,Wed,2,20,2.97,Orchard,Orchard Road,6,31.67,10.66,SGD
drv_daniel_sg_15,Daniel Goh,firefighter,2025-10-22,2025-10,2025-W43,Wed,3,0,3.31,Orchard,Orchard Road,6,35.3,10.66,SGD
drv_daniel_sg_15,Daniel Goh,firefighter,2025-10-24,2025-10,2025-W43,Fri,1,9,3.05,Jurong_East,Jurong East,7,59.45,19.49,SGD
drv_daniel_sg_15,Daniel Goh,firefighter,2025-10-24,2025-10,2025-W43,Fri,2,18,4.15,Changi_Airport,Changi Airport,10,80.94,19.5,SGD
drv_daniel_sg_15,Daniel Goh,firefighter,2025-10-25,2025-10,2025-W43,Sat,1,8,4.28,Marina_Bay,Marina Bay / Sands,5,61.19,14.3,SGD
drv_daniel_sg_15,Daniel Goh,firefighter,2025-10-25,2025-10,2025-W43,Sat,2,17,3.99,Jurong_East,Jurong East,5,57.1,14.31,SGD
drv_daniel_sg_15,Daniel Goh,firefighter,2025-10-25,2025-10,2025-W43,Sat,3,21,3.23,Orchard,Orchard Road,4,46.24,14.32,SGD
drv_daniel_sg_15,Daniel Goh,firefighter,2025-10-26,2025-10,2025-W43,Sun,1,7,3.47,Orchard,Orchard Road,5,36.5,10.52,SGD
drv_daniel_sg_15,Daniel Goh,firefighter,2025-10-26,2025-10,2025-W43,Sun,2,20,3.56,Marina_Bay,Marina Bay / Sands,5,37.47,10.53,SGD
drv_daniel_sg_15,Daniel Goh,firefighter,2025-10-26,2025-10,2025-W43,Sun,3,23,3.87,Jurong_East,Jurong East,6,40.75,10.53,SGD
drv_daniel_sg_15,Daniel Goh,firefighter,2025-10-27,2025-10,2025-W44,Mon,1,7,3.63,Orchard,Orchard Road,5,46.89,12.92,SGD
drv_daniel_sg_15,Daniel Goh,firefighter,2025-10-27,2025-10,2025-W44,Mon,2,22,3.67,Changi_Airport,Changi Airport,5,47.4,12.92,SGD
drv_daniel_sg_15,Daniel Goh,firefighter,2025-10-28,2025-10,2025-W44,Tue,1,7,3.26,Marina_Bay,Marina Bay / Sands,7,33.38,10.24,SGD
drv_daniel_sg_15,Daniel Goh,firefighter,2025-10-28,2025-10,2025-W44,Tue,2,20,4.5,Jurong_East,Jurong East,9,46.1,10.24,SGD
drv_daniel_sg_15,Daniel Goh,firefighter,2025-10-28,2025-10,2025-W44,Tue,3,21,3.35,Jurong_East,Jurong East,7,34.32,10.24,SGD
drv_daniel_sg_15,Daniel Goh,firefighter,2025-10-29,2025-10,2025-W44,Wed,1,9,3.7,Changi_Airport,Changi Airport,7,36.54,9.88,SGD
drv_daniel_sg_15,Daniel Goh,firefighter,2025-10-29,2025-10,2025-W44,Wed,2,19,3.61,Orchard,Orchard Road,7,35.63,9.87,SGD
drv_daniel_sg_15,Daniel Goh,firefighter,2025-10-29,2025-10,2025-W44,Wed,3,23,2.79,Marina_Bay,Marina Bay / Sands,6,27.49,9.85,SGD
drv_daniel_sg_15,Daniel Goh,firefighter,2025-10-31,2025-10,2025-W44,Fri,1,9,2.99,Marina_Bay,Marina Bay / Sands,3,44.38,14.84,SGD
drv_daniel_sg_15,Daniel Goh,firefighter,2025-10-31,2025-10,2025-W44,Fri,2,17,3.2,Jurong_East,Jurong East,3,47.58,14.87,SGD
drv_daniel_sg_15,Daniel Goh,firefighter,2025-10-31,2025-10,2025-W44,Fri,3,21,3.71,Orchard,Orchard Road,3,55.12,14.86,SGD
drv_daniel_sg_15,Daniel Goh,firefighter,2025-11-01,2025-11,2025-W44,Sat,1,7,3.37,Orchard,Orchard Road,4,54.5,16.17,SGD
drv_daniel_sg_15,Daniel Goh,firefighter,2025-11-01,2025-11,2025-W44,Sat,2,17,3.78,Jurong_East,Jurong East,4,61.14,16.17,SGD
drv_daniel_sg_15,Daniel Goh,firefighter,2025-11-01,2025-11,2025-W44,Sat,3,22,3.74,Orchard,Orchard Road,4,60.5,16.18,SGD
drv_daniel_sg_15,Daniel Goh,firefighter,2025-11-02,2025-11,2025-W44,Sun,1,17,2.76,Marina_Bay,Marina Bay / Sands,10,67.01,24.28,SGD
drv_daniel_sg_15,Daniel Goh,firefighter,2025-11-02,2025-11,2025-W44,Sun,2,0,3.34,Marina_Bay,Marina Bay / Sands,12,80.84,24.2,SGD
drv_daniel_sg_15,Daniel Goh,firefighter,2025-11-03,2025-11,2025-W45,Mon,1,9,3.0,Jurong_East,Jurong East,6,38.93,12.98,SGD
drv_daniel_sg_15,Daniel Goh,firefighter,2025-11-03,2025-11,2025-W45,Mon,2,17,2.58,Jurong_East,Jurong East,6,33.46,12.97,SGD
drv_daniel_sg_15,Daniel Goh,firefighter,2025-11-03,2025-11,2025-W45,Mon,3,0,3.22,Changi_Airport,Changi Airport,7,41.79,12.98,SGD
drv_daniel_sg_15,Daniel Goh,firefighter,2025-11-04,2025-11,2025-W45,Tue,1,8,3.72,Orchard,Orchard Road,11,70.25,18.88,SGD
drv_daniel_sg_15,Daniel Goh,firefighter,2025-11-04,2025-11,2025-W45,Tue,2,18,2.98,Orchard,Orchard Road,8,56.37,18.92,SGD
drv_daniel_sg_15,Daniel Goh,firefighter,2025-11-05,2025-11,2025-W45,Wed,1,8,2.9,Marina_Bay,Marina Bay / Sands,8,46.92,16.18,SGD
drv_daniel_sg_15,Daniel Goh,firefighter,2025-11-05,2025-11,2025-W45,Wed,2,18,3.45,Orchard,Orchard Road,9,55.82,16.18,SGD
drv_daniel_sg_15,Daniel Goh,firefighter,2025-11-05,2025-11,2025-W45,Wed,3,0,2.44,Marina_Bay,Marina Bay / Sands,6,39.46,16.17,SGD
drv_daniel_sg_15,Daniel Goh,firefighter,2025-11-07,2025-11,2025-W45,Fri,1,7,3.05,Marina_Bay,Marina Bay / Sands,9,28.09,9.21,SGD
drv_daniel_sg_15,Daniel Goh,firefighter,2025-11-07,2025-11,2025-W45,Fri,2,17,2.87,Jurong_East,Jurong East,8,26.43,9.21,SGD
drv_daniel_sg_15,Daniel Goh,firefighter,2025-11-07,2025-11,2025-W45,Fri,3,23,2.38,Jurong_East,Jurong East,7,21.98,9.24,SGD
drv_daniel_sg_15,Daniel Goh,firefighter,2025-11-08,2025-11,2025-W45,Sat,1,9,3.81,Jurong_East,Jurong East,3,54.88,14.4,SGD
drv_daniel_sg_15,Daniel Goh,firefighter,2025-11-08,2025-11,2025-W45,Sat,2,20,3.79,Jurong_East,Jurong East,3,54.55,14.39,SGD
drv_daniel_sg_15,Daniel Goh,firefighter,2025-11-08,2025-11,2025-W45,Sat,3,22,2.9,Jurong_East,Jurong East,2,41.84,14.43,SGD
drv_daniel_sg_15,Daniel Goh,firefighter,2025-11-09,2025-11,2025-W45,Sun,1,9,4.16,Changi_Airport,Changi Airport,9,34.59,8.31,SGD
drv_daniel_sg_15,Daniel Goh,firefighter,2025-11-09,2025-11,2025-W45,Sun,2,20,3.84,Changi_Airport,Changi Airport,9,31.87,8.3,SGD
drv_daniel_sg_15,Daniel Goh,firefighter,2025-11-10,2025-11,2025-W46,Mon,1,7,3.73,Marina_Bay,Marina Bay / Sands,5,36.48,9.78,SGD
drv_daniel_sg_15,Daniel Goh,firefighter,2025-11-10,2025-11,2025-W46,Mon,2,19,4.78,Orchard,Orchard Road,7,46.8,9.79,SGD
drv_daniel_sg_15,Daniel Goh,firefighter,2025-11-10,2025-11,2025-W46,Mon,3,23,3.5,Jurong_East,Jurong East,5,34.23,9.78,SGD
drv_daniel_sg_15,Daniel Goh,firefighter,2025-11-11,2025-11,2025-W46,Tue,1,9,3.73,Orchard,Orchard Road,4,37.49,10.05,SGD
drv_daniel_sg_15,Daniel Goh,firefighter,2025-11-11,2025-11,2025-W46,Tue,2,17,3.45,Changi_Airport,Changi Airport,3,34.68,10.05,SGD
drv_daniel_sg_15,Daniel Goh,firefighter,2025-11-11,2025-11,2025-W46,Tue,3,22,3.92,Orchard,Orchard Road,4,39.39,10.05,SGD
drv_daniel_sg_15,Daniel Goh,firefighter,2025-11-12,2025-11,2025-W46,Wed,1,8,2.94,Marina_Bay,Marina Bay / Sands,7,33.21,11.3,SGD
drv_daniel_sg_15,Daniel Goh,firefighter,2025-11-12,2025-11,2025-W46,Wed,2,18,3.62,Jurong_East,Jurong East,8,40.85,11.28,SGD
drv_daniel_sg_15,Daniel Goh,firefighter,2025-11-12,2025-11,2025-W46,Wed,3,0,3.84,Orchard,Orchard Road,9,43.32,11.28,SGD
drv_daniel_sg_15,Daniel Goh,firefighter,2025-11-14,2025-11,2025-W46,Fri,1,7,3.15,Jurong_East,Jurong East,4,44.52,14.13,SGD
drv_daniel_sg_15,Daniel Goh,firefighter,2025-11-14,2025-11,2025-W46,Fri,2,18,3.72,Marina_Bay,Marina Bay / Sands,5,52.68,14.16,SGD
drv_daniel_sg_15,Daniel Goh,firefighter,2025-11-14,2025-11,2025-W46,Fri,3,23,3.13,Changi_Airport,Changi Airport,4,44.32,14.16,SGD
drv_daniel_sg_15,Daniel Goh,firefighter,2025-11-15,2025-11,2025-W46,Sat,1,9,4.27,Marina_Bay,Marina Bay / Sands,7,75.65,17.72,SGD
drv_daniel_sg_15,Daniel Goh,firefighter,2025-11-15,2025-11,2025-W46,Sat,2,21,3.63,Marina_Bay,Marina Bay / Sands,6,64.42,17.75,SGD
drv_daniel_sg_15,Daniel Goh,firefighter,2025-11-16,2025-11,2025-W46,Sun,1,9,3.35,Changi_Airport,Changi Airport,5,55.82,16.66,SGD
drv_daniel_sg_15,Daniel Goh,firefighter,2025-11-16,2025-11,2025-W46,Sun,2,19,3.85,Orchard,Orchard Road,6,64.28,16.7,SGD
drv_daniel_sg_15,Daniel Goh,firefighter,2025-11-17,2025-11,2025-W47,Mon,1,7,4.06,Changi_Airport,Changi Airport,4,70.61,17.39,SGD
drv_daniel_sg_15,Daniel Goh,firefighter,2025-11-17,2025-11,2025-W47,Mon,2,20,3.34,Orchard,Orchard Road,4,58.17,17.42,SGD
drv_daniel_sg_15,Daniel Goh,firefighter,2025-11-18,2025-11,2025-W47,Tue,1,7,3.53,Changi_Airport,Changi Airport,4,25.13,7.12,SGD
drv_daniel_sg_15,Daniel Goh,firefighter,2025-11-18,2025-11,2025-W47,Tue,2,18,4.37,Changi_Airport,Changi Airport,4,31.19,7.14,SGD
drv_daniel_sg_15,Daniel Goh,firefighter,2025-11-19,2025-11,2025-W47,Wed,1,8,3.18,Jurong_East,Jurong East,6,58.0,18.24,SGD
drv_daniel_sg_15,Daniel Goh,firefighter,2025-11-19,2025-11,2025-W47,Wed,2,17,3.72,Marina_Bay,Marina Bay / Sands,8,67.97,18.27,SGD
drv_daniel_sg_15,Daniel Goh,firefighter,2025-11-21,2025-11,2025-W47,Fri,1,8,3.2,Changi_Airport,Changi Airport,7,72.48,22.65,SGD
drv_daniel_sg_15,Daniel Goh,firefighter,2025-11-21,2025-11,2025-W47,Fri,2,17,3.6,Marina_Bay,Marina Bay / Sands,7,81.53,22.65,SGD
drv_daniel_sg_15,Daniel Goh,firefighter,2025-11-22,2025-11,2025-W47,Sat,1,7,3.54,Marina_Bay,Marina Bay / Sands,4,56.18,15.87,SGD
drv_daniel_sg_15,Daniel Goh,firefighter,2025-11-22,2025-11,2025-W47,Sat,2,19,3.57,Changi_Airport,Changi Airport,4,56.76,15.9,SGD
drv_daniel_sg_15,Daniel Goh,firefighter,2025-11-22,2025-11,2025-W47,Sat,3,21,3.99,Jurong_East,Jurong East,4,63.34,15.87,SGD
drv_daniel_sg_15,Daniel Goh,firefighter,2025-11-23,2025-11,2025-W47,Sun,1,8,3.44,Jurong_East,Jurong East,7,35.6,10.35,SGD
drv_daniel_sg_15,Daniel Goh,firefighter,2025-11-23,2025-11,2025-W47,Sun,2,18,4.0,Marina_Bay,Marina Bay / Sands,8,41.34,10.34,SGD
drv_daniel_sg_15,Daniel Goh,firefighter,2025-11-23,2025-11,2025-W47,Sun,3,0,4.16,Marina_Bay,Marina Bay / Sands,8,43.08,10.36,SGD
drv_daniel_sg_15,Daniel Goh,firefighter,2025-11-24,2025-11,2025-W48,Mon,1,7,2.75,Changi_Airport,Changi Airport,3,17.12,6.23,SGD
drv_daniel_sg_15,Daniel Goh,firefighter,2025-11-24,2025-11,2025-W48,Mon,2,18,3.25,Orchard,Orchard Road,4,20.24,6.23,SGD
drv_daniel_sg_15,Daniel Goh,firefighter,2025-11-24,2025-11,2025-W48,Mon,3,21,4.0,Marina_Bay,Marina Bay / Sands,4,24.89,6.22,SGD
drv_daniel_sg_15,Daniel Goh,firefighter,2025-11-25,2025-11,2025-W48,Tue,1,9,3.03,Changi_Airport,Changi Airport,5,38.61,12.74,SGD
drv_daniel_sg_15,Daniel Goh,firefighter,2025-11-25,2025-11,2025-W48,Tue,2,18,2.95,Jurong_East,Jurong East,5,37.63,12.76,SGD
drv_daniel_sg_15,Daniel Goh,firefighter,2025-11-25,2025-11,2025-W48,Tue,3,23,3.02,Changi_Airport,Changi Airport,5,38.45,12.73,SGD
drv_daniel_sg_15,Daniel Goh,firefighter,2025-11-26,2025-11,2025-W48,Wed,1,9,3.82,Marina_Bay,Marina Bay / Sands,6,45.14,11.82,SGD
drv_daniel_sg_15,Daniel Goh,firefighter,2025-11-26,2025-11,2025-W48,Wed,2,17,3.14,Orchard,Orchard Road,5,37.1,11.82,SGD
drv_daniel_sg_15,Daniel Goh,firefighter,2025-11-26,2025-11,2025-W48,Wed,3,0,3.73,Marina_Bay,Marina Bay / Sands,6,44.05,11.81,SGD
drv_daniel_sg_15,Daniel Goh,firefighter,2025-11-28,2025-11,2025-W48,Fri,1,9,3.58,Marina_Bay,Marina Bay / Sands,7,43.47,12.14,SGD
drv_daniel_sg_15,Daniel Goh,firefighter,2025-11-28,2025-11,2025-W48,Fri,2,20,2.97,Changi_Airport,Changi Airport,5,36.09,12.15,SGD
drv_daniel_sg_15,Daniel Goh,firefighter,2025-11-28,2025-11,2025-W48,Fri,3,21,2.75,Changi_Airport,Changi Airport,5,33.32,12.12,SGD
drv_daniel_sg_15,Daniel Goh,firefighter,2025-11-29,2025-11,2025-W48,Sat,1,7,2.71,Marina_Bay,Marina Bay / Sands,4,37.13,13.7,SGD
drv_daniel_sg_15,Daniel Goh,firefighter,2025-11-29,2025-11,2025-W48,Sat,2,20,2.93,Changi_Airport,Changi Airport,4,40.2,13.72,SGD
drv_daniel_sg_15,Daniel Goh,firefighter,2025-11-29,2025-11,2025-W48,Sat,3,21,3.16,Marina_Bay,Marina Bay / Sands,4,43.3,13.7,SGD
drv_daniel_sg_15,Daniel Goh,firefighter,2025-11-30,2025-11,2025-W48,Sun,1,8,3.98,Jurong_East,Jurong East,6,51.57,12.96,SGD
drv_daniel_sg_15,Daniel Goh,firefighter,2025-11-30,2025-11,2025-W48,Sun,2,17,3.51,Marina_Bay,Marina Bay / Sands,5,45.47,12.95,SGD
drv_daniel_sg_15,Daniel Goh,firefighter,2025-11-30,2025-11,2025-W48,Sun,3,23,3.61,Orchard,Orchard Road,6,46.81,12.97,SGD
drv_daniel_sg_15,Daniel Goh,firefighter,2025-12-01,2025-12,2025-W49,Mon,1,17,3.91,Changi_Airport,Changi Airport,6,53.84,13.77,SGD
drv_daniel_sg_15,Daniel Goh,firefighter,2025-12-01,2025-12,2025-W49,Mon,2,21,3.29,Marina_Bay,Marina Bay / Sands,5,45.37,13.79,SGD
drv_daniel_sg_15,Daniel Goh,firefighter,2025-12-02,2025-12,2025-W49,Tue,1,8,2.43,Marina_Bay,Marina Bay / Sands,2,21.66,8.91,SGD
drv_daniel_sg_15,Daniel Goh,firefighter,2025-12-02,2025-12,2025-W49,Tue,2,17,2.76,Marina_Bay,Marina Bay / Sands,3,24.57,8.9,SGD
drv_daniel_sg_15,Daniel Goh,firefighter,2025-12-02,2025-12,2025-W49,Tue,3,23,2.91,Marina_Bay,Marina Bay / Sands,3,25.98,8.93,SGD
drv_daniel_sg_15,Daniel Goh,firefighter,2025-12-03,2025-12,2025-W49,Wed,1,9,2.58,Changi_Airport,Changi Airport,6,24.54,9.51,SGD
drv_daniel_sg_15,Daniel Goh,firefighter,2025-12-03,2025-12,2025-W49,Wed,2,19,3.36,Marina_Bay,Marina Bay / Sands,8,31.91,9.5,SGD
drv_daniel_sg_15,Daniel Goh,firefighter,2025-12-03,2025-12,2025-W49,Wed,3,21,3.36,Changi_Airport,Changi Airport,8,31.89,9.49,SGD
drv_daniel_sg_15,Daniel Goh,firefighter,2025-12-05,2025-12,2025-W49,Fri,1,8,3.22,Orchard,Orchard Road,6,38.02,11.81,SGD
drv_daniel_sg_15,Daniel Goh,firefighter,2025-12-05,2025-12,2025-W49,Fri,2,20,3.76,Jurong_East,Jurong East,7,44.38,11.8,SGD
drv_daniel_sg_15,Daniel Goh,firefighter,2025-12-05,2025-12,2025-W49,Fri,3,22,2.61,Orchard,Orchard Road,5,30.81,11.8,SGD
drv_daniel_sg_15,Daniel Goh,firefighter,2025-12-06,2025-12,2025-W49,Sat,1,8,3.74,Orchard,Orchard Road,8,60.31,16.13,SGD
drv_daniel_sg_15,Daniel Goh,firefighter,2025-12-06,2025-12,2025-W49,Sat,2,19,3.83,Marina_Bay,Marina Bay / Sands,8,61.81,16.14,SGD
drv_daniel_sg_15,Daniel Goh,firefighter,2025-12-06,2025-12,2025-W49,Sat,3,0,3.23,Orchard,Orchard Road,7,52.07,16.12,SGD
drv_daniel_sg_15,Daniel Goh,firefighter,2025-12-07,2025-12,2025-W49,Sun,1,8,3.37,Changi_Airport,Changi Airport,9,39.94,11.85,SGD
drv_daniel_sg_15,Daniel Goh,firefighter,2025-12-07,2025-12,2025-W49,Sun,2,18,2.81,Orchard,Orchard Road,7,33.33,11.86,SGD
drv_daniel_sg_15,Daniel Goh,firefighter,2025-12-07,2025-12,2025-W49,Sun,3,23,3.22,Marina_Bay,Marina Bay / Sands,8,38.18,11.86,SGD
drv_daniel_sg_15,Daniel Goh,firefighter,2025-12-08,2025-12,2025-W50,Mon,1,8,2.79,Marina_Bay,Marina Bay / Sands,3,28.89,10.35,SGD
drv_daniel_sg_15,Daniel Goh,firefighter,2025-12-08,2025-12,2025-W50,Mon,2,17,2.9,Orchard,Orchard Road,3,30.02,10.35,SGD
drv_daniel_sg_15,Daniel Goh,firefighter,2025-12-08,2025-12,2025-W50,Mon,3,21,2.7,Jurong_East,Jurong East,3,27.97,10.36,SGD
drv_daniel_sg_15,Daniel Goh,firefighter,2025-12-09,2025-12,2025-W50,Tue,1,7,3.35,Marina_Bay,Marina Bay / Sands,5,45.18,13.49,SGD
drv_daniel_sg_15,Daniel Goh,firefighter,2025-12-09,2025-12,2025-W50,Tue,2,0,3.75,Orchard,Orchard Road,5,50.6,13.49,SGD
drv_daniel_sg_15,Daniel Goh,firefighter,2025-12-10,2025-12,2025-W50,Wed,1,9,3.72,Changi_Airport,Changi Airport,3,17.06,4.59,SGD
drv_daniel_sg_15,Daniel Goh,firefighter,2025-12-10,2025-12,2025-W50,Wed,2,17,3.87,Jurong_East,Jurong East,3,17.72,4.58,SGD
drv_daniel_sg_15,Daniel Goh,firefighter,2025-12-10,2025-12,2025-W50,Wed,3,0,3.31,Orchard,Orchard Road,2,15.18,4.59,SGD
drv_daniel_sg_15,Daniel Goh,firefighter,2025-12-12,2025-12,2025-W50,Fri,1,8,4.45,Orchard,Orchard Road,7,54.48,12.24,SGD
drv_daniel_sg_15,Daniel Goh,firefighter,2025-12-12,2025-12,2025-W50,Fri,2,17,3.76,Jurong_East,Jurong East,6,46.0,12.23,SGD
drv_daniel_sg_15,Daniel Goh,firefighter,2025-12-12,2025-12,2025-W50,Fri,3,21,3.19,Orchard,Orchard Road,5,39.07,12.25,SGD
drv_daniel_sg_15,Daniel Goh,firefighter,2025-12-13,2025-12,2025-W50,Sat,1,9,3.71,Orchard,Orchard Road,4,44.78,12.07,SGD
drv_daniel_sg_15,Daniel Goh,firefighter,2025-12-13,2025-12,2025-W50,Sat,2,21,3.39,Orchard,Orchard Road,4,40.96,12.08,SGD
drv_daniel_sg_15,Daniel Goh,firefighter,2025-12-14,2025-12,2025-W50,Sun,1,7,3.21,Marina_Bay,Marina Bay / Sands,5,67.97,21.17,SGD
drv_daniel_sg_15,Daniel Goh,firefighter,2025-12-14,2025-12,2025-W50,Sun,2,17,3.69,Marina_Bay,Marina Bay / Sands,5,77.96,21.13,SGD
drv_daniel_sg_15,Daniel Goh,firefighter,2025-12-15,2025-12,2025-W51,Mon,1,20,3.49,Marina_Bay,Marina Bay / Sands,7,54.0,15.47,SGD
drv_daniel_sg_15,Daniel Goh,firefighter,2025-12-15,2025-12,2025-W51,Mon,2,23,3.31,Orchard,Orchard Road,7,51.15,15.45,SGD
drv_daniel_sg_15,Daniel Goh,firefighter,2025-12-16,2025-12,2025-W51,Tue,1,7,3.92,Orchard,Orchard Road,7,45.21,11.53,SGD
drv_daniel_sg_15,Daniel Goh,firefighter,2025-12-16,2025-12,2025-W51,Tue,2,20,3.04,Marina_Bay,Marina Bay / Sands,5,34.99,11.51,SGD
drv_daniel_sg_15,Daniel Goh,firefighter,2025-12-16,2025-12,2025-W51,Tue,3,21,3.04,Orchard,Orchard Road,5,35.07,11.54,SGD
drv_daniel_sg_15,Daniel Goh,firefighter,2025-12-17,2025-12,2025-W51,Wed,1,7,3.11,Orchard,Orchard Road,7,35.79,11.51,SGD
drv_daniel_sg_15,Daniel Goh,firefighter,2025-12-17,2025-12,2025-W51,Wed,2,22,2.89,Changi_Airport,Changi Airport,6,33.16,11.47,SGD
drv_daniel_sg_15,Daniel Goh,firefighter,2025-12-19,2025-12,2025-W51,Fri,1,7,4.15,Changi_Airport,Changi Airport,3,59.63,14.37,SGD
drv_daniel_sg_15,Daniel Goh,firefighter,2025-12-19,2025-12,2025-W51,Fri,2,19,3.7,Marina_Bay,Marina Bay / Sands,3,53.12,14.36,SGD
drv_daniel_sg_15,Daniel Goh,firefighter,2025-12-19,2025-12,2025-W51,Fri,3,23,3.95,Marina_Bay,Marina Bay / Sands,3,56.63,14.34,SGD
drv_daniel_sg_15,Daniel Goh,firefighter,2025-12-20,2025-12,2025-W51,Sat,1,19,4.06,Orchard,Orchard Road,12,43.73,10.77,SGD
drv_daniel_sg_15,Daniel Goh,firefighter,2025-12-20,2025-12,2025-W51,Sat,2,21,3.84,Jurong_East,Jurong East,12,41.45,10.79,SGD
drv_daniel_sg_15,Daniel Goh,firefighter,2025-12-21,2025-12,2025-W51,Sun,1,7,2.91,Marina_Bay,Marina Bay / Sands,7,52.22,17.95,SGD
drv_daniel_sg_15,Daniel Goh,firefighter,2025-12-21,2025-12,2025-W51,Sun,2,18,3.25,Changi_Airport,Changi Airport,8,58.31,17.94,SGD
drv_daniel_sg_15,Daniel Goh,firefighter,2025-12-21,2025-12,2025-W51,Sun,3,0,2.74,Marina_Bay,Marina Bay / Sands,6,49.12,17.93,SGD
drv_daniel_sg_15,Daniel Goh,firefighter,2025-12-22,2025-12,2025-W52,Mon,1,7,4.45,Jurong_East,Jurong East,6,55.06,12.37,SGD
drv_daniel_sg_15,Daniel Goh,firefighter,2025-12-22,2025-12,2025-W52,Mon,2,17,3.96,Jurong_East,Jurong East,5,48.94,12.36,SGD
drv_daniel_sg_15,Daniel Goh,firefighter,2025-12-22,2025-12,2025-W52,Mon,3,0,3.39,Marina_Bay,Marina Bay / Sands,5,41.88,12.35,SGD
drv_daniel_sg_15,Daniel Goh,firefighter,2025-12-23,2025-12,2025-W52,Tue,1,7,3.06,Changi_Airport,Changi Airport,6,52.23,17.07,SGD
drv_daniel_sg_15,Daniel Goh,firefighter,2025-12-23,2025-12,2025-W52,Tue,2,17,3.59,Orchard,Orchard Road,7,61.4,17.1,SGD
drv_daniel_sg_15,Daniel Goh,firefighter,2025-12-23,2025-12,2025-W52,Tue,3,22,2.65,Orchard,Orchard Road,5,45.35,17.11,SGD
drv_daniel_sg_15,Daniel Goh,firefighter,2025-12-24,2025-12,2025-W52,Wed,1,7,3.48,Marina_Bay,Marina Bay / Sands,5,23.97,6.89,SGD
drv_daniel_sg_15,Daniel Goh,firefighter,2025-12-24,2025-12,2025-W52,Wed,2,18,4.01,Marina_Bay,Marina Bay / Sands,6,27.66,6.9,SGD
drv_daniel_sg_15,Daniel Goh,firefighter,2025-12-24,2025-12,2025-W52,Wed,3,21,2.91,Marina_Bay,Marina Bay / Sands,4,20.1,6.91,SGD
drv_daniel_sg_15,Daniel Goh,firefighter,2025-12-26,2025-12,2025-W52,Fri,1,7,2.88,Changi_Airport,Changi Airport,3,48.05,16.68,SGD
drv_daniel_sg_15,Daniel Goh,firefighter,2025-12-26,2025-12,2025-W52,Fri,2,18,4.07,Jurong_East,Jurong East,4,68.04,16.72,SGD
drv_daniel_sg_15,Daniel Goh,firefighter,2025-12-26,2025-12,2025-W52,Fri,3,21,4.05,Changi_Airport,Changi Airport,4,67.6,16.69,SGD
drv_daniel_sg_15,Daniel Goh,firefighter,2025-12-27,2025-12,2025-W52,Sat,1,9,3.14,Orchard,Orchard Road,4,93.96,29.92,SGD
drv_daniel_sg_15,Daniel Goh,firefighter,2025-12-27,2025-12,2025-W52,Sat,2,18,2.86,Jurong_East,Jurong East,4,85.62,29.94,SGD
drv_daniel_sg_15,Daniel Goh,firefighter,2025-12-28,2025-12,2025-W52,Sun,1,19,3.08,Jurong_East,Jurong East,9,62.66,20.34,SGD
drv_daniel_sg_15,Daniel Goh,firefighter,2025-12-28,2025-12,2025-W52,Sun,2,0,3.12,Changi_Airport,Changi Airport,9,63.28,20.28,SGD
drv_daniel_sg_15,Daniel Goh,firefighter,2025-12-29,2025-12,2026-W01,Mon,1,7,3.12,Jurong_East,Jurong East,6,14.76,4.73,SGD
drv_daniel_sg_15,Daniel Goh,firefighter,2025-12-29,2025-12,2026-W01,Mon,2,17,4.12,Marina_Bay,Marina Bay / Sands,8,19.48,4.73,SGD
drv_daniel_sg_15,Daniel Goh,firefighter,2025-12-29,2025-12,2026-W01,Mon,3,23,3.56,Changi_Airport,Changi Airport,7,16.8,4.72,SGD
drv_daniel_sg_15,Daniel Goh,firefighter,2025-12-30,2025-12,2026-W01,Tue,1,9,3.03,Orchard,Orchard Road,9,57.47,18.97,SGD
drv_daniel_sg_15,Daniel Goh,firefighter,2025-12-30,2025-12,2026-W01,Tue,2,0,3.97,Orchard,Orchard Road,11,75.15,18.93,SGD
drv_daniel_sg_15,Daniel Goh,firefighter,2025-12-31,2025-12,2026-W01,Wed,1,9,3.68,Jurong_East,Jurong East,3,36.61,9.95,SGD
drv_daniel_sg_15,Daniel Goh,firefighter,2025-12-31,2025-12,2026-W01,Wed,2,18,3.89,Marina_Bay,Marina Bay / Sands,3,38.68,9.94,SGD
drv_daniel_sg_15,Daniel Goh,firefighter,2025-12-31,2025-12,2026-W01,Wed,3,0,3.53,Orchard,Orchard Road,3,35.08,9.94,SGD
drv_daniel_sg_15,Daniel Goh,firefighter,2026-01-02,2026-01,2026-W01,Fri,1,9,3.44,Marina_Bay,Marina Bay / Sands,5,79.4,23.08,SGD
drv_daniel_sg_15,Daniel Goh,firefighter,2026-01-02,2026-01,2026-W01,Fri,2,21,4.56,Orchard,Orchard Road,6,105.02,23.03,SGD
drv_daniel_sg_15,Daniel Goh,firefighter,2026-01-03,2026-01,2026-W01,Sat,1,9,3.4,Changi_Airport,Changi Airport,3,45.85,13.49,SGD
drv_daniel_sg_15,Daniel Goh,firefighter,2026-01-03,2026-01,2026-W01,Sat,2,20,2.61,Marina_Bay,Marina Bay / Sands,2,35.19,13.48,SGD
drv_daniel_sg_15,Daniel Goh,firefighter,2026-01-03,2026-01,2026-W01,Sat,3,22,3.39,Marina_Bay,Marina Bay / Sands,3,45.82,13.52,SGD
drv_daniel_sg_15,Daniel Goh,firefighter,2026-01-04,2026-01,2026-W01,Sun,1,9,3.2,Orchard,Orchard Road,8,24.3,7.59,SGD
drv_daniel_sg_15,Daniel Goh,firefighter,2026-01-04,2026-01,2026-W01,Sun,2,0,3.6,Jurong_East,Jurong East,9,27.37,7.6,SGD
drv_daniel_sg_15,Daniel Goh,firefighter,2026-01-05,2026-01,2026-W02,Mon,1,7,4.0,Orchard,Orchard Road,5,44.07,11.02,SGD
drv_daniel_sg_15,Daniel Goh,firefighter,2026-01-05,2026-01,2026-W02,Mon,2,18,3.8,Changi_Airport,Changi Airport,4,41.8,11.0,SGD
drv_daniel_sg_15,Daniel Goh,firefighter,2026-01-06,2026-01,2026-W02,Tue,1,7,3.31,Marina_Bay,Marina Bay / Sands,11,56.72,17.14,SGD
drv_daniel_sg_15,Daniel Goh,firefighter,2026-01-06,2026-01,2026-W02,Tue,2,19,2.79,Marina_Bay,Marina Bay / Sands,9,47.79,17.13,SGD
drv_daniel_sg_15,Daniel Goh,firefighter,2026-01-07,2026-01,2026-W02,Wed,1,9,3.64,Jurong_East,Jurong East,7,30.49,8.38,SGD
drv_daniel_sg_15,Daniel Goh,firefighter,2026-01-07,2026-01,2026-W02,Wed,2,19,3.43,Orchard,Orchard Road,7,28.78,8.39,SGD
drv_daniel_sg_15,Daniel Goh,firefighter,2026-01-07,2026-01,2026-W02,Wed,3,21,4.13,Orchard,Orchard Road,8,34.63,8.38,SGD
drv_daniel_sg_15,Daniel Goh,firefighter,2026-01-09,2026-01,2026-W02,Fri,1,20,3.66,Changi_Airport,Changi Airport,12,41.42,11.32,SGD
drv_daniel_sg_15,Daniel Goh,firefighter,2026-01-09,2026-01,2026-W02,Fri,2,22,2.74,Jurong_East,Jurong East,9,30.97,11.3,SGD
drv_daniel_sg_15,Daniel Goh,firefighter,2026-01-10,2026-01,2026-W02,Sat,1,9,2.34,Changi_Airport,Changi Airport,7,40.24,17.2,SGD
drv_daniel_sg_15,Daniel Goh,firefighter,2026-01-10,2026-01,2026-W02,Sat,2,17,2.55,Marina_Bay,Marina Bay / Sands,7,43.88,17.21,SGD
drv_daniel_sg_15,Daniel Goh,firefighter,2026-01-10,2026-01,2026-W02,Sat,3,22,3.21,Jurong_East,Jurong East,9,55.22,17.2,SGD
drv_daniel_sg_15,Daniel Goh,firefighter,2026-01-11,2026-01,2026-W02,Sun,1,9,3.43,Changi_Airport,Changi Airport,3,23.66,6.9,SGD
drv_daniel_sg_15,Daniel Goh,firefighter,2026-01-11,2026-01,2026-W02,Sun,2,19,3.8,Jurong_East,Jurong East,3,26.24,6.91,SGD
drv_daniel_sg_15,Daniel Goh,firefighter,2026-01-11,2026-01,2026-W02,Sun,3,23,3.67,Jurong_East,Jurong East,3,25.28,6.89,SGD
drv_daniel_sg_15,Daniel Goh,firefighter,2026-01-12,2026-01,2026-W03,Mon,1,7,3.81,Orchard,Orchard Road,7,31.03,8.14,SGD
drv_daniel_sg_15,Daniel Goh,firefighter,2026-01-12,2026-01,2026-W03,Mon,2,17,4.36,Orchard,Orchard Road,8,35.51,8.14,SGD
drv_daniel_sg_15,Daniel Goh,firefighter,2026-01-12,2026-01,2026-W03,Mon,3,22,3.43,Changi_Airport,Changi Airport,7,27.93,8.14,SGD
drv_daniel_sg_15,Daniel Goh,firefighter,2026-01-13,2026-01,2026-W03,Tue,1,7,3.02,Changi_Airport,Changi Airport,5,30.77,10.19,SGD
drv_daniel_sg_15,Daniel Goh,firefighter,2026-01-13,2026-01,2026-W03,Tue,2,18,2.35,Orchard,Orchard Road,4,23.91,10.17,SGD
drv_daniel_sg_15,Daniel Goh,firefighter,2026-01-13,2026-01,2026-W03,Tue,3,22,2.93,Changi_Airport,Changi Airport,5,29.78,10.16,SGD
drv_daniel_sg_15,Daniel Goh,firefighter,2026-01-14,2026-01,2026-W03,Wed,1,9,3.65,Changi_Airport,Changi Airport,8,14.79,4.05,SGD
drv_daniel_sg_15,Daniel Goh,firefighter,2026-01-14,2026-01,2026-W03,Wed,2,18,2.69,Jurong_East,Jurong East,6,10.92,4.06,SGD
drv_daniel_sg_15,Daniel Goh,firefighter,2026-01-14,2026-01,2026-W03,Wed,3,22,3.76,Jurong_East,Jurong East,8,15.26,4.06,SGD
drv_daniel_sg_15,Daniel Goh,firefighter,2026-01-16,2026-01,2026-W03,Fri,1,7,4.09,Orchard,Orchard Road,5,28.78,7.04,SGD
drv_daniel_sg_15,Daniel Goh,firefighter,2026-01-16,2026-01,2026-W03,Fri,2,17,3.26,Orchard,Orchard Road,4,22.91,7.03,SGD
drv_daniel_sg_15,Daniel Goh,firefighter,2026-01-16,2026-01,2026-W03,Fri,3,22,4.25,Marina_Bay,Marina Bay / Sands,5,29.89,7.03,SGD
drv_daniel_sg_15,Daniel Goh,firefighter,2026-01-17,2026-01,2026-W03,Sat,1,7,3.28,Jurong_East,Jurong East,7,36.59,11.16,SGD
drv_daniel_sg_15,Daniel Goh,firefighter,2026-01-17,2026-01,2026-W03,Sat,2,20,3.68,Orchard,Orchard Road,8,41.13,11.18,SGD
drv_daniel_sg_15,Daniel Goh,firefighter,2026-01-17,2026-01,2026-W03,Sat,3,23,4.24,Marina_Bay,Marina Bay / Sands,9,47.39,11.18,SGD
drv_daniel_sg_15,Daniel Goh,firefighter,2026-01-18,2026-01,2026-W03,Sun,1,9,3.84,Marina_Bay,Marina Bay / Sands,4,36.95,9.62,SGD
drv_daniel_sg_15,Daniel Goh,firefighter,2026-01-18,2026-01,2026-W03,Sun,2,20,3.92,Marina_Bay,Marina Bay / Sands,4,37.79,9.64,SGD
drv_daniel_sg_15,Daniel Goh,firefighter,2026-01-18,2026-01,2026-W03,Sun,3,22,3.64,Changi_Airport,Changi Airport,4,35.09,9.64,SGD
drv_daniel_sg_15,Daniel Goh,firefighter,2026-01-19,2026-01,2026-W04,Mon,1,8,2.7,Orchard,Orchard Road,4,28.48,10.55,SGD
drv_daniel_sg_15,Daniel Goh,firefighter,2026-01-19,2026-01,2026-W04,Mon,2,19,3.29,Jurong_East,Jurong East,5,34.72,10.55,SGD
drv_daniel_sg_15,Daniel Goh,firefighter,2026-01-19,2026-01,2026-W04,Mon,3,21,3.01,Jurong_East,Jurong East,5,31.71,10.53,SGD
drv_daniel_sg_15,Daniel Goh,firefighter,2026-01-20,2026-01,2026-W04,Tue,1,9,3.86,Jurong_East,Jurong East,4,33.58,8.7,SGD
drv_daniel_sg_15,Daniel Goh,firefighter,2026-01-20,2026-01,2026-W04,Tue,2,20,3.33,Orchard,Orchard Road,3,28.98,8.7,SGD
drv_daniel_sg_15,Daniel Goh,firefighter,2026-01-20,2026-01,2026-W04,Tue,3,22,3.61,Marina_Bay,Marina Bay / Sands,4,31.41,8.7,SGD
drv_daniel_sg_15,Daniel Goh,firefighter,2026-01-21,2026-01,2026-W04,Wed,1,7,4.65,Orchard,Orchard Road,8,49.02,10.54,SGD
drv_daniel_sg_15,Daniel Goh,firefighter,2026-01-21,2026-01,2026-W04,Wed,2,18,3.25,Marina_Bay,Marina Bay / Sands,5,34.21,10.53,SGD
drv_daniel_sg_15,Daniel Goh,firefighter,2026-01-23,2026-01,2026-W04,Fri,1,7,3.25,Jurong_East,Jurong East,3,48.62,14.96,SGD
drv_daniel_sg_15,Daniel Goh,firefighter,2026-01-23,2026-01,2026-W04,Fri,2,17,2.51,Jurong_East,Jurong East,2,37.52,14.95,SGD
drv_daniel_sg_15,Daniel Goh,firefighter,2026-01-23,2026-01,2026-W04,Fri,3,22,3.44,Orchard,Orchard Road,3,51.44,14.95,SGD
drv_daniel_sg_15,Daniel Goh,firefighter,2026-01-24,2026-01,2026-W04,Sat,1,9,3.4,Marina_Bay,Marina Bay / Sands,7,37.01,10.89,SGD
drv_daniel_sg_15,Daniel Goh,firefighter,2026-01-24,2026-01,2026-W04,Sat,2,18,4.18,Orchard,Orchard Road,8,45.52,10.89,SGD
drv_daniel_sg_15,Daniel Goh,firefighter,2026-01-24,2026-01,2026-W04,Sat,3,21,3.82,Marina_Bay,Marina Bay / Sands,8,41.67,10.91,SGD
drv_daniel_sg_15,Daniel Goh,firefighter,2026-01-25,2026-01,2026-W04,Sun,1,8,3.08,Jurong_East,Jurong East,3,46.45,15.08,SGD
drv_daniel_sg_15,Daniel Goh,firefighter,2026-01-25,2026-01,2026-W04,Sun,2,17,3.05,Orchard,Orchard Road,3,45.99,15.08,SGD
drv_daniel_sg_15,Daniel Goh,firefighter,2026-01-25,2026-01,2026-W04,Sun,3,21,2.67,Marina_Bay,Marina Bay / Sands,3,40.28,15.09,SGD
drv_daniel_sg_15,Daniel Goh,firefighter,2026-01-26,2026-01,2026-W05,Mon,1,9,2.49,Marina_Bay,Marina Bay / Sands,5,30.65,12.31,SGD
drv_daniel_sg_15,Daniel Goh,firefighter,2026-01-26,2026-01,2026-W05,Mon,2,20,3.43,Orchard,Orchard Road,7,42.31,12.34,SGD
drv_daniel_sg_15,Daniel Goh,firefighter,2026-01-26,2026-01,2026-W05,Mon,3,23,3.28,Marina_Bay,Marina Bay / Sands,6,40.42,12.32,SGD
drv_daniel_sg_15,Daniel Goh,firefighter,2026-01-27,2026-01,2026-W05,Tue,1,8,4.31,Orchard,Orchard Road,3,43.75,10.15,SGD
drv_daniel_sg_15,Daniel Goh,firefighter,2026-01-27,2026-01,2026-W05,Tue,2,18,3.43,Jurong_East,Jurong East,2,34.78,10.14,SGD
drv_daniel_sg_15,Daniel Goh,firefighter,2026-01-27,2026-01,2026-W05,Tue,3,21,4.16,Changi_Airport,Changi Airport,3,42.22,10.15,SGD
drv_daniel_sg_15,Daniel Goh,firefighter,2026-01-28,2026-01,2026-W05,Wed,1,7,3.08,Orchard,Orchard Road,3,29.07,9.44,SGD
drv_daniel_sg_15,Daniel Goh,firefighter,2026-01-28,2026-01,2026-W05,Wed,2,17,3.85,Marina_Bay,Marina Bay / Sands,4,36.38,9.45,SGD
drv_daniel_sg_15,Daniel Goh,firefighter,2026-01-28,2026-01,2026-W05,Wed,3,22,3.58,Marina_Bay,Marina Bay / Sands,4,33.8,9.44,SGD
drv_daniel_sg_15,Daniel Goh,firefighter,2026-01-30,2026-01,2026-W05,Fri,1,7,3.33,Orchard,Orchard Road,3,46.21,13.88,SGD
drv_daniel_sg_15,Daniel Goh,firefighter,2026-01-30,2026-01,2026-W05,Fri,2,18,3.42,Orchard,Orchard Road,3,47.58,13.91,SGD
drv_daniel_sg_15,Daniel Goh,firefighter,2026-01-30,2026-01,2026-W05,Fri,3,21,3.35,Marina_Bay,Marina Bay / Sands,3,46.54,13.89,SGD
drv_daniel_sg_15,Daniel Goh,firefighter,2026-01-31,2026-01,2026-W05,Sat,1,19,3.55,Jurong_East,Jurong East,7,83.44,23.5,SGD
drv_daniel_sg_15,Daniel Goh,firefighter,2026-01-31,2026-01,2026-W05,Sat,2,0,3.45,Jurong_East,Jurong East,7,81.22,23.54,SGD
drv_daniel_sg_15,Daniel Goh,firefighter,2026-02-01,2026-02,2026-W05,Sun,1,8,3.19,Changi_Airport,Changi Airport,3,53.23,16.69,SGD
drv_daniel_sg_15,Daniel Goh,firefighter,2026-02-01,2026-02,2026-W05,Sun,2,17,2.53,Orchard,Orchard Road,3,42.12,16.65,SGD
drv_daniel_sg_15,Daniel Goh,firefighter,2026-02-01,2026-02,2026-W05,Sun,3,22,3.18,Orchard,Orchard Road,3,53.06,16.69,SGD
drv_daniel_sg_15,Daniel Goh,firefighter,2026-02-02,2026-02,2026-W06,Mon,1,20,3.7,Marina_Bay,Marina Bay / Sands,8,45.7,12.35,SGD
drv_daniel_sg_15,Daniel Goh,firefighter,2026-02-02,2026-02,2026-W06,Mon,2,0,3.0,Changi_Airport,Changi Airport,6,37.09,12.36,SGD
drv_daniel_sg_15,Daniel Goh,firefighter,2026-02-03,2026-02,2026-W06,Tue,1,9,3.39,Jurong_East,Jurong East,5,19.57,5.77,SGD
drv_daniel_sg_15,Daniel Goh,firefighter,2026-02-03,2026-02,2026-W06,Tue,2,18,4.81,Marina_Bay,Marina Bay / Sands,7,27.76,5.77,SGD
drv_daniel_sg_15,Daniel Goh,firefighter,2026-02-03,2026-02,2026-W06,Tue,3,0,3.6,Marina_Bay,Marina Bay / Sands,5,20.81,5.78,SGD
drv_daniel_sg_15,Daniel Goh,firefighter,2026-02-04,2026-02,2026-W06,Wed,1,18,3.03,Orchard,Orchard Road,8,51.5,17.0,SGD
drv_daniel_sg_15,Daniel Goh,firefighter,2026-02-04,2026-02,2026-W06,Wed,2,22,3.27,Marina_Bay,Marina Bay / Sands,8,55.51,16.98,SGD
drv_daniel_sg_15,Daniel Goh,firefighter,2026-02-06,2026-02,2026-W06,Fri,1,9,3.83,Jurong_East,Jurong East,6,33.25,8.68,SGD
drv_daniel_sg_15,Daniel Goh,firefighter,2026-02-06,2026-02,2026-W06,Fri,2,22,3.17,Marina_Bay,Marina Bay / Sands,5,27.51,8.68,SGD
drv_daniel_sg_15,Daniel Goh,firefighter,2026-02-07,2026-02,2026-W06,Sat,1,7,3.37,Jurong_East,Jurong East,3,36.26,10.76,SGD
drv_daniel_sg_15,Daniel Goh,firefighter,2026-02-07,2026-02,2026-W06,Sat,2,17,3.48,Jurong_East,Jurong East,3,37.52,10.78,SGD
drv_daniel_sg_15,Daniel Goh,firefighter,2026-02-07,2026-02,2026-W06,Sat,3,21,2.95,Jurong_East,Jurong East,3,31.75,10.76,SGD
drv_daniel_sg_15,Daniel Goh,firefighter,2026-02-08,2026-02,2026-W06,Sun,1,7,3.0,Changi_Airport,Changi Airport,4,34.14,11.38,SGD
drv_daniel_sg_15,Daniel Goh,firefighter,2026-02-08,2026-02,2026-W06,Sun,2,20,3.46,Orchard,Orchard Road,4,39.47,11.41,SGD
drv_daniel_sg_15,Daniel Goh,firefighter,2026-02-08,2026-02,2026-W06,Sun,3,23,3.64,Marina_Bay,Marina Bay / Sands,4,41.45,11.39,SGD
drv_daniel_sg_15,Daniel Goh,firefighter,2026-02-09,2026-02,2026-W07,Mon,1,8,3.71,Marina_Bay,Marina Bay / Sands,7,30.45,8.21,SGD
drv_daniel_sg_15,Daniel Goh,firefighter,2026-02-09,2026-02,2026-W07,Mon,2,18,3.47,Marina_Bay,Marina Bay / Sands,6,28.49,8.21,SGD
drv_daniel_sg_15,Daniel Goh,firefighter,2026-02-09,2026-02,2026-W07,Mon,3,21,4.32,Jurong_East,Jurong East,8,35.49,8.22,SGD
drv_daniel_sg_15,Daniel Goh,firefighter,2026-02-20,2026-02,2026-W08,Fri,1,8,2.77,Orchard,Orchard Road,5,19.07,6.88,SGD
drv_daniel_sg_15,Daniel Goh,firefighter,2026-02-20,2026-02,2026-W08,Fri,2,17,2.47,Changi_Airport,Changi Airport,5,16.95,6.86,SGD
drv_daniel_sg_15,Daniel Goh,firefighter,2026-02-20,2026-02,2026-W08,Fri,3,23,2.86,Jurong_East,Jurong East,5,19.67,6.88,SGD
drv_daniel_sg_15,Daniel Goh,firefighter,2026-02-21,2026-02,2026-W08,Sat,1,9,2.92,Changi_Airport,Changi Airport,5,41.94,14.36,SGD
drv_daniel_sg_15,Daniel Goh,firefighter,2026-02-21,2026-02,2026-W08,Sat,2,19,2.37,Marina_Bay,Marina Bay / Sands,4,34.07,14.38,SGD
drv_daniel_sg_15,Daniel Goh,firefighter,2026-02-21,2026-02,2026-W08,Sat,3,21,3.41,Marina_Bay,Marina Bay / Sands,6,48.92,14.35,SGD
drv_daniel_sg_15,Daniel Goh,firefighter,2026-02-22,2026-02,2026-W08,Sun,1,7,2.99,Jurong_East,Jurong East,5,27.15,9.08,SGD
drv_daniel_sg_15,Daniel Goh,firefighter,2026-02-22,2026-02,2026-W08,Sun,2,17,2.43,Orchard,Orchard Road,4,22.11,9.1,SGD
drv_daniel_sg_15,Daniel Goh,firefighter,2026-02-22,2026-02,2026-W08,Sun,3,23,2.98,Jurong_East,Jurong East,5,27.04,9.07,SGD
drv_daniel_sg_15,Daniel Goh,firefighter,2026-02-23,2026-02,2026-W09,Mon,1,9,3.34,Jurong_East,Jurong East,7,34.23,10.25,SGD
drv_daniel_sg_15,Daniel Goh,firefighter,2026-02-23,2026-02,2026-W09,Mon,2,18,3.23,Orchard,Orchard Road,6,33.06,10.24,SGD
drv_daniel_sg_15,Daniel Goh,firefighter,2026-02-23,2026-02,2026-W09,Mon,3,22,2.93,Jurong_East,Jurong East,6,30.05,10.26,SGD
drv_daniel_sg_15,Daniel Goh,firefighter,2026-02-24,2026-02,2026-W09,Tue,1,7,4.13,Marina_Bay,Marina Bay / Sands,5,25.45,6.16,SGD
drv_daniel_sg_15,Daniel Goh,firefighter,2026-02-24,2026-02,2026-W09,Tue,2,20,3.69,Marina_Bay,Marina Bay / Sands,4,22.74,6.16,SGD
drv_daniel_sg_15,Daniel Goh,firefighter,2026-02-24,2026-02,2026-W09,Tue,3,23,3.58,Marina_Bay,Marina Bay / Sands,4,22.06,6.16,SGD
drv_daniel_sg_15,Daniel Goh,firefighter,2026-02-25,2026-02,2026-W09,Wed,1,8,3.51,Jurong_East,Jurong East,7,33.75,9.62,SGD
drv_daniel_sg_15,Daniel Goh,firefighter,2026-02-25,2026-02,2026-W09,Wed,2,18,3.58,Orchard,Orchard Road,7,34.43,9.62,SGD
drv_daniel_sg_15,Daniel Goh,firefighter,2026-02-25,2026-02,2026-W09,Wed,3,22,3.42,Orchard,Orchard Road,7,32.9,9.62,SGD
drv_daniel_sg_15,Daniel Goh,firefighter,2026-02-27,2026-02,2026-W09,Fri,1,19,2.6,Orchard,Orchard Road,10,38.93,14.97,SGD
drv_daniel_sg_15,Daniel Goh,firefighter,2026-02-27,2026-02,2026-W09,Fri,2,21,3.4,Marina_Bay,Marina Bay / Sands,13,50.88,14.96,SGD
drv_daniel_sg_15,Daniel Goh,firefighter,2026-02-28,2026-02,2026-W09,Sat,1,9,3.08,Orchard,Orchard Road,5,24.51,7.96,SGD
drv_daniel_sg_15,Daniel Goh,firefighter,2026-02-28,2026-02,2026-W09,Sat,2,17,3.2,Changi_Airport,Changi Airport,6,25.5,7.97,SGD
drv_daniel_sg_15,Daniel Goh,firefighter,2026-02-28,2026-02,2026-W09,Sat,3,23,2.42,Jurong_East,Jurong East,4,19.24,7.95,SGD
drv_daniel_sg_15,Daniel Goh,firefighter,2026-03-01,2026-03,2026-W09,Sun,1,8,2.79,Marina_Bay,Marina Bay / Sands,5,34.85,12.49,SGD
drv_daniel_sg_15,Daniel Goh,firefighter,2026-03-01,2026-03,2026-W09,Sun,2,18,3.01,Orchard,Orchard Road,5,37.54,12.47,SGD
drv_daniel_sg_15,Daniel Goh,firefighter,2026-03-01,2026-03,2026-W09,Sun,3,22,3.1,Marina_Bay,Marina Bay / Sands,5,38.67,12.47,SGD
drv_daniel_sg_15,Daniel Goh,firefighter,2026-03-02,2026-03,2026-W10,Mon,1,8,3.31,Marina_Bay,Marina Bay / Sands,7,23.49,7.1,SGD
drv_daniel_sg_15,Daniel Goh,firefighter,2026-03-02,2026-03,2026-W10,Mon,2,18,4.23,Jurong_East,Jurong East,9,29.99,7.09,SGD
drv_daniel_sg_15,Daniel Goh,firefighter,2026-03-02,2026-03,2026-W10,Mon,3,0,3.06,Jurong_East,Jurong East,6,21.73,7.1,SGD
drv_daniel_sg_15,Daniel Goh,firefighter,2026-03-03,2026-03,2026-W10,Tue,1,17,3.34,Marina_Bay,Marina Bay / Sands,4,40.49,12.12,SGD
drv_daniel_sg_15,Daniel Goh,firefighter,2026-03-03,2026-03,2026-W10,Tue,2,22,3.96,Jurong_East,Jurong East,4,48.09,12.14,SGD
drv_daniel_sg_15,Daniel Goh,firefighter,2026-03-04,2026-03,2026-W10,Wed,1,8,3.27,Marina_Bay,Marina Bay / Sands,9,47.16,14.42,SGD
drv_daniel_sg_15,Daniel Goh,firefighter,2026-03-04,2026-03,2026-W10,Wed,2,22,2.83,Marina_Bay,Marina Bay / Sands,7,40.89,14.45,SGD
drv_daniel_sg_15,Daniel Goh,firefighter,2026-03-06,2026-03,2026-W10,Fri,1,7,3.17,Jurong_East,Jurong East,4,34.39,10.85,SGD
drv_daniel_sg_15,Daniel Goh,firefighter,2026-03-06,2026-03,2026-W10,Fri,2,18,3.31,Orchard,Orchard Road,4,35.93,10.85,SGD
drv_daniel_sg_15,Daniel Goh,firefighter,2026-03-06,2026-03,2026-W10,Fri,3,21,3.32,Changi_Airport,Changi Airport,4,36.1,10.87,SGD
drv_daniel_sg_15,Daniel Goh,firefighter,2026-03-07,2026-03,2026-W10,Sat,1,7,3.67,Jurong_East,Jurong East,5,17.41,4.74,SGD
drv_daniel_sg_15,Daniel Goh,firefighter,2026-03-07,2026-03,2026-W10,Sat,2,20,3.41,Orchard,Orchard Road,5,16.17,4.74,SGD
drv_daniel_sg_15,Daniel Goh,firefighter,2026-03-07,2026-03,2026-W10,Sat,3,21,4.21,Orchard,Orchard Road,6,19.98,4.75,SGD
drv_daniel_sg_15,Daniel Goh,firefighter,2026-03-08,2026-03,2026-W10,Sun,1,8,3.54,Changi_Airport,Changi Airport,12,25.37,7.17,SGD
drv_daniel_sg_15,Daniel Goh,firefighter,2026-03-08,2026-03,2026-W10,Sun,2,0,2.86,Changi_Airport,Changi Airport,9,20.47,7.16,SGD
drv_daniel_sg_15,Daniel Goh,firefighter,2026-03-09,2026-03,2026-W11,Mon,1,8,3.31,Jurong_East,Jurong East,7,23.17,7.0,SGD
drv_daniel_sg_15,Daniel Goh,firefighter,2026-03-09,2026-03,2026-W11,Mon,2,20,3.94,Orchard,Orchard Road,8,27.57,7.0,SGD
drv_daniel_sg_15,Daniel Goh,firefighter,2026-03-09,2026-03,2026-W11,Mon,3,0,3.85,Jurong_East,Jurong East,8,26.94,7.0,SGD
drv_daniel_sg_15,Daniel Goh,firefighter,2026-03-10,2026-03,2026-W11,Tue,1,7,2.85,Changi_Airport,Changi Airport,5,29.23,10.26,SGD
drv_daniel_sg_15,Daniel Goh,firefighter,2026-03-10,2026-03,2026-W11,Tue,2,20,2.86,Changi_Airport,Changi Airport,5,29.37,10.27,SGD
drv_daniel_sg_15,Daniel Goh,firefighter,2026-03-10,2026-03,2026-W11,Tue,3,0,2.89,Jurong_East,Jurong East,5,29.62,10.25,SGD
drv_daniel_sg_15,Daniel Goh,firefighter,2026-03-11,2026-03,2026-W11,Wed,1,7,3.42,Changi_Airport,Changi Airport,7,38.55,11.27,SGD
drv_daniel_sg_15,Daniel Goh,firefighter,2026-03-11,2026-03,2026-W11,Wed,2,19,3.25,Changi_Airport,Changi Airport,7,36.63,11.27,SGD
drv_daniel_sg_15,Daniel Goh,firefighter,2026-03-11,2026-03,2026-W11,Wed,3,23,3.13,Changi_Airport,Changi Airport,6,35.24,11.26,SGD
drv_daniel_sg_15,Daniel Goh,firefighter,2026-03-13,2026-03,2026-W11,Fri,1,7,3.88,Changi_Airport,Changi Airport,8,39.47,10.17,SGD
drv_daniel_sg_15,Daniel Goh,firefighter,2026-03-13,2026-03,2026-W11,Fri,2,17,3.2,Changi_Airport,Changi Airport,7,32.59,10.18,SGD
drv_daniel_sg_15,Daniel Goh,firefighter,2026-03-13,2026-03,2026-W11,Fri,3,0,3.82,Changi_Airport,Changi Airport,8,38.82,10.16,SGD
drv_daniel_sg_15,Daniel Goh,firefighter,2026-03-14,2026-03,2026-W11,Sat,1,8,2.91,Changi_Airport,Changi Airport,8,35.99,12.37,SGD
drv_daniel_sg_15,Daniel Goh,firefighter,2026-03-14,2026-03,2026-W11,Sat,2,19,3.0,Changi_Airport,Changi Airport,8,37.01,12.34,SGD
drv_daniel_sg_15,Daniel Goh,firefighter,2026-03-14,2026-03,2026-W11,Sat,3,0,2.89,Changi_Airport,Changi Airport,8,35.69,12.35,SGD
drv_daniel_sg_15,Daniel Goh,firefighter,2026-03-15,2026-03,2026-W11,Sun,1,7,2.79,Marina_Bay,Marina Bay / Sands,4,28.57,10.24,SGD
drv_daniel_sg_15,Daniel Goh,firefighter,2026-03-15,2026-03,2026-W11,Sun,2,19,3.01,Marina_Bay,Marina Bay / Sands,4,30.9,10.27,SGD
drv_daniel_sg_15,Daniel Goh,firefighter,2026-03-15,2026-03,2026-W11,Sun,3,23,3.0,Marina_Bay,Marina Bay / Sands,4,30.73,10.24,SGD
drv_daniel_sg_15,Daniel Goh,firefighter,2026-03-16,2026-03,2026-W12,Mon,1,9,2.95,Orchard,Orchard Road,6,22.37,7.58,SGD
drv_daniel_sg_15,Daniel Goh,firefighter,2026-03-16,2026-03,2026-W12,Mon,2,19,3.28,Marina_Bay,Marina Bay / Sands,7,24.85,7.58,SGD
drv_daniel_sg_15,Daniel Goh,firefighter,2026-03-16,2026-03,2026-W12,Mon,3,21,3.07,Jurong_East,Jurong East,7,23.27,7.58,SGD
drv_daniel_sg_15,Daniel Goh,firefighter,2026-03-17,2026-03,2026-W12,Tue,1,7,3.02,Orchard,Orchard Road,6,32.69,10.82,SGD
drv_daniel_sg_15,Daniel Goh,firefighter,2026-03-17,2026-03,2026-W12,Tue,2,19,2.78,Marina_Bay,Marina Bay / Sands,5,30.08,10.82,SGD
drv_daniel_sg_15,Daniel Goh,firefighter,2026-03-17,2026-03,2026-W12,Tue,3,23,3.49,Marina_Bay,Marina Bay / Sands,6,37.75,10.82,SGD
drv_daniel_sg_15,Daniel Goh,firefighter,2026-03-18,2026-03,2026-W12,Wed,1,9,3.35,Orchard,Orchard Road,10,52.28,15.61,SGD
drv_daniel_sg_15,Daniel Goh,firefighter,2026-03-18,2026-03,2026-W12,Wed,2,19,2.95,Changi_Airport,Changi Airport,9,46.18,15.65,SGD
drv_daniel_sg_15,Daniel Goh,firefighter,2026-03-20,2026-03,2026-W12,Fri,1,9,2.8,Jurong_East,Jurong East,7,23.44,8.37,SGD
drv_daniel_sg_15,Daniel Goh,firefighter,2026-03-20,2026-03,2026-W12,Fri,2,19,3.3,Jurong_East,Jurong East,9,27.58,8.36,SGD
drv_daniel_sg_15,Daniel Goh,firefighter,2026-03-21,2026-03,2026-W12,Sat,1,8,3.68,Jurong_East,Jurong East,6,11.13,3.02,SGD
drv_daniel_sg_15,Daniel Goh,firefighter,2026-03-21,2026-03,2026-W12,Sat,2,17,3.21,Orchard,Orchard Road,5,9.71,3.02,SGD
drv_daniel_sg_15,Daniel Goh,firefighter,2026-03-21,2026-03,2026-W12,Sat,3,21,3.7,Marina_Bay,Marina Bay / Sands,6,11.19,3.02,SGD
drv_daniel_sg_15,Daniel Goh,firefighter,2026-03-22,2026-03,2026-W12,Sun,1,8,4.0,Changi_Airport,Changi Airport,5,10.93,2.73,SGD
drv_daniel_sg_15,Daniel Goh,firefighter,2026-03-22,2026-03,2026-W12,Sun,2,17,2.99,Orchard,Orchard Road,4,8.18,2.74,SGD
drv_daniel_sg_15,Daniel Goh,firefighter,2026-03-22,2026-03,2026-W12,Sun,3,23,3.12,Jurong_East,Jurong East,4,8.52,2.73,SGD
drv_daniel_sg_15,Daniel Goh,firefighter,2026-03-23,2026-03,2026-W13,Mon,1,9,4.12,Jurong_East,Jurong East,4,13.48,3.27,SGD
drv_daniel_sg_15,Daniel Goh,firefighter,2026-03-23,2026-03,2026-W13,Mon,2,19,3.57,Marina_Bay,Marina Bay / Sands,4,11.68,3.27,SGD
drv_daniel_sg_15,Daniel Goh,firefighter,2026-03-23,2026-03,2026-W13,Mon,3,21,3.71,Marina_Bay,Marina Bay / Sands,4,12.14,3.27,SGD
drv_daniel_sg_15,Daniel Goh,firefighter,2026-03-24,2026-03,2026-W13,Tue,1,18,3.76,Changi_Airport,Changi Airport,7,22.5,5.98,SGD
drv_daniel_sg_15,Daniel Goh,firefighter,2026-03-24,2026-03,2026-W13,Tue,2,21,3.24,Jurong_East,Jurong East,6,19.4,5.99,SGD
drv_daniel_sg_15,Daniel Goh,firefighter,2026-03-25,2026-03,2026-W13,Wed,1,9,3.51,Marina_Bay,Marina Bay / Sands,6,20.02,5.7,SGD
drv_daniel_sg_15,Daniel Goh,firefighter,2026-03-25,2026-03,2026-W13,Wed,2,19,2.93,Jurong_East,Jurong East,5,16.69,5.7,SGD
drv_daniel_sg_15,Daniel Goh,firefighter,2026-03-25,2026-03,2026-W13,Wed,3,0,2.86,Orchard,Orchard Road,5,16.29,5.7,SGD
drv_daniel_sg_15,Daniel Goh,firefighter,2026-03-27,2026-03,2026-W13,Fri,1,18,2.89,Orchard,Orchard Road,7,73.84,25.55,SGD
drv_daniel_sg_15,Daniel Goh,firefighter,2026-03-27,2026-03,2026-W13,Fri,2,22,3.71,Marina_Bay,Marina Bay / Sands,9,94.82,25.56,SGD
drv_daniel_sg_15,Daniel Goh,firefighter,2026-03-28,2026-03,2026-W13,Sat,1,9,5.0,Marina_Bay,Marina Bay / Sands,9,77.52,15.5,SGD
drv_daniel_sg_15,Daniel Goh,firefighter,2026-03-28,2026-03,2026-W13,Sat,2,19,3.55,Marina_Bay,Marina Bay / Sands,7,55.03,15.5,SGD
drv_daniel_sg_15,Daniel Goh,firefighter,2026-03-28,2026-03,2026-W13,Sat,3,23,3.46,Jurong_East,Jurong East,6,53.63,15.5,SGD
drv_daniel_sg_15,Daniel Goh,firefighter,2026-03-29,2026-03,2026-W13,Sun,1,8,4.09,Jurong_East,Jurong East,5,55.83,13.65,SGD
drv_daniel_sg_15,Daniel Goh,firefighter,2026-03-29,2026-03,2026-W13,Sun,2,19,3.12,Changi_Airport,Changi Airport,4,42.62,13.66,SGD
drv_daniel_sg_15,Daniel Goh,firefighter,2026-03-29,2026-03,2026-W13,Sun,3,22,3.49,Orchard,Orchard Road,4,47.65,13.65,SGD
drv_daniel_sg_15,Daniel Goh,firefighter,2026-03-30,2026-03,2026-W14,Mon,1,8,2.88,Marina_Bay,Marina Bay / Sands,8,41.29,14.34,SGD
drv_daniel_sg_15,Daniel Goh,firefighter,2026-03-30,2026-03,2026-W14,Mon,2,23,3.22,Orchard,Orchard Road,8,46.09,14.31,SGD
drv_daniel_sg_15,Daniel Goh,firefighter,2026-03-31,2026-03,2026-W14,Tue,1,17,3.04,Jurong_East,Jurong East,5,39.23,12.9,SGD
drv_daniel_sg_15,Daniel Goh,firefighter,2026-03-31,2026-03,2026-W14,Tue,2,22,3.86,Marina_Bay,Marina Bay / Sands,7,49.86,12.92,SGD
drv_daniel_sg_15,Daniel Goh,firefighter,2026-04-01,2026-04,2026-W14,Wed,1,8,3.46,Orchard,Orchard Road,7,42.82,12.38,SGD
drv_daniel_sg_15,Daniel Goh,firefighter,2026-04-01,2026-04,2026-W14,Wed,2,20,3.22,Changi_Airport,Changi Airport,7,39.81,12.36,SGD
drv_daniel_sg_15,Daniel Goh,firefighter,2026-04-01,2026-04,2026-W14,Wed,3,0,3.12,Jurong_East,Jurong East,7,38.61,12.38,SGD
drv_daniel_sg_15,Daniel Goh,firefighter,2026-04-03,2026-04,2026-W14,Fri,1,8,3.66,Marina_Bay,Marina Bay / Sands,3,44.89,12.27,SGD
drv_daniel_sg_15,Daniel Goh,firefighter,2026-04-03,2026-04,2026-W14,Fri,2,20,4.37,Orchard,Orchard Road,4,53.59,12.26,SGD
drv_daniel_sg_15,Daniel Goh,firefighter,2026-04-03,2026-04,2026-W14,Fri,3,22,3.97,Changi_Airport,Changi Airport,3,48.65,12.25,SGD
drv_daniel_sg_15,Daniel Goh,firefighter,2026-04-04,2026-04,2026-W14,Sat,1,19,3.77,Jurong_East,Jurong East,10,94.34,25.02,SGD
drv_daniel_sg_15,Daniel Goh,firefighter,2026-04-04,2026-04,2026-W14,Sat,2,23,2.83,Changi_Airport,Changi Airport,7,70.8,25.02,SGD
drv_daniel_sg_15,Daniel Goh,firefighter,2026-04-05,2026-04,2026-W14,Sun,1,9,3.65,Changi_Airport,Changi Airport,6,42.75,11.71,SGD
drv_daniel_sg_15,Daniel Goh,firefighter,2026-04-05,2026-04,2026-W14,Sun,2,17,3.25,Orchard,Orchard Road,6,38.13,11.73,SGD
drv_daniel_sg_15,Daniel Goh,firefighter,2026-04-06,2026-04,2026-W15,Mon,1,7,2.67,Marina_Bay,Marina Bay / Sands,7,27.07,10.14,SGD
drv_daniel_sg_15,Daniel Goh,firefighter,2026-04-06,2026-04,2026-W15,Mon,2,19,2.58,Jurong_East,Jurong East,7,26.18,10.15,SGD
drv_daniel_sg_15,Daniel Goh,firefighter,2026-04-06,2026-04,2026-W15,Mon,3,22,3.15,Jurong_East,Jurong East,9,31.96,10.15,SGD
drv_daniel_sg_15,Daniel Goh,firefighter,2026-04-07,2026-04,2026-W15,Tue,1,7,2.78,Marina_Bay,Marina Bay / Sands,5,31.93,11.49,SGD
drv_daniel_sg_15,Daniel Goh,firefighter,2026-04-07,2026-04,2026-W15,Tue,2,20,3.81,Changi_Airport,Changi Airport,6,43.73,11.48,SGD
drv_daniel_sg_15,Daniel Goh,firefighter,2026-04-07,2026-04,2026-W15,Tue,3,0,3.5,Changi_Airport,Changi Airport,6,40.16,11.47,SGD
drv_daniel_sg_15,Daniel Goh,firefighter,2026-04-08,2026-04,2026-W15,Wed,1,8,2.94,Orchard,Orchard Road,9,53.86,18.32,SGD
drv_daniel_sg_15,Daniel Goh,firefighter,2026-04-08,2026-04,2026-W15,Wed,2,20,3.36,Jurong_East,Jurong East,11,61.54,18.32,SGD
drv_daniel_sg_15,Daniel Goh,firefighter,2026-04-10,2026-04,2026-W15,Fri,1,9,3.19,Jurong_East,Jurong East,3,40.91,12.82,SGD
drv_daniel_sg_15,Daniel Goh,firefighter,2026-04-10,2026-04,2026-W15,Fri,2,19,3.49,Jurong_East,Jurong East,3,44.81,12.84,SGD
drv_daniel_sg_15,Daniel Goh,firefighter,2026-04-10,2026-04,2026-W15,Fri,3,23,3.02,Changi_Airport,Changi Airport,2,38.71,12.82,SGD
drv_daniel_sg_15,Daniel Goh,firefighter,2026-04-11,2026-04,2026-W15,Sat,1,7,3.38,Marina_Bay,Marina Bay / Sands,6,80.36,23.78,SGD
drv_daniel_sg_15,Daniel Goh,firefighter,2026-04-11,2026-04,2026-W15,Sat,2,19,2.92,Jurong_East,Jurong East,6,69.62,23.84,SGD
drv_daniel_sg_15,Daniel Goh,firefighter,2026-04-12,2026-04,2026-W15,Sun,1,8,3.4,Changi_Airport,Changi Airport,7,32.31,9.5,SGD
drv_daniel_sg_15,Daniel Goh,firefighter,2026-04-12,2026-04,2026-W15,Sun,2,17,3.81,Orchard,Orchard Road,8,36.22,9.51,SGD
drv_daniel_sg_15,Daniel Goh,firefighter,2026-04-12,2026-04,2026-W15,Sun,3,21,3.8,Marina_Bay,Marina Bay / Sands,8,36.13,9.51,SGD
drv_daniel_sg_15,Daniel Goh,firefighter,2026-04-13,2026-04,2026-W16,Mon,1,7,3.43,Jurong_East,Jurong East,4,56.59,16.5,SGD
drv_daniel_sg_15,Daniel Goh,firefighter,2026-04-13,2026-04,2026-W16,Mon,2,17,3.47,Orchard,Orchard Road,5,57.35,16.53,SGD
drv_daniel_sg_15,Daniel Goh,firefighter,2026-04-14,2026-04,2026-W16,Tue,1,9,3.59,Marina_Bay,Marina Bay / Sands,4,50.83,14.16,SGD
drv_daniel_sg_15,Daniel Goh,firefighter,2026-04-14,2026-04,2026-W16,Tue,2,18,2.86,Changi_Airport,Changi Airport,3,40.49,14.16,SGD
drv_daniel_sg_15,Daniel Goh,firefighter,2026-04-14,2026-04,2026-W16,Tue,3,21,2.85,Jurong_East,Jurong East,3,40.37,14.16,SGD
drv_daniel_sg_15,Daniel Goh,firefighter,2026-04-15,2026-04,2026-W16,Wed,1,8,3.04,Orchard,Orchard Road,7,46.05,15.15,SGD
drv_daniel_sg_15,Daniel Goh,firefighter,2026-04-15,2026-04,2026-W16,Wed,2,20,2.47,Changi_Airport,Changi Airport,6,37.39,15.14,SGD
drv_daniel_sg_15,Daniel Goh,firefighter,2026-04-15,2026-04,2026-W16,Wed,3,23,2.59,Orchard,Orchard Road,6,39.13,15.11,SGD
drv_daniel_sg_15,Daniel Goh,firefighter,2026-04-17,2026-04,2026-W16,Fri,1,17,3.91,Changi_Airport,Changi Airport,8,69.31,17.73,SGD
drv_daniel_sg_15,Daniel Goh,firefighter,2026-04-17,2026-04,2026-W16,Fri,2,23,3.69,Orchard,Orchard Road,8,65.49,17.75,SGD
drv_daniel_sg_15,Daniel Goh,firefighter,2026-04-18,2026-04,2026-W16,Sat,1,8,2.99,Changi_Airport,Changi Airport,3,23.04,7.71,SGD
drv_daniel_sg_15,Daniel Goh,firefighter,2026-04-18,2026-04,2026-W16,Sat,2,17,3.4,Jurong_East,Jurong East,3,26.22,7.71,SGD
drv_daniel_sg_15,Daniel Goh,firefighter,2026-04-18,2026-04,2026-W16,Sat,3,21,2.91,Marina_Bay,Marina Bay / Sands,3,22.44,7.71,SGD
drv_daniel_sg_15,Daniel Goh,firefighter,2026-04-19,2026-04,2026-W16,Sun,1,9,3.32,Orchard,Orchard Road,3,43.68,13.16,SGD
drv_daniel_sg_15,Daniel Goh,firefighter,2026-04-19,2026-04,2026-W16,Sun,2,18,4.38,Orchard,Orchard Road,5,57.5,13.13,SGD
drv_daniel_sg_15,Daniel Goh,firefighter,2026-04-20,2026-04,2026-W17,Mon,1,7,3.45,Marina_Bay,Marina Bay / Sands,3,34.93,10.12,SGD
drv_daniel_sg_15,Daniel Goh,firefighter,2026-04-20,2026-04,2026-W17,Mon,2,18,2.7,Jurong_East,Jurong East,2,27.29,10.11,SGD
drv_daniel_sg_15,Daniel Goh,firefighter,2026-04-20,2026-04,2026-W17,Mon,3,0,2.55,Marina_Bay,Marina Bay / Sands,2,25.84,10.13,SGD
drv_daniel_sg_15,Daniel Goh,firefighter,2026-04-21,2026-04,2026-W17,Tue,1,9,3.06,Jurong_East,Jurong East,5,51.93,16.97,SGD
drv_daniel_sg_15,Daniel Goh,firefighter,2026-04-21,2026-04,2026-W17,Tue,2,20,3.64,Orchard,Orchard Road,6,61.9,17.01,SGD
drv_daniel_sg_15,Daniel Goh,firefighter,2026-04-22,2026-04,2026-W17,Wed,1,8,3.22,Orchard,Orchard Road,4,32.96,10.24,SGD
drv_daniel_sg_15,Daniel Goh,firefighter,2026-04-22,2026-04,2026-W17,Wed,2,19,3.02,Marina_Bay,Marina Bay / Sands,4,30.97,10.25,SGD
drv_daniel_sg_15,Daniel Goh,firefighter,2026-04-22,2026-04,2026-W17,Wed,3,23,3.96,Marina_Bay,Marina Bay / Sands,5,40.62,10.26,SGD
drv_daniel_sg_15,Daniel Goh,firefighter,2026-04-24,2026-04,2026-W17,Fri,1,8,3.87,Marina_Bay,Marina Bay / Sands,3,54.25,14.02,SGD
drv_daniel_sg_15,Daniel Goh,firefighter,2026-04-24,2026-04,2026-W17,Fri,2,19,3.71,Orchard,Orchard Road,3,52.05,14.03,SGD
drv_daniel_sg_15,Daniel Goh,firefighter,2026-04-24,2026-04,2026-W17,Fri,3,23,3.52,Orchard,Orchard Road,3,49.42,14.04,SGD
drv_daniel_sg_15,Daniel Goh,firefighter,2026-04-25,2026-04,2026-W17,Sat,1,9,4.18,Jurong_East,Jurong East,4,44.8,10.72,SGD
drv_daniel_sg_15,Daniel Goh,firefighter,2026-04-25,2026-04,2026-W17,Sat,2,20,3.3,Orchard,Orchard Road,3,35.39,10.72,SGD
drv_daniel_sg_15,Daniel Goh,firefighter,2026-04-25,2026-04,2026-W17,Sat,3,0,4.02,Orchard,Orchard Road,4,43.05,10.71,SGD
drv_daniel_sg_15,Daniel Goh,firefighter,2026-04-26,2026-04,2026-W17,Sun,1,8,3.52,Jurong_East,Jurong East,11,62.95,17.88,SGD
drv_daniel_sg_15,Daniel Goh,firefighter,2026-04-26,2026-04,2026-W17,Sun,2,20,3.48,Marina_Bay,Marina Bay / Sands,10,62.27,17.89,SGD
drv_daniel_sg_15,Daniel Goh,firefighter,2026-04-27,2026-04,2026-W18,Mon,1,7,2.85,Jurong_East,Jurong East,3,26.9,9.44,SGD
drv_daniel_sg_15,Daniel Goh,firefighter,2026-04-27,2026-04,2026-W18,Mon,2,17,3.97,Jurong_East,Jurong East,4,37.41,9.42,SGD
drv_daniel_sg_15,Daniel Goh,firefighter,2026-04-27,2026-04,2026-W18,Mon,3,21,3.38,Jurong_East,Jurong East,3,31.88,9.43,SGD
drv_daniel_sg_15,Daniel Goh,firefighter,2026-04-28,2026-04,2026-W18,Tue,1,8,3.12,Jurong_East,Jurong East,5,35.74,11.46,SGD
drv_daniel_sg_15,Daniel Goh,firefighter,2026-04-28,2026-04,2026-W18,Tue,2,18,3.52,Jurong_East,Jurong East,6,40.27,11.44,SGD
drv_daniel_sg_15,Daniel Goh,firefighter,2026-04-28,2026-04,2026-W18,Tue,3,22,3.36,Jurong_East,Jurong East,5,38.48,11.45,SGD
drv_daniel_sg_15,Daniel Goh,firefighter,2026-04-29,2026-04,2026-W18,Wed,1,8,4.11,Orchard,Orchard Road,4,43.47,10.58,SGD
drv_daniel_sg_15,Daniel Goh,firefighter,2026-04-29,2026-04,2026-W18,Wed,2,20,3.44,Marina_Bay,Marina Bay / Sands,3,36.39,10.58,SGD
drv_daniel_sg_15,Daniel Goh,firefighter,2026-04-29,2026-04,2026-W18,Wed,3,0,4.15,Changi_Airport,Changi Airport,4,43.9,10.58,SGD
drv_daniel_sg_15,Daniel Goh,firefighter,2026-05-01,2026-05,2026-W18,Fri,1,7,4.1,Orchard,Orchard Road,7,59.32,14.47,SGD
drv_daniel_sg_15,Daniel Goh,firefighter,2026-05-01,2026-05,2026-W18,Fri,2,22,3.8,Marina_Bay,Marina Bay / Sands,7,54.85,14.43,SGD
drv_daniel_sg_15,Daniel Goh,firefighter,2026-05-02,2026-05,2026-W18,Sat,1,7,4.43,Marina_Bay,Marina Bay / Sands,3,50.12,11.31,SGD
drv_daniel_sg_15,Daniel Goh,firefighter,2026-05-02,2026-05,2026-W18,Sat,2,19,3.91,Changi_Airport,Changi Airport,3,44.21,11.31,SGD
drv_daniel_sg_15,Daniel Goh,firefighter,2026-05-02,2026-05,2026-W18,Sat,3,21,3.56,Orchard,Orchard Road,3,40.29,11.32,SGD
drv_daniel_sg_15,Daniel Goh,firefighter,2026-05-03,2026-05,2026-W18,Sun,1,17,3.59,Marina_Bay,Marina Bay / Sands,10,73.65,20.52,SGD
drv_daniel_sg_15,Daniel Goh,firefighter,2026-05-03,2026-05,2026-W18,Sun,2,22,3.61,Changi_Airport,Changi Airport,10,74.06,20.52,SGD
drv_daniel_sg_15,Daniel Goh,firefighter,2026-05-04,2026-05,2026-W19,Mon,1,7,3.34,Orchard,Orchard Road,7,41.15,12.32,SGD
drv_daniel_sg_15,Daniel Goh,firefighter,2026-05-04,2026-05,2026-W19,Mon,2,23,3.96,Orchard,Orchard Road,8,48.83,12.33,SGD
drv_daniel_sg_15,Daniel Goh,firefighter,2026-05-05,2026-05,2026-W19,Tue,1,9,3.06,Jurong_East,Jurong East,5,46.68,15.25,SGD
drv_daniel_sg_15,Daniel Goh,firefighter,2026-05-05,2026-05,2026-W19,Tue,2,17,2.94,Marina_Bay,Marina Bay / Sands,4,44.86,15.26,SGD
drv_daniel_sg_15,Daniel Goh,firefighter,2026-05-06,2026-05,2026-W19,Wed,1,17,3.75,Orchard,Orchard Road,6,51.13,13.63,SGD
drv_daniel_sg_15,Daniel Goh,firefighter,2026-05-06,2026-05,2026-W19,Wed,2,21,3.25,Marina_Bay,Marina Bay / Sands,5,44.21,13.6,SGD
drv_daniel_sg_15,Daniel Goh,firefighter,2026-05-08,2026-05,2026-W19,Fri,1,7,3.21,Jurong_East,Jurong East,6,42.62,13.28,SGD
drv_daniel_sg_15,Daniel Goh,firefighter,2026-05-08,2026-05,2026-W19,Fri,2,18,3.2,Marina_Bay,Marina Bay / Sands,6,42.58,13.31,SGD
drv_daniel_sg_15,Daniel Goh,firefighter,2026-05-08,2026-05,2026-W19,Fri,3,21,2.99,Orchard,Orchard Road,5,39.72,13.28,SGD
drv_daniel_sg_15,Daniel Goh,firefighter,2026-05-09,2026-05,2026-W19,Sat,1,9,3.22,Orchard,Orchard Road,7,44.82,13.92,SGD
drv_daniel_sg_15,Daniel Goh,firefighter,2026-05-09,2026-05,2026-W19,Sat,2,17,4.39,Marina_Bay,Marina Bay / Sands,9,61.12,13.92,SGD
drv_daniel_sg_15,Daniel Goh,firefighter,2026-05-09,2026-05,2026-W19,Sat,3,22,3.49,Orchard,Orchard Road,7,48.52,13.9,SGD
drv_daniel_sg_15,Daniel Goh,firefighter,2026-05-10,2026-05,2026-W19,Sun,1,9,3.26,Jurong_East,Jurong East,8,41.45,12.71,SGD
drv_daniel_sg_15,Daniel Goh,firefighter,2026-05-10,2026-05,2026-W19,Sun,2,18,2.82,Jurong_East,Jurong East,7,35.81,12.7,SGD
drv_daniel_sg_15,Daniel Goh,firefighter,2026-05-10,2026-05,2026-W19,Sun,3,22,3.62,Orchard,Orchard Road,9,45.97,12.7,SGD
drv_daniel_sg_15,Daniel Goh,firefighter,2026-05-11,2026-05,2026-W20,Mon,1,7,3.94,Orchard,Orchard Road,5,36.08,9.16,SGD
drv_daniel_sg_15,Daniel Goh,firefighter,2026-05-11,2026-05,2026-W20,Mon,2,19,3.74,Jurong_East,Jurong East,5,34.23,9.15,SGD
drv_daniel_sg_15,Daniel Goh,firefighter,2026-05-11,2026-05,2026-W20,Mon,3,22,3.82,Jurong_East,Jurong East,5,35.0,9.16,SGD
drv_daniel_sg_15,Daniel Goh,firefighter,2026-05-12,2026-05,2026-W20,Tue,1,8,3.32,Orchard,Orchard Road,7,29.91,9.01,SGD
drv_daniel_sg_15,Daniel Goh,firefighter,2026-05-12,2026-05,2026-W20,Tue,2,20,3.91,Orchard,Orchard Road,8,35.3,9.03,SGD
drv_daniel_sg_15,Daniel Goh,firefighter,2026-05-12,2026-05,2026-W20,Tue,3,21,3.27,Changi_Airport,Changi Airport,7,29.52,9.03,SGD
drv_daniel_sg_15,Daniel Goh,firefighter,2026-05-13,2026-05,2026-W20,Wed,1,20,4.31,Changi_Airport,Changi Airport,9,59.4,13.78,SGD
drv_daniel_sg_15,Daniel Goh,firefighter,2026-05-13,2026-05,2026-W20,Wed,2,0,3.49,Changi_Airport,Changi Airport,8,48.2,13.81,SGD
drv_daniel_sg_15,Daniel Goh,firefighter,2026-05-15,2026-05,2026-W20,Fri,1,9,2.65,Changi_Airport,Changi Airport,4,35.05,13.23,SGD
drv_daniel_sg_15,Daniel Goh,firefighter,2026-05-15,2026-05,2026-W20,Fri,2,20,2.48,Marina_Bay,Marina Bay / Sands,3,32.74,13.2,SGD
drv_daniel_sg_15,Daniel Goh,firefighter,2026-05-15,2026-05,2026-W20,Fri,3,22,3.07,Orchard,Orchard Road,4,40.59,13.22,SGD
