driver_id,driver_name,persona,earnings_tier,date,month,iso_week,day_of_week,gross_earnings,platform_fees,incentives,net_earnings,trips,active_hours,online_hours,acceptance_rate,cancellations,earnings_per_hour,earnings_per_trip,currency,is_rest_day,festival_window,note
drv_siti_sg_10,Siti Rahman,firefighter,M,2024-11-16,2024-11,2024-W46,Saturday,303.82,60.76,9.71,252.77,14,7.4,9.0,0.75,3,34.16,18.05,SGD,False,,
drv_siti_sg_10,Siti Rahman,firefighter,M,2024-11-17,2024-11,2024-W46,Sunday,209.68,41.94,0.0,167.74,20,6.1,7.6,0.95,3,27.5,8.39,SGD,False,,
drv_siti_sg_10,Siti Rahman,firefighter,M,2024-11-18,2024-11,2024-W47,Monday,197.72,39.54,17.06,175.24,14,10.1,10.9,0.76,2,17.35,12.52,SGD,False,,
drv_siti_sg_10,Siti Rahman,firefighter,M,2024-11-19,2024-11,2024-W47,Tuesday,212.53,42.51,0.0,170.02,17,9.0,9.6,0.82,2,18.89,10.0,SGD,False,,
drv_siti_sg_10,Siti Rahman,firefighter,M,2024-11-20,2024-11,2024-W47,Wednesday,0,0,0,0,0,0,0,0,0,0,0,SGD,True,,rest_day
drv_siti_sg_10,Siti Rahman,firefighter,M,2024-11-21,2024-11,2024-W47,Thursday,200.13,40.03,0.0,160.1,21,9.8,11.0,0.91,3,16.34,7.62,SGD,False,,
drv_siti_sg_10,Siti Rahman,firefighter,M,2024-11-22,2024-11,2024-W47,Friday,106.76,21.35,0.0,85.41,15,10.9,13.7,0.82,0,7.84,5.69,SGD,False,,
drv_siti_sg_10,Siti Rahman,firefighter,M,2024-11-23,2024-11,2024-W47,Saturday,258.03,51.61,0.0,206.42,23,10.7,12.1,0.86,0,19.29,8.97,SGD,False,,
drv_siti_sg_10,Siti Rahman,firefighter,M,2024-11-24,2024-11,2024-W47,Sunday,104.8,20.96,0.0,83.84,17,6.5,6.9,0.75,2,12.9,4.93,SGD,False,,
drv_siti_sg_10,Siti Rahman,firefighter,M,2024-11-25,2024-11,2024-W48,Monday,152.44,30.49,10.14,132.09,17,7.2,9.5,0.82,1,18.35,7.77,SGD,False,,
drv_siti_sg_10,Siti Rahman,firefighter,M,2024-11-26,2024-11,2024-W48,Tuesday,187.09,37.42,0.0,149.67,14,6.3,7.4,0.96,0,23.76,10.69,SGD,False,,
drv_siti_sg_10,Siti Rahman,firefighter,M,2024-11-27,2024-11,2024-W48,Wednesday,0,0,0,0,0,0,0,0,0,0,0,SGD,True,,rest_day
drv_siti_sg_10,Siti Rahman,firefighter,M,2024-11-28,2024-11,2024-W48,Thursday,227.73,45.55,15.68,197.86,18,11.4,14.1,0.93,3,17.36,10.99,SGD,False,,
drv_siti_sg_10,Siti Rahman,firefighter,M,2024-11-29,2024-11,2024-W48,Friday,240.76,48.15,0.0,192.61,12,8.4,9.4,0.91,1,22.93,16.05,SGD,False,,
drv_siti_sg_10,Siti Rahman,firefighter,M,2024-11-30,2024-11,2024-W48,Saturday,288.38,57.68,0.0,230.7,21,10.8,14.2,0.88,3,21.36,10.99,SGD,False,,
drv_siti_sg_10,Siti Rahman,firefighter,M,2024-12-01,2024-12,2024-W48,Sunday,208.01,41.6,11.3,177.71,23,7.6,9.1,0.88,3,23.38,7.73,SGD,False,,
drv_siti_sg_10,Siti Rahman,firefighter,M,2024-12-02,2024-12,2024-W49,Monday,168.21,33.64,0.0,134.57,22,7.0,7.5,0.86,0,19.22,6.12,SGD,False,,
drv_siti_sg_10,Siti Rahman,firefighter,M,2024-12-03,2024-12,2024-W49,Tuesday,160.74,32.15,0.0,128.59,14,11.2,13.2,0.91,3,11.48,9.19,SGD,False,,
drv_siti_sg_10,Siti Rahman,firefighter,M,2024-12-04,2024-12,2024-W49,Wednesday,0,0,0,0,0,0,0,0,0,0,0,SGD,True,,rest_day
drv_siti_sg_10,Siti Rahman,firefighter,M,2024-12-05,2024-12,2024-W49,Thursday,178.03,35.61,0.0,142.42,10,7.8,9.5,0.95,2,18.26,14.24,SGD,False,,
drv_siti_sg_10,Siti Rahman,firefighter,M,2024-12-06,2024-12,2024-W49,Friday,198.18,39.64,11.76,170.3,19,10.3,13.3,0.92,2,16.53,8.96,SGD,False,,
drv_siti_sg_10,Siti Rahman,firefighter,M,2024-12-07,2024-12,2024-W49,Saturday,297.35,59.47,0.0,237.88,11,9.0,11.7,0.91,3,26.43,21.63,SGD,False,,
drv_siti_sg_10,Siti Rahman,firefighter,M,2024-12-08,2024-12,2024-W49,Sunday,238.31,47.66,0.0,190.65,23,10.9,12.7,0.8,3,17.49,8.29,SGD,False,,
drv_siti_sg_10,Siti Rahman,firefighter,M,2024-12-09,2024-12,2024-W50,Monday,202.16,40.43,0.0,161.73,11,8.4,9.2,0.74,1,19.25,14.7,SGD,False,,
drv_siti_sg_10,Siti Rahman,firefighter,M,2024-12-10,2024-12,2024-W50,Tuesday,167.25,33.45,8.91,142.71,9,6.5,8.1,0.88,2,21.96,15.86,SGD,False,,
drv_siti_sg_10,Siti Rahman,firefighter,M,2024-12-11,2024-12,2024-W50,Wednesday,0,0,0,0,0,0,0,0,0,0,0,SGD,True,,rest_day
drv_siti_sg_10,Siti Rahman,firefighter,M,2024-12-12,2024-12,2024-W50,Thursday,175.17,35.03,0.0,140.14,9,10.5,12.7,0.75,3,13.35,15.57,SGD,False,,
drv_siti_sg_10,Siti Rahman,firefighter,M,2024-12-13,2024-12,2024-W50,Friday,256.52,51.3,11.58,216.8,16,8.4,8.9,0.95,2,25.81,13.55,SGD,False,,
drv_siti_sg_10,Siti Rahman,firefighter,M,2024-12-14,2024-12,2024-W50,Saturday,266.76,53.35,0.0,213.41,15,9.9,12.2,0.91,2,21.56,14.23,SGD,False,,
drv_siti_sg_10,Siti Rahman,firefighter,M,2024-12-15,2024-12,2024-W50,Sunday,241.34,48.27,0.0,193.07,9,6.3,8.3,0.73,0,30.65,21.45,SGD,False,,
drv_siti_sg_10,Siti Rahman,firefighter,M,2024-12-16,2024-12,2024-W51,Monday,195.35,39.07,13.8,170.08,10,7.1,8.7,0.76,2,23.95,17.01,SGD,False,,
drv_siti_sg_10,Siti Rahman,firefighter,M,2024-12-17,2024-12,2024-W51,Tuesday,171.73,34.35,11.66,149.04,10,7.9,9.8,0.81,0,18.87,14.9,SGD,False,,
drv_siti_sg_10,Siti Rahman,firefighter,M,2024-12-18,2024-12,2024-W51,Wednesday,0,0,0,0,0,0,0,0,0,0,0,SGD,True,,rest_day
drv_siti_sg_10,Siti Rahman,firefighter,M,2024-12-19,2024-12,2024-W51,Thursday,212.13,42.43,0.0,169.7,15,6.2,6.8,0.8,2,27.37,11.31,SGD,False,,
drv_siti_sg_10,Siti Rahman,firefighter,M,2024-12-20,2024-12,2024-W51,Friday,251.9,50.38,0.0,201.52,9,8.3,9.9,0.88,1,24.28,22.39,SGD,False,,
drv_siti_sg_10,Siti Rahman,firefighter,M,2024-12-21,2024-12,2024-W51,Saturday,266.84,53.37,0.0,213.47,10,8.4,10.2,0.94,2,25.41,21.35,SGD,False,,
drv_siti_sg_10,Siti Rahman,firefighter,M,2024-12-22,2024-12,2024-W51,Sunday,290.01,58.0,0.0,232.01,21,11.8,13.1,0.83,2,19.66,11.05,SGD,False,Year-End Peak,
drv_siti_sg_10,Siti Rahman,firefighter,M,2024-12-23,2024-12,2024-W52,Monday,206.27,41.25,0.0,165.02,15,8.2,9.9,0.87,3,20.12,11.0,SGD,False,Year-End Peak,
drv_siti_sg_10,Siti Rahman,firefighter,M,2024-12-24,2024-12,2024-W52,Tuesday,245.59,49.12,18.45,214.92,22,6.0,7.6,0.79,0,35.82,9.77,SGD,False,Year-End Peak,
drv_siti_sg_10,Siti Rahman,firefighter,M,2024-12-25,2024-12,2024-W52,Wednesday,0,0,0,0,0,0,0,0,0,0,0,SGD,True,Year-End Peak,rest_day
drv_siti_sg_10,Siti Rahman,firefighter,M,2024-12-26,2024-12,2024-W52,Thursday,273.39,54.68,0.0,218.71,15,7.4,8.1,0.84,1,29.56,14.58,SGD,False,Year-End Peak,
drv_siti_sg_10,Siti Rahman,firefighter,M,2024-12-27,2024-12,2024-W52,Friday,171.06,34.21,11.96,148.81,8,6.9,7.8,0.82,3,21.57,18.6,SGD,False,Year-End Peak,
drv_siti_sg_10,Siti Rahman,firefighter,M,2024-12-28,2024-12,2024-W52,Saturday,153.66,30.73,0.0,122.93,12,9.7,12.5,0.92,0,12.67,10.24,SGD,False,Year-End Peak,
drv_siti_sg_10,Siti Rahman,firefighter,M,2024-12-29,2024-12,2024-W52,Sunday,258.49,51.7,0.0,206.79,15,11.1,14.8,0.78,0,18.63,13.79,SGD,False,Year-End Peak,
drv_siti_sg_10,Siti Rahman,firefighter,M,2024-12-30,2024-12,2025-W01,Monday,242.04,48.41,0.0,193.63,19,9.6,10.7,0.73,2,20.17,10.19,SGD,False,Year-End Peak,
drv_siti_sg_10,Siti Rahman,firefighter,M,2024-12-31,2024-12,2025-W01,Tuesday,203.46,40.69,0.0,162.77,18,6.9,9.3,0.77,2,23.59,9.04,SGD,False,Year-End Peak,
drv_siti_sg_10,Siti Rahman,firefighter,M,2025-01-01,2025-01,2025-W01,Wednesday,0,0,0,0,0,0,0,0,0,0,0,SGD,True,Year-End Peak,rest_day
drv_siti_sg_10,Siti Rahman,firefighter,M,2025-01-02,2025-01,2025-W01,Thursday,215.47,43.09,0.0,172.38,11,6.2,6.6,0.87,3,27.8,15.67,SGD,False,Year-End Peak,
drv_siti_sg_10,Siti Rahman,firefighter,M,2025-01-03,2025-01,2025-W01,Friday,263.44,52.69,16.68,227.43,24,10.5,12.3,0.94,0,21.66,9.48,SGD,False,,
drv_siti_sg_10,Siti Rahman,firefighter,M,2025-01-04,2025-01,2025-W01,Saturday,265.0,53.0,0.0,212.0,15,9.0,10.9,0.72,0,23.56,14.13,SGD,False,,
drv_siti_sg_10,Siti Rahman,firefighter,M,2025-01-05,2025-01,2025-W01,Sunday,188.69,37.74,13.27,164.22,12,11.5,14.2,0.73,2,14.28,13.69,SGD,False,,
drv_siti_sg_10,Siti Rahman,firefighter,M,2025-01-06,2025-01,2025-W02,Monday,158.51,31.7,4.99,131.8,15,9.7,11.9,0.85,0,13.59,8.79,SGD,False,,
drv_siti_sg_10,Siti Rahman,firefighter,M,2025-01-07,2025-01,2025-W02,Tuesday,129.48,25.9,0.0,103.58,8,8.9,10.6,0.94,1,11.64,12.95,SGD,False,,
drv_siti_sg_10,Siti Rahman,firefighter,M,2025-01-08,2025-01,2025-W02,Wednesday,0,0,0,0,0,0,0,0,0,0,0,SGD,True,,rest_day
drv_siti_sg_10,Siti Rahman,firefighter,M,2025-01-09,2025-01,2025-W02,Thursday,184.99,37.0,11.58,159.57,15,7.8,8.9,0.8,0,20.46,10.64,SGD,False,,
drv_siti_sg_10,Siti Rahman,firefighter,M,2025-01-10,2025-01,2025-W02,Friday,278.7,55.74,10.1,233.06,11,6.6,7.2,0.94,0,35.31,21.19,SGD,False,,
drv_siti_sg_10,Siti Rahman,firefighter,M,2025-01-11,2025-01,2025-W02,Saturday,219.6,43.92,0.0,175.68,10,10.7,14.1,0.9,0,16.42,17.57,SGD,False,,
drv_siti_sg_10,Siti Rahman,firefighter,M,2025-01-12,2025-01,2025-W02,Sunday,200.2,40.04,0.0,160.16,16,10.7,12.9,0.94,0,14.97,10.01,SGD,False,,
drv_siti_sg_10,Siti Rahman,firefighter,M,2025-01-13,2025-01,2025-W03,Monday,163.37,32.67,0.0,130.7,24,10.9,14.7,0.85,2,11.99,5.45,SGD,False,,
drv_siti_sg_10,Siti Rahman,firefighter,M,2025-01-14,2025-01,2025-W03,Tuesday,192.84,38.57,0.0,154.27,17,11.9,15.1,0.92,3,12.96,9.07,SGD,False,,
drv_siti_sg_10,Siti Rahman,firefighter,M,2025-01-15,2025-01,2025-W03,Wednesday,0,0,0,0,0,0,0,0,0,0,0,SGD,True,,rest_day
drv_siti_sg_10,Siti Rahman,firefighter,M,2025-01-16,2025-01,2025-W03,Thursday,240.99,48.2,0.0,192.79,15,11.9,13.0,0.78,2,16.2,12.85,SGD,False,,
drv_siti_sg_10,Siti Rahman,firefighter,M,2025-01-17,2025-01,2025-W03,Friday,200.82,40.16,0.0,160.66,16,11.8,14.9,0.73,3,13.62,10.04,SGD,False,,
drv_siti_sg_10,Siti Rahman,firefighter,M,2025-01-18,2025-01,2025-W03,Saturday,258.83,51.77,14.85,221.91,19,9.2,11.2,0.85,1,24.12,11.68,SGD,False,,
drv_siti_sg_10,Siti Rahman,firefighter,M,2025-01-19,2025-01,2025-W03,Sunday,249.53,49.91,0.0,199.62,17,8.2,10.3,0.94,1,24.34,11.74,SGD,False,,
drv_siti_sg_10,Siti Rahman,firefighter,M,2025-01-20,2025-01,2025-W04,Monday,199.83,39.97,7.99,167.85,10,7.1,7.8,0.87,3,23.64,16.79,SGD,False,,
drv_siti_sg_10,Siti Rahman,firefighter,M,2025-01-21,2025-01,2025-W04,Tuesday,199.33,39.87,0.0,159.46,12,7.3,8.7,0.73,2,21.84,13.29,SGD,False,,
drv_siti_sg_10,Siti Rahman,firefighter,M,2025-01-22,2025-01,2025-W04,Wednesday,0,0,0,0,0,0,0,0,0,0,0,SGD,True,,rest_day
drv_siti_sg_10,Siti Rahman,firefighter,M,2025-01-23,2025-01,2025-W04,Thursday,206.16,41.23,0.0,164.93,19,9.3,12.5,0.88,2,17.73,8.68,SGD,False,,
drv_siti_sg_10,Siti Rahman,firefighter,M,2025-01-24,2025-01,2025-W04,Friday,275.0,55.0,0.0,220.0,22,6.9,7.7,0.76,3,31.88,10.0,SGD,False,,
drv_siti_sg_10,Siti Rahman,firefighter,M,2025-01-25,2025-01,2025-W04,Saturday,126.24,25.25,0.0,100.99,17,9.6,11.3,0.8,2,10.52,5.94,SGD,False,,
drv_siti_sg_10,Siti Rahman,firefighter,M,2025-01-26,2025-01,2025-W04,Sunday,101.74,20.35,7.59,88.98,13,6.7,7.2,0.75,1,13.28,6.84,SGD,False,,
drv_siti_sg_10,Siti Rahman,firefighter,M,2025-01-27,2025-01,2025-W05,Monday,115.83,23.17,0.0,92.66,13,10.3,12.7,0.88,3,9.0,7.13,SGD,False,,
drv_siti_sg_10,Siti Rahman,firefighter,M,2025-01-28,2025-01,2025-W05,Tuesday,156.07,31.21,10.09,134.95,14,9.8,13.0,0.84,3,13.77,9.64,SGD,False,Lunar New Year,
drv_siti_sg_10,Siti Rahman,firefighter,M,2025-01-29,2025-01,2025-W05,Wednesday,0,0,0,0,0,0,0,0,0,0,0,SGD,True,Lunar New Year,rest_day
drv_siti_sg_10,Siti Rahman,firefighter,M,2025-01-30,2025-01,2025-W05,Thursday,122.1,24.42,0.0,97.68,16,9.0,11.1,0.9,2,10.85,6.11,SGD,False,Lunar New Year,
drv_siti_sg_10,Siti Rahman,firefighter,M,2025-01-31,2025-01,2025-W05,Friday,204.97,40.99,14.81,178.79,11,6.9,7.3,0.75,1,25.91,16.25,SGD,False,Lunar New Year,
drv_siti_sg_10,Siti Rahman,firefighter,M,2025-02-01,2025-02,2025-W05,Saturday,150.94,30.19,0.0,120.75,10,7.5,9.8,0.73,0,16.1,12.07,SGD,False,Lunar New Year,
drv_siti_sg_10,Siti Rahman,firefighter,M,2025-02-02,2025-02,2025-W05,Sunday,224.75,44.95,0.0,179.8,10,11.0,12.6,0.75,0,16.35,17.98,SGD,False,,
drv_siti_sg_10,Siti Rahman,firefighter,M,2025-02-03,2025-02,2025-W06,Monday,165.45,33.09,9.21,141.57,14,10.7,13.5,0.88,2,13.23,10.11,SGD,False,,
drv_siti_sg_10,Siti Rahman,firefighter,M,2025-02-04,2025-02,2025-W06,Tuesday,199.08,39.82,8.72,167.98,14,6.6,8.8,0.94,0,25.45,12.0,SGD,False,,
drv_siti_sg_10,Siti Rahman,firefighter,M,2025-02-05,2025-02,2025-W06,Wednesday,0,0,0,0,0,0,0,0,0,0,0,SGD,True,,rest_day
drv_siti_sg_10,Siti Rahman,firefighter,M,2025-02-06,2025-02,2025-W06,Thursday,228.12,45.62,0.0,182.5,16,8.8,11.1,0.78,0,20.74,11.41,SGD,False,,
drv_siti_sg_10,Siti Rahman,firefighter,M,2025-02-07,2025-02,2025-W06,Friday,278.67,55.73,0.0,222.94,10,8.8,10.7,0.77,2,25.33,22.29,SGD,False,,
drv_siti_sg_10,Siti Rahman,firefighter,M,2025-02-08,2025-02,2025-W06,Saturday,219.63,43.93,0.0,175.7,20,7.9,9.2,0.72,2,22.24,8.79,SGD,False,,
drv_siti_sg_10,Siti Rahman,firefighter,M,2025-02-09,2025-02,2025-W06,Sunday,213.96,42.79,9.58,180.75,14,11.6,13.6,0.86,1,15.58,12.91,SGD,False,,
drv_siti_sg_10,Siti Rahman,firefighter,M,2025-02-10,2025-02,2025-W07,Monday,147.51,29.5,0.0,118.01,9,11.6,12.4,0.76,0,10.17,13.11,SGD,False,,
drv_siti_sg_10,Siti Rahman,firefighter,M,2025-02-11,2025-02,2025-W07,Tuesday,193.82,38.76,0.0,155.06,8,11.5,12.6,0.92,3,13.48,19.38,SGD,False,,
drv_siti_sg_10,Siti Rahman,firefighter,M,2025-02-12,2025-02,2025-W07,Wednesday,0,0,0,0,0,0,0,0,0,0,0,SGD,True,,rest_day
drv_siti_sg_10,Siti Rahman,firefighter,M,2025-02-13,2025-02,2025-W07,Thursday,232.03,46.41,0.0,185.62,19,10.0,12.8,0.93,3,18.56,9.77,SGD,False,,
drv_siti_sg_10,Siti Rahman,firefighter,M,2025-02-14,2025-02,2025-W07,Friday,205.25,41.05,0.0,164.2,11,6.1,7.9,0.86,1,26.92,14.93,SGD,False,,
drv_siti_sg_10,Siti Rahman,firefighter,M,2025-02-15,2025-02,2025-W07,Saturday,288.93,57.79,0.0,231.14,12,8.9,9.9,0.85,0,25.97,19.26,SGD,False,,
drv_siti_sg_10,Siti Rahman,firefighter,M,2025-02-16,2025-02,2025-W07,Sunday,243.1,48.62,0.0,194.48,24,11.0,13.9,0.75,1,17.68,8.1,SGD,False,,
drv_siti_sg_10,Siti Rahman,firefighter,M,2025-02-17,2025-02,2025-W08,Monday,138.62,27.72,0.0,110.9,20,6.3,7.5,0.94,1,17.6,5.54,SGD,False,,
drv_siti_sg_10,Siti Rahman,firefighter,M,2025-02-18,2025-02,2025-W08,Tuesday,197.15,39.43,0.0,157.72,8,7.9,10.5,0.94,0,19.96,19.71,SGD,False,,
drv_siti_sg_10,Siti Rahman,firefighter,M,2025-02-19,2025-02,2025-W08,Wednesday,0,0,0,0,0,0,0,0,0,0,0,SGD,True,,rest_day
drv_siti_sg_10,Siti Rahman,firefighter,M,2025-02-20,2025-02,2025-W08,Thursday,88.8,17.76,0.0,71.04,24,11.9,14.7,0.96,0,5.97,2.96,SGD,False,,
drv_siti_sg_10,Siti Rahman,firefighter,M,2025-02-21,2025-02,2025-W08,Friday,274.64,54.93,10.48,230.19,16,10.5,12.6,0.81,1,21.92,14.39,SGD,False,,
drv_siti_sg_10,Siti Rahman,firefighter,M,2025-02-22,2025-02,2025-W08,Saturday,288.86,57.77,18.63,249.72,17,10.3,11.3,0.86,3,24.24,14.69,SGD,False,,
drv_siti_sg_10,Siti Rahman,firefighter,M,2025-02-23,2025-02,2025-W08,Sunday,181.48,36.3,0.0,145.18,10,7.0,9.1,0.86,2,20.74,14.52,SGD,False,,
drv_siti_sg_10,Siti Rahman,firefighter,M,2025-02-24,2025-02,2025-W09,Monday,147.21,29.44,0.0,117.77,21,8.3,11.1,0.97,2,14.19,5.61,SGD,False,,
drv_siti_sg_10,Siti Rahman,firefighter,M,2025-02-25,2025-02,2025-W09,Tuesday,193.3,38.66,11.98,166.62,10,7.5,9.3,0.91,2,22.22,16.66,SGD,False,,
drv_siti_sg_10,Siti Rahman,firefighter,M,2025-02-26,2025-02,2025-W09,Wednesday,0,0,0,0,0,0,0,0,0,0,0,SGD,True,,rest_day
drv_siti_sg_10,Siti Rahman,firefighter,M,2025-02-27,2025-02,2025-W09,Thursday,236.55,47.31,18.3,207.54,19,11.8,12.5,0.85,0,17.59,10.92,SGD,False,,
drv_siti_sg_10,Siti Rahman,firefighter,M,2025-02-28,2025-02,2025-W09,Friday,202.01,40.4,0.0,161.61,19,6.3,8.0,0.82,3,25.65,8.51,SGD,False,,
drv_siti_sg_10,Siti Rahman,firefighter,M,2025-03-01,2025-03,2025-W09,Saturday,236.64,47.33,0.0,189.31,12,11.1,14.8,0.88,2,17.05,15.78,SGD,False,Ramadan,
drv_siti_sg_10,Siti Rahman,firefighter,M,2025-03-02,2025-03,2025-W09,Sunday,174.78,34.96,11.42,151.24,24,8.8,10.1,0.94,3,17.19,6.3,SGD,False,Ramadan,
drv_siti_sg_10,Siti Rahman,firefighter,M,2025-03-03,2025-03,2025-W10,Monday,143.28,28.66,5.64,120.26,13,9.9,11.9,0.8,1,12.15,9.25,SGD,False,Ramadan,
drv_siti_sg_10,Siti Rahman,firefighter,M,2025-03-04,2025-03,2025-W10,Tuesday,148.2,29.64,0.0,118.56,9,8.5,9.2,0.79,1,13.95,13.17,SGD,False,Ramadan,
drv_siti_sg_10,Siti Rahman,firefighter,M,2025-03-05,2025-03,2025-W10,Wednesday,0,0,0,0,0,0,0,0,0,0,0,SGD,True,Ramadan,rest_day
drv_siti_sg_10,Siti Rahman,firefighter,M,2025-03-06,2025-03,2025-W10,Thursday,172.46,34.49,8.59,146.56,10,6.4,7.8,0.89,3,22.9,14.66,SGD,False,Ramadan,
drv_siti_sg_10,Siti Rahman,firefighter,M,2025-03-07,2025-03,2025-W10,Friday,104.5,20.9,5.61,89.21,10,9.6,10.5,0.9,2,9.29,8.92,SGD,False,Ramadan,
drv_siti_sg_10,Siti Rahman,firefighter,M,2025-03-08,2025-03,2025-W10,Saturday,96.88,19.38,4.6,82.1,21,11.7,14.0,0.89,3,7.02,3.91,SGD,False,Ramadan,
drv_siti_sg_10,Siti Rahman,firefighter,M,2025-03-09,2025-03,2025-W10,Sunday,107.24,21.45,0.0,85.79,24,11.2,11.8,0.9,0,7.66,3.57,SGD,False,Ramadan,
drv_siti_sg_10,Siti Rahman,firefighter,M,2025-03-10,2025-03,2025-W11,Monday,156.36,31.27,10.77,135.86,18,11.8,14.9,0.93,3,11.51,7.55,SGD,False,Ramadan,
drv_siti_sg_10,Siti Rahman,firefighter,M,2025-03-11,2025-03,2025-W11,Tuesday,129.89,25.98,0.0,103.91,12,11.9,15.5,0.91,3,8.73,8.66,SGD,False,Ramadan,
drv_siti_sg_10,Siti Rahman,firefighter,M,2025-03-12,2025-03,2025-W11,Wednesday,0,0,0,0,0,0,0,0,0,0,0,SGD,True,Ramadan,rest_day
drv_siti_sg_10,Siti Rahman,firefighter,M,2025-03-13,2025-03,2025-W11,Thursday,132.52,26.5,7.83,113.85,16,9.3,10.1,0.92,1,12.24,7.12,SGD,False,Ramadan,
drv_siti_sg_10,Siti Rahman,firefighter,M,2025-03-14,2025-03,2025-W11,Friday,180.03,36.01,0.0,144.02,19,9.6,10.8,0.86,3,15.0,7.58,SGD,False,Ramadan,
drv_siti_sg_10,Siti Rahman,firefighter,M,2025-03-15,2025-03,2025-W11,Saturday,169.37,33.87,0.0,135.5,16,11.4,13.5,0.77,2,11.89,8.47,SGD,False,Ramadan,
drv_siti_sg_10,Siti Rahman,firefighter,M,2025-03-16,2025-03,2025-W11,Sunday,87.49,17.5,0.0,69.99,15,6.4,7.3,0.75,0,10.94,4.67,SGD,False,Ramadan,
drv_siti_sg_10,Siti Rahman,firefighter,M,2025-03-17,2025-03,2025-W12,Monday,141.08,28.22,9.17,122.03,21,10.7,11.7,0.76,3,11.4,5.81,SGD,False,Ramadan,
drv_siti_sg_10,Siti Rahman,firefighter,M,2025-03-18,2025-03,2025-W12,Tuesday,149.43,29.89,0.0,119.54,22,7.9,8.4,0.73,1,15.13,5.43,SGD,False,Ramadan,
drv_siti_sg_10,Siti Rahman,firefighter,M,2025-03-19,2025-03,2025-W12,Wednesday,0,0,0,0,0,0,0,0,0,0,0,SGD,True,Ramadan,rest_day
drv_siti_sg_10,Siti Rahman,firefighter,M,2025-03-20,2025-03,2025-W12,Thursday,136.56,27.31,7.64,116.89,8,9.6,10.3,0.89,3,12.18,14.61,SGD,False,Ramadan,
drv_siti_sg_10,Siti Rahman,firefighter,M,2025-03-21,2025-03,2025-W12,Friday,166.71,33.34,0.0,133.37,9,11.5,14.2,0.96,0,11.6,14.82,SGD,False,Ramadan,
drv_siti_sg_10,Siti Rahman,firefighter,M,2025-03-22,2025-03,2025-W12,Saturday,93.79,18.76,4.97,80.0,15,10.0,11.4,0.82,3,8.0,5.33,SGD,False,Ramadan,
drv_siti_sg_10,Siti Rahman,firefighter,M,2025-03-23,2025-03,2025-W12,Sunday,149.26,29.85,0.0,119.41,23,7.7,9.8,0.88,3,15.51,5.19,SGD,False,Ramadan,
drv_siti_sg_10,Siti Rahman,firefighter,M,2025-03-24,2025-03,2025-W13,Monday,120.09,24.02,7.89,103.96,12,8.3,9.0,0.89,3,12.53,8.66,SGD,False,Ramadan,
drv_siti_sg_10,Siti Rahman,firefighter,M,2025-03-25,2025-03,2025-W13,Tuesday,70.92,14.18,5.51,62.25,19,11.6,13.0,0.8,0,5.37,3.28,SGD,False,Ramadan,
drv_siti_sg_10,Siti Rahman,firefighter,M,2025-03-26,2025-03,2025-W13,Wednesday,0,0,0,0,0,0,0,0,0,0,0,SGD,True,Ramadan,rest_day
drv_siti_sg_10,Siti Rahman,firefighter,M,2025-03-27,2025-03,2025-W13,Thursday,152.42,30.48,5.78,127.72,24,8.6,9.8,0.83,3,14.85,5.32,SGD,False,Ramadan,
drv_siti_sg_10,Siti Rahman,firefighter,M,2025-03-28,2025-03,2025-W13,Friday,161.55,32.31,0.0,129.24,15,8.0,10.0,0.89,0,16.16,8.62,SGD,False,Ramadan,
drv_siti_sg_10,Siti Rahman,firefighter,M,2025-03-29,2025-03,2025-W13,Saturday,90.08,18.02,0.0,72.06,13,11.8,13.1,0.97,1,6.11,5.54,SGD,False,Ramadan,
drv_siti_sg_10,Siti Rahman,firefighter,M,2025-03-30,2025-03,2025-W13,Sunday,84.2,16.84,7.1,74.46,10,6.2,7.0,0.95,0,12.01,7.45,SGD,False,Ramadan,
drv_siti_sg_10,Siti Rahman,firefighter,M,2025-03-31,2025-03,2025-W14,Monday,80.74,16.15,0.0,64.59,14,6.9,9.1,0.96,1,9.36,4.61,SGD,False,Eid,
drv_siti_sg_10,Siti Rahman,firefighter,M,2025-04-01,2025-04,2025-W14,Tuesday,91.27,18.25,0.0,73.02,20,7.4,8.3,0.87,3,9.87,3.65,SGD,False,Eid,
drv_siti_sg_10,Siti Rahman,firefighter,M,2025-04-02,2025-04,2025-W14,Wednesday,0,0,0,0,0,0,0,0,0,0,0,SGD,True,Eid,rest_day
drv_siti_sg_10,Siti Rahman,firefighter,M,2025-04-03,2025-04,2025-W14,Thursday,91.02,18.2,3.33,76.15,19,11.8,14.3,0.96,3,6.45,4.01,SGD,False,Eid,
drv_siti_sg_10,Siti Rahman,firefighter,M,2025-04-04,2025-04,2025-W14,Friday,84.57,16.91,4.13,71.79,18,6.1,6.8,0.72,0,11.77,3.99,SGD,False,Eid,
drv_siti_sg_10,Siti Rahman,firefighter,M,2025-04-05,2025-04,2025-W14,Saturday,283.5,56.7,0.0,226.8,8,10.5,12.4,0.76,3,21.6,28.35,SGD,False,,
drv_siti_sg_10,Siti Rahman,firefighter,M,2025-04-06,2025-04,2025-W14,Sunday,207.49,41.5,13.78,179.77,8,11.2,13.2,0.81,2,16.05,22.47,SGD,False,,
drv_siti_sg_10,Siti Rahman,firefighter,M,2025-04-07,2025-04,2025-W15,Monday,190.37,38.07,7.53,159.83,8,11.3,15.1,0.73,2,14.14,19.98,SGD,False,,
drv_siti_sg_10,Siti Rahman,firefighter,M,2025-04-08,2025-04,2025-W15,Tuesday,164.57,32.91,0.0,131.66,10,8.3,9.9,0.8,1,15.86,13.17,SGD,False,,
drv_siti_sg_10,Siti Rahman,firefighter,M,2025-04-09,2025-04,2025-W15,Wednesday,0,0,0,0,0,0,0,0,0,0,0,SGD,True,,rest_day
drv_siti_sg_10,Siti Rahman,firefighter,M,2025-04-10,2025-04,2025-W15,Thursday,234.94,46.99,0.0,187.95,22,7.9,10.4,0.73,3,23.79,8.54,SGD,False,,
drv_siti_sg_10,Siti Rahman,firefighter,M,2025-04-11,2025-04,2025-W15,Friday,215.1,43.02,10.98,183.06,20,11.1,13.4,0.91,3,16.49,9.15,SGD,False,,
drv_siti_sg_10,Siti Rahman,firefighter,M,2025-04-12,2025-04,2025-W15,Saturday,215.36,43.07,0.0,172.29,13,6.6,7.8,0.78,2,26.1,13.25,SGD,False,,
drv_siti_sg_10,Siti Rahman,firefighter,M,2025-04-13,2025-04,2025-W15,Sunday,218.59,43.72,0.0,174.87,20,6.2,7.2,0.83,2,28.2,8.74,SGD,False,,
drv_siti_sg_10,Siti Rahman,firefighter,M,2025-04-14,2025-04,2025-W16,Monday,176.2,35.24,0.0,140.96,19,9.6,11.8,0.76,1,14.68,7.42,SGD,False,,
drv_siti_sg_10,Siti Rahman,firefighter,M,2025-04-15,2025-04,2025-W16,Tuesday,204.61,40.92,0.0,163.69,16,10.6,13.3,0.85,0,15.44,10.23,SGD,False,,
drv_siti_sg_10,Siti Rahman,firefighter,M,2025-04-16,2025-04,2025-W16,Wednesday,0,0,0,0,0,0,0,0,0,0,0,SGD,True,,rest_day
drv_siti_sg_10,Siti Rahman,firefighter,M,2025-04-17,2025-04,2025-W16,Thursday,167.95,33.59,0.0,134.36,15,10.6,12.6,0.79,3,12.68,8.96,SGD,False,,
drv_siti_sg_10,Siti Rahman,firefighter,M,2025-04-18,2025-04,2025-W16,Friday,267.42,53.48,0.0,213.94,24,6.1,7.0,0.89,1,35.07,8.91,SGD,False,,
drv_siti_sg_10,Siti Rahman,firefighter,M,2025-04-19,2025-04,2025-W16,Saturday,302.7,60.54,0.0,242.16,13,9.1,11.9,0.91,3,26.61,18.63,SGD,False,,
drv_siti_sg_10,Siti Rahman,firefighter,M,2025-04-20,2025-04,2025-W16,Sunday,252.6,50.52,0.0,202.08,10,10.2,13.1,0.88,0,19.81,20.21,SGD,False,,
drv_siti_sg_10,Siti Rahman,firefighter,M,2025-04-21,2025-04,2025-W17,Monday,165.58,33.12,0.0,132.46,8,7.2,9.2,0.91,1,18.4,16.56,SGD,False,,
drv_siti_sg_10,Siti Rahman,firefighter,M,2025-04-22,2025-04,2025-W17,Tuesday,122.5,24.5,0.0,98.0,8,7.6,8.8,0.83,3,12.89,12.25,SGD,False,,
drv_siti_sg_10,Siti Rahman,firefighter,M,2025-04-23,2025-04,2025-W17,Wednesday,0,0,0,0,0,0,0,0,0,0,0,SGD,True,,rest_day
drv_siti_sg_10,Siti Rahman,firefighter,M,2025-04-24,2025-04,2025-W17,Thursday,111.64,22.33,6.24,95.55,23,8.4,10.7,0.77,1,11.38,4.15,SGD,False,,
drv_siti_sg_10,Siti Rahman,firefighter,M,2025-04-25,2025-04,2025-W17,Friday,271.84,54.37,17.95,235.42,21,7.1,8.7,0.91,1,33.16,11.21,SGD,False,,
drv_siti_sg_10,Siti Rahman,firefighter,M,2025-04-26,2025-04,2025-W17,Saturday,252.38,50.48,0.0,201.9,13,6.6,7.1,0.78,1,30.59,15.53,SGD,False,,
drv_siti_sg_10,Siti Rahman,firefighter,M,2025-04-27,2025-04,2025-W17,Sunday,192.2,38.44,0.0,153.76,17,7.4,9.7,0.87,3,20.78,9.04,SGD,False,,
drv_siti_sg_10,Siti Rahman,firefighter,M,2025-04-28,2025-04,2025-W18,Monday,187.18,37.44,0.0,149.74,9,8.5,9.3,0.85,3,17.62,16.64,SGD,False,,
drv_siti_sg_10,Siti Rahman,firefighter,M,2025-04-29,2025-04,2025-W18,Tuesday,208.11,41.62,0.0,166.49,17,6.0,7.3,0.81,3,27.75,9.79,SGD,False,,
drv_siti_sg_10,Siti Rahman,firefighter,M,2025-04-30,2025-04,2025-W18,Wednesday,0,0,0,0,0,0,0,0,0,0,0,SGD,True,,rest_day
drv_siti_sg_10,Siti Rahman,firefighter,M,2025-05-01,2025-05,2025-W18,Thursday,242.24,48.45,10.14,203.93,23,8.3,9.6,0.72,3,24.57,8.87,SGD,False,,
drv_siti_sg_10,Siti Rahman,firefighter,M,2025-05-02,2025-05,2025-W18,Friday,210.49,42.1,0.0,168.39,12,8.3,10.1,0.87,2,20.29,14.03,SGD,False,,
drv_siti_sg_10,Siti Rahman,firefighter,M,2025-05-03,2025-05,2025-W18,Saturday,305.93,61.19,0.0,244.74,19,7.8,10.1,0.8,0,31.38,12.88,SGD,False,,
drv_siti_sg_10,Siti Rahman,firefighter,M,2025-05-04,2025-05,2025-W18,Sunday,196.54,39.31,12.61,169.84,20,6.5,7.4,0.87,3,26.13,8.49,SGD,False,,
drv_siti_sg_10,Siti Rahman,firefighter,M,2025-05-05,2025-05,2025-W19,Monday,146.02,29.2,0.0,116.82,9,6.9,7.3,0.91,2,16.93,12.98,SGD,False,,
drv_siti_sg_10,Siti Rahman,firefighter,M,2025-05-06,2025-05,2025-W19,Tuesday,227.31,45.46,0.0,181.85,19,11.2,12.3,0.92,3,16.24,9.57,SGD,False,,
drv_siti_sg_10,Siti Rahman,firefighter,M,2025-05-07,2025-05,2025-W19,Wednesday,0,0,0,0,0,0,0,0,0,0,0,SGD,True,,rest_day
drv_siti_sg_10,Siti Rahman,firefighter,M,2025-05-08,2025-05,2025-W19,Thursday,174.85,34.97,0.0,139.88,24,11.6,12.2,0.86,3,12.06,5.83,SGD,False,,
drv_siti_sg_10,Siti Rahman,firefighter,M,2025-05-09,2025-05,2025-W19,Friday,218.12,43.62,9.94,184.44,9,6.0,7.2,0.88,3,30.74,20.49,SGD,False,,
drv_siti_sg_10,Siti Rahman,firefighter,M,2025-05-10,2025-05,2025-W19,Saturday,280.58,56.12,0.0,224.46,11,7.7,8.2,0.81,2,29.15,20.41,SGD,False,,
drv_siti_sg_10,Siti Rahman,firefighter,M,2025-05-11,2025-05,2025-W19,Sunday,240.99,48.2,0.0,192.79,21,10.8,11.4,0.82,0,17.85,9.18,SGD,False,,
drv_siti_sg_10,Siti Rahman,firefighter,M,2025-05-12,2025-05,2025-W20,Monday,149.15,29.83,11.63,130.95,23,11.7,15.1,0.91,0,11.19,5.69,SGD,False,,
drv_siti_sg_10,Siti Rahman,firefighter,M,2025-05-13,2025-05,2025-W20,Tuesday,186.94,37.39,9.91,159.46,15,7.7,8.9,0.97,2,20.71,10.63,SGD,False,,
drv_siti_sg_10,Siti Rahman,firefighter,M,2025-05-14,2025-05,2025-W20,Wednesday,0,0,0,0,0,0,0,0,0,0,0,SGD,True,,rest_day
drv_siti_sg_10,Siti Rahman,firefighter,M,2025-05-15,2025-05,2025-W20,Thursday,116.16,23.23,0.0,92.93,12,6.8,7.9,0.88,3,13.67,7.74,SGD,False,,
drv_siti_sg_10,Siti Rahman,firefighter,M,2025-05-16,2025-05,2025-W20,Friday,292.58,58.52,13.38,247.44,17,9.4,12.5,0.73,1,26.32,14.56,SGD,False,,
drv_siti_sg_10,Siti Rahman,firefighter,M,2025-05-17,2025-05,2025-W20,Saturday,136.89,27.38,0.0,109.51,24,6.4,6.9,0.89,3,17.11,4.56,SGD,False,,
drv_siti_sg_10,Siti Rahman,firefighter,M,2025-05-18,2025-05,2025-W20,Sunday,263.83,52.77,19.24,230.3,18,11.4,12.3,0.93,1,20.2,12.79,SGD,False,,
drv_siti_sg_10,Siti Rahman,firefighter,M,2025-05-19,2025-05,2025-W21,Monday,185.91,37.18,0.0,148.73,15,10.7,14.3,0.73,2,13.9,9.92,SGD,False,,
drv_siti_sg_10,Siti Rahman,firefighter,M,2025-05-20,2025-05,2025-W21,Tuesday,203.82,40.76,0.0,163.06,18,10.3,12.7,0.76,0,15.83,9.06,SGD,False,,
drv_siti_sg_10,Siti Rahman,firefighter,M,2025-05-21,2025-05,2025-W21,Wednesday,0,0,0,0,0,0,0,0,0,0,0,SGD,True,,rest_day
drv_siti_sg_10,Siti Rahman,firefighter,M,2025-05-22,2025-05,2025-W21,Thursday,233.01,46.6,14.62,201.03,18,6.6,8.5,0.86,2,30.46,11.17,SGD,False,,
drv_siti_sg_10,Siti Rahman,firefighter,M,2025-05-23,2025-05,2025-W21,Friday,228.91,45.78,12.26,195.39,21,10.9,12.9,0.81,3,17.93,9.3,SGD,False,,
drv_siti_sg_10,Siti Rahman,firefighter,M,2025-05-24,2025-05,2025-W21,Saturday,193.6,38.72,0.0,154.88,8,6.2,6.9,0.79,2,24.98,19.36,SGD,False,,
drv_siti_sg_10,Siti Rahman,firefighter,M,2025-05-25,2025-05,2025-W21,Sunday,219.23,43.85,0.0,175.38,18,9.8,10.6,0.84,3,17.9,9.74,SGD,False,,
drv_siti_sg_10,Siti Rahman,firefighter,M,2025-05-26,2025-05,2025-W22,Monday,143.09,28.62,0.0,114.47,10,8.1,9.0,0.84,1,14.13,11.45,SGD,False,,
drv_siti_sg_10,Siti Rahman,firefighter,M,2025-05-27,2025-05,2025-W22,Tuesday,97.79,19.56,0.0,78.23,8,9.2,9.9,0.96,2,8.5,9.78,SGD,False,,
drv_siti_sg_10,Siti Rahman,firefighter,M,2025-05-28,2025-05,2025-W22,Wednesday,0,0,0,0,0,0,0,0,0,0,0,SGD,True,,rest_day
drv_siti_sg_10,Siti Rahman,firefighter,M,2025-05-29,2025-05,2025-W22,Thursday,245.76,49.15,12.13,208.74,15,11.6,13.2,0.76,1,17.99,13.92,SGD,False,,
drv_siti_sg_10,Siti Rahman,firefighter,M,2025-05-30,2025-05,2025-W22,Friday,281.18,56.24,0.0,224.94,8,9.6,11.1,0.79,2,23.43,28.12,SGD,False,,
drv_siti_sg_10,Siti Rahman,firefighter,M,2025-05-31,2025-05,2025-W22,Saturday,211.28,42.26,0.0,169.02,16,10.5,12.4,0.79,3,16.1,10.56,SGD,False,,
drv_siti_sg_10,Siti Rahman,firefighter,M,2025-06-01,2025-06,2025-W22,Sunday,190.96,38.19,13.04,165.81,22,7.5,9.8,0.9,3,22.11,7.54,SGD,False,School Holiday,
drv_siti_sg_10,Siti Rahman,firefighter,M,2025-06-02,2025-06,2025-W23,Monday,218.15,43.63,0.0,174.52,24,7.4,9.7,0.89,0,23.58,7.27,SGD,False,School Holiday,
drv_siti_sg_10,Siti Rahman,firefighter,M,2025-06-03,2025-06,2025-W23,Tuesday,194.97,38.99,0.0,155.98,18,8.0,8.5,0.85,3,19.5,8.67,SGD,False,School Holiday,
drv_siti_sg_10,Siti Rahman,firefighter,M,2025-06-04,2025-06,2025-W23,Wednesday,0,0,0,0,0,0,0,0,0,0,0,SGD,True,School Holiday,rest_day
drv_siti_sg_10,Siti Rahman,firefighter,M,2025-06-05,2025-06,2025-W23,Thursday,130.53,26.11,8.1,112.52,19,8.6,10.8,0.9,2,13.08,5.92,SGD,False,School Holiday,
drv_siti_sg_10,Siti Rahman,firefighter,M,2025-06-06,2025-06,2025-W23,Friday,249.83,49.97,0.0,199.86,8,6.5,8.2,0.74,0,30.75,24.98,SGD,False,School Holiday,
drv_siti_sg_10,Siti Rahman,firefighter,M,2025-06-07,2025-06,2025-W23,Saturday,301.33,60.27,17.18,258.24,20,10.0,13.2,0.87,2,25.82,12.91,SGD,False,School Holiday,
drv_siti_sg_10,Siti Rahman,firefighter,M,2025-06-08,2025-06,2025-W23,Sunday,197.37,39.47,0.0,157.9,8,6.7,8.9,0.95,3,23.57,19.74,SGD,False,School Holiday,
drv_siti_sg_10,Siti Rahman,firefighter,M,2025-06-09,2025-06,2025-W24,Monday,174.74,34.95,0.0,139.79,11,10.9,13.5,0.88,0,12.82,12.71,SGD,False,School Holiday,
drv_siti_sg_10,Siti Rahman,firefighter,M,2025-06-10,2025-06,2025-W24,Tuesday,230.84,46.17,0.0,184.67,19,12.0,15.5,0.95,2,15.39,9.72,SGD,False,School Holiday,
drv_siti_sg_10,Siti Rahman,firefighter,M,2025-06-11,2025-06,2025-W24,Wednesday,0,0,0,0,0,0,0,0,0,0,0,SGD,True,School Holiday,rest_day
drv_siti_sg_10,Siti Rahman,firefighter,M,2025-06-12,2025-06,2025-W24,Thursday,211.22,42.24,15.86,184.84,8,8.6,11.0,0.95,1,21.49,23.11,SGD,False,School Holiday,
drv_siti_sg_10,Siti Rahman,firefighter,M,2025-06-13,2025-06,2025-W24,Friday,256.59,51.32,0.0,205.27,10,9.4,11.6,0.89,1,21.84,20.53,SGD,False,School Holiday,
drv_siti_sg_10,Siti Rahman,firefighter,M,2025-06-14,2025-06,2025-W24,Saturday,122.87,24.57,0.0,98.3,8,6.9,8.9,0.85,3,14.25,12.29,SGD,False,School Holiday,
drv_siti_sg_10,Siti Rahman,firefighter,M,2025-06-15,2025-06,2025-W24,Sunday,198.06,39.61,0.0,158.45,24,6.5,7.3,0.75,2,24.38,6.6,SGD,False,School Holiday,
drv_siti_sg_10,Siti Rahman,firefighter,M,2025-06-16,2025-06,2025-W25,Monday,83.21,16.64,0.0,66.57,14,9.4,12.5,0.75,3,7.08,4.75,SGD,False,School Holiday,
drv_siti_sg_10,Siti Rahman,firefighter,M,2025-06-17,2025-06,2025-W25,Tuesday,193.87,38.77,0.0,155.1,16,8.7,9.5,0.84,3,17.83,9.69,SGD,False,School Holiday,
drv_siti_sg_10,Siti Rahman,firefighter,M,2025-06-18,2025-06,2025-W25,Wednesday,0,0,0,0,0,0,0,0,0,0,0,SGD,True,School Holiday,rest_day
drv_siti_sg_10,Siti Rahman,firefighter,M,2025-06-19,2025-06,2025-W25,Thursday,254.55,50.91,13.51,217.15,17,8.0,9.2,0.82,3,27.14,12.77,SGD,False,School Holiday,
drv_siti_sg_10,Siti Rahman,firefighter,M,2025-06-20,2025-06,2025-W25,Friday,258.88,51.78,0.0,207.1,15,10.5,12.2,0.73,0,19.72,13.81,SGD,False,School Holiday,
drv_siti_sg_10,Siti Rahman,firefighter,M,2025-06-21,2025-06,2025-W25,Saturday,234.5,46.9,17.74,205.34,14,10.1,11.3,0.83,1,20.33,14.67,SGD,False,School Holiday,
drv_siti_sg_10,Siti Rahman,firefighter,M,2025-06-22,2025-06,2025-W25,Sunday,277.03,55.41,17.57,239.19,13,8.2,9.4,0.8,0,29.17,18.4,SGD,False,School Holiday,
drv_siti_sg_10,Siti Rahman,firefighter,M,2025-06-23,2025-06,2025-W26,Monday,126.22,25.24,8.64,109.62,18,8.6,11.1,0.76,3,12.75,6.09,SGD,False,School Holiday,
drv_siti_sg_10,Siti Rahman,firefighter,M,2025-06-24,2025-06,2025-W26,Tuesday,174.08,34.82,0.0,139.26,11,11.1,14.5,0.82,1,12.55,12.66,SGD,False,School Holiday,
drv_siti_sg_10,Siti Rahman,firefighter,M,2025-06-25,2025-06,2025-W26,Wednesday,0,0,0,0,0,0,0,0,0,0,0,SGD,True,School Holiday,rest_day
drv_siti_sg_10,Siti Rahman,firefighter,M,2025-06-26,2025-06,2025-W26,Thursday,260.23,52.05,0.0,208.18,22,11.8,14.2,0.81,1,17.64,9.46,SGD,False,School Holiday,
drv_siti_sg_10,Siti Rahman,firefighter,M,2025-06-27,2025-06,2025-W26,Friday,271.86,54.37,0.0,217.49,9,11.3,13.5,0.75,1,19.25,24.17,SGD,False,School Holiday,
drv_siti_sg_10,Siti Rahman,firefighter,M,2025-06-28,2025-06,2025-W26,Saturday,223.62,44.72,0.0,178.9,13,10.7,11.6,0.82,3,16.72,13.76,SGD,False,School Holiday,
drv_siti_sg_10,Siti Rahman,firefighter,M,2025-06-29,2025-06,2025-W26,Sunday,243.73,48.75,19.68,214.66,19,8.5,9.4,0.83,3,25.25,11.3,SGD,False,School Holiday,
drv_siti_sg_10,Siti Rahman,firefighter,M,2025-06-30,2025-06,2025-W27,Monday,192.46,38.49,12.18,166.15,21,6.5,8.0,0.94,2,25.56,7.91,SGD,False,School Holiday,
drv_siti_sg_10,Siti Rahman,firefighter,M,2025-07-01,2025-07,2025-W27,Tuesday,231.93,46.39,8.6,194.14,17,7.9,10.4,0.73,1,24.57,11.42,SGD,False,School Holiday,
drv_siti_sg_10,Siti Rahman,firefighter,M,2025-07-02,2025-07,2025-W27,Wednesday,0,0,0,0,0,0,0,0,0,0,0,SGD,True,School Holiday,rest_day
drv_siti_sg_10,Siti Rahman,firefighter,M,2025-07-03,2025-07,2025-W27,Thursday,213.59,42.72,0.0,170.87,16,9.5,11.6,0.92,3,17.99,10.68,SGD,False,School Holiday,
drv_siti_sg_10,Siti Rahman,firefighter,M,2025-07-04,2025-07,2025-W27,Friday,291.88,58.38,0.0,233.5,24,10.9,12.7,0.76,2,21.42,9.73,SGD,False,School Holiday,
drv_siti_sg_10,Siti Rahman,firefighter,M,2025-07-05,2025-07,2025-W27,Saturday,265.74,53.15,0.0,212.59,15,7.1,8.2,0.94,2,29.94,14.17,SGD,False,School Holiday,
drv_siti_sg_10,Siti Rahman,firefighter,M,2025-07-06,2025-07,2025-W27,Sunday,232.13,46.43,0.0,185.7,8,11.0,12.0,0.79,1,16.88,23.21,SGD,False,School Holiday,
drv_siti_sg_10,Siti Rahman,firefighter,M,2025-07-07,2025-07,2025-W28,Monday,197.75,39.55,0.0,158.2,19,11.3,14.2,0.9,1,14.0,8.33,SGD,False,School Holiday,
drv_siti_sg_10,Siti Rahman,firefighter,M,2025-07-08,2025-07,2025-W28,Tuesday,169.68,33.94,6.49,142.23,21,7.5,8.5,0.73,1,18.96,6.77,SGD,False,School Holiday,
drv_siti_sg_10,Siti Rahman,firefighter,M,2025-07-09,2025-07,2025-W28,Wednesday,0,0,0,0,0,0,0,0,0,0,0,SGD,True,School Holiday,rest_day
drv_siti_sg_10,Siti Rahman,firefighter,M,2025-07-10,2025-07,2025-W28,Thursday,204.71,40.94,0.0,163.77,24,9.4,11.7,0.87,0,17.42,6.82,SGD,False,School Holiday,
drv_siti_sg_10,Siti Rahman,firefighter,M,2025-07-11,2025-07,2025-W28,Friday,297.62,59.52,0.0,238.1,18,11.4,12.1,0.81,0,20.89,13.23,SGD,False,School Holiday,
drv_siti_sg_10,Siti Rahman,firefighter,M,2025-07-12,2025-07,2025-W28,Saturday,314.29,62.86,18.73,270.16,8,7.1,8.4,0.76,1,38.05,33.77,SGD,False,School Holiday,
drv_siti_sg_10,Siti Rahman,firefighter,M,2025-07-13,2025-07,2025-W28,Sunday,265.91,53.18,17.1,229.83,24,9.2,11.0,0.95,0,24.98,9.58,SGD,False,School Holiday,
drv_siti_sg_10,Siti Rahman,firefighter,M,2025-07-14,2025-07,2025-W29,Monday,176.68,35.34,0.0,141.34,16,7.3,9.1,0.8,2,19.36,8.83,SGD,False,School Holiday,
drv_siti_sg_10,Siti Rahman,firefighter,M,2025-07-15,2025-07,2025-W29,Tuesday,178.32,35.66,14.95,157.61,11,9.7,11.9,0.94,2,16.25,14.33,SGD,False,School Holiday,
drv_siti_sg_10,Siti Rahman,firefighter,M,2025-07-16,2025-07,2025-W29,Wednesday,0,0,0,0,0,0,0,0,0,0,0,SGD,True,School Holiday,rest_day
drv_siti_sg_10,Siti Rahman,firefighter,M,2025-07-17,2025-07,2025-W29,Thursday,228.4,45.68,0.0,182.72,11,7.7,9.8,0.83,1,23.73,16.61,SGD,False,School Holiday,
drv_siti_sg_10,Siti Rahman,firefighter,M,2025-07-18,2025-07,2025-W29,Friday,276.66,55.33,0.0,221.33,21,8.9,9.5,0.89,3,24.87,10.54,SGD,False,School Holiday,
drv_siti_sg_10,Siti Rahman,firefighter,M,2025-07-19,2025-07,2025-W29,Saturday,127.19,25.44,8.62,110.37,16,7.1,7.8,0.82,2,15.55,6.9,SGD,False,School Holiday,
drv_siti_sg_10,Siti Rahman,firefighter,M,2025-07-20,2025-07,2025-W29,Sunday,168.39,33.68,0.0,134.71,12,8.7,10.9,0.95,1,15.48,11.23,SGD,False,School Holiday,
drv_siti_sg_10,Siti Rahman,firefighter,M,2025-07-21,2025-07,2025-W30,Monday,206.78,41.36,0.0,165.42,23,7.4,8.2,0.76,3,22.35,7.19,SGD,False,School Holiday,
drv_siti_sg_10,Siti Rahman,firefighter,M,2025-07-22,2025-07,2025-W30,Tuesday,169.29,33.86,10.77,146.2,24,11.5,13.1,0.9,1,12.71,6.09,SGD,False,School Holiday,
drv_siti_sg_10,Siti Rahman,firefighter,M,2025-07-23,2025-07,2025-W30,Wednesday,0,0,0,0,0,0,0,0,0,0,0,SGD,True,School Holiday,rest_day
drv_siti_sg_10,Siti Rahman,firefighter,M,2025-07-24,2025-07,2025-W30,Thursday,215.25,43.05,0.0,172.2,13,7.0,8.6,0.77,1,24.6,13.25,SGD,False,School Holiday,
drv_siti_sg_10,Siti Rahman,firefighter,M,2025-07-25,2025-07,2025-W30,Friday,273.45,54.69,12.06,230.82,14,11.1,11.7,0.78,2,20.79,16.49,SGD,False,School Holiday,
drv_siti_sg_10,Siti Rahman,firefighter,M,2025-07-26,2025-07,2025-W30,Saturday,150.03,30.01,13.26,133.28,15,6.5,7.2,0.78,3,20.5,8.89,SGD,False,School Holiday,
drv_siti_sg_10,Siti Rahman,firefighter,M,2025-07-27,2025-07,2025-W30,Sunday,246.43,49.29,12.96,210.1,20,7.8,9.8,0.94,3,26.94,10.5,SGD,False,School Holiday,
drv_siti_sg_10,Siti Rahman,firefighter,M,2025-07-28,2025-07,2025-W31,Monday,160.33,32.07,5.84,134.1,9,6.1,7.4,0.96,0,21.98,14.9,SGD,False,School Holiday,
drv_siti_sg_10,Siti Rahman,firefighter,M,2025-07-29,2025-07,2025-W31,Tuesday,199.13,39.83,15.29,174.59,22,6.7,8.8,0.75,2,26.06,7.94,SGD,False,School Holiday,
drv_siti_sg_10,Siti Rahman,firefighter,M,2025-07-30,2025-07,2025-W31,Wednesday,0,0,0,0,0,0,0,0,0,0,0,SGD,True,School Holiday,rest_day
drv_siti_sg_10,Siti Rahman,firefighter,M,2025-07-31,2025-07,2025-W31,Thursday,195.1,39.02,0.0,156.08,19,7.6,9.6,0.79,1,20.54,8.21,SGD,False,School Holiday,
drv_siti_sg_10,Siti Rahman,firefighter,M,2025-08-01,2025-08,2025-W31,Friday,122.28,24.46,0.0,97.82,16,7.6,9.1,0.82,1,12.87,6.11,SGD,False,,
drv_siti_sg_10,Siti Rahman,firefighter,M,2025-08-02,2025-08,2025-W31,Saturday,309.86,61.97,0.0,247.89,8,9.9,10.6,0.8,2,25.04,30.99,SGD,False,,
drv_siti_sg_10,Siti Rahman,firefighter,M,2025-08-03,2025-08,2025-W31,Sunday,259.31,51.86,18.47,225.92,19,8.8,9.8,0.95,0,25.67,11.89,SGD,False,,
drv_siti_sg_10,Siti Rahman,firefighter,M,2025-08-04,2025-08,2025-W32,Monday,186.97,37.39,0.0,149.58,11,6.6,8.8,0.76,3,22.66,13.6,SGD,False,,
drv_siti_sg_10,Siti Rahman,firefighter,M,2025-08-05,2025-08,2025-W32,Tuesday,186.11,37.22,12.2,161.09,18,8.7,9.2,0.82,1,18.52,8.95,SGD,False,,
drv_siti_sg_10,Siti Rahman,firefighter,M,2025-08-06,2025-08,2025-W32,Wednesday,0,0,0,0,0,0,0,0,0,0,0,SGD,True,,rest_day
drv_siti_sg_10,Siti Rahman,firefighter,M,2025-08-07,2025-08,2025-W32,Thursday,0,0,0,0,0,0,0,0,0,0,0,SGD,False,,vehicle_breakdown
drv_siti_sg_10,Siti Rahman,firefighter,M,2025-08-08,2025-08,2025-W32,Friday,0,0,0,0,0,0,0,0,0,0,0,SGD,False,,vehicle_breakdown
drv_siti_sg_10,Siti Rahman,firefighter,M,2025-08-09,2025-08,2025-W32,Saturday,0,0,0,0,0,0,0,0,0,0,0,SGD,False,,vehicle_breakdown
drv_siti_sg_10,Siti Rahman,firefighter,M,2025-08-10,2025-08,2025-W32,Sunday,0,0,0,0,0,0,0,0,0,0,0,SGD,False,,vehicle_breakdown
drv_siti_sg_10,Siti Rahman,firefighter,M,2025-08-11,2025-08,2025-W33,Monday,0,0,0,0,0,0,0,0,0,0,0,SGD,False,,vehicle_breakdown
drv_siti_sg_10,Siti Rahman,firefighter,M,2025-08-12,2025-08,2025-W33,Tuesday,0,0,0,0,0,0,0,0,0,0,0,SGD,False,,vehicle_breakdown
drv_siti_sg_10,Siti Rahman,firefighter,M,2025-08-13,2025-08,2025-W33,Wednesday,0,0,0,0,0,0,0,0,0,0,0,SGD,True,,rest_day
drv_siti_sg_10,Siti Rahman,firefighter,M,2025-08-14,2025-08,2025-W33,Thursday,0,0,0,0,0,0,0,0,0,0,0,SGD,False,,vehicle_breakdown
drv_siti_sg_10,Siti Rahman,firefighter,M,2025-08-15,2025-08,2025-W33,Friday,0,0,0,0,0,0,0,0,0,0,0,SGD,False,,vehicle_breakdown
drv_siti_sg_10,Siti Rahman,firefighter,M,2025-08-16,2025-08,2025-W33,Saturday,145.13,29.03,7.29,123.39,18,9.1,11.9,0.81,0,13.56,6.86,SGD,False,,
drv_siti_sg_10,Siti Rahman,firefighter,M,2025-08-17,2025-08,2025-W33,Sunday,207.91,41.58,8.75,175.08,21,10.2,13.4,0.78,2,17.16,8.34,SGD,False,,
drv_siti_sg_10,Siti Rahman,firefighter,M,2025-08-18,2025-08,2025-W34,Monday,205.62,41.12,10.92,175.42,11,10.0,12.9,0.86,3,17.54,15.95,SGD,False,,
drv_siti_sg_10,Siti Rahman,firefighter,M,2025-08-19,2025-08,2025-W34,Tuesday,73.94,14.79,0.0,59.15,19,9.1,9.6,0.96,3,6.5,3.11,SGD,False,,
drv_siti_sg_10,Siti Rahman,firefighter,M,2025-08-20,2025-08,2025-W34,Wednesday,0,0,0,0,0,0,0,0,0,0,0,SGD,True,,rest_day
drv_siti_sg_10,Siti Rahman,firefighter,M,2025-08-21,2025-08,2025-W34,Thursday,216.47,43.29,0.0,173.18,22,11.6,13.9,0.96,3,14.93,7.87,SGD,False,,
drv_siti_sg_10,Siti Rahman,firefighter,M,2025-08-22,2025-08,2025-W34,Friday,214.85,42.97,0.0,171.88,20,9.9,13.2,0.92,2,17.36,8.59,SGD,False,,
drv_siti_sg_10,Siti Rahman,firefighter,M,2025-08-23,2025-08,2025-W34,Saturday,113.09,22.62,7.95,98.42,11,9.2,9.7,0.96,2,10.7,8.95,SGD,False,,
drv_siti_sg_10,Siti Rahman,firefighter,M,2025-08-24,2025-08,2025-W34,Sunday,233.86,46.77,0.0,187.09,23,6.7,7.7,0.96,1,27.92,8.13,SGD,False,,
drv_siti_sg_10,Siti Rahman,firefighter,M,2025-08-25,2025-08,2025-W35,Monday,140.69,28.14,0.0,112.55,22,8.1,10.4,0.93,1,13.9,5.12,SGD,False,,
drv_siti_sg_10,Siti Rahman,firefighter,M,2025-08-26,2025-08,2025-W35,Tuesday,207.79,41.56,0.0,166.23,22,8.8,10.1,0.92,0,18.89,7.56,SGD,False,,
drv_siti_sg_10,Siti Rahman,firefighter,M,2025-08-27,2025-08,2025-W35,Wednesday,0,0,0,0,0,0,0,0,0,0,0,SGD,True,,rest_day
drv_siti_sg_10,Siti Rahman,firefighter,M,2025-08-28,2025-08,2025-W35,Thursday,203.17,40.63,0.0,162.54,11,8.9,9.8,0.89,1,18.26,14.78,SGD,False,,
drv_siti_sg_10,Siti Rahman,firefighter,M,2025-08-29,2025-08,2025-W35,Friday,234.2,46.84,12.29,199.65,20,9.2,11.5,0.83,3,21.7,9.98,SGD,False,,
drv_siti_sg_10,Siti Rahman,firefighter,M,2025-08-30,2025-08,2025-W35,Saturday,114.4,22.88,0.0,91.52,24,10.8,14.0,0.77,1,8.47,3.81,SGD,False,,
drv_siti_sg_10,Siti Rahman,firefighter,M,2025-08-31,2025-08,2025-W35,Sunday,187.58,37.52,0.0,150.06,8,9.0,11.0,0.82,2,16.67,18.76,SGD,False,,
drv_siti_sg_10,Siti Rahman,firefighter,M,2025-09-01,2025-09,2025-W36,Monday,184.91,36.98,0.0,147.93,8,9.6,11.6,0.78,3,15.41,18.49,SGD,False,,
drv_siti_sg_10,Siti Rahman,firefighter,M,2025-09-02,2025-09,2025-W36,Tuesday,175.14,35.03,0.0,140.11,17,7.6,10.2,0.79,3,18.44,8.24,SGD,False,,
drv_siti_sg_10,Siti Rahman,firefighter,M,2025-09-03,2025-09,2025-W36,Wednesday,0,0,0,0,0,0,0,0,0,0,0,SGD,True,,rest_day
drv_siti_sg_10,Siti Rahman,firefighter,M,2025-09-04,2025-09,2025-W36,Thursday,241.2,48.24,0.0,192.96,15,9.7,11.4,0.72,1,19.89,12.86,SGD,False,,
drv_siti_sg_10,Siti Rahman,firefighter,M,2025-09-05,2025-09,2025-W36,Friday,270.63,54.13,0.0,216.5,19,11.4,13.7,0.94,3,18.99,11.39,SGD,False,,
drv_siti_sg_10,Siti Rahman,firefighter,M,2025-09-06,2025-09,2025-W36,Saturday,237.24,47.45,11.93,201.72,17,11.7,13.8,0.9,2,17.24,11.87,SGD,False,,
drv_siti_sg_10,Siti Rahman,firefighter,M,2025-09-07,2025-09,2025-W36,Sunday,216.99,43.4,0.0,173.59,20,11.2,12.0,0.79,2,15.5,8.68,SGD,False,,
drv_siti_sg_10,Siti Rahman,firefighter,M,2025-09-08,2025-09,2025-W37,Monday,205.18,41.04,10.77,174.91,16,8.7,9.3,0.97,0,20.1,10.93,SGD,False,,
drv_siti_sg_10,Siti Rahman,firefighter,M,2025-09-09,2025-09,2025-W37,Tuesday,194.48,38.9,0.0,155.58,22,10.4,11.1,0.94,1,14.96,7.07,SGD,False,,
drv_siti_sg_10,Siti Rahman,firefighter,M,2025-09-10,2025-09,2025-W37,Wednesday,0,0,0,0,0,0,0,0,0,0,0,SGD,True,,rest_day
drv_siti_sg_10,Siti Rahman,firefighter,M,2025-09-11,2025-09,2025-W37,Thursday,244.25,48.85,0.0,195.4,22,8.0,9.1,0.91,2,24.43,8.88,SGD,False,,
drv_siti_sg_10,Siti Rahman,firefighter,M,2025-09-12,2025-09,2025-W37,Friday,257.57,51.51,0.0,206.06,24,11.1,12.2,0.73,0,18.56,8.59,SGD,False,,
drv_siti_sg_10,Siti Rahman,firefighter,M,2025-09-13,2025-09,2025-W37,Saturday,240.41,48.08,0.0,192.33,22,10.8,12.4,0.74,0,17.81,8.74,SGD,False,,
drv_siti_sg_10,Siti Rahman,firefighter,M,2025-09-14,2025-09,2025-W37,Sunday,190.92,38.18,0.0,152.74,10,8.1,10.7,0.84,2,18.86,15.27,SGD,False,,
drv_siti_sg_10,Siti Rahman,firefighter,M,2025-09-15,2025-09,2025-W38,Monday,162.66,32.53,11.33,141.46,17,9.9,11.5,0.81,1,14.29,8.32,SGD,False,,
drv_siti_sg_10,Siti Rahman,firefighter,M,2025-09-16,2025-09,2025-W38,Tuesday,182.11,36.42,0.0,145.69,23,6.2,8.1,0.76,0,23.5,6.33,SGD,False,,
drv_siti_sg_10,Siti Rahman,firefighter,M,2025-09-17,2025-09,2025-W38,Wednesday,0,0,0,0,0,0,0,0,0,0,0,SGD,True,,rest_day
drv_siti_sg_10,Siti Rahman,firefighter,M,2025-09-18,2025-09,2025-W38,Thursday,191.67,38.33,0.0,153.34,19,11.2,13.5,0.94,1,13.69,8.07,SGD,False,,
drv_siti_sg_10,Siti Rahman,firefighter,M,2025-09-19,2025-09,2025-W38,Friday,230.91,46.18,0.0,184.73,24,6.5,7.1,0.94,2,28.42,7.7,SGD,False,,
drv_siti_sg_10,Siti Rahman,firefighter,M,2025-09-20,2025-09,2025-W38,Saturday,112.37,22.47,9.19,99.09,10,9.8,11.5,0.89,0,10.11,9.91,SGD,False,,
drv_siti_sg_10,Siti Rahman,firefighter,M,2025-09-21,2025-09,2025-W38,Sunday,242.87,48.57,0.0,194.3,22,7.5,9.3,0.87,2,25.91,8.83,SGD,False,,
drv_siti_sg_10,Siti Rahman,firefighter,M,2025-09-22,2025-09,2025-W39,Monday,153.54,30.71,9.56,132.39,16,10.1,10.8,0.92,1,13.11,8.27,SGD,False,,
drv_siti_sg_10,Siti Rahman,firefighter,M,2025-09-23,2025-09,2025-W39,Tuesday,221.35,44.27,0.0,177.08,13,8.4,9.4,0.74,1,21.08,13.62,SGD,False,,
drv_siti_sg_10,Siti Rahman,firefighter,M,2025-09-24,2025-09,2025-W39,Wednesday,0,0,0,0,0,0,0,0,0,0,0,SGD,True,,rest_day
drv_siti_sg_10,Siti Rahman,firefighter,M,2025-09-25,2025-09,2025-W39,Thursday,225.92,45.18,0.0,180.74,17,9.3,12.1,0.78,0,19.43,10.63,SGD,False,,
drv_siti_sg_10,Siti Rahman,firefighter,M,2025-09-26,2025-09,2025-W39,Friday,0,0,0,0,0,0,0,0,0,0,0,SGD,False,,vehicle_breakdown
drv_siti_sg_10,Siti Rahman,firefighter,M,2025-09-27,2025-09,2025-W39,Saturday,0,0,0,0,0,0,0,0,0,0,0,SGD,False,,vehicle_breakdown
drv_siti_sg_10,Siti Rahman,firefighter,M,2025-09-28,2025-09,2025-W39,Sunday,0,0,0,0,0,0,0,0,0,0,0,SGD,False,,vehicle_breakdown
drv_siti_sg_10,Siti Rahman,firefighter,M,2025-09-29,2025-09,2025-W40,Monday,0,0,0,0,0,0,0,0,0,0,0,SGD,False,,vehicle_breakdown
drv_siti_sg_10,Siti Rahman,firefighter,M,2025-09-30,2025-09,2025-W40,Tuesday,0,0,0,0,0,0,0,0,0,0,0,SGD,False,,vehicle_breakdown
drv_siti_sg_10,Siti Rahman,firefighter,M,2025-10-01,2025-10,2025-W40,Wednesday,0,0,0,0,0,0,0,0,0,0,0,SGD,True,,rest_day
drv_siti_sg_10,Siti Rahman,firefighter,M,2025-10-02,2025-10,2025-W40,Thursday,220.37,44.07,0.0,176.3,12,6.5,7.4,0.73,3,27.12,14.69,SGD,False,,
drv_siti_sg_10,Siti Rahman,firefighter,M,2025-10-03,2025-10,2025-W40,Friday,238.72,47.74,0.0,190.98,18,11.3,12.2,0.8,0,16.9,10.61,SGD,False,,
drv_siti_sg_10,Siti Rahman,firefighter,M,2025-10-04,2025-10,2025-W40,Saturday,214.02,42.8,13.16,184.38,12,11.3,13.8,0.93,1,16.32,15.37,SGD,False,,
drv_siti_sg_10,Siti Rahman,firefighter,M,2025-10-05,2025-10,2025-W40,Sunday,205.99,41.2,0.0,164.79,9,10.8,11.9,0.78,0,15.26,18.31,SGD,False,,
drv_siti_sg_10,Siti Rahman,firefighter,M,2025-10-06,2025-10,2025-W41,Monday,154.31,30.86,9.69,133.14,14,7.7,9.3,0.85,2,17.29,9.51,SGD,False,,
drv_siti_sg_10,Siti Rahman,firefighter,M,2025-10-07,2025-10,2025-W41,Tuesday,184.4,36.88,0.0,147.52,13,9.6,12.7,0.89,3,15.37,11.35,SGD,False,,
drv_siti_sg_10,Siti Rahman,firefighter,M,2025-10-08,2025-10,2025-W41,Wednesday,0,0,0,0,0,0,0,0,0,0,0,SGD,True,,rest_day
drv_siti_sg_10,Siti Rahman,firefighter,M,2025-10-09,2025-10,2025-W41,Thursday,230.18,46.04,16.49,200.63,17,9.4,12.4,0.85,2,21.34,11.8,SGD,False,,
drv_siti_sg_10,Siti Rahman,firefighter,M,2025-10-10,2025-10,2025-W41,Friday,272.7,54.54,0.0,218.16,13,6.4,7.8,0.82,1,34.09,16.78,SGD,False,,
drv_siti_sg_10,Siti Rahman,firefighter,M,2025-10-11,2025-10,2025-W41,Saturday,292.14,58.43,20.1,253.81,10,11.0,12.7,0.93,2,23.07,25.38,SGD,False,,
drv_siti_sg_10,Siti Rahman,firefighter,M,2025-10-12,2025-10,2025-W41,Sunday,237.75,47.55,17.71,207.91,16,9.2,12.3,0.74,2,22.6,12.99,SGD,False,,
drv_siti_sg_10,Siti Rahman,firefighter,M,2025-10-13,2025-10,2025-W42,Monday,195.4,39.08,0.0,156.32,21,6.6,7.6,0.84,1,23.68,7.44,SGD,False,,
drv_siti_sg_10,Siti Rahman,firefighter,M,2025-10-14,2025-10,2025-W42,Tuesday,224.1,44.82,0.0,179.28,19,10.0,11.2,0.75,1,17.93,9.44,SGD,False,,
drv_siti_sg_10,Siti Rahman,firefighter,M,2025-10-15,2025-10,2025-W42,Wednesday,0,0,0,0,0,0,0,0,0,0,0,SGD,True,,rest_day
drv_siti_sg_10,Siti Rahman,firefighter,M,2025-10-16,2025-10,2025-W42,Thursday,201.47,40.29,10.63,171.81,18,9.2,11.9,0.92,0,18.68,9.54,SGD,False,,
drv_siti_sg_10,Siti Rahman,firefighter,M,2025-10-17,2025-10,2025-W42,Friday,201.32,40.26,7.22,168.28,14,10.4,11.6,0.89,1,16.18,12.02,SGD,False,,
drv_siti_sg_10,Siti Rahman,firefighter,M,2025-10-18,2025-10,2025-W42,Saturday,208.65,41.73,0.0,166.92,20,6.0,7.4,0.74,0,27.82,8.35,SGD,False,,
drv_siti_sg_10,Siti Rahman,firefighter,M,2025-10-19,2025-10,2025-W42,Sunday,237.09,47.42,10.62,200.29,16,10.0,12.5,0.92,0,20.03,12.52,SGD,False,,
drv_siti_sg_10,Siti Rahman,firefighter,M,2025-10-20,2025-10,2025-W43,Monday,148.97,29.79,0.0,119.18,24,10.4,11.9,0.92,1,11.46,4.97,SGD,False,,
drv_siti_sg_10,Siti Rahman,firefighter,M,2025-10-21,2025-10,2025-W43,Tuesday,182.05,36.41,7.68,153.32,19,7.4,9.7,0.95,3,20.72,8.07,SGD,False,,
drv_siti_sg_10,Siti Rahman,firefighter,M,2025-10-22,2025-10,2025-W43,Wednesday,0,0,0,0,0,0,0,0,0,0,0,SGD,True,,rest_day
drv_siti_sg_10,Siti Rahman,firefighter,M,2025-10-23,2025-10,2025-W43,Thursday,0,0,0,0,0,0,0,0,0,0,0,SGD,False,,vehicle_breakdown
drv_siti_sg_10,Siti Rahman,firefighter,M,2025-10-24,2025-10,2025-W43,Friday,0,0,0,0,0,0,0,0,0,0,0,SGD,False,,vehicle_breakdown
drv_siti_sg_10,Siti Rahman,firefighter,M,2025-10-25,2025-10,2025-W43,Saturday,0,0,0,0,0,0,0,0,0,0,0,SGD,False,,vehicle_breakdown
drv_siti_sg_10,Siti Rahman,firefighter,M,2025-10-26,2025-10,2025-W43,Sunday,228.86,45.77,19.07,202.16,16,9.5,12.2,0.82,2,21.28,12.63,SGD,False,,
drv_siti_sg_10,Siti Rahman,firefighter,M,2025-10-27,2025-10,2025-W44,Monday,182.53,36.51,9.5,155.52,9,9.5,12.2,0.93,3,16.37,17.28,SGD,False,,
drv_siti_sg_10,Siti Rahman,firefighter,M,2025-10-28,2025-10,2025-W44,Tuesday,178.2,35.64,0.0,142.56,24,9.9,11.6,0.93,2,14.4,5.94,SGD,False,,
drv_siti_sg_10,Siti Rahman,firefighter,M,2025-10-29,2025-10,2025-W44,Wednesday,0,0,0,0,0,0,0,0,0,0,0,SGD,True,,rest_day
drv_siti_sg_10,Siti Rahman,firefighter,M,2025-10-30,2025-10,2025-W44,Thursday,249.3,49.86,16.25,215.69,14,11.4,14.3,0.76,1,18.92,15.41,SGD,False,,
drv_siti_sg_10,Siti Rahman,firefighter,M,2025-10-31,2025-10,2025-W44,Friday,198.71,39.74,0.0,158.97,8,11.7,13.8,0.76,3,13.59,19.87,SGD,False,,
drv_siti_sg_10,Siti Rahman,firefighter,M,2025-11-01,2025-11,2025-W44,Saturday,291.99,58.4,0.0,233.59,14,7.2,7.8,0.94,0,32.44,16.68,SGD,False,,
drv_siti_sg_10,Siti Rahman,firefighter,M,2025-11-02,2025-11,2025-W44,Sunday,189.47,37.89,0.0,151.58,15,9.5,11.3,0.8,3,15.96,10.11,SGD,False,,
drv_siti_sg_10,Siti Rahman,firefighter,M,2025-11-03,2025-11,2025-W45,Monday,143.73,28.75,0.0,114.98,16,11.7,14.6,0.96,2,9.83,7.19,SGD,False,,
drv_siti_sg_10,Siti Rahman,firefighter,M,2025-11-04,2025-11,2025-W45,Tuesday,227.32,45.46,14.97,196.83,8,9.8,12.9,0.74,1,20.08,24.6,SGD,False,,
drv_siti_sg_10,Siti Rahman,firefighter,M,2025-11-05,2025-11,2025-W45,Wednesday,0,0,0,0,0,0,0,0,0,0,0,SGD,True,,rest_day
drv_siti_sg_10,Siti Rahman,firefighter,M,2025-11-06,2025-11,2025-W45,Thursday,101.82,20.36,5.17,86.63,8,7.5,8.6,0.82,2,11.55,10.83,SGD,False,,
drv_siti_sg_10,Siti Rahman,firefighter,M,2025-11-07,2025-11,2025-W45,Friday,215.51,43.1,0.0,172.41,23,9.3,11.8,0.73,0,18.54,7.5,SGD,False,,
drv_siti_sg_10,Siti Rahman,firefighter,M,2025-11-08,2025-11,2025-W45,Saturday,283.93,56.79,0.0,227.14,11,11.9,14.5,0.91,3,19.09,20.65,SGD,False,,
drv_siti_sg_10,Siti Rahman,firefighter,M,2025-11-09,2025-11,2025-W45,Sunday,106.51,21.3,0.0,85.21,16,8.9,10.6,0.83,3,9.57,5.33,SGD,False,,
drv_siti_sg_10,Siti Rahman,firefighter,M,2025-11-10,2025-11,2025-W46,Monday,139.2,27.84,7.05,118.41,12,10.1,13.3,0.77,0,11.72,9.87,SGD,False,,
drv_siti_sg_10,Siti Rahman,firefighter,M,2025-11-11,2025-11,2025-W46,Tuesday,154.17,30.83,0.0,123.34,19,8.1,9.0,0.74,3,15.23,6.49,SGD,False,,
drv_siti_sg_10,Siti Rahman,firefighter,M,2025-11-12,2025-11,2025-W46,Wednesday,0,0,0,0,0,0,0,0,0,0,0,SGD,True,,rest_day
drv_siti_sg_10,Siti Rahman,firefighter,M,2025-11-13,2025-11,2025-W46,Thursday,233.69,46.74,0.0,186.95,18,7.2,9.5,0.93,2,25.97,10.39,SGD,False,,
drv_siti_sg_10,Siti Rahman,firefighter,M,2025-11-14,2025-11,2025-W46,Friday,287.61,57.52,0.0,230.09,16,9.5,11.0,0.9,1,24.22,14.38,SGD,False,,
drv_siti_sg_10,Siti Rahman,firefighter,M,2025-11-15,2025-11,2025-W46,Saturday,301.12,60.22,20.22,261.12,15,11.3,14.2,0.85,1,23.11,17.41,SGD,False,,
drv_siti_sg_10,Siti Rahman,firefighter,M,2025-11-16,2025-11,2025-W46,Sunday,236.04,47.21,0.0,188.83,24,8.5,9.3,0.78,1,22.22,7.87,SGD,False,,
drv_siti_sg_10,Siti Rahman,firefighter,M,2025-11-17,2025-11,2025-W47,Monday,182.32,36.46,13.41,159.27,19,9.7,10.4,0.92,3,16.42,8.38,SGD,False,,
drv_siti_sg_10,Siti Rahman,firefighter,M,2025-11-18,2025-11,2025-W47,Tuesday,222.91,44.58,0.0,178.33,9,11.9,13.8,0.92,2,14.99,19.81,SGD,False,,
drv_siti_sg_10,Siti Rahman,firefighter,M,2025-11-19,2025-11,2025-W47,Wednesday,0,0,0,0,0,0,0,0,0,0,0,SGD,True,,rest_day
drv_siti_sg_10,Siti Rahman,firefighter,M,2025-11-20,2025-11,2025-W47,Thursday,240.86,48.17,12.59,205.28,12,6.4,7.2,0.74,0,32.07,17.11,SGD,False,,
drv_siti_sg_10,Siti Rahman,firefighter,M,2025-11-21,2025-11,2025-W47,Friday,209.04,41.81,0.0,167.23,21,9.3,11.7,0.83,3,17.98,7.96,SGD,False,,
drv_siti_sg_10,Siti Rahman,firefighter,M,2025-11-22,2025-11,2025-W47,Saturday,265.36,53.07,0.0,212.29,11,7.7,9.9,0.9,3,27.57,19.3,SGD,False,,
drv_siti_sg_10,Siti Rahman,firefighter,M,2025-11-23,2025-11,2025-W47,Sunday,245.84,49.17,21.32,217.99,9,11.5,14.1,0.75,3,18.96,24.22,SGD,False,,
drv_siti_sg_10,Siti Rahman,firefighter,M,2025-11-24,2025-11,2025-W48,Monday,153.75,30.75,6.23,129.23,13,11.2,14.9,0.82,3,11.54,9.94,SGD,False,,
drv_siti_sg_10,Siti Rahman,firefighter,M,2025-11-25,2025-11,2025-W48,Tuesday,203.03,40.61,15.57,177.99,22,10.9,13.0,0.79,1,16.33,8.09,SGD,False,,
drv_siti_sg_10,Siti Rahman,firefighter,M,2025-11-26,2025-11,2025-W48,Wednesday,0,0,0,0,0,0,0,0,0,0,0,SGD,True,,rest_day
drv_siti_sg_10,Siti Rahman,firefighter,M,2025-11-27,2025-11,2025-W48,Thursday,241.88,48.38,0.0,193.5,16,7.6,10.1,0.8,3,25.46,12.09,SGD,False,,
drv_siti_sg_10,Siti Rahman,firefighter,M,2025-11-28,2025-11,2025-W48,Friday,241.87,48.37,14.17,207.67,18,7.7,10.3,0.96,3,26.97,11.54,SGD,False,,
drv_siti_sg_10,Siti Rahman,firefighter,M,2025-11-29,2025-11,2025-W48,Saturday,222.46,44.49,0.0,177.97,11,8.4,9.5,0.74,2,21.19,16.18,SGD,False,,
drv_siti_sg_10,Siti Rahman,firefighter,M,2025-11-30,2025-11,2025-W48,Sunday,220.85,44.17,0.0,176.68,13,11.9,13.6,0.76,1,14.85,13.59,SGD,False,,
drv_siti_sg_10,Siti Rahman,firefighter,M,2025-12-01,2025-12,2025-W49,Monday,86.52,17.3,0.0,69.22,8,9.5,11.7,0.74,3,7.29,8.65,SGD,False,,
drv_siti_sg_10,Siti Rahman,firefighter,M,2025-12-02,2025-12,2025-W49,Tuesday,192.6,38.52,0.0,154.08,17,8.3,10.1,0.79,1,18.56,9.06,SGD,False,,
drv_siti_sg_10,Siti Rahman,firefighter,M,2025-12-03,2025-12,2025-W49,Wednesday,0,0,0,0,0,0,0,0,0,0,0,SGD,True,,rest_day
drv_siti_sg_10,Siti Rahman,firefighter,M,2025-12-04,2025-12,2025-W49,Thursday,192.27,38.45,9.19,163.01,24,8.7,11.4,0.94,3,18.74,6.79,SGD,False,,
drv_siti_sg_10,Siti Rahman,firefighter,M,2025-12-05,2025-12,2025-W49,Friday,139.1,27.82,8.91,120.19,19,11.4,14.8,0.81,1,10.54,6.33,SGD,False,,
drv_siti_sg_10,Siti Rahman,firefighter,M,2025-12-06,2025-12,2025-W49,Saturday,209.77,41.95,9.74,177.56,10,8.1,10.9,0.9,0,21.92,17.76,SGD,False,,
drv_siti_sg_10,Siti Rahman,firefighter,M,2025-12-07,2025-12,2025-W49,Sunday,210.84,42.17,0.0,168.67,23,6.8,8.4,0.87,1,24.8,7.33,SGD,False,,
drv_siti_sg_10,Siti Rahman,firefighter,M,2025-12-08,2025-12,2025-W50,Monday,103.64,20.73,6.67,89.58,13,7.3,9.7,0.97,1,12.27,6.89,SGD,False,,
drv_siti_sg_10,Siti Rahman,firefighter,M,2025-12-09,2025-12,2025-W50,Tuesday,193.38,38.68,0.0,154.7,20,8.8,11.6,0.79,3,17.58,7.73,SGD,False,,
drv_siti_sg_10,Siti Rahman,firefighter,M,2025-12-10,2025-12,2025-W50,Wednesday,0,0,0,0,0,0,0,0,0,0,0,SGD,True,,rest_day
drv_siti_sg_10,Siti Rahman,firefighter,M,2025-12-11,2025-12,2025-W50,Thursday,130.05,26.01,11.13,115.17,14,12.0,14.7,0.95,1,9.6,8.23,SGD,False,,
drv_siti_sg_10,Siti Rahman,firefighter,M,2025-12-12,2025-12,2025-W50,Friday,274.86,54.97,0.0,219.89,23,10.4,13.4,0.94,3,21.14,9.56,SGD,False,,
drv_siti_sg_10,Siti Rahman,firefighter,M,2025-12-13,2025-12,2025-W50,Saturday,307.21,61.44,0.0,245.77,15,10.0,10.5,0.93,0,24.58,16.38,SGD,False,,
drv_siti_sg_10,Siti Rahman,firefighter,M,2025-12-14,2025-12,2025-W50,Sunday,204.18,40.84,12.95,176.29,17,10.8,11.7,0.78,0,16.32,10.37,SGD,False,,
drv_siti_sg_10,Siti Rahman,firefighter,M,2025-12-15,2025-12,2025-W51,Monday,156.21,31.24,0.0,124.97,9,7.7,9.2,0.84,2,16.23,13.89,SGD,False,,
drv_siti_sg_10,Siti Rahman,firefighter,M,2025-12-16,2025-12,2025-W51,Tuesday,209.78,41.96,0.0,167.82,21,9.4,11.0,0.86,0,17.85,7.99,SGD,False,,
drv_siti_sg_10,Siti Rahman,firefighter,M,2025-12-17,2025-12,2025-W51,Wednesday,0,0,0,0,0,0,0,0,0,0,0,SGD,True,,rest_day
drv_siti_sg_10,Siti Rahman,firefighter,M,2025-12-18,2025-12,2025-W51,Thursday,243.22,48.64,0.0,194.58,12,6.4,6.8,0.85,1,30.4,16.21,SGD,False,,
drv_siti_sg_10,Siti Rahman,firefighter,M,2025-12-19,2025-12,2025-W51,Friday,133.67,26.73,0.0,106.94,17,9.6,11.8,0.78,3,11.14,6.29,SGD,False,,
drv_siti_sg_10,Siti Rahman,firefighter,M,2025-12-20,2025-12,2025-W51,Saturday,225.05,45.01,0.0,180.04,23,7.5,9.3,0.86,3,24.01,7.83,SGD,False,,
drv_siti_sg_10,Siti Rahman,firefighter,M,2025-12-21,2025-12,2025-W51,Sunday,225.23,45.05,0.0,180.18,21,11.3,13.3,0.76,0,15.95,8.58,SGD,False,,
drv_siti_sg_10,Siti Rahman,firefighter,M,2025-12-22,2025-12,2025-W52,Monday,256.12,51.22,0.0,204.9,16,8.9,10.7,0.94,1,23.02,12.81,SGD,False,Year-End Peak,
drv_siti_sg_10,Siti Rahman,firefighter,M,2025-12-23,2025-12,2025-W52,Tuesday,238.49,47.7,19.76,210.55,11,10.8,11.8,0.94,2,19.5,19.14,SGD,False,Year-End Peak,
drv_siti_sg_10,Siti Rahman,firefighter,M,2025-12-24,2025-12,2025-W52,Wednesday,0,0,0,0,0,0,0,0,0,0,0,SGD,True,Year-End Peak,rest_day
drv_siti_sg_10,Siti Rahman,firefighter,M,2025-12-25,2025-12,2025-W52,Thursday,279.56,55.91,0.0,223.65,20,11.2,14.3,0.91,1,19.97,11.18,SGD,False,Year-End Peak,
drv_siti_sg_10,Siti Rahman,firefighter,M,2025-12-26,2025-12,2025-W52,Friday,272.7,54.54,0.0,218.16,10,6.5,8.1,0.87,0,33.56,21.82,SGD,False,Year-End Peak,
drv_siti_sg_10,Siti Rahman,firefighter,M,2025-12-27,2025-12,2025-W52,Saturday,347.64,69.53,28.19,306.3,15,9.8,12.1,0.8,2,31.26,20.42,SGD,False,Year-End Peak,
drv_siti_sg_10,Siti Rahman,firefighter,M,2025-12-28,2025-12,2025-W52,Sunday,116.94,23.39,0.0,93.55,15,9.4,10.9,0.75,0,9.95,6.24,SGD,False,Year-End Peak,
drv_siti_sg_10,Siti Rahman,firefighter,M,2025-12-29,2025-12,2026-W01,Monday,254.83,50.97,0.0,203.86,17,11.9,12.7,0.82,0,17.13,11.99,SGD,False,Year-End Peak,
drv_siti_sg_10,Siti Rahman,firefighter,M,2025-12-30,2025-12,2026-W01,Tuesday,212.71,42.54,13.74,183.91,23,11.8,13.2,0.93,3,15.59,8.0,SGD,False,Year-End Peak,
drv_siti_sg_10,Siti Rahman,firefighter,M,2025-12-31,2025-12,2026-W01,Wednesday,0,0,0,0,0,0,0,0,0,0,0,SGD,True,Year-End Peak,rest_day
drv_siti_sg_10,Siti Rahman,firefighter,M,2026-01-01,2026-01,2026-W01,Thursday,214.71,42.94,0.0,171.77,18,11.0,13.3,0.86,2,15.62,9.54,SGD,False,Year-End Peak,
drv_siti_sg_10,Siti Rahman,firefighter,M,2026-01-02,2026-01,2026-W01,Friday,315.23,63.05,0.0,252.18,10,6.6,7.3,0.95,2,38.21,25.22,SGD,False,Year-End Peak,
drv_siti_sg_10,Siti Rahman,firefighter,M,2026-01-03,2026-01,2026-W01,Saturday,299.78,59.96,15.28,255.1,12,6.6,7.9,0.82,1,38.65,21.26,SGD,False,,
drv_siti_sg_10,Siti Rahman,firefighter,M,2026-01-04,2026-01,2026-W01,Sunday,249.73,49.95,0.0,199.78,15,8.9,10.2,0.91,0,22.45,13.32,SGD,False,,
drv_siti_sg_10,Siti Rahman,firefighter,M,2026-01-05,2026-01,2026-W02,Monday,144.68,28.94,0.0,115.74,18,8.3,9.1,0.86,3,13.94,6.43,SGD,False,,
drv_siti_sg_10,Siti Rahman,firefighter,M,2026-01-06,2026-01,2026-W02,Tuesday,197.86,39.57,9.05,167.34,19,8.9,10.1,0.92,0,18.8,8.81,SGD,False,,
drv_siti_sg_10,Siti Rahman,firefighter,M,2026-01-07,2026-01,2026-W02,Wednesday,0,0,0,0,0,0,0,0,0,0,0,SGD,True,,rest_day
drv_siti_sg_10,Siti Rahman,firefighter,M,2026-01-08,2026-01,2026-W02,Thursday,173.94,34.79,12.78,151.93,9,6.6,8.8,0.97,2,23.02,16.88,SGD,False,,
drv_siti_sg_10,Siti Rahman,firefighter,M,2026-01-09,2026-01,2026-W02,Friday,118.63,23.73,8.53,103.43,20,9.2,12.1,0.78,3,11.24,5.17,SGD,False,,
drv_siti_sg_10,Siti Rahman,firefighter,M,2026-01-10,2026-01,2026-W02,Saturday,211.03,42.21,0.0,168.82,9,6.2,6.9,0.93,0,27.23,18.76,SGD,False,,
drv_siti_sg_10,Siti Rahman,firefighter,M,2026-01-11,2026-01,2026-W02,Sunday,254.38,50.88,14.69,218.19,11,8.7,11.2,0.91,2,25.08,19.84,SGD,False,,
drv_siti_sg_10,Siti Rahman,firefighter,M,2026-01-12,2026-01,2026-W03,Monday,89.34,17.87,0.0,71.47,15,8.1,9.8,0.93,1,8.82,4.76,SGD,False,,
drv_siti_sg_10,Siti Rahman,firefighter,M,2026-01-13,2026-01,2026-W03,Tuesday,172.25,34.45,7.97,145.77,14,7.7,8.7,0.95,3,18.93,10.41,SGD,False,,
drv_siti_sg_10,Siti Rahman,firefighter,M,2026-01-14,2026-01,2026-W03,Wednesday,0,0,0,0,0,0,0,0,0,0,0,SGD,True,,rest_day
drv_siti_sg_10,Siti Rahman,firefighter,M,2026-01-15,2026-01,2026-W03,Thursday,177.6,35.52,0.0,142.08,17,11.9,14.8,0.92,2,11.94,8.36,SGD,False,,
drv_siti_sg_10,Siti Rahman,firefighter,M,2026-01-16,2026-01,2026-W03,Friday,283.8,56.76,0.0,227.04,9,9.4,10.5,0.85,2,24.15,25.23,SGD,False,,
drv_siti_sg_10,Siti Rahman,firefighter,M,2026-01-17,2026-01,2026-W03,Saturday,259.82,51.96,18.65,226.51,18,9.8,11.2,0.95,0,23.11,12.58,SGD,False,,
drv_siti_sg_10,Siti Rahman,firefighter,M,2026-01-18,2026-01,2026-W03,Sunday,197.74,39.55,0.0,158.19,20,7.9,10.4,0.86,3,20.02,7.91,SGD,False,,
drv_siti_sg_10,Siti Rahman,firefighter,M,2026-01-19,2026-01,2026-W04,Monday,125.93,25.19,0.0,100.74,19,7.5,8.1,0.74,0,13.43,5.3,SGD,False,,
drv_siti_sg_10,Siti Rahman,firefighter,M,2026-01-20,2026-01,2026-W04,Tuesday,227.3,45.46,9.61,191.45,23,10.8,11.6,0.78,2,17.73,8.32,SGD,False,,
drv_siti_sg_10,Siti Rahman,firefighter,M,2026-01-21,2026-01,2026-W04,Wednesday,0,0,0,0,0,0,0,0,0,0,0,SGD,True,,rest_day
drv_siti_sg_10,Siti Rahman,firefighter,M,2026-01-22,2026-01,2026-W04,Thursday,180.79,36.16,0.0,144.63,24,11.1,12.0,0.94,0,13.03,6.03,SGD,False,,
drv_siti_sg_10,Siti Rahman,firefighter,M,2026-01-23,2026-01,2026-W04,Friday,281.84,56.37,0.0,225.47,22,8.2,10.8,0.73,2,27.5,10.25,SGD,False,,
drv_siti_sg_10,Siti Rahman,firefighter,M,2026-01-24,2026-01,2026-W04,Saturday,239.9,47.98,0.0,191.92,17,7.9,9.0,0.72,2,24.29,11.29,SGD,False,,
drv_siti_sg_10,Siti Rahman,firefighter,M,2026-01-25,2026-01,2026-W04,Sunday,262.43,52.49,0.0,209.94,11,9.9,11.1,0.74,2,21.21,19.09,SGD,False,,
drv_siti_sg_10,Siti Rahman,firefighter,M,2026-01-26,2026-01,2026-W05,Monday,93.81,18.76,7.08,82.13,19,6.7,7.1,0.78,3,12.26,4.32,SGD,False,,
drv_siti_sg_10,Siti Rahman,firefighter,M,2026-01-27,2026-01,2026-W05,Tuesday,114.09,22.82,0.0,91.27,9,9.7,12.5,0.79,0,9.41,10.14,SGD,False,,
drv_siti_sg_10,Siti Rahman,firefighter,M,2026-01-28,2026-01,2026-W05,Wednesday,0,0,0,0,0,0,0,0,0,0,0,SGD,True,,rest_day
drv_siti_sg_10,Siti Rahman,firefighter,M,2026-01-29,2026-01,2026-W05,Thursday,186.25,37.25,0.0,149.0,18,9.2,11.9,0.95,2,16.2,8.28,SGD,False,,
drv_siti_sg_10,Siti Rahman,firefighter,M,2026-01-30,2026-01,2026-W05,Friday,275.66,55.13,0.0,220.53,12,11.8,15.4,0.82,2,18.69,18.38,SGD,False,,
drv_siti_sg_10,Siti Rahman,firefighter,M,2026-01-31,2026-01,2026-W05,Saturday,268.37,53.67,0.0,214.7,10,8.8,10.7,0.94,1,24.4,21.47,SGD,False,,
drv_siti_sg_10,Siti Rahman,firefighter,M,2026-02-01,2026-02,2026-W05,Sunday,235.91,47.18,19.04,207.77,21,8.0,9.5,0.81,2,25.97,9.89,SGD,False,,
drv_siti_sg_10,Siti Rahman,firefighter,M,2026-02-02,2026-02,2026-W06,Monday,169.23,33.85,0.0,135.38,21,11.1,13.8,0.78,1,12.2,6.45,SGD,False,,
drv_siti_sg_10,Siti Rahman,firefighter,M,2026-02-03,2026-02,2026-W06,Tuesday,154.57,30.91,8.31,131.97,22,9.6,12.1,0.93,3,13.75,6.0,SGD,False,,
drv_siti_sg_10,Siti Rahman,firefighter,M,2026-02-04,2026-02,2026-W06,Wednesday,0,0,0,0,0,0,0,0,0,0,0,SGD,True,,rest_day
drv_siti_sg_10,Siti Rahman,firefighter,M,2026-02-05,2026-02,2026-W06,Thursday,134.15,26.83,0.0,107.32,9,10.5,12.7,0.95,2,10.22,11.92,SGD,False,,
drv_siti_sg_10,Siti Rahman,firefighter,M,2026-02-06,2026-02,2026-W06,Friday,126.59,25.32,9.54,110.81,21,11.7,13.6,0.78,1,9.47,5.28,SGD,False,,
drv_siti_sg_10,Siti Rahman,firefighter,M,2026-02-07,2026-02,2026-W06,Saturday,267.66,53.53,0.0,214.13,11,9.2,10.2,0.73,0,23.28,19.47,SGD,False,,
drv_siti_sg_10,Siti Rahman,firefighter,M,2026-02-08,2026-02,2026-W06,Sunday,217.14,43.43,0.0,173.71,9,11.5,14.7,0.89,2,15.11,19.3,SGD,False,,
drv_siti_sg_10,Siti Rahman,firefighter,M,2026-02-09,2026-02,2026-W07,Monday,202.74,40.55,0.0,162.19,17,7.1,8.8,0.96,3,22.84,9.54,SGD,False,,
drv_siti_sg_10,Siti Rahman,firefighter,M,2026-02-10,2026-02,2026-W07,Tuesday,226.77,45.35,0.0,181.42,21,11.9,14.5,0.92,0,15.25,8.64,SGD,False,,
drv_siti_sg_10,Siti Rahman,firefighter,M,2026-02-11,2026-02,2026-W07,Wednesday,0,0,0,0,0,0,0,0,0,0,0,SGD,True,,rest_day
drv_siti_sg_10,Siti Rahman,firefighter,M,2026-02-12,2026-02,2026-W07,Thursday,208.06,41.61,0.0,166.45,8,10.5,12.8,0.77,0,15.85,20.81,SGD,False,,
drv_siti_sg_10,Siti Rahman,firefighter,M,2026-02-13,2026-02,2026-W07,Friday,265.85,53.17,0.0,212.68,8,11.4,12.3,0.8,0,18.66,26.59,SGD,False,,
drv_siti_sg_10,Siti Rahman,firefighter,M,2026-02-14,2026-02,2026-W07,Saturday,156.56,31.31,0.0,125.25,19,8.9,11.7,0.97,3,14.07,6.59,SGD,False,,
drv_siti_sg_10,Siti Rahman,firefighter,M,2026-02-15,2026-02,2026-W07,Sunday,170.67,34.13,0.0,136.54,18,9.6,12.4,0.91,2,14.22,7.59,SGD,False,Lunar New Year,
drv_siti_sg_10,Siti Rahman,firefighter,M,2026-02-16,2026-02,2026-W08,Monday,109.54,21.91,0.0,87.63,11,7.3,8.5,0.81,0,12.0,7.97,SGD,False,Lunar New Year,
drv_siti_sg_10,Siti Rahman,firefighter,M,2026-02-17,2026-02,2026-W08,Tuesday,112.66,22.53,0.0,90.13,23,9.7,12.9,0.91,1,9.29,3.92,SGD,False,Lunar New Year,
drv_siti_sg_10,Siti Rahman,firefighter,M,2026-02-18,2026-02,2026-W08,Wednesday,0,0,0,0,0,0,0,0,0,0,0,SGD,True,Ramadan,rest_day
drv_siti_sg_10,Siti Rahman,firefighter,M,2026-02-19,2026-02,2026-W08,Thursday,181.87,36.37,12.51,158.01,11,8.7,11.2,0.77,0,18.16,14.36,SGD,False,Ramadan,
drv_siti_sg_10,Siti Rahman,firefighter,M,2026-02-20,2026-02,2026-W08,Friday,188.46,37.69,8.8,159.57,24,6.8,7.7,0.75,0,23.47,6.65,SGD,False,Ramadan,
drv_siti_sg_10,Siti Rahman,firefighter,M,2026-02-21,2026-02,2026-W08,Saturday,200.88,40.18,0.0,160.7,11,9.3,11.0,0.8,0,17.28,14.61,SGD,False,Ramadan,
drv_siti_sg_10,Siti Rahman,firefighter,M,2026-02-22,2026-02,2026-W08,Sunday,63.66,12.73,2.95,53.88,19,7.4,9.8,0.9,2,7.28,2.84,SGD,False,Ramadan,
drv_siti_sg_10,Siti Rahman,firefighter,M,2026-02-23,2026-02,2026-W09,Monday,130.03,26.01,9.52,113.54,15,6.6,7.2,0.95,2,17.2,7.57,SGD,False,Ramadan,
drv_siti_sg_10,Siti Rahman,firefighter,M,2026-02-24,2026-02,2026-W09,Tuesday,173.39,34.68,7.73,146.44,23,7.7,9.9,0.83,3,19.02,6.37,SGD,False,Ramadan,
drv_siti_sg_10,Siti Rahman,firefighter,M,2026-02-25,2026-02,2026-W09,Wednesday,0,0,0,0,0,0,0,0,0,0,0,SGD,True,Ramadan,rest_day
drv_siti_sg_10,Siti Rahman,firefighter,M,2026-02-26,2026-02,2026-W09,Thursday,92.08,18.42,0.0,73.66,18,9.1,9.9,0.72,3,8.09,4.09,SGD,False,Ramadan,
drv_siti_sg_10,Siti Rahman,firefighter,M,2026-02-27,2026-02,2026-W09,Friday,175.17,35.03,0.0,140.14,19,10.1,10.9,0.79,0,13.88,7.38,SGD,False,Ramadan,
drv_siti_sg_10,Siti Rahman,firefighter,M,2026-02-28,2026-02,2026-W09,Saturday,217.3,43.46,0.0,173.84,8,10.7,11.7,0.84,1,16.25,21.73,SGD,False,Ramadan,
drv_siti_sg_10,Siti Rahman,firefighter,M,2026-03-01,2026-03,2026-W09,Sunday,146.65,29.33,0.0,117.32,16,8.5,10.2,0.76,3,13.8,7.33,SGD,False,Ramadan,
drv_siti_sg_10,Siti Rahman,firefighter,M,2026-03-02,2026-03,2026-W10,Monday,117.27,23.45,0.0,93.82,23,8.9,11.5,0.89,1,10.54,4.08,SGD,False,Ramadan,
drv_siti_sg_10,Siti Rahman,firefighter,M,2026-03-03,2026-03,2026-W10,Tuesday,73.32,14.66,0.0,58.66,14,10.7,13.7,0.93,3,5.48,4.19,SGD,False,Ramadan,
drv_siti_sg_10,Siti Rahman,firefighter,M,2026-03-04,2026-03,2026-W10,Wednesday,0,0,0,0,0,0,0,0,0,0,0,SGD,True,Ramadan,rest_day
drv_siti_sg_10,Siti Rahman,firefighter,M,2026-03-05,2026-03,2026-W10,Thursday,154.39,30.88,0.0,123.51,8,9.8,11.8,0.81,0,12.6,15.44,SGD,False,Ramadan,
drv_siti_sg_10,Siti Rahman,firefighter,M,2026-03-06,2026-03,2026-W10,Friday,159.05,31.81,0.0,127.24,19,9.8,13.0,0.95,2,12.98,6.7,SGD,False,Ramadan,
drv_siti_sg_10,Siti Rahman,firefighter,M,2026-03-07,2026-03,2026-W10,Saturday,109.14,21.83,0.0,87.31,23,6.1,7.0,0.91,0,14.31,3.8,SGD,False,Ramadan,
drv_siti_sg_10,Siti Rahman,firefighter,M,2026-03-08,2026-03,2026-W10,Sunday,157.99,31.6,8.61,135.0,20,10.7,14.2,0.96,1,12.62,6.75,SGD,False,Ramadan,
drv_siti_sg_10,Siti Rahman,firefighter,M,2026-03-09,2026-03,2026-W11,Monday,54.3,10.86,2.52,45.96,19,10.0,12.8,0.77,3,4.6,2.42,SGD,False,Ramadan,
drv_siti_sg_10,Siti Rahman,firefighter,M,2026-03-10,2026-03,2026-W11,Tuesday,151.25,30.25,0.0,121.0,8,11.8,13.0,0.76,0,10.25,15.12,SGD,False,Ramadan,
drv_siti_sg_10,Siti Rahman,firefighter,M,2026-03-11,2026-03,2026-W11,Wednesday,0,0,0,0,0,0,0,0,0,0,0,SGD,True,Ramadan,rest_day
drv_siti_sg_10,Siti Rahman,firefighter,M,2026-03-12,2026-03,2026-W11,Thursday,169.01,33.8,0.0,135.21,22,6.6,8.8,0.94,1,20.49,6.15,SGD,False,Ramadan,
drv_siti_sg_10,Siti Rahman,firefighter,M,2026-03-13,2026-03,2026-W11,Friday,173.8,34.76,0.0,139.04,13,6.4,8.5,0.86,2,21.72,10.7,SGD,False,Ramadan,
drv_siti_sg_10,Siti Rahman,firefighter,M,2026-03-14,2026-03,2026-W11,Saturday,174.89,34.98,0.0,139.91,13,7.7,9.8,0.87,2,18.17,10.76,SGD,False,Ramadan,
drv_siti_sg_10,Siti Rahman,firefighter,M,2026-03-15,2026-03,2026-W11,Sunday,72.52,14.5,3.91,61.93,8,8.3,10.6,0.85,0,7.46,7.74,SGD,False,Ramadan,
drv_siti_sg_10,Siti Rahman,firefighter,M,2026-03-16,2026-03,2026-W12,Monday,142.67,28.53,0.0,114.14,22,10.5,12.8,0.73,3,10.87,5.19,SGD,False,Ramadan,
drv_siti_sg_10,Siti Rahman,firefighter,M,2026-03-17,2026-03,2026-W12,Tuesday,84.99,17.0,0.0,67.99,9,7.4,9.8,0.96,3,9.19,7.55,SGD,False,Ramadan,
drv_siti_sg_10,Siti Rahman,firefighter,M,2026-03-18,2026-03,2026-W12,Wednesday,0,0,0,0,0,0,0,0,0,0,0,SGD,True,Ramadan,rest_day
drv_siti_sg_10,Siti Rahman,firefighter,M,2026-03-19,2026-03,2026-W12,Thursday,143.15,28.63,0.0,114.52,18,8.4,10.3,0.82,1,13.63,6.36,SGD,False,Ramadan,
drv_siti_sg_10,Siti Rahman,firefighter,M,2026-03-20,2026-03,2026-W12,Friday,89.3,17.86,5.16,76.6,11,8.2,9.8,0.77,2,9.34,6.96,SGD,False,Eid,
drv_siti_sg_10,Siti Rahman,firefighter,M,2026-03-21,2026-03,2026-W12,Saturday,91.14,18.23,0.0,72.91,19,10.1,11.3,0.96,1,7.22,3.84,SGD,False,Eid,
drv_siti_sg_10,Siti Rahman,firefighter,M,2026-03-22,2026-03,2026-W12,Sunday,100.35,20.07,0.0,80.28,12,6.4,8.2,0.91,2,12.54,6.69,SGD,False,Eid,
drv_siti_sg_10,Siti Rahman,firefighter,M,2026-03-23,2026-03,2026-W13,Monday,59.14,11.83,3.87,51.18,17,6.2,7.7,0.91,0,8.25,3.01,SGD,False,Eid,
drv_siti_sg_10,Siti Rahman,firefighter,M,2026-03-24,2026-03,2026-W13,Tuesday,78.51,15.7,0.0,62.81,19,7.5,9.0,0.87,3,8.37,3.31,SGD,False,Eid,
drv_siti_sg_10,Siti Rahman,firefighter,M,2026-03-25,2026-03,2026-W13,Wednesday,0,0,0,0,0,0,0,0,0,0,0,SGD,True,,rest_day
drv_siti_sg_10,Siti Rahman,firefighter,M,2026-03-26,2026-03,2026-W13,Thursday,208.74,41.75,0.0,166.99,23,11.5,14.5,0.8,2,14.52,7.26,SGD,False,,
drv_siti_sg_10,Siti Rahman,firefighter,M,2026-03-27,2026-03,2026-W13,Friday,216.75,43.35,0.0,173.4,15,11.5,15.0,0.76,3,15.08,11.56,SGD,False,,
drv_siti_sg_10,Siti Rahman,firefighter,M,2026-03-28,2026-03,2026-W13,Saturday,270.03,54.01,0.0,216.02,12,7.4,10.0,0.78,0,29.19,18.0,SGD,False,,
drv_siti_sg_10,Siti Rahman,firefighter,M,2026-03-29,2026-03,2026-W13,Sunday,239.39,47.88,0.0,191.51,9,11.0,14.7,0.82,2,17.41,21.28,SGD,False,,
drv_siti_sg_10,Siti Rahman,firefighter,M,2026-03-30,2026-03,2026-W14,Monday,96.32,19.26,0.0,77.06,21,8.6,9.9,0.82,2,8.96,3.67,SGD,False,,
drv_siti_sg_10,Siti Rahman,firefighter,M,2026-03-31,2026-03,2026-W14,Tuesday,109.81,21.96,0.0,87.85,23,7.3,9.5,0.74,0,12.03,3.82,SGD,False,,
drv_siti_sg_10,Siti Rahman,firefighter,M,2026-04-01,2026-04,2026-W14,Wednesday,0,0,0,0,0,0,0,0,0,0,0,SGD,True,,rest_day
drv_siti_sg_10,Siti Rahman,firefighter,M,2026-04-02,2026-04,2026-W14,Thursday,178.98,35.8,0.0,143.18,21,10.5,12.7,0.91,1,13.64,6.82,SGD,False,,
drv_siti_sg_10,Siti Rahman,firefighter,M,2026-04-03,2026-04,2026-W14,Friday,220.02,44.0,0.0,176.02,21,10.2,11.6,0.83,2,17.26,8.38,SGD,False,,
drv_siti_sg_10,Siti Rahman,firefighter,M,2026-04-04,2026-04,2026-W14,Saturday,309.91,61.98,17.07,265.0,12,10.3,11.8,0.93,1,25.73,22.08,SGD,False,,
drv_siti_sg_10,Siti Rahman,firefighter,M,2026-04-05,2026-04,2026-W14,Sunday,199.59,39.92,14.86,174.53,8,10.4,13.2,0.84,0,16.78,21.82,SGD,False,,
drv_siti_sg_10,Siti Rahman,firefighter,M,2026-04-06,2026-04,2026-W15,Monday,202.58,40.52,0.0,162.06,12,9.3,10.1,0.72,3,17.43,13.51,SGD,False,,
drv_siti_sg_10,Siti Rahman,firefighter,M,2026-04-07,2026-04,2026-W15,Tuesday,206.35,41.27,0.0,165.08,15,10.1,12.2,0.86,0,16.34,11.01,SGD,False,,
drv_siti_sg_10,Siti Rahman,firefighter,M,2026-04-08,2026-04,2026-W15,Wednesday,0,0,0,0,0,0,0,0,0,0,0,SGD,True,,rest_day
drv_siti_sg_10,Siti Rahman,firefighter,M,2026-04-09,2026-04,2026-W15,Thursday,215.12,43.02,0.0,172.1,16,10.9,13.1,0.92,2,15.79,10.76,SGD,False,,
drv_siti_sg_10,Siti Rahman,firefighter,M,2026-04-10,2026-04,2026-W15,Friday,203.63,40.73,11.93,174.83,21,10.8,14.6,0.74,0,16.19,8.33,SGD,False,,
drv_siti_sg_10,Siti Rahman,firefighter,M,2026-04-11,2026-04,2026-W15,Saturday,278.73,55.75,0.0,222.98,22,9.2,11.8,0.92,0,24.24,10.14,SGD,False,,
drv_siti_sg_10,Siti Rahman,firefighter,M,2026-04-12,2026-04,2026-W15,Sunday,106.56,21.31,0.0,85.25,18,7.1,7.8,0.94,3,12.01,4.74,SGD,False,,
drv_siti_sg_10,Siti Rahman,firefighter,M,2026-04-13,2026-04,2026-W16,Monday,144.18,28.84,0.0,115.34,13,8.0,10.2,0.73,3,14.42,8.87,SGD,False,,
drv_siti_sg_10,Siti Rahman,firefighter,M,2026-04-14,2026-04,2026-W16,Tuesday,224.65,44.93,0.0,179.72,22,8.9,10.7,0.85,3,20.19,8.17,SGD,False,,
drv_siti_sg_10,Siti Rahman,firefighter,M,2026-04-15,2026-04,2026-W16,Wednesday,0,0,0,0,0,0,0,0,0,0,0,SGD,True,,rest_day
drv_siti_sg_10,Siti Rahman,firefighter,M,2026-04-16,2026-04,2026-W16,Thursday,115.22,23.04,0.0,92.18,8,8.0,9.5,0.81,2,11.52,11.52,SGD,False,,
drv_siti_sg_10,Siti Rahman,firefighter,M,2026-04-17,2026-04,2026-W16,Friday,243.08,48.62,0.0,194.46,12,6.5,6.9,0.84,3,29.92,16.21,SGD,False,,
drv_siti_sg_10,Siti Rahman,firefighter,M,2026-04-18,2026-04,2026-W16,Saturday,151.26,30.25,0.0,121.01,24,7.2,7.8,0.92,3,16.81,5.04,SGD,False,,
drv_siti_sg_10,Siti Rahman,firefighter,M,2026-04-19,2026-04,2026-W16,Sunday,216.4,43.28,15.36,188.48,20,8.7,10.2,0.92,0,21.66,9.42,SGD,False,,
drv_siti_sg_10,Siti Rahman,firefighter,M,2026-04-20,2026-04,2026-W17,Monday,165.08,33.02,5.42,137.48,19,8.2,10.3,0.73,2,16.77,7.24,SGD,False,,
drv_siti_sg_10,Siti Rahman,firefighter,M,2026-04-21,2026-04,2026-W17,Tuesday,172.01,34.4,0.0,137.61,16,9.4,12.4,0.88,2,14.64,8.6,SGD,False,,
drv_siti_sg_10,Siti Rahman,firefighter,M,2026-04-22,2026-04,2026-W17,Wednesday,0,0,0,0,0,0,0,0,0,0,0,SGD,True,,rest_day
drv_siti_sg_10,Siti Rahman,firefighter,M,2026-04-23,2026-04,2026-W17,Thursday,108.17,21.63,0.0,86.54,11,9.6,12.7,0.83,2,9.01,7.87,SGD,False,,
drv_siti_sg_10,Siti Rahman,firefighter,M,2026-04-24,2026-04,2026-W17,Friday,242.46,48.49,20.53,214.5,16,6.3,6.9,0.94,1,34.05,13.41,SGD,False,,
drv_siti_sg_10,Siti Rahman,firefighter,M,2026-04-25,2026-04,2026-W17,Saturday,303.12,60.62,0.0,242.5,8,10.8,14.2,0.73,3,22.45,30.31,SGD,False,,
drv_siti_sg_10,Siti Rahman,firefighter,M,2026-04-26,2026-04,2026-W17,Sunday,206.28,41.26,0.0,165.02,15,6.8,7.8,0.93,0,24.27,11.0,SGD,False,,
drv_siti_sg_10,Siti Rahman,firefighter,M,2026-04-27,2026-04,2026-W18,Monday,150.28,30.06,0.0,120.22,18,9.1,11.1,0.81,0,13.21,6.68,SGD,False,,
drv_siti_sg_10,Siti Rahman,firefighter,M,2026-04-28,2026-04,2026-W18,Tuesday,155.92,31.18,0.0,124.74,21,6.7,8.9,0.74,1,18.62,5.94,SGD,False,,
drv_siti_sg_10,Siti Rahman,firefighter,M,2026-04-29,2026-04,2026-W18,Wednesday,0,0,0,0,0,0,0,0,0,0,0,SGD,True,,rest_day
drv_siti_sg_10,Siti Rahman,firefighter,M,2026-04-30,2026-04,2026-W18,Thursday,247.83,49.57,0.0,198.26,14,6.0,6.5,0.74,3,33.04,14.16,SGD,False,,
drv_siti_sg_10,Siti Rahman,firefighter,M,2026-05-01,2026-05,2026-W18,Friday,199.91,39.98,0.0,159.93,19,7.7,8.4,0.8,3,20.77,8.42,SGD,False,,
drv_siti_sg_10,Siti Rahman,firefighter,M,2026-05-02,2026-05,2026-W18,Saturday,126.58,25.32,0.0,101.26,20,9.2,11.6,0.9,0,11.01,5.06,SGD,False,,
drv_siti_sg_10,Siti Rahman,firefighter,M,2026-05-03,2026-05,2026-W18,Sunday,180.15,36.03,0.0,144.12,10,7.1,8.0,0.83,3,20.3,14.41,SGD,False,,
drv_siti_sg_10,Siti Rahman,firefighter,M,2026-05-04,2026-05,2026-W19,Monday,184.08,36.82,0.0,147.26,24,11.3,14.9,0.93,0,13.03,6.14,SGD,False,,
drv_siti_sg_10,Siti Rahman,firefighter,M,2026-05-05,2026-05,2026-W19,Tuesday,155.15,31.03,11.18,135.3,11,7.8,9.8,0.87,1,17.35,12.3,SGD,False,,
drv_siti_sg_10,Siti Rahman,firefighter,M,2026-05-06,2026-05,2026-W19,Wednesday,0,0,0,0,0,0,0,0,0,0,0,SGD,True,,rest_day
drv_siti_sg_10,Siti Rahman,firefighter,M,2026-05-07,2026-05,2026-W19,Thursday,181.1,36.22,0.0,144.88,24,11.1,12.0,0.84,0,13.05,6.04,SGD,False,,
drv_siti_sg_10,Siti Rahman,firefighter,M,2026-05-08,2026-05,2026-W19,Friday,236.58,47.32,0.0,189.26,10,9.6,10.2,0.9,0,19.71,18.93,SGD,False,,
drv_siti_sg_10,Siti Rahman,firefighter,M,2026-05-09,2026-05,2026-W19,Saturday,250.09,50.02,16.88,216.95,11,11.9,14.7,0.9,3,18.23,19.72,SGD,False,,
drv_siti_sg_10,Siti Rahman,firefighter,M,2026-05-10,2026-05,2026-W19,Sunday,214.17,42.83,15.41,186.75,19,8.5,11.4,0.84,0,21.97,9.83,SGD,False,,
drv_siti_sg_10,Siti Rahman,firefighter,M,2026-05-11,2026-05,2026-W20,Monday,192.4,38.48,0.0,153.92,9,8.0,9.4,0.85,1,19.24,17.1,SGD,False,,
drv_siti_sg_10,Siti Rahman,firefighter,M,2026-05-12,2026-05,2026-W20,Tuesday,224.21,44.84,0.0,179.37,19,9.8,10.8,0.76,2,18.3,9.44,SGD,False,,
drv_siti_sg_10,Siti Rahman,firefighter,M,2026-05-13,2026-05,2026-W20,Wednesday,0,0,0,0,0,0,0,0,0,0,0,SGD,True,,rest_day
drv_siti_sg_10,Siti Rahman,firefighter,M,2026-05-14,2026-05,2026-W20,Thursday,202.99,40.6,14.26,176.65,13,11.3,14.5,0.82,0,15.63,13.59,SGD,False,,
drv_siti_sg_10,Siti Rahman,firefighter,M,2026-05-15,2026-05,2026-W20,Friday,288.54,57.71,0.0,230.83,13,7.2,7.7,0.93,1,32.06,17.76,SGD,False,,
drv_mei_sg_11,Mei Lin Tan,firefighter,M,2024-11-16,2024-11,2024-W46,Saturday,0,0,0,0,0,0,0,0,0,0,0,SGD,True,,rest_day
drv_mei_sg_11,Mei Lin Tan,firefighter,M,2024-11-17,2024-11,2024-W46,Sunday,91.84,18.37,4.05,77.52,24,7.6,9.7,0.73,0,10.2,3.23,SGD,False,,
drv_mei_sg_11,Mei Lin Tan,firefighter,M,2024-11-18,2024-11,2024-W47,Monday,155.39,31.08,12.7,137.01,11,11.1,12.6,0.84,1,12.34,12.46,SGD,False,,
drv_mei_sg_11,Mei Lin Tan,firefighter,M,2024-11-19,2024-11,2024-W47,Tuesday,208.24,41.65,0.0,166.59,16,9.5,12.7,0.81,3,17.54,10.41,SGD,False,,
drv_mei_sg_11,Mei Lin Tan,firefighter,M,2024-11-20,2024-11,2024-W47,Wednesday,182.83,36.57,0.0,146.26,21,10.5,12.0,0.97,1,13.93,6.96,SGD,False,,
drv_mei_sg_11,Mei Lin Tan,firefighter,M,2024-11-21,2024-11,2024-W47,Thursday,93.52,18.7,0.0,74.82,12,11.6,13.6,0.96,0,6.45,6.23,SGD,False,,
drv_mei_sg_11,Mei Lin Tan,firefighter,M,2024-11-22,2024-11,2024-W47,Friday,243.97,48.79,0.0,195.18,12,9.2,10.3,0.72,3,21.22,16.27,SGD,False,,
drv_mei_sg_11,Mei Lin Tan,firefighter,M,2024-11-23,2024-11,2024-W47,Saturday,0,0,0,0,0,0,0,0,0,0,0,SGD,True,,rest_day
drv_mei_sg_11,Mei Lin Tan,firefighter,M,2024-11-24,2024-11,2024-W47,Sunday,207.96,41.59,0.0,166.37,12,9.2,10.5,0.87,3,18.08,13.86,SGD,False,,
drv_mei_sg_11,Mei Lin Tan,firefighter,M,2024-11-25,2024-11,2024-W48,Monday,160.47,32.09,11.92,140.3,16,10.6,14.2,0.88,1,13.24,8.77,SGD,False,,
drv_mei_sg_11,Mei Lin Tan,firefighter,M,2024-11-26,2024-11,2024-W48,Tuesday,162.38,32.48,0.0,129.9,9,8.8,11.7,0.79,1,14.76,14.43,SGD,False,,
drv_mei_sg_11,Mei Lin Tan,firefighter,M,2024-11-27,2024-11,2024-W48,Wednesday,213.15,42.63,0.0,170.52,24,9.0,10.8,0.97,3,18.95,7.11,SGD,False,,
drv_mei_sg_11,Mei Lin Tan,firefighter,M,2024-11-28,2024-11,2024-W48,Thursday,244.87,48.97,0.0,195.9,18,8.4,10.4,0.92,2,23.32,10.88,SGD,False,,
drv_mei_sg_11,Mei Lin Tan,firefighter,M,2024-11-29,2024-11,2024-W48,Friday,129.14,25.83,0.0,103.31,9,9.8,13.1,0.79,0,10.54,11.48,SGD,False,,
drv_mei_sg_11,Mei Lin Tan,firefighter,M,2024-11-30,2024-11,2024-W48,Saturday,0,0,0,0,0,0,0,0,0,0,0,SGD,True,,rest_day
drv_mei_sg_11,Mei Lin Tan,firefighter,M,2024-12-01,2024-12,2024-W48,Sunday,250.21,50.04,14.41,214.58,21,6.0,7.8,0.94,0,35.76,10.22,SGD,False,,
drv_mei_sg_11,Mei Lin Tan,firefighter,M,2024-12-02,2024-12,2024-W49,Monday,162.81,32.56,0.0,130.25,21,7.3,8.5,0.96,3,17.84,6.2,SGD,False,,
drv_mei_sg_11,Mei Lin Tan,firefighter,M,2024-12-03,2024-12,2024-W49,Tuesday,158.7,31.74,10.71,137.67,22,10.9,12.5,0.75,3,12.63,6.26,SGD,False,,
drv_mei_sg_11,Mei Lin Tan,firefighter,M,2024-12-04,2024-12,2024-W49,Wednesday,115.13,23.03,0.0,92.1,16,8.3,9.0,0.92,0,11.1,5.76,SGD,False,,
drv_mei_sg_11,Mei Lin Tan,firefighter,M,2024-12-05,2024-12,2024-W49,Thursday,233.58,46.72,0.0,186.86,11,9.6,12.1,0.93,0,19.46,16.99,SGD,False,,
drv_mei_sg_11,Mei Lin Tan,firefighter,M,2024-12-06,2024-12,2024-W49,Friday,140.8,28.16,0.0,112.64,18,10.5,12.0,0.85,3,10.73,6.26,SGD,False,,
drv_mei_sg_11,Mei Lin Tan,firefighter,M,2024-12-07,2024-12,2024-W49,Saturday,0,0,0,0,0,0,0,0,0,0,0,SGD,True,,rest_day
drv_mei_sg_11,Mei Lin Tan,firefighter,M,2024-12-08,2024-12,2024-W49,Sunday,212.67,42.53,18.6,188.74,16,6.0,7.4,0.91,2,31.46,11.8,SGD,False,,
drv_mei_sg_11,Mei Lin Tan,firefighter,M,2024-12-09,2024-12,2024-W50,Monday,0,0,0,0,0,0,0,0,0,0,0,SGD,False,,vehicle_breakdown
drv_mei_sg_11,Mei Lin Tan,firefighter,M,2024-12-10,2024-12,2024-W50,Tuesday,0,0,0,0,0,0,0,0,0,0,0,SGD,False,,vehicle_breakdown
drv_mei_sg_11,Mei Lin Tan,firefighter,M,2024-12-11,2024-12,2024-W50,Wednesday,0,0,0,0,0,0,0,0,0,0,0,SGD,False,,vehicle_breakdown
drv_mei_sg_11,Mei Lin Tan,firefighter,M,2024-12-12,2024-12,2024-W50,Thursday,0,0,0,0,0,0,0,0,0,0,0,SGD,False,,vehicle_breakdown
drv_mei_sg_11,Mei Lin Tan,firefighter,M,2024-12-13,2024-12,2024-W50,Friday,0,0,0,0,0,0,0,0,0,0,0,SGD,False,,vehicle_breakdown
drv_mei_sg_11,Mei Lin Tan,firefighter,M,2024-12-14,2024-12,2024-W50,Saturday,0,0,0,0,0,0,0,0,0,0,0,SGD,True,,rest_day
drv_mei_sg_11,Mei Lin Tan,firefighter,M,2024-12-15,2024-12,2024-W50,Sunday,248.37,49.67,18.06,216.76,23,7.7,9.7,0.77,1,28.15,9.42,SGD,False,,
drv_mei_sg_11,Mei Lin Tan,firefighter,M,2024-12-16,2024-12,2024-W51,Monday,189.74,37.95,0.0,151.79,19,8.9,11.4,0.74,1,17.06,7.99,SGD,False,,
drv_mei_sg_11,Mei Lin Tan,firefighter,M,2024-12-17,2024-12,2024-W51,Tuesday,169.27,33.85,0.0,135.42,12,8.7,10.9,0.96,1,15.57,11.28,SGD,False,,
drv_mei_sg_11,Mei Lin Tan,firefighter,M,2024-12-18,2024-12,2024-W51,Wednesday,171.35,34.27,0.0,137.08,22,9.9,12.7,0.73,0,13.85,6.23,SGD,False,,
drv_mei_sg_11,Mei Lin Tan,firefighter,M,2024-12-19,2024-12,2024-W51,Thursday,196.52,39.3,0.0,157.22,8,10.3,13.5,0.88,0,15.26,19.65,SGD,False,,
drv_mei_sg_11,Mei Lin Tan,firefighter,M,2024-12-20,2024-12,2024-W51,Friday,248.12,49.62,0.0,198.5,12,11.2,12.2,0.9,1,17.72,16.54,SGD,False,,
drv_mei_sg_11,Mei Lin Tan,firefighter,M,2024-12-21,2024-12,2024-W51,Saturday,0,0,0,0,0,0,0,0,0,0,0,SGD,True,,rest_day
drv_mei_sg_11,Mei Lin Tan,firefighter,M,2024-12-22,2024-12,2024-W51,Sunday,248.53,49.71,0.0,198.82,10,9.3,11.4,0.93,2,21.38,19.88,SGD,False,Year-End Peak,
drv_mei_sg_11,Mei Lin Tan,firefighter,M,2024-12-23,2024-12,2024-W52,Monday,132.13,26.43,0.0,105.7,9,7.1,9.5,0.95,0,14.89,11.74,SGD,False,Year-End Peak,
drv_mei_sg_11,Mei Lin Tan,firefighter,M,2024-12-24,2024-12,2024-W52,Tuesday,247.6,49.52,0.0,198.08,23,8.3,9.9,0.73,1,23.87,8.61,SGD,False,Year-End Peak,
drv_mei_sg_11,Mei Lin Tan,firefighter,M,2024-12-25,2024-12,2024-W52,Wednesday,205.35,41.07,15.48,179.76,12,9.1,11.2,0.96,3,19.75,14.98,SGD,False,Year-End Peak,
drv_mei_sg_11,Mei Lin Tan,firefighter,M,2024-12-26,2024-12,2024-W52,Thursday,270.5,54.1,0.0,216.4,12,6.4,8.3,0.9,3,33.81,18.03,SGD,False,Year-End Peak,
drv_mei_sg_11,Mei Lin Tan,firefighter,M,2024-12-27,2024-12,2024-W52,Friday,341.98,68.4,0.0,273.58,18,9.0,10.1,0.96,3,30.4,15.2,SGD,False,Year-End Peak,
drv_mei_sg_11,Mei Lin Tan,firefighter,M,2024-12-28,2024-12,2024-W52,Saturday,0,0,0,0,0,0,0,0,0,0,0,SGD,True,Year-End Peak,rest_day
drv_mei_sg_11,Mei Lin Tan,firefighter,M,2024-12-29,2024-12,2024-W52,Sunday,318.38,63.68,0.0,254.7,19,9.0,10.2,0.81,0,28.3,13.41,SGD,False,Year-End Peak,
drv_mei_sg_11,Mei Lin Tan,firefighter,M,2024-12-30,2024-12,2025-W01,Monday,195.06,39.01,0.0,156.05,17,11.2,15.1,0.89,2,13.93,9.18,SGD,False,Year-End Peak,
drv_mei_sg_11,Mei Lin Tan,firefighter,M,2024-12-31,2024-12,2025-W01,Tuesday,250.59,50.12,0.0,200.47,16,9.5,10.4,0.81,0,21.1,12.53,SGD,False,Year-End Peak,
drv_mei_sg_11,Mei Lin Tan,firefighter,M,2025-01-01,2025-01,2025-W01,Wednesday,236.22,47.24,0.0,188.98,15,6.1,8.0,0.91,1,30.98,12.6,SGD,False,Year-End Peak,
drv_mei_sg_11,Mei Lin Tan,firefighter,M,2025-01-02,2025-01,2025-W01,Thursday,233.97,46.79,18.65,205.83,20,10.7,13.7,0.93,1,19.24,10.29,SGD,False,Year-End Peak,
drv_mei_sg_11,Mei Lin Tan,firefighter,M,2025-01-03,2025-01,2025-W01,Friday,233.82,46.76,0.0,187.06,22,7.6,9.8,0.96,3,24.61,8.5,SGD,False,,
drv_mei_sg_11,Mei Lin Tan,firefighter,M,2025-01-04,2025-01,2025-W01,Saturday,0,0,0,0,0,0,0,0,0,0,0,SGD,True,,rest_day
drv_mei_sg_11,Mei Lin Tan,firefighter,M,2025-01-05,2025-01,2025-W01,Sunday,108.77,21.75,0.0,87.02,20,9.5,10.4,0.87,0,9.16,4.35,SGD,False,,
drv_mei_sg_11,Mei Lin Tan,firefighter,M,2025-01-06,2025-01,2025-W02,Monday,171.72,34.34,0.0,137.38,9,11.9,15.7,0.91,1,11.54,15.26,SGD,False,,
drv_mei_sg_11,Mei Lin Tan,firefighter,M,2025-01-07,2025-01,2025-W02,Tuesday,189.32,37.86,0.0,151.46,24,11.9,15.0,0.88,3,12.73,6.31,SGD,False,,
drv_mei_sg_11,Mei Lin Tan,firefighter,M,2025-01-08,2025-01,2025-W02,Wednesday,123.89,24.78,0.0,99.11,13,7.8,9.9,0.79,2,12.71,7.62,SGD,False,,
drv_mei_sg_11,Mei Lin Tan,firefighter,M,2025-01-09,2025-01,2025-W02,Thursday,228.9,45.78,0.0,183.12,13,10.5,14.1,0.77,2,17.44,14.09,SGD,False,,
drv_mei_sg_11,Mei Lin Tan,firefighter,M,2025-01-10,2025-01,2025-W02,Friday,260.86,52.17,0.0,208.69,23,8.8,11.3,0.74,0,23.71,9.07,SGD,False,,
drv_mei_sg_11,Mei Lin Tan,firefighter,M,2025-01-11,2025-01,2025-W02,Saturday,0,0,0,0,0,0,0,0,0,0,0,SGD,True,,rest_day
drv_mei_sg_11,Mei Lin Tan,firefighter,M,2025-01-12,2025-01,2025-W02,Sunday,258.79,51.76,0.0,207.03,8,11.3,12.5,0.74,3,18.32,25.88,SGD,False,,
drv_mei_sg_11,Mei Lin Tan,firefighter,M,2025-01-13,2025-01,2025-W03,Monday,195.99,39.2,0.0,156.79,18,7.4,9.1,0.96,3,21.19,8.71,SGD,False,,
drv_mei_sg_11,Mei Lin Tan,firefighter,M,2025-01-14,2025-01,2025-W03,Tuesday,177.95,35.59,0.0,142.36,14,11.6,12.4,0.72,1,12.27,10.17,SGD,False,,
drv_mei_sg_11,Mei Lin Tan,firefighter,M,2025-01-15,2025-01,2025-W03,Wednesday,214.75,42.95,0.0,171.8,12,7.3,8.2,0.92,0,23.53,14.32,SGD,False,,
drv_mei_sg_11,Mei Lin Tan,firefighter,M,2025-01-16,2025-01,2025-W03,Thursday,183.51,36.7,0.0,146.81,22,11.2,15.1,0.94,2,13.11,6.67,SGD,False,,
drv_mei_sg_11,Mei Lin Tan,firefighter,M,2025-01-17,2025-01,2025-W03,Friday,108.93,21.79,0.0,87.14,23,11.2,12.5,0.78,2,7.78,3.79,SGD,False,,
drv_mei_sg_11,Mei Lin Tan,firefighter,M,2025-01-18,2025-01,2025-W03,Saturday,0,0,0,0,0,0,0,0,0,0,0,SGD,True,,rest_day
drv_mei_sg_11,Mei Lin Tan,firefighter,M,2025-01-19,2025-01,2025-W03,Sunday,228.36,45.67,18.69,201.38,13,6.6,7.4,0.93,1,30.51,15.49,SGD,False,,
drv_mei_sg_11,Mei Lin Tan,firefighter,M,2025-01-20,2025-01,2025-W04,Monday,157.32,31.46,0.0,125.86,17,8.0,9.9,0.82,0,15.73,7.4,SGD,False,,
drv_mei_sg_11,Mei Lin Tan,firefighter,M,2025-01-21,2025-01,2025-W04,Tuesday,118.58,23.72,8.0,102.86,24,7.9,10.3,0.79,1,13.02,4.29,SGD,False,,
drv_mei_sg_11,Mei Lin Tan,firefighter,M,2025-01-22,2025-01,2025-W04,Wednesday,226.09,45.22,0.0,180.87,10,11.9,15.8,0.82,0,15.2,18.09,SGD,False,,
drv_mei_sg_11,Mei Lin Tan,firefighter,M,2025-01-23,2025-01,2025-W04,Thursday,116.71,23.34,4.4,97.77,23,11.5,15.2,0.79,2,8.5,4.25,SGD,False,,
drv_mei_sg_11,Mei Lin Tan,firefighter,M,2025-01-24,2025-01,2025-W04,Friday,233.76,46.75,0.0,187.01,20,7.8,8.8,0.91,0,23.98,9.35,SGD,False,,
drv_mei_sg_11,Mei Lin Tan,firefighter,M,2025-01-25,2025-01,2025-W04,Saturday,0,0,0,0,0,0,0,0,0,0,0,SGD,True,,rest_day
drv_mei_sg_11,Mei Lin Tan,firefighter,M,2025-01-26,2025-01,2025-W04,Sunday,151.53,30.31,0.0,121.22,16,7.9,8.6,0.86,0,15.34,7.58,SGD,False,,
drv_mei_sg_11,Mei Lin Tan,firefighter,M,2025-01-27,2025-01,2025-W05,Monday,202.21,40.44,13.1,174.87,9,11.4,14.0,0.79,3,15.34,19.43,SGD,False,,
drv_mei_sg_11,Mei Lin Tan,firefighter,M,2025-01-28,2025-01,2025-W05,Tuesday,113.1,22.62,5.31,95.79,18,9.1,12.1,0.73,3,10.53,5.32,SGD,False,Lunar New Year,
drv_mei_sg_11,Mei Lin Tan,firefighter,M,2025-01-29,2025-01,2025-W05,Wednesday,132.91,26.58,11.56,117.89,23,9.4,10.0,0.75,1,12.54,5.13,SGD,False,Lunar New Year,
drv_mei_sg_11,Mei Lin Tan,firefighter,M,2025-01-30,2025-01,2025-W05,Thursday,167.6,33.52,6.41,140.49,15,8.3,10.0,0.83,1,16.93,9.37,SGD,False,Lunar New Year,
drv_mei_sg_11,Mei Lin Tan,firefighter,M,2025-01-31,2025-01,2025-W05,Friday,203.55,40.71,0.0,162.84,19,8.0,9.4,0.89,3,20.36,8.57,SGD,False,Lunar New Year,
drv_mei_sg_11,Mei Lin Tan,firefighter,M,2025-02-01,2025-02,2025-W05,Saturday,0,0,0,0,0,0,0,0,0,0,0,SGD,True,Lunar New Year,rest_day
drv_mei_sg_11,Mei Lin Tan,firefighter,M,2025-02-02,2025-02,2025-W05,Sunday,185.57,37.11,0.0,148.46,19,7.3,9.0,0.78,1,20.34,7.81,SGD,False,,
drv_mei_sg_11,Mei Lin Tan,firefighter,M,2025-02-03,2025-02,2025-W06,Monday,195.15,39.03,0.0,156.12,12,6.8,7.8,0.87,1,22.96,13.01,SGD,False,,
drv_mei_sg_11,Mei Lin Tan,firefighter,M,2025-02-04,2025-02,2025-W06,Tuesday,180.17,36.03,14.75,158.89,23,8.2,10.5,0.94,0,19.38,6.91,SGD,False,,
drv_mei_sg_11,Mei Lin Tan,firefighter,M,2025-02-05,2025-02,2025-W06,Wednesday,171.52,34.3,7.16,144.38,14,7.7,10.2,0.82,0,18.75,10.31,SGD,False,,
drv_mei_sg_11,Mei Lin Tan,firefighter,M,2025-02-06,2025-02,2025-W06,Thursday,192.44,38.49,13.76,167.71,13,6.2,7.6,0.72,0,27.05,12.9,SGD,False,,
drv_mei_sg_11,Mei Lin Tan,firefighter,M,2025-02-07,2025-02,2025-W06,Friday,211.71,42.34,0.0,169.37,11,12.0,12.7,0.93,3,14.11,15.4,SGD,False,,
drv_mei_sg_11,Mei Lin Tan,firefighter,M,2025-02-08,2025-02,2025-W06,Saturday,0,0,0,0,0,0,0,0,0,0,0,SGD,True,,rest_day
drv_mei_sg_11,Mei Lin Tan,firefighter,M,2025-02-09,2025-02,2025-W06,Sunday,239.4,47.88,0.0,191.52,9,6.8,7.6,0.94,3,28.16,21.28,SGD,False,,
drv_mei_sg_11,Mei Lin Tan,firefighter,M,2025-02-10,2025-02,2025-W07,Monday,183.6,36.72,9.47,156.35,21,9.5,12.0,0.91,0,16.46,7.45,SGD,False,,
drv_mei_sg_11,Mei Lin Tan,firefighter,M,2025-02-11,2025-02,2025-W07,Tuesday,224.53,44.91,0.0,179.62,8,6.2,8.4,0.85,3,28.97,22.45,SGD,False,,
drv_mei_sg_11,Mei Lin Tan,firefighter,M,2025-02-12,2025-02,2025-W07,Wednesday,177.92,35.58,0.0,142.34,24,11.6,14.2,0.95,1,12.27,5.93,SGD,False,,
drv_mei_sg_11,Mei Lin Tan,firefighter,M,2025-02-13,2025-02,2025-W07,Thursday,202.18,40.44,8.54,170.28,10,6.4,7.5,0.83,1,26.61,17.03,SGD,False,,
drv_mei_sg_11,Mei Lin Tan,firefighter,M,2025-02-14,2025-02,2025-W07,Friday,227.7,45.54,0.0,182.16,10,7.6,9.0,0.91,2,23.97,18.22,SGD,False,,
drv_mei_sg_11,Mei Lin Tan,firefighter,M,2025-02-15,2025-02,2025-W07,Saturday,0,0,0,0,0,0,0,0,0,0,0,SGD,True,,rest_day
drv_mei_sg_11,Mei Lin Tan,firefighter,M,2025-02-16,2025-02,2025-W07,Sunday,263.18,52.64,0.0,210.54,18,9.2,10.4,0.92,3,22.88,11.7,SGD,False,,
drv_mei_sg_11,Mei Lin Tan,firefighter,M,2025-02-17,2025-02,2025-W08,Monday,163.78,32.76,0.0,131.02,22,8.2,8.8,0.81,0,15.98,5.96,SGD,False,,
drv_mei_sg_11,Mei Lin Tan,firefighter,M,2025-02-18,2025-02,2025-W08,Tuesday,164.79,32.96,0.0,131.83,10,6.1,8.0,0.94,3,21.61,13.18,SGD,False,,
drv_mei_sg_11,Mei Lin Tan,firefighter,M,2025-02-19,2025-02,2025-W08,Wednesday,204.49,40.9,7.92,171.51,16,8.7,10.1,0.96,1,19.71,10.72,SGD,False,,
drv_mei_sg_11,Mei Lin Tan,firefighter,M,2025-02-20,2025-02,2025-W08,Thursday,236.49,47.3,0.0,189.19,9,11.5,14.0,0.94,1,16.45,21.02,SGD,False,,
drv_mei_sg_11,Mei Lin Tan,firefighter,M,2025-02-21,2025-02,2025-W08,Friday,262.85,52.57,0.0,210.28,18,7.3,8.2,0.82,3,28.81,11.68,SGD,False,,
drv_mei_sg_11,Mei Lin Tan,firefighter,M,2025-02-22,2025-02,2025-W08,Saturday,0,0,0,0,0,0,0,0,0,0,0,SGD,True,,rest_day
drv_mei_sg_11,Mei Lin Tan,firefighter,M,2025-02-23,2025-02,2025-W08,Sunday,182.31,36.46,0.0,145.85,24,6.2,7.3,0.88,3,23.52,6.08,SGD,False,,
drv_mei_sg_11,Mei Lin Tan,firefighter,M,2025-02-24,2025-02,2025-W09,Monday,0,0,0,0,0,0,0,0,0,0,0,SGD,False,,vehicle_breakdown
drv_mei_sg_11,Mei Lin Tan,firefighter,M,2025-02-25,2025-02,2025-W09,Tuesday,0,0,0,0,0,0,0,0,0,0,0,SGD,False,,vehicle_breakdown
drv_mei_sg_11,Mei Lin Tan,firefighter,M,2025-02-26,2025-02,2025-W09,Wednesday,0,0,0,0,0,0,0,0,0,0,0,SGD,False,,vehicle_breakdown
drv_mei_sg_11,Mei Lin Tan,firefighter,M,2025-02-27,2025-02,2025-W09,Thursday,0,0,0,0,0,0,0,0,0,0,0,SGD,False,,vehicle_breakdown
drv_mei_sg_11,Mei Lin Tan,firefighter,M,2025-02-28,2025-02,2025-W09,Friday,0,0,0,0,0,0,0,0,0,0,0,SGD,False,,vehicle_breakdown
drv_mei_sg_11,Mei Lin Tan,firefighter,M,2025-03-01,2025-03,2025-W09,Saturday,0,0,0,0,0,0,0,0,0,0,0,SGD,True,,rest_day
drv_mei_sg_11,Mei Lin Tan,firefighter,M,2025-03-02,2025-03,2025-W09,Sunday,0,0,0,0,0,0,0,0,0,0,0,SGD,False,,vehicle_breakdown
drv_mei_sg_11,Mei Lin Tan,firefighter,M,2025-03-03,2025-03,2025-W10,Monday,0,0,0,0,0,0,0,0,0,0,0,SGD,False,,vehicle_breakdown
drv_mei_sg_11,Mei Lin Tan,firefighter,M,2025-03-04,2025-03,2025-W10,Tuesday,0,0,0,0,0,0,0,0,0,0,0,SGD,False,,vehicle_breakdown
drv_mei_sg_11,Mei Lin Tan,firefighter,M,2025-03-05,2025-03,2025-W10,Wednesday,195.4,39.08,0.0,156.32,24,7.2,8.4,0.88,2,21.71,6.51,SGD,False,,
drv_mei_sg_11,Mei Lin Tan,firefighter,M,2025-03-06,2025-03,2025-W10,Thursday,236.15,47.23,15.93,204.85,19,6.8,8.9,0.82,1,30.12,10.78,SGD,False,,
drv_mei_sg_11,Mei Lin Tan,firefighter,M,2025-03-07,2025-03,2025-W10,Friday,278.43,55.69,0.0,222.74,19,7.2,8.3,0.88,1,30.94,11.72,SGD,False,,
drv_mei_sg_11,Mei Lin Tan,firefighter,M,2025-03-08,2025-03,2025-W10,Saturday,0,0,0,0,0,0,0,0,0,0,0,SGD,True,,rest_day
drv_mei_sg_11,Mei Lin Tan,firefighter,M,2025-03-09,2025-03,2025-W10,Sunday,242.1,48.42,0.0,193.68,16,10.7,13.1,0.74,2,18.1,12.11,SGD,False,,
drv_mei_sg_11,Mei Lin Tan,firefighter,M,2025-03-10,2025-03,2025-W11,Monday,202.0,40.4,0.0,161.6,20,8.0,9.3,0.75,3,20.2,8.08,SGD,False,,
drv_mei_sg_11,Mei Lin Tan,firefighter,M,2025-03-11,2025-03,2025-W11,Tuesday,161.95,32.39,0.0,129.56,15,7.7,9.4,0.95,0,16.83,8.64,SGD,False,,
drv_mei_sg_11,Mei Lin Tan,firefighter,M,2025-03-12,2025-03,2025-W11,Wednesday,216.98,43.4,0.0,173.58,15,8.0,10.0,0.96,2,21.7,11.57,SGD,False,,
drv_mei_sg_11,Mei Lin Tan,firefighter,M,2025-03-13,2025-03,2025-W11,Thursday,110.09,22.02,0.0,88.07,24,7.7,9.9,0.91,1,11.44,3.67,SGD,False,,
drv_mei_sg_11,Mei Lin Tan,firefighter,M,2025-03-14,2025-03,2025-W11,Friday,288.22,57.64,0.0,230.58,19,11.4,13.6,0.9,1,20.23,12.14,SGD,False,,
drv_mei_sg_11,Mei Lin Tan,firefighter,M,2025-03-15,2025-03,2025-W11,Saturday,0,0,0,0,0,0,0,0,0,0,0,SGD,True,,rest_day
drv_mei_sg_11,Mei Lin Tan,firefighter,M,2025-03-16,2025-03,2025-W11,Sunday,232.01,46.4,18.27,203.88,16,7.2,8.7,0.77,0,28.32,12.74,SGD,False,,
drv_mei_sg_11,Mei Lin Tan,firefighter,M,2025-03-17,2025-03,2025-W12,Monday,177.79,35.56,10.71,152.94,22,7.5,9.6,0.86,3,20.39,6.95,SGD,False,,
drv_mei_sg_11,Mei Lin Tan,firefighter,M,2025-03-18,2025-03,2025-W12,Tuesday,197.39,39.48,0.0,157.91,18,9.4,11.1,0.81,2,16.8,8.77,SGD,False,,
drv_mei_sg_11,Mei Lin Tan,firefighter,M,2025-03-19,2025-03,2025-W12,Wednesday,224.46,44.89,14.68,194.25,16,6.1,8.1,0.82,2,31.84,12.14,SGD,False,,
drv_mei_sg_11,Mei Lin Tan,firefighter,M,2025-03-20,2025-03,2025-W12,Thursday,238.35,47.67,0.0,190.68,9,8.3,9.9,0.73,3,22.97,21.19,SGD,False,,
drv_mei_sg_11,Mei Lin Tan,firefighter,M,2025-03-21,2025-03,2025-W12,Friday,284.01,56.8,18.49,245.7,11,8.4,9.5,0.73,1,29.25,22.34,SGD,False,,
drv_mei_sg_11,Mei Lin Tan,firefighter,M,2025-03-22,2025-03,2025-W12,Saturday,0,0,0,0,0,0,0,0,0,0,0,SGD,True,,rest_day
drv_mei_sg_11,Mei Lin Tan,firefighter,M,2025-03-23,2025-03,2025-W12,Sunday,189.87,37.97,9.99,161.89,13,10.6,14.1,0.96,2,15.27,12.45,SGD,False,,
drv_mei_sg_11,Mei Lin Tan,firefighter,M,2025-03-24,2025-03,2025-W13,Monday,192.26,38.45,0.0,153.81,8,7.8,10.4,0.84,3,19.72,19.23,SGD,False,,
drv_mei_sg_11,Mei Lin Tan,firefighter,M,2025-03-25,2025-03,2025-W13,Tuesday,201.65,40.33,0.0,161.32,23,7.2,8.1,0.76,2,22.41,7.01,SGD,False,,
drv_mei_sg_11,Mei Lin Tan,firefighter,M,2025-03-26,2025-03,2025-W13,Wednesday,165.57,33.11,6.1,138.56,18,10.0,12.0,0.91,2,13.86,7.7,SGD,False,,
drv_mei_sg_11,Mei Lin Tan,firefighter,M,2025-03-27,2025-03,2025-W13,Thursday,117.71,23.54,0.0,94.17,20,8.5,9.7,0.77,0,11.08,4.71,SGD,False,,
drv_mei_sg_11,Mei Lin Tan,firefighter,M,2025-03-28,2025-03,2025-W13,Friday,248.22,49.64,0.0,198.58,13,7.5,8.3,0.92,3,26.48,15.28,SGD,False,,
drv_mei_sg_11,Mei Lin Tan,firefighter,M,2025-03-29,2025-03,2025-W13,Saturday,0,0,0,0,0,0,0,0,0,0,0,SGD,True,,rest_day
drv_mei_sg_11,Mei Lin Tan,firefighter,M,2025-03-30,2025-03,2025-W13,Sunday,178.7,35.74,0.0,142.96,14,11.5,14.8,0.78,0,12.43,10.21,SGD,False,,
drv_mei_sg_11,Mei Lin Tan,firefighter,M,2025-03-31,2025-03,2025-W14,Monday,184.11,36.82,12.57,159.86,8,7.9,9.5,0.93,0,20.24,19.98,SGD,False,,
drv_mei_sg_11,Mei Lin Tan,firefighter,M,2025-04-01,2025-04,2025-W14,Tuesday,225.32,45.06,0.0,180.26,8,8.2,9.5,0.82,0,21.98,22.53,SGD,False,,
drv_mei_sg_11,Mei Lin Tan,firefighter,M,2025-04-02,2025-04,2025-W14,Wednesday,214.79,42.96,0.0,171.83,20,10.7,11.9,0.82,2,16.06,8.59,SGD,False,,
drv_mei_sg_11,Mei Lin Tan,firefighter,M,2025-04-03,2025-04,2025-W14,Thursday,113.59,22.72,5.16,96.03,9,8.9,10.3,0.73,1,10.79,10.67,SGD,False,,
drv_mei_sg_11,Mei Lin Tan,firefighter,M,2025-04-04,2025-04,2025-W14,Friday,273.29,54.66,0.0,218.63,15,7.6,9.5,0.82,3,28.77,14.58,SGD,False,,
drv_mei_sg_11,Mei Lin Tan,firefighter,M,2025-04-05,2025-04,2025-W14,Saturday,0,0,0,0,0,0,0,0,0,0,0,SGD,True,,rest_day
drv_mei_sg_11,Mei Lin Tan,firefighter,M,2025-04-06,2025-04,2025-W14,Sunday,221.31,44.26,0.0,177.05,12,6.4,7.4,0.85,1,27.66,14.75,SGD,False,,
drv_mei_sg_11,Mei Lin Tan,firefighter,M,2025-04-07,2025-04,2025-W15,Monday,150.79,30.16,7.96,128.59,12,10.4,12.6,0.77,3,12.36,10.72,SGD,False,,
drv_mei_sg_11,Mei Lin Tan,firefighter,M,2025-04-08,2025-04,2025-W15,Tuesday,211.93,42.39,0.0,169.54,20,6.9,9.3,0.76,2,24.57,8.48,SGD,False,,
drv_mei_sg_11,Mei Lin Tan,firefighter,M,2025-04-09,2025-04,2025-W15,Wednesday,201.3,40.26,0.0,161.04,13,11.3,13.0,0.73,1,14.25,12.39,SGD,False,,
drv_mei_sg_11,Mei Lin Tan,firefighter,M,2025-04-10,2025-04,2025-W15,Thursday,186.08,37.22,12.59,161.45,23,10.8,13.0,0.77,3,14.95,7.02,SGD,False,,
drv_mei_sg_11,Mei Lin Tan,firefighter,M,2025-04-11,2025-04,2025-W15,Friday,208.07,41.61,0.0,166.46,17,10.4,11.7,0.78,3,16.01,9.79,SGD,False,,
drv_mei_sg_11,Mei Lin Tan,firefighter,M,2025-04-12,2025-04,2025-W15,Saturday,0,0,0,0,0,0,0,0,0,0,0,SGD,True,,rest_day
drv_mei_sg_11,Mei Lin Tan,firefighter,M,2025-04-13,2025-04,2025-W15,Sunday,205.62,41.12,0.0,164.5,8,9.2,11.7,0.83,3,17.88,20.56,SGD,False,,
drv_mei_sg_11,Mei Lin Tan,firefighter,M,2025-04-14,2025-04,2025-W16,Monday,163.92,32.78,6.12,137.26,14,9.8,11.3,0.77,1,14.01,9.8,SGD,False,,
drv_mei_sg_11,Mei Lin Tan,firefighter,M,2025-04-15,2025-04,2025-W16,Tuesday,199.5,39.9,11.94,171.54,9,10.1,12.8,0.83,1,16.98,19.06,SGD,False,,
drv_mei_sg_11,Mei Lin Tan,firefighter,M,2025-04-16,2025-04,2025-W16,Wednesday,185.7,37.14,8.16,156.72,8,7.0,8.2,0.76,3,22.39,19.59,SGD,False,,
drv_mei_sg_11,Mei Lin Tan,firefighter,M,2025-04-17,2025-04,2025-W16,Thursday,114.78,22.96,0.0,91.82,9,7.6,9.5,0.79,3,12.08,10.2,SGD,False,,
drv_mei_sg_11,Mei Lin Tan,firefighter,M,2025-04-18,2025-04,2025-W16,Friday,235.26,47.05,18.23,206.44,20,9.1,11.3,0.85,0,22.69,10.32,SGD,False,,
drv_mei_sg_11,Mei Lin Tan,firefighter,M,2025-04-19,2025-04,2025-W16,Saturday,0,0,0,0,0,0,0,0,0,0,0,SGD,True,,rest_day
drv_mei_sg_11,Mei Lin Tan,firefighter,M,2025-04-20,2025-04,2025-W16,Sunday,221.28,44.26,0.0,177.02,17,9.2,11.9,0.77,0,19.24,10.41,SGD,False,,
drv_mei_sg_11,Mei Lin Tan,firefighter,M,2025-04-21,2025-04,2025-W17,Monday,141.13,28.23,0.0,112.9,24,9.8,12.8,0.92,2,11.52,4.7,SGD,False,,
drv_mei_sg_11,Mei Lin Tan,firefighter,M,2025-04-22,2025-04,2025-W17,Tuesday,226.13,45.23,0.0,180.9,17,6.6,7.9,0.92,0,27.41,10.64,SGD,False,,
drv_mei_sg_11,Mei Lin Tan,firefighter,M,2025-04-23,2025-04,2025-W17,Wednesday,188.44,37.69,10.67,161.42,21,9.1,12.1,0.76,0,17.74,7.69,SGD,False,,
drv_mei_sg_11,Mei Lin Tan,firefighter,M,2025-04-24,2025-04,2025-W17,Thursday,200.18,40.04,0.0,160.14,9,9.7,10.5,0.77,0,16.51,17.79,SGD,False,,
drv_mei_sg_11,Mei Lin Tan,firefighter,M,2025-04-25,2025-04,2025-W17,Friday,223.45,44.69,18.34,197.1,12,6.2,7.3,0.83,2,31.79,16.43,SGD,False,,
drv_mei_sg_11,Mei Lin Tan,firefighter,M,2025-04-26,2025-04,2025-W17,Saturday,0,0,0,0,0,0,0,0,0,0,0,SGD,True,,rest_day
drv_mei_sg_11,Mei Lin Tan,firefighter,M,2025-04-27,2025-04,2025-W17,Sunday,216.82,43.36,0.0,173.46,13,7.3,9.7,0.94,3,23.76,13.34,SGD,False,,
drv_mei_sg_11,Mei Lin Tan,firefighter,M,2025-04-28,2025-04,2025-W18,Monday,165.9,33.18,0.0,132.72,17,10.2,12.8,0.86,3,13.01,7.81,SGD,False,,
drv_mei_sg_11,Mei Lin Tan,firefighter,M,2025-04-29,2025-04,2025-W18,Tuesday,196.37,39.27,0.0,157.1,19,10.0,12.9,0.81,2,15.71,8.27,SGD,False,,
drv_mei_sg_11,Mei Lin Tan,firefighter,M,2025-04-30,2025-04,2025-W18,Wednesday,237.05,47.41,0.0,189.64,15,7.6,9.2,0.94,1,24.95,12.64,SGD,False,,
drv_mei_sg_11,Mei Lin Tan,firefighter,M,2025-05-01,2025-05,2025-W18,Thursday,208.28,41.66,0.0,166.62,20,11.1,13.4,0.86,0,15.01,8.33,SGD,False,,
drv_mei_sg_11,Mei Lin Tan,firefighter,M,2025-05-02,2025-05,2025-W18,Friday,215.84,43.17,0.0,172.67,16,10.7,14.0,0.94,3,16.14,10.79,SGD,False,,
drv_mei_sg_11,Mei Lin Tan,firefighter,M,2025-05-03,2025-05,2025-W18,Saturday,0,0,0,0,0,0,0,0,0,0,0,SGD,True,,rest_day
drv_mei_sg_11,Mei Lin Tan,firefighter,M,2025-05-04,2025-05,2025-W18,Sunday,256.28,51.26,0.0,205.02,14,8.1,8.7,0.74,0,25.31,14.64,SGD,False,,
drv_mei_sg_11,Mei Lin Tan,firefighter,M,2025-05-05,2025-05,2025-W19,Monday,204.59,40.92,0.0,163.67,15,10.0,12.4,0.76,1,16.37,10.91,SGD,False,,
drv_mei_sg_11,Mei Lin Tan,firefighter,M,2025-05-06,2025-05,2025-W19,Tuesday,177.48,35.5,0.0,141.98,9,12.0,13.8,0.81,3,11.83,15.78,SGD,False,,
drv_mei_sg_11,Mei Lin Tan,firefighter,M,2025-05-07,2025-05,2025-W19,Wednesday,175.23,35.05,0.0,140.18,19,11.4,14.4,0.82,1,12.3,7.38,SGD,False,,
drv_mei_sg_11,Mei Lin Tan,firefighter,M,2025-05-08,2025-05,2025-W19,Thursday,108.42,21.68,0.0,86.74,12,6.4,7.8,0.96,1,13.55,7.23,SGD,False,,
drv_mei_sg_11,Mei Lin Tan,firefighter,M,2025-05-09,2025-05,2025-W19,Friday,146.45,29.29,0.0,117.16,18,11.7,13.4,0.74,1,10.01,6.51,SGD,False,,
drv_mei_sg_11,Mei Lin Tan,firefighter,M,2025-05-10,2025-05,2025-W19,Saturday,0,0,0,0,0,0,0,0,0,0,0,SGD,True,,rest_day
drv_mei_sg_11,Mei Lin Tan,firefighter,M,2025-05-11,2025-05,2025-W19,Sunday,187.26,37.45,0.0,149.81,23,7.9,9.4,0.79,1,18.96,6.51,SGD,False,,
drv_mei_sg_11,Mei Lin Tan,firefighter,M,2025-05-12,2025-05,2025-W20,Monday,204.6,40.92,0.0,163.68,14,10.0,13.4,0.73,1,16.37,11.69,SGD,False,,
drv_mei_sg_11,Mei Lin Tan,firefighter,M,2025-05-13,2025-05,2025-W20,Tuesday,201.54,40.31,0.0,161.23,12,11.1,13.9,0.79,3,14.53,13.44,SGD,False,,
drv_mei_sg_11,Mei Lin Tan,firefighter,M,2025-05-14,2025-05,2025-W20,Wednesday,210.23,42.05,0.0,168.18,17,8.0,8.5,0.85,2,21.02,9.89,SGD,False,,
drv_mei_sg_11,Mei Lin Tan,firefighter,M,2025-05-15,2025-05,2025-W20,Thursday,190.02,38.0,0.0,152.02,16,7.0,7.7,0.83,2,21.72,9.5,SGD,False,,
drv_mei_sg_11,Mei Lin Tan,firefighter,M,2025-05-16,2025-05,2025-W20,Friday,289.55,57.91,0.0,231.64,12,8.4,10.0,0.78,2,27.58,19.3,SGD,False,,
drv_mei_sg_11,Mei Lin Tan,firefighter,M,2025-05-17,2025-05,2025-W20,Saturday,0,0,0,0,0,0,0,0,0,0,0,SGD,True,,rest_day
drv_mei_sg_11,Mei Lin Tan,firefighter,M,2025-05-18,2025-05,2025-W20,Sunday,199.61,39.92,0.0,159.69,17,6.1,8.2,0.83,1,26.18,9.39,SGD,False,,
drv_mei_sg_11,Mei Lin Tan,firefighter,M,2025-05-19,2025-05,2025-W21,Monday,197.89,39.58,9.27,167.58,16,7.2,9.3,0.97,0,23.28,10.47,SGD,False,,
drv_mei_sg_11,Mei Lin Tan,firefighter,M,2025-05-20,2025-05,2025-W21,Tuesday,173.27,34.65,0.0,138.62,15,9.2,11.6,0.81,3,15.07,9.24,SGD,False,,
drv_mei_sg_11,Mei Lin Tan,firefighter,M,2025-05-21,2025-05,2025-W21,Wednesday,191.1,38.22,0.0,152.88,17,7.2,8.0,0.77,3,21.23,8.99,SGD,False,,
drv_mei_sg_11,Mei Lin Tan,firefighter,M,2025-05-22,2025-05,2025-W21,Thursday,226.84,45.37,0.0,181.47,14,7.1,9.0,0.95,0,25.56,12.96,SGD,False,,
drv_mei_sg_11,Mei Lin Tan,firefighter,M,2025-05-23,2025-05,2025-W21,Friday,121.51,24.3,0.0,97.21,12,10.4,11.1,0.73,1,9.35,8.1,SGD,False,,
drv_mei_sg_11,Mei Lin Tan,firefighter,M,2025-05-24,2025-05,2025-W21,Saturday,0,0,0,0,0,0,0,0,0,0,0,SGD,True,,rest_day
drv_mei_sg_11,Mei Lin Tan,firefighter,M,2025-05-25,2025-05,2025-W21,Sunday,186.59,37.32,0.0,149.27,11,9.8,12.7,0.82,1,15.23,13.57,SGD,False,,
drv_mei_sg_11,Mei Lin Tan,firefighter,M,2025-05-26,2025-05,2025-W22,Monday,171.45,34.29,13.05,150.21,22,10.8,14.5,0.85,0,13.91,6.83,SGD,False,,
drv_mei_sg_11,Mei Lin Tan,firefighter,M,2025-05-27,2025-05,2025-W22,Tuesday,177.51,35.5,11.34,153.35,14,11.0,14.4,0.87,1,13.94,10.95,SGD,False,,
drv_mei_sg_11,Mei Lin Tan,firefighter,M,2025-05-28,2025-05,2025-W22,Wednesday,211.56,42.31,13.06,182.31,23,10.0,11.5,0.83,3,18.23,7.93,SGD,False,,
drv_mei_sg_11,Mei Lin Tan,firefighter,M,2025-05-29,2025-05,2025-W22,Thursday,233.74,46.75,0.0,186.99,22,9.0,11.9,0.97,0,20.78,8.5,SGD,False,,
drv_mei_sg_11,Mei Lin Tan,firefighter,M,2025-05-30,2025-05,2025-W22,Friday,215.22,43.04,0.0,172.18,14,10.5,11.4,0.73,3,16.4,12.3,SGD,False,,
drv_mei_sg_11,Mei Lin Tan,firefighter,M,2025-05-31,2025-05,2025-W22,Saturday,0,0,0,0,0,0,0,0,0,0,0,SGD,True,,rest_day
drv_mei_sg_11,Mei Lin Tan,firefighter,M,2025-06-01,2025-06,2025-W22,Sunday,210.15,42.03,15.97,184.09,22,10.2,13.5,0.97,2,18.05,8.37,SGD,False,School Holiday,
drv_mei_sg_11,Mei Lin Tan,firefighter,M,2025-06-02,2025-06,2025-W23,Monday,179.67,35.93,0.0,143.74,20,8.2,10.4,0.85,2,17.53,7.19,SGD,False,School Holiday,
drv_mei_sg_11,Mei Lin Tan,firefighter,M,2025-06-03,2025-06,2025-W23,Tuesday,215.46,43.09,0.0,172.37,15,6.8,8.6,0.79,3,25.35,11.49,SGD,False,School Holiday,
drv_mei_sg_11,Mei Lin Tan,firefighter,M,2025-06-04,2025-06,2025-W23,Wednesday,252.28,50.46,0.0,201.82,14,8.8,11.1,0.96,2,22.93,14.42,SGD,False,School Holiday,
drv_mei_sg_11,Mei Lin Tan,firefighter,M,2025-06-05,2025-06,2025-W23,Thursday,86.86,17.37,0.0,69.49,13,7.1,8.2,0.85,2,9.79,5.35,SGD,False,School Holiday,
drv_mei_sg_11,Mei Lin Tan,firefighter,M,2025-06-06,2025-06,2025-W23,Friday,128.78,25.76,0.0,103.02,19,6.4,7.5,0.86,1,16.1,5.42,SGD,False,School Holiday,
drv_mei_sg_11,Mei Lin Tan,firefighter,M,2025-06-07,2025-06,2025-W23,Saturday,0,0,0,0,0,0,0,0,0,0,0,SGD,True,School Holiday,rest_day
drv_mei_sg_11,Mei Lin Tan,firefighter,M,2025-06-08,2025-06,2025-W23,Sunday,277.22,55.44,0.0,221.78,24,9.4,12.6,0.91,3,23.59,9.24,SGD,False,School Holiday,
drv_mei_sg_11,Mei Lin Tan,firefighter,M,2025-06-09,2025-06,2025-W24,Monday,206.73,41.35,0.0,165.38,23,8.3,11.1,0.89,2,19.93,7.19,SGD,False,School Holiday,
drv_mei_sg_11,Mei Lin Tan,firefighter,M,2025-06-10,2025-06,2025-W24,Tuesday,200.96,40.19,8.51,169.28,10,8.3,10.6,0.91,0,20.4,16.93,SGD,False,School Holiday,
drv_mei_sg_11,Mei Lin Tan,firefighter,M,2025-06-11,2025-06,2025-W24,Wednesday,123.58,24.72,0.0,98.86,18,10.2,12.2,0.79,0,9.69,5.49,SGD,False,School Holiday,
drv_mei_sg_11,Mei Lin Tan,firefighter,M,2025-06-12,2025-06,2025-W24,Thursday,178.99,35.8,0.0,143.19,16,9.4,12.2,0.97,3,15.23,8.95,SGD,False,School Holiday,
drv_mei_sg_11,Mei Lin Tan,firefighter,M,2025-06-13,2025-06,2025-W24,Friday,138.83,27.77,0.0,111.06,17,8.4,11.3,0.72,1,13.22,6.53,SGD,False,School Holiday,
drv_mei_sg_11,Mei Lin Tan,firefighter,M,2025-06-14,2025-06,2025-W24,Saturday,0,0,0,0,0,0,0,0,0,0,0,SGD,True,School Holiday,rest_day
drv_mei_sg_11,Mei Lin Tan,firefighter,M,2025-06-15,2025-06,2025-W24,Sunday,271.22,54.24,14.43,231.41,10,6.5,7.4,0.81,0,35.6,23.14,SGD,False,School Holiday,
drv_mei_sg_11,Mei Lin Tan,firefighter,M,2025-06-16,2025-06,2025-W25,Monday,181.98,36.4,8.26,153.84,23,11.4,12.0,0.89,0,13.49,6.69,SGD,False,School Holiday,
drv_mei_sg_11,Mei Lin Tan,firefighter,M,2025-06-17,2025-06,2025-W25,Tuesday,110.52,22.1,8.54,96.96,21,7.4,8.0,0.82,0,13.1,4.62,SGD,False,School Holiday,
drv_mei_sg_11,Mei Lin Tan,firefighter,M,2025-06-18,2025-06,2025-W25,Wednesday,239.89,47.98,0.0,191.91,16,7.2,7.6,0.79,3,26.65,11.99,SGD,False,School Holiday,
drv_mei_sg_11,Mei Lin Tan,firefighter,M,2025-06-19,2025-06,2025-W25,Thursday,239.09,47.82,0.0,191.27,11,10.0,10.8,0.94,3,19.13,17.39,SGD,False,School Holiday,
drv_mei_sg_11,Mei Lin Tan,firefighter,M,2025-06-20,2025-06,2025-W25,Friday,277.6,55.52,10.69,232.77,19,7.5,8.7,0.87,2,31.04,12.25,SGD,False,School Holiday,
drv_mei_sg_11,Mei Lin Tan,firefighter,M,2025-06-21,2025-06,2025-W25,Saturday,0,0,0,0,0,0,0,0,0,0,0,SGD,True,School Holiday,rest_day
drv_mei_sg_11,Mei Lin Tan,firefighter,M,2025-06-22,2025-06,2025-W25,Sunday,123.97,24.79,0.0,99.18,10,11.0,13.6,0.93,0,9.02,9.92,SGD,False,School Holiday,
drv_mei_sg_11,Mei Lin Tan,firefighter,M,2025-06-23,2025-06,2025-W26,Monday,205.82,41.16,0.0,164.66,23,9.5,11.6,0.84,1,17.33,7.16,SGD,False,School Holiday,
drv_mei_sg_11,Mei Lin Tan,firefighter,M,2025-06-24,2025-06,2025-W26,Tuesday,204.23,40.85,0.0,163.38,14,9.8,11.4,0.88,0,16.67,11.67,SGD,False,School Holiday,
drv_mei_sg_11,Mei Lin Tan,firefighter,M,2025-06-25,2025-06,2025-W26,Wednesday,189.61,37.92,0.0,151.69,8,7.5,9.4,0.89,2,20.23,18.96,SGD,False,School Holiday,
drv_mei_sg_11,Mei Lin Tan,firefighter,M,2025-06-26,2025-06,2025-W26,Thursday,241.2,48.24,0.0,192.96,9,6.3,7.1,0.87,0,30.63,21.44,SGD,False,School Holiday,
drv_mei_sg_11,Mei Lin Tan,firefighter,M,2025-06-27,2025-06,2025-W26,Friday,213.63,42.73,9.58,180.48,11,11.3,13.7,0.92,1,15.97,16.41,SGD,False,School Holiday,
drv_mei_sg_11,Mei Lin Tan,firefighter,M,2025-06-28,2025-06,2025-W26,Saturday,0,0,0,0,0,0,0,0,0,0,0,SGD,True,School Holiday,rest_day
drv_mei_sg_11,Mei Lin Tan,firefighter,M,2025-06-29,2025-06,2025-W26,Sunday,193.84,38.77,0.0,155.07,17,9.8,11.4,0.73,0,15.82,9.12,SGD,False,School Holiday,
drv_mei_sg_11,Mei Lin Tan,firefighter,M,2025-06-30,2025-06,2025-W27,Monday,211.06,42.21,0.0,168.85,19,10.5,12.4,0.89,2,16.08,8.89,SGD,False,School Holiday,
drv_mei_sg_11,Mei Lin Tan,firefighter,M,2025-07-01,2025-07,2025-W27,Tuesday,241.47,48.29,0.0,193.18,23,11.5,12.3,0.89,1,16.8,8.4,SGD,False,School Holiday,
drv_mei_sg_11,Mei Lin Tan,firefighter,M,2025-07-02,2025-07,2025-W27,Wednesday,230.48,46.1,11.94,196.32,11,8.0,9.2,0.76,0,24.54,17.85,SGD,False,School Holiday,
drv_mei_sg_11,Mei Lin Tan,firefighter,M,2025-07-03,2025-07,2025-W27,Thursday,224.17,44.83,0.0,179.34,13,10.3,11.3,0.83,0,17.41,13.8,SGD,False,School Holiday,
drv_mei_sg_11,Mei Lin Tan,firefighter,M,2025-07-04,2025-07,2025-W27,Friday,129.59,25.92,0.0,103.67,24,10.4,13.9,0.79,3,9.97,4.32,SGD,False,School Holiday,
drv_mei_sg_11,Mei Lin Tan,firefighter,M,2025-07-05,2025-07,2025-W27,Saturday,0,0,0,0,0,0,0,0,0,0,0,SGD,True,School Holiday,rest_day
drv_mei_sg_11,Mei Lin Tan,firefighter,M,2025-07-06,2025-07,2025-W27,Sunday,232.18,46.44,18.07,203.81,11,8.6,9.8,0.89,3,23.7,18.53,SGD,False,School Holiday,
drv_mei_sg_11,Mei Lin Tan,firefighter,M,2025-07-07,2025-07,2025-W28,Monday,199.08,39.82,0.0,159.26,18,9.8,11.6,0.93,2,16.25,8.85,SGD,False,School Holiday,
drv_mei_sg_11,Mei Lin Tan,firefighter,M,2025-07-08,2025-07,2025-W28,Tuesday,168.11,33.62,0.0,134.49,24,8.5,9.6,0.84,2,15.82,5.6,SGD,False,School Holiday,
drv_mei_sg_11,Mei Lin Tan,firefighter,M,2025-07-09,2025-07,2025-W28,Wednesday,214.26,42.85,14.64,186.05,12,6.8,8.7,0.97,2,27.36,15.5,SGD,False,School Holiday,
drv_mei_sg_11,Mei Lin Tan,firefighter,M,2025-07-10,2025-07,2025-W28,Thursday,243.56,48.71,21.28,216.13,11,9.5,12.2,0.93,0,22.75,19.65,SGD,False,School Holiday,
drv_mei_sg_11,Mei Lin Tan,firefighter,M,2025-07-11,2025-07,2025-W28,Friday,280.01,56.0,0.0,224.01,13,9.7,13.0,0.85,0,23.09,17.23,SGD,False,School Holiday,
drv_mei_sg_11,Mei Lin Tan,firefighter,M,2025-07-12,2025-07,2025-W28,Saturday,0,0,0,0,0,0,0,0,0,0,0,SGD,True,School Holiday,rest_day
drv_mei_sg_11,Mei Lin Tan,firefighter,M,2025-07-13,2025-07,2025-W28,Sunday,188.08,37.62,16.11,166.57,22,10.2,11.7,0.8,1,16.33,7.57,SGD,False,School Holiday,
drv_mei_sg_11,Mei Lin Tan,firefighter,M,2025-07-14,2025-07,2025-W29,Monday,171.32,34.26,0.0,137.06,21,6.2,7.4,0.83,1,22.11,6.53,SGD,False,School Holiday,
drv_mei_sg_11,Mei Lin Tan,firefighter,M,2025-07-15,2025-07,2025-W29,Tuesday,174.04,34.81,0.0,139.23,10,8.0,8.7,0.93,2,17.4,13.92,SGD,False,School Holiday,
drv_mei_sg_11,Mei Lin Tan,firefighter,M,2025-07-16,2025-07,2025-W29,Wednesday,202.26,40.45,0.0,161.81,14,8.0,9.1,0.73,0,20.23,11.56,SGD,False,School Holiday,
drv_mei_sg_11,Mei Lin Tan,firefighter,M,2025-07-17,2025-07,2025-W29,Thursday,260.07,52.01,16.55,224.61,10,11.1,14.1,0.84,2,20.24,22.46,SGD,False,School Holiday,
drv_mei_sg_11,Mei Lin Tan,firefighter,M,2025-07-18,2025-07,2025-W29,Friday,233.93,46.79,0.0,187.14,9,9.0,10.9,0.78,3,20.79,20.79,SGD,False,School Holiday,
drv_mei_sg_11,Mei Lin Tan,firefighter,M,2025-07-19,2025-07,2025-W29,Saturday,0,0,0,0,0,0,0,0,0,0,0,SGD,True,School Holiday,rest_day
drv_mei_sg_11,Mei Lin Tan,firefighter,M,2025-07-20,2025-07,2025-W29,Sunday,238.11,47.62,0.0,190.49,12,11.7,14.4,0.82,0,16.28,15.87,SGD,False,School Holiday,
drv_mei_sg_11,Mei Lin Tan,firefighter,M,2025-07-21,2025-07,2025-W30,Monday,176.47,35.29,10.76,151.94,14,8.1,9.8,0.96,1,18.76,10.85,SGD,False,School Holiday,
drv_mei_sg_11,Mei Lin Tan,firefighter,M,2025-07-22,2025-07,2025-W30,Tuesday,232.6,46.52,15.29,201.37,16,10.3,11.3,0.79,1,19.55,12.59,SGD,False,School Holiday,
drv_mei_sg_11,Mei Lin Tan,firefighter,M,2025-07-23,2025-07,2025-W30,Wednesday,215.19,43.04,12.18,184.33,18,9.8,10.7,0.79,3,18.81,10.24,SGD,False,School Holiday,
drv_mei_sg_11,Mei Lin Tan,firefighter,M,2025-07-24,2025-07,2025-W30,Thursday,93.07,18.61,0.0,74.46,11,9.9,12.0,0.86,1,7.52,6.77,SGD,False,School Holiday,
drv_mei_sg_11,Mei Lin Tan,firefighter,M,2025-07-25,2025-07,2025-W30,Friday,263.83,52.77,0.0,211.06,24,11.6,12.5,0.92,0,18.19,8.79,SGD,False,School Holiday,
drv_mei_sg_11,Mei Lin Tan,firefighter,M,2025-07-26,2025-07,2025-W30,Saturday,0,0,0,0,0,0,0,0,0,0,0,SGD,True,School Holiday,rest_day
drv_mei_sg_11,Mei Lin Tan,firefighter,M,2025-07-27,2025-07,2025-W30,Sunday,225.87,45.17,17.69,198.39,13,10.6,13.9,0.82,2,18.72,15.26,SGD,False,School Holiday,
drv_mei_sg_11,Mei Lin Tan,firefighter,M,2025-07-28,2025-07,2025-W31,Monday,208.72,41.74,0.0,166.98,23,7.9,8.5,0.84,3,21.14,7.26,SGD,False,School Holiday,
drv_mei_sg_11,Mei Lin Tan,firefighter,M,2025-07-29,2025-07,2025-W31,Tuesday,218.83,43.77,17.63,192.69,12,8.0,9.7,0.81,1,24.09,16.06,SGD,False,School Holiday,
drv_mei_sg_11,Mei Lin Tan,firefighter,M,2025-07-30,2025-07,2025-W31,Wednesday,191.18,38.24,0.0,152.94,11,7.1,8.5,0.84,3,21.54,13.9,SGD,False,School Holiday,
drv_mei_sg_11,Mei Lin Tan,firefighter,M,2025-07-31,2025-07,2025-W31,Thursday,224.09,44.82,15.54,194.81,12,8.2,10.1,0.83,3,23.76,16.23,SGD,False,School Holiday,
drv_mei_sg_11,Mei Lin Tan,firefighter,M,2025-08-01,2025-08,2025-W31,Friday,111.45,22.29,0.0,89.16,15,6.3,6.9,0.74,2,14.15,5.94,SGD,False,,
drv_mei_sg_11,Mei Lin Tan,firefighter,M,2025-08-02,2025-08,2025-W31,Saturday,0,0,0,0,0,0,0,0,0,0,0,SGD,True,,rest_day
drv_mei_sg_11,Mei Lin Tan,firefighter,M,2025-08-03,2025-08,2025-W31,Sunday,207.07,41.41,0.0,165.66,23,9.1,10.4,0.77,3,18.2,7.2,SGD,False,,
drv_mei_sg_11,Mei Lin Tan,firefighter,M,2025-08-04,2025-08,2025-W32,Monday,174.0,34.8,8.48,147.68,20,8.7,11.7,0.84,2,16.97,7.38,SGD,False,,
drv_mei_sg_11,Mei Lin Tan,firefighter,M,2025-08-05,2025-08,2025-W32,Tuesday,182.15,36.43,12.03,157.75,19,9.2,9.9,0.85,0,17.15,8.3,SGD,False,,
drv_mei_sg_11,Mei Lin Tan,firefighter,M,2025-08-06,2025-08,2025-W32,Wednesday,212.49,42.5,8.59,178.58,20,11.6,12.9,0.82,0,15.39,8.93,SGD,False,,
drv_mei_sg_11,Mei Lin Tan,firefighter,M,2025-08-07,2025-08,2025-W32,Thursday,197.73,39.55,16.15,174.33,17,11.3,12.4,0.87,1,15.43,10.25,SGD,False,,
drv_mei_sg_11,Mei Lin Tan,firefighter,M,2025-08-08,2025-08,2025-W32,Friday,210.33,42.07,0.0,168.26,18,7.3,8.0,0.82,3,23.05,9.35,SGD,False,,
drv_mei_sg_11,Mei Lin Tan,firefighter,M,2025-08-09,2025-08,2025-W32,Saturday,0,0,0,0,0,0,0,0,0,0,0,SGD,True,,rest_day
drv_mei_sg_11,Mei Lin Tan,firefighter,M,2025-08-10,2025-08,2025-W32,Sunday,254.62,50.92,0.0,203.7,22,11.4,14.2,0.82,1,17.87,9.26,SGD,False,,
drv_mei_sg_11,Mei Lin Tan,firefighter,M,2025-08-11,2025-08,2025-W33,Monday,160.27,32.05,9.66,137.88,11,10.9,14.4,0.94,1,12.65,12.53,SGD,False,,
drv_mei_sg_11,Mei Lin Tan,firefighter,M,2025-08-12,2025-08,2025-W33,Tuesday,170.55,34.11,0.0,136.44,11,8.4,11.3,0.81,0,16.24,12.4,SGD,False,,
drv_mei_sg_11,Mei Lin Tan,firefighter,M,2025-08-13,2025-08,2025-W33,Wednesday,236.01,47.2,16.99,205.8,22,10.9,13.5,0.88,3,18.88,9.35,SGD,False,,
drv_mei_sg_11,Mei Lin Tan,firefighter,M,2025-08-14,2025-08,2025-W33,Thursday,183.88,36.78,0.0,147.1,10,9.9,13.2,0.75,1,14.86,14.71,SGD,False,,
drv_mei_sg_11,Mei Lin Tan,firefighter,M,2025-08-15,2025-08,2025-W33,Friday,126.15,25.23,8.75,109.67,21,11.7,14.3,0.87,1,9.37,5.22,SGD,False,,
drv_mei_sg_11,Mei Lin Tan,firefighter,M,2025-08-16,2025-08,2025-W33,Saturday,0,0,0,0,0,0,0,0,0,0,0,SGD,True,,rest_day
drv_mei_sg_11,Mei Lin Tan,firefighter,M,2025-08-17,2025-08,2025-W33,Sunday,192.39,38.48,0.0,153.91,10,9.0,9.5,0.91,3,17.1,15.39,SGD,False,,
drv_mei_sg_11,Mei Lin Tan,firefighter,M,2025-08-18,2025-08,2025-W34,Monday,193.25,38.65,0.0,154.6,23,9.6,12.6,0.76,2,16.1,6.72,SGD,False,,
drv_mei_sg_11,Mei Lin Tan,firefighter,M,2025-08-19,2025-08,2025-W34,Tuesday,179.09,35.82,0.0,143.27,11,6.5,7.0,0.74,1,22.04,13.02,SGD,False,,
drv_mei_sg_11,Mei Lin Tan,firefighter,M,2025-08-20,2025-08,2025-W34,Wednesday,214.33,42.87,0.0,171.46,18,11.1,14.0,0.81,0,15.45,9.53,SGD,False,,
drv_mei_sg_11,Mei Lin Tan,firefighter,M,2025-08-21,2025-08,2025-W34,Thursday,224.0,44.8,0.0,179.2,18,11.1,12.2,0.89,2,16.14,9.96,SGD,False,,
drv_mei_sg_11,Mei Lin Tan,firefighter,M,2025-08-22,2025-08,2025-W34,Friday,247.56,49.51,0.0,198.05,8,6.4,8.5,0.89,3,30.95,24.76,SGD,False,,
drv_mei_sg_11,Mei Lin Tan,firefighter,M,2025-08-23,2025-08,2025-W34,Saturday,0,0,0,0,0,0,0,0,0,0,0,SGD,True,,rest_day
drv_mei_sg_11,Mei Lin Tan,firefighter,M,2025-08-24,2025-08,2025-W34,Sunday,207.76,41.55,0.0,166.21,20,11.9,13.0,0.8,3,13.97,8.31,SGD,False,,
drv_mei_sg_11,Mei Lin Tan,firefighter,M,2025-08-25,2025-08,2025-W35,Monday,172.61,34.52,0.0,138.09,18,11.3,12.9,0.85,0,12.22,7.67,SGD,False,,
drv_mei_sg_11,Mei Lin Tan,firefighter,M,2025-08-26,2025-08,2025-W35,Tuesday,215.75,43.15,16.44,189.04,9,11.1,12.3,0.95,1,17.03,21.0,SGD,False,,
drv_mei_sg_11,Mei Lin Tan,firefighter,M,2025-08-27,2025-08,2025-W35,Wednesday,222.94,44.59,0.0,178.35,12,10.3,12.5,0.76,0,17.32,14.86,SGD,False,,
drv_mei_sg_11,Mei Lin Tan,firefighter,M,2025-08-28,2025-08,2025-W35,Thursday,173.49,34.7,13.0,151.79,17,9.8,12.9,0.77,1,15.49,8.93,SGD,False,,
drv_mei_sg_11,Mei Lin Tan,firefighter,M,2025-08-29,2025-08,2025-W35,Friday,228.17,45.63,0.0,182.54,18,10.4,14.0,0.82,3,17.55,10.14,SGD,False,,
drv_mei_sg_11,Mei Lin Tan,firefighter,M,2025-08-30,2025-08,2025-W35,Saturday,0,0,0,0,0,0,0,0,0,0,0,SGD,True,,rest_day
drv_mei_sg_11,Mei Lin Tan,firefighter,M,2025-08-31,2025-08,2025-W35,Sunday,225.79,45.16,11.86,192.49,21,6.1,8.2,0.83,2,31.56,9.17,SGD,False,,
drv_mei_sg_11,Mei Lin Tan,firefighter,M,2025-09-01,2025-09,2025-W36,Monday,182.88,36.58,0.0,146.3,17,8.4,10.8,0.87,3,17.42,8.61,SGD,False,,
drv_mei_sg_11,Mei Lin Tan,firefighter,M,2025-09-02,2025-09,2025-W36,Tuesday,155.01,31.0,0.0,124.01,15,7.5,8.4,0.95,0,16.53,8.27,SGD,False,,
drv_mei_sg_11,Mei Lin Tan,firefighter,M,2025-09-03,2025-09,2025-W36,Wednesday,160.46,32.09,13.56,141.93,14,6.9,9.1,0.8,3,20.57,10.14,SGD,False,,
drv_mei_sg_11,Mei Lin Tan,firefighter,M,2025-09-04,2025-09,2025-W36,Thursday,212.54,42.51,15.78,185.81,9,9.9,11.9,0.77,0,18.77,20.65,SGD,False,,
drv_mei_sg_11,Mei Lin Tan,firefighter,M,2025-09-05,2025-09,2025-W36,Friday,240.68,48.14,0.0,192.54,13,11.1,13.9,0.83,0,17.35,14.81,SGD,False,,
drv_mei_sg_11,Mei Lin Tan,firefighter,M,2025-09-06,2025-09,2025-W36,Saturday,0,0,0,0,0,0,0,0,0,0,0,SGD,True,,rest_day
drv_mei_sg_11,Mei Lin Tan,firefighter,M,2025-09-07,2025-09,2025-W36,Sunday,252.05,50.41,13.15,214.79,23,6.3,6.6,0.85,0,34.09,9.34,SGD,False,,
drv_mei_sg_11,Mei Lin Tan,firefighter,M,2025-09-08,2025-09,2025-W37,Monday,101.32,20.26,7.18,88.24,15,10.4,12.4,0.84,1,8.48,5.88,SGD,False,,
drv_mei_sg_11,Mei Lin Tan,firefighter,M,2025-09-09,2025-09,2025-W37,Tuesday,157.03,31.41,0.0,125.62,11,6.0,6.8,0.73,1,20.94,11.42,SGD,False,,
drv_mei_sg_11,Mei Lin Tan,firefighter,M,2025-09-10,2025-09,2025-W37,Wednesday,187.6,37.52,0.0,150.08,11,7.9,9.3,0.73,2,19.0,13.64,SGD,False,,
drv_mei_sg_11,Mei Lin Tan,firefighter,M,2025-09-11,2025-09,2025-W37,Thursday,168.78,33.76,9.93,144.95,13,9.4,11.3,0.96,1,15.42,11.15,SGD,False,,
drv_mei_sg_11,Mei Lin Tan,firefighter,M,2025-09-12,2025-09,2025-W37,Friday,232.49,46.5,0.0,185.99,12,8.4,10.2,0.91,1,22.14,15.5,SGD,False,,
drv_mei_sg_11,Mei Lin Tan,firefighter,M,2025-09-13,2025-09,2025-W37,Saturday,0,0,0,0,0,0,0,0,0,0,0,SGD,True,,rest_day
drv_mei_sg_11,Mei Lin Tan,firefighter,M,2025-09-14,2025-09,2025-W37,Sunday,257.78,51.56,20.75,226.97,9,10.0,11.0,0.87,1,22.7,25.22,SGD,False,,
drv_mei_sg_11,Mei Lin Tan,firefighter,M,2025-09-15,2025-09,2025-W38,Monday,171.31,34.26,10.49,147.54,18,8.7,11.6,0.75,1,16.96,8.2,SGD,False,,
drv_mei_sg_11,Mei Lin Tan,firefighter,M,2025-09-16,2025-09,2025-W38,Tuesday,105.15,21.03,5.09,89.21,10,11.1,12.9,0.91,2,8.04,8.92,SGD,False,,
drv_mei_sg_11,Mei Lin Tan,firefighter,M,2025-09-17,2025-09,2025-W38,Wednesday,224.3,44.86,0.0,179.44,22,10.1,12.7,0.83,2,17.77,8.16,SGD,False,,
drv_mei_sg_11,Mei Lin Tan,firefighter,M,2025-09-18,2025-09,2025-W38,Thursday,107.45,21.49,0.0,85.96,24,11.9,15.3,0.8,2,7.22,3.58,SGD,False,,
drv_mei_sg_11,Mei Lin Tan,firefighter,M,2025-09-19,2025-09,2025-W38,Friday,267.22,53.44,0.0,213.78,23,6.9,7.5,0.77,2,30.98,9.29,SGD,False,,
drv_mei_sg_11,Mei Lin Tan,firefighter,M,2025-09-20,2025-09,2025-W38,Saturday,0,0,0,0,0,0,0,0,0,0,0,SGD,True,,rest_day
drv_mei_sg_11,Mei Lin Tan,firefighter,M,2025-09-21,2025-09,2025-W38,Sunday,205.32,41.06,0.0,164.26,21,7.0,9.3,0.86,2,23.47,7.82,SGD,False,,
drv_mei_sg_11,Mei Lin Tan,firefighter,M,2025-09-22,2025-09,2025-W39,Monday,151.48,30.3,7.76,128.94,18,7.6,8.2,0.78,1,16.97,7.16,SGD,False,,
drv_mei_sg_11,Mei Lin Tan,firefighter,M,2025-09-23,2025-09,2025-W39,Tuesday,180.37,36.07,10.06,154.36,11,10.6,12.2,0.72,1,14.56,14.03,SGD,False,,
drv_mei_sg_11,Mei Lin Tan,firefighter,M,2025-09-24,2025-09,2025-W39,Wednesday,218.84,43.77,0.0,175.07,9,8.1,10.3,0.97,2,21.61,19.45,SGD,False,,
drv_mei_sg_11,Mei Lin Tan,firefighter,M,2025-09-25,2025-09,2025-W39,Thursday,203.96,40.79,0.0,163.17,22,7.5,8.5,0.9,2,21.76,7.42,SGD,False,,
drv_mei_sg_11,Mei Lin Tan,firefighter,M,2025-09-26,2025-09,2025-W39,Friday,233.16,46.63,0.0,186.53,13,11.8,13.0,0.74,2,15.81,14.35,SGD,False,,
drv_mei_sg_11,Mei Lin Tan,firefighter,M,2025-09-27,2025-09,2025-W39,Saturday,0,0,0,0,0,0,0,0,0,0,0,SGD,True,,rest_day
drv_mei_sg_11,Mei Lin Tan,firefighter,M,2025-09-28,2025-09,2025-W39,Sunday,197.14,39.43,6.87,164.58,15,9.5,11.9,0.77,1,17.32,10.97,SGD,False,,
drv_mei_sg_11,Mei Lin Tan,firefighter,M,2025-09-29,2025-09,2025-W40,Monday,165.61,33.12,0.0,132.49,9,10.1,13.1,0.76,2,13.12,14.72,SGD,False,,
drv_mei_sg_11,Mei Lin Tan,firefighter,M,2025-09-30,2025-09,2025-W40,Tuesday,187.3,37.46,9.46,159.3,20,11.7,15.7,0.86,3,13.62,7.97,SGD,False,,
drv_mei_sg_11,Mei Lin Tan,firefighter,M,2025-10-01,2025-10,2025-W40,Wednesday,183.29,36.66,0.0,146.63,13,11.8,15.5,0.8,2,12.43,11.28,SGD,False,,
drv_mei_sg_11,Mei Lin Tan,firefighter,M,2025-10-02,2025-10,2025-W40,Thursday,232.87,46.57,0.0,186.3,19,9.1,11.4,0.93,0,20.47,9.81,SGD,False,,
drv_mei_sg_11,Mei Lin Tan,firefighter,M,2025-10-03,2025-10,2025-W40,Friday,205.5,41.1,12.02,176.42,23,10.2,12.2,0.74,1,17.3,7.67,SGD,False,,
drv_mei_sg_11,Mei Lin Tan,firefighter,M,2025-10-04,2025-10,2025-W40,Saturday,0,0,0,0,0,0,0,0,0,0,0,SGD,True,,rest_day
drv_mei_sg_11,Mei Lin Tan,firefighter,M,2025-10-05,2025-10,2025-W40,Sunday,229.71,45.94,0.0,183.77,12,8.9,9.6,0.92,3,20.65,15.31,SGD,False,,
drv_mei_sg_11,Mei Lin Tan,firefighter,M,2025-10-06,2025-10,2025-W41,Monday,176.71,35.34,10.34,151.71,8,6.7,9.0,0.95,0,22.64,18.96,SGD,False,,
drv_mei_sg_11,Mei Lin Tan,firefighter,M,2025-10-07,2025-10,2025-W41,Tuesday,182.86,36.57,0.0,146.29,16,6.4,7.8,0.78,2,22.86,9.14,SGD,False,,
drv_mei_sg_11,Mei Lin Tan,firefighter,M,2025-10-08,2025-10,2025-W41,Wednesday,170.12,34.02,12.86,148.96,12,10.7,14.3,0.77,2,13.92,12.41,SGD,False,,
drv_mei_sg_11,Mei Lin Tan,firefighter,M,2025-10-09,2025-10,2025-W41,Thursday,178.56,35.71,12.37,155.22,10,9.5,12.7,0.73,2,16.34,15.52,SGD,False,,
drv_mei_sg_11,Mei Lin Tan,firefighter,M,2025-10-10,2025-10,2025-W41,Friday,223.36,44.67,9.98,188.67,10,9.1,10.4,0.9,1,20.73,18.87,SGD,False,,
drv_mei_sg_11,Mei Lin Tan,firefighter,M,2025-10-11,2025-10,2025-W41,Saturday,0,0,0,0,0,0,0,0,0,0,0,SGD,True,,rest_day
drv_mei_sg_11,Mei Lin Tan,firefighter,M,2025-10-12,2025-10,2025-W41,Sunday,234.59,46.92,10.23,197.9,19,6.8,7.9,0.78,1,29.1,10.42,SGD,False,,
drv_mei_sg_11,Mei Lin Tan,firefighter,M,2025-10-13,2025-10,2025-W42,Monday,185.87,37.17,0.0,148.7,13,11.3,14.4,0.95,2,13.16,11.44,SGD,False,,
drv_mei_sg_11,Mei Lin Tan,firefighter,M,2025-10-14,2025-10,2025-W42,Tuesday,214.67,42.93,0.0,171.74,22,8.8,10.1,0.8,1,19.52,7.81,SGD,False,,
drv_mei_sg_11,Mei Lin Tan,firefighter,M,2025-10-15,2025-10,2025-W42,Wednesday,174.72,34.94,0.0,139.78,10,9.2,12.3,0.78,2,15.19,13.98,SGD,False,,
drv_mei_sg_11,Mei Lin Tan,firefighter,M,2025-10-16,2025-10,2025-W42,Thursday,203.99,40.8,12.51,175.7,16,9.4,12.4,0.76,0,18.69,10.98,SGD,False,,
drv_mei_sg_11,Mei Lin Tan,firefighter,M,2025-10-17,2025-10,2025-W42,Friday,260.06,52.01,0.0,208.05,24,8.8,9.5,0.73,1,23.64,8.67,SGD,False,,
drv_mei_sg_11,Mei Lin Tan,firefighter,M,2025-10-18,2025-10,2025-W42,Saturday,0,0,0,0,0,0,0,0,0,0,0,SGD,True,,rest_day
drv_mei_sg_11,Mei Lin Tan,firefighter,M,2025-10-19,2025-10,2025-W42,Sunday,222.23,44.45,0.0,177.78,9,10.6,12.5,0.85,3,16.77,19.75,SGD,False,,
drv_mei_sg_11,Mei Lin Tan,firefighter,M,2025-10-20,2025-10,2025-W43,Monday,175.03,35.01,0.0,140.02,10,6.6,8.6,0.74,1,21.22,14.0,SGD,False,,
drv_mei_sg_11,Mei Lin Tan,firefighter,M,2025-10-21,2025-10,2025-W43,Tuesday,182.42,36.48,11.73,157.67,22,8.4,10.7,0.94,1,18.77,7.17,SGD,False,,
drv_mei_sg_11,Mei Lin Tan,firefighter,M,2025-10-22,2025-10,2025-W43,Wednesday,220.11,44.02,10.46,186.55,21,8.6,9.9,0.75,0,21.69,8.88,SGD,False,,
drv_mei_sg_11,Mei Lin Tan,firefighter,M,2025-10-23,2025-10,2025-W43,Thursday,153.36,30.67,12.61,135.3,14,9.4,12.0,0.73,2,14.39,9.66,SGD,False,,
drv_mei_sg_11,Mei Lin Tan,firefighter,M,2025-10-24,2025-10,2025-W43,Friday,239.46,47.89,0.0,191.57,21,7.3,9.2,0.77,3,26.24,9.12,SGD,False,,
drv_mei_sg_11,Mei Lin Tan,firefighter,M,2025-10-25,2025-10,2025-W43,Saturday,0,0,0,0,0,0,0,0,0,0,0,SGD,True,,rest_day
drv_mei_sg_11,Mei Lin Tan,firefighter,M,2025-10-26,2025-10,2025-W43,Sunday,251.01,50.2,0.0,200.81,13,9.2,11.6,0.84,1,21.83,15.45,SGD,False,,
drv_mei_sg_11,Mei Lin Tan,firefighter,M,2025-10-27,2025-10,2025-W44,Monday,172.38,34.48,0.0,137.9,8,10.8,13.8,0.92,0,12.77,17.24,SGD,False,,
drv_mei_sg_11,Mei Lin Tan,firefighter,M,2025-10-28,2025-10,2025-W44,Tuesday,155.97,31.19,12.65,137.43,15,10.0,12.7,0.77,3,13.74,9.16,SGD,False,,
drv_mei_sg_11,Mei Lin Tan,firefighter,M,2025-10-29,2025-10,2025-W44,Wednesday,130.9,26.18,0.0,104.72,8,11.8,13.8,0.74,1,8.87,13.09,SGD,False,,
drv_mei_sg_11,Mei Lin Tan,firefighter,M,2025-10-30,2025-10,2025-W44,Thursday,188.52,37.7,0.0,150.82,14,10.2,13.0,0.87,2,14.79,10.77,SGD,False,,
drv_mei_sg_11,Mei Lin Tan,firefighter,M,2025-10-31,2025-10,2025-W44,Friday,199.22,39.84,15.76,175.14,9,10.0,11.7,0.89,0,17.51,19.46,SGD,False,,
drv_mei_sg_11,Mei Lin Tan,firefighter,M,2025-11-01,2025-11,2025-W44,Saturday,0,0,0,0,0,0,0,0,0,0,0,SGD,True,,rest_day
drv_mei_sg_11,Mei Lin Tan,firefighter,M,2025-11-02,2025-11,2025-W44,Sunday,212.03,42.41,0.0,169.62,14,8.5,11.5,0.79,1,19.96,12.12,SGD,False,,
drv_mei_sg_11,Mei Lin Tan,firefighter,M,2025-11-03,2025-11,2025-W45,Monday,206.03,41.21,9.2,174.02,20,7.1,7.6,0.95,3,24.51,8.7,SGD,False,,
drv_mei_sg_11,Mei Lin Tan,firefighter,M,2025-11-04,2025-11,2025-W45,Tuesday,189.89,37.98,0.0,151.91,13,10.6,13.1,0.8,1,14.33,11.69,SGD,False,,
drv_mei_sg_11,Mei Lin Tan,firefighter,M,2025-11-05,2025-11,2025-W45,Wednesday,212.94,42.59,0.0,170.35,19,8.9,10.9,0.93,2,19.14,8.97,SGD,False,,
drv_mei_sg_11,Mei Lin Tan,firefighter,M,2025-11-06,2025-11,2025-W45,Thursday,196.28,39.26,16.89,173.91,22,8.1,10.6,0.92,0,21.47,7.91,SGD,False,,
drv_mei_sg_11,Mei Lin Tan,firefighter,M,2025-11-07,2025-11,2025-W45,Friday,238.43,47.69,0.0,190.74,19,8.8,10.9,0.85,1,21.68,10.04,SGD,False,,
drv_mei_sg_11,Mei Lin Tan,firefighter,M,2025-11-08,2025-11,2025-W45,Saturday,0,0,0,0,0,0,0,0,0,0,0,SGD,True,,rest_day
drv_mei_sg_11,Mei Lin Tan,firefighter,M,2025-11-09,2025-11,2025-W45,Sunday,259.62,51.92,21.62,229.32,13,6.8,7.6,0.94,3,33.72,17.64,SGD,False,,
drv_mei_sg_11,Mei Lin Tan,firefighter,M,2025-11-10,2025-11,2025-W46,Monday,193.38,38.68,0.0,154.7,19,11.4,13.4,0.87,2,13.57,8.14,SGD,False,,
drv_mei_sg_11,Mei Lin Tan,firefighter,M,2025-11-11,2025-11,2025-W46,Tuesday,155.97,31.19,0.0,124.78,16,10.5,13.3,0.91,1,11.88,7.8,SGD,False,,
drv_mei_sg_11,Mei Lin Tan,firefighter,M,2025-11-12,2025-11,2025-W46,Wednesday,216.8,43.36,13.67,187.11,9,8.7,11.4,0.73,0,21.51,20.79,SGD,False,,
drv_mei_sg_11,Mei Lin Tan,firefighter,M,2025-11-13,2025-11,2025-W46,Thursday,175.54,35.11,0.0,140.43,13,6.8,8.8,0.76,1,20.65,10.8,SGD,False,,
drv_mei_sg_11,Mei Lin Tan,firefighter,M,2025-11-14,2025-11,2025-W46,Friday,198.56,39.71,13.86,172.71,14,9.2,11.6,0.96,2,18.77,12.34,SGD,False,,
drv_mei_sg_11,Mei Lin Tan,firefighter,M,2025-11-15,2025-11,2025-W46,Saturday,0,0,0,0,0,0,0,0,0,0,0,SGD,True,,rest_day
drv_mei_sg_11,Mei Lin Tan,firefighter,M,2025-11-16,2025-11,2025-W46,Sunday,237.15,47.43,0.0,189.72,12,11.1,11.9,0.83,3,17.09,15.81,SGD,False,,
drv_mei_sg_11,Mei Lin Tan,firefighter,M,2025-11-17,2025-11,2025-W47,Monday,158.92,31.78,0.0,127.14,18,6.2,7.0,0.77,0,20.51,7.06,SGD,False,,
drv_mei_sg_11,Mei Lin Tan,firefighter,M,2025-11-18,2025-11,2025-W47,Tuesday,197.05,39.41,0.0,157.64,8,10.1,12.3,0.94,0,15.61,19.7,SGD,False,,
drv_mei_sg_11,Mei Lin Tan,firefighter,M,2025-11-19,2025-11,2025-W47,Wednesday,222.58,44.52,0.0,178.06,10,8.3,10.2,0.9,1,21.45,17.81,SGD,False,,
drv_mei_sg_11,Mei Lin Tan,firefighter,M,2025-11-20,2025-11,2025-W47,Thursday,121.06,24.21,6.78,103.63,11,6.4,7.4,0.77,2,16.19,9.42,SGD,False,,
drv_mei_sg_11,Mei Lin Tan,firefighter,M,2025-11-21,2025-11,2025-W47,Friday,233.0,46.6,0.0,186.4,23,7.1,8.1,0.94,3,26.25,8.1,SGD,False,,
drv_mei_sg_11,Mei Lin Tan,firefighter,M,2025-11-22,2025-11,2025-W47,Saturday,0,0,0,0,0,0,0,0,0,0,0,SGD,True,,rest_day
drv_mei_sg_11,Mei Lin Tan,firefighter,M,2025-11-23,2025-11,2025-W47,Sunday,262.53,52.51,12.93,222.95,18,11.6,14.1,0.86,1,19.22,12.39,SGD,False,,
drv_mei_sg_11,Mei Lin Tan,firefighter,M,2025-11-24,2025-11,2025-W48,Monday,172.27,34.45,0.0,137.82,12,11.6,12.3,0.96,1,11.88,11.48,SGD,False,,
drv_mei_sg_11,Mei Lin Tan,firefighter,M,2025-11-25,2025-11,2025-W48,Tuesday,186.22,37.24,0.0,148.98,22,10.6,12.0,0.83,0,14.05,6.77,SGD,False,,
drv_mei_sg_11,Mei Lin Tan,firefighter,M,2025-11-26,2025-11,2025-W48,Wednesday,125.24,25.05,0.0,100.19,13,10.8,12.0,0.78,0,9.28,7.71,SGD,False,,
drv_mei_sg_11,Mei Lin Tan,firefighter,M,2025-11-27,2025-11,2025-W48,Thursday,171.44,34.29,0.0,137.15,11,10.5,13.2,0.82,3,13.06,12.47,SGD,False,,
drv_mei_sg_11,Mei Lin Tan,firefighter,M,2025-11-28,2025-11,2025-W48,Friday,259.02,51.8,12.22,219.44,19,7.9,8.4,0.8,2,27.78,11.55,SGD,False,,
drv_mei_sg_11,Mei Lin Tan,firefighter,M,2025-11-29,2025-11,2025-W48,Saturday,0,0,0,0,0,0,0,0,0,0,0,SGD,True,,rest_day
drv_mei_sg_11,Mei Lin Tan,firefighter,M,2025-11-30,2025-11,2025-W48,Sunday,191.77,38.35,9.66,163.08,23,6.6,7.8,0.81,3,24.71,7.09,SGD,False,,
drv_mei_sg_11,Mei Lin Tan,firefighter,M,2025-12-01,2025-12,2025-W49,Monday,190.05,38.01,0.0,152.04,15,6.5,7.0,0.94,0,23.39,10.14,SGD,False,,
drv_mei_sg_11,Mei Lin Tan,firefighter,M,2025-12-02,2025-12,2025-W49,Tuesday,100.06,20.01,0.0,80.05,22,10.6,12.3,0.74,0,7.55,3.64,SGD,False,,
drv_mei_sg_11,Mei Lin Tan,firefighter,M,2025-12-03,2025-12,2025-W49,Wednesday,213.52,42.7,0.0,170.82,8,10.3,12.7,0.72,0,16.58,21.35,SGD,False,,
drv_mei_sg_11,Mei Lin Tan,firefighter,M,2025-12-04,2025-12,2025-W49,Thursday,205.52,41.1,0.0,164.42,18,8.2,10.2,0.91,1,20.05,9.13,SGD,False,,
drv_mei_sg_11,Mei Lin Tan,firefighter,M,2025-12-05,2025-12,2025-W49,Friday,219.08,43.82,10.45,185.71,9,6.8,8.7,0.9,3,27.31,20.63,SGD,False,,
drv_mei_sg_11,Mei Lin Tan,firefighter,M,2025-12-06,2025-12,2025-W49,Saturday,0,0,0,0,0,0,0,0,0,0,0,SGD,True,,rest_day
drv_mei_sg_11,Mei Lin Tan,firefighter,M,2025-12-07,2025-12,2025-W49,Sunday,243.01,48.6,0.0,194.41,20,10.1,13.0,0.8,3,19.25,9.72,SGD,False,,
drv_mei_sg_11,Mei Lin Tan,firefighter,M,2025-12-08,2025-12,2025-W50,Monday,204.07,40.81,11.79,175.05,24,11.9,12.7,0.76,1,14.71,7.29,SGD,False,,
drv_mei_sg_11,Mei Lin Tan,firefighter,M,2025-12-09,2025-12,2025-W50,Tuesday,222.34,44.47,0.0,177.87,15,7.5,9.6,0.84,3,23.72,11.86,SGD,False,,
drv_mei_sg_11,Mei Lin Tan,firefighter,M,2025-12-10,2025-12,2025-W50,Wednesday,187.44,37.49,0.0,149.95,13,10.3,11.8,0.92,1,14.56,11.53,SGD,False,,
drv_mei_sg_11,Mei Lin Tan,firefighter,M,2025-12-11,2025-12,2025-W50,Thursday,169.82,33.96,0.0,135.86,17,12.0,13.1,0.73,1,11.32,7.99,SGD,False,,
drv_mei_sg_11,Mei Lin Tan,firefighter,M,2025-12-12,2025-12,2025-W50,Friday,213.58,42.72,14.33,185.19,18,11.2,15.1,0.91,2,16.53,10.29,SGD,False,,
drv_mei_sg_11,Mei Lin Tan,firefighter,M,2025-12-13,2025-12,2025-W50,Saturday,0,0,0,0,0,0,0,0,0,0,0,SGD,True,,rest_day
drv_mei_sg_11,Mei Lin Tan,firefighter,M,2025-12-14,2025-12,2025-W50,Sunday,139.37,27.87,10.29,121.79,16,11.5,13.9,0.9,1,10.59,7.61,SGD,False,,
drv_mei_sg_11,Mei Lin Tan,firefighter,M,2025-12-15,2025-12,2025-W51,Monday,95.12,19.02,0.0,76.1,12,9.6,10.4,0.87,0,7.93,6.34,SGD,False,,
drv_mei_sg_11,Mei Lin Tan,firefighter,M,2025-12-16,2025-12,2025-W51,Tuesday,110.6,22.12,0.0,88.48,20,10.3,12.3,0.88,3,8.59,4.42,SGD,False,,
drv_mei_sg_11,Mei Lin Tan,firefighter,M,2025-12-17,2025-12,2025-W51,Wednesday,191.04,38.21,0.0,152.83,8,7.0,8.5,0.88,1,21.83,19.1,SGD,False,,
drv_mei_sg_11,Mei Lin Tan,firefighter,M,2025-12-18,2025-12,2025-W51,Thursday,193.09,38.62,0.0,154.47,24,7.9,8.8,0.77,3,19.55,6.44,SGD,False,,
drv_mei_sg_11,Mei Lin Tan,firefighter,M,2025-12-19,2025-12,2025-W51,Friday,240.97,48.19,19.74,212.52,19,10.8,12.0,0.84,0,19.68,11.19,SGD,False,,
drv_mei_sg_11,Mei Lin Tan,firefighter,M,2025-12-20,2025-12,2025-W51,Saturday,0,0,0,0,0,0,0,0,0,0,0,SGD,True,,rest_day
drv_mei_sg_11,Mei Lin Tan,firefighter,M,2025-12-21,2025-12,2025-W51,Sunday,241.33,48.27,0.0,193.06,20,7.2,8.6,0.92,2,26.81,9.65,SGD,False,,
drv_mei_sg_11,Mei Lin Tan,firefighter,M,2025-12-22,2025-12,2025-W52,Monday,189.31,37.86,0.0,151.45,22,6.2,8.0,0.94,3,24.43,6.88,SGD,False,Year-End Peak,
drv_mei_sg_11,Mei Lin Tan,firefighter,M,2025-12-23,2025-12,2025-W52,Tuesday,254.45,50.89,0.0,203.56,22,6.0,7.9,0.76,0,33.93,9.25,SGD,False,Year-End Peak,
drv_mei_sg_11,Mei Lin Tan,firefighter,M,2025-12-24,2025-12,2025-W52,Wednesday,232.59,46.52,0.0,186.07,12,7.4,9.2,0.91,3,25.14,15.51,SGD,False,Year-End Peak,
drv_mei_sg_11,Mei Lin Tan,firefighter,M,2025-12-25,2025-12,2025-W52,Thursday,260.52,52.1,0.0,208.42,12,11.8,14.8,0.9,3,17.66,17.37,SGD,False,Year-End Peak,
drv_mei_sg_11,Mei Lin Tan,firefighter,M,2025-12-26,2025-12,2025-W52,Friday,328.75,65.75,0.0,263.0,18,6.6,8.3,0.91,2,39.85,14.61,SGD,False,Year-End Peak,
drv_mei_sg_11,Mei Lin Tan,firefighter,M,2025-12-27,2025-12,2025-W52,Saturday,0,0,0,0,0,0,0,0,0,0,0,SGD,True,Year-End Peak,rest_day
drv_mei_sg_11,Mei Lin Tan,firefighter,M,2025-12-28,2025-12,2025-W52,Sunday,293.02,58.6,0.0,234.42,15,8.9,10.9,0.79,2,26.34,15.63,SGD,False,Year-End Peak,
drv_mei_sg_11,Mei Lin Tan,firefighter,M,2025-12-29,2025-12,2026-W01,Monday,241.8,48.36,0.0,193.44,12,7.0,7.9,0.87,0,27.63,16.12,SGD,False,Year-End Peak,
drv_mei_sg_11,Mei Lin Tan,firefighter,M,2025-12-30,2025-12,2026-W01,Tuesday,203.59,40.72,0.0,162.87,15,8.7,10.1,0.77,0,18.72,10.86,SGD,False,Year-End Peak,
drv_mei_sg_11,Mei Lin Tan,firefighter,M,2025-12-31,2025-12,2026-W01,Wednesday,231.26,46.25,0.0,185.01,22,7.2,9.4,0.87,2,25.7,8.41,SGD,False,Year-End Peak,
drv_mei_sg_11,Mei Lin Tan,firefighter,M,2026-01-01,2026-01,2026-W01,Thursday,295.15,59.03,0.0,236.12,11,6.1,7.8,0.73,1,38.71,21.47,SGD,False,Year-End Peak,
drv_mei_sg_11,Mei Lin Tan,firefighter,M,2026-01-02,2026-01,2026-W01,Friday,270.66,54.13,0.0,216.53,13,10.2,11.2,0.81,3,21.23,16.66,SGD,False,Year-End Peak,
drv_mei_sg_11,Mei Lin Tan,firefighter,M,2026-01-03,2026-01,2026-W01,Saturday,0,0,0,0,0,0,0,0,0,0,0,SGD,True,,rest_day
drv_mei_sg_11,Mei Lin Tan,firefighter,M,2026-01-04,2026-01,2026-W01,Sunday,208.69,41.74,0.0,166.95,11,9.5,10.5,0.93,1,17.57,15.18,SGD,False,,
drv_mei_sg_11,Mei Lin Tan,firefighter,M,2026-01-05,2026-01,2026-W02,Monday,205.25,41.05,12.33,176.53,8,7.5,8.8,0.77,0,23.54,22.07,SGD,False,,
drv_mei_sg_11,Mei Lin Tan,firefighter,M,2026-01-06,2026-01,2026-W02,Tuesday,210.71,42.14,0.0,168.57,8,7.4,9.4,0.97,3,22.78,21.07,SGD,False,,
drv_mei_sg_11,Mei Lin Tan,firefighter,M,2026-01-07,2026-01,2026-W02,Wednesday,198.81,39.76,0.0,159.05,23,7.5,7.9,0.82,2,21.21,6.92,SGD,False,,
drv_mei_sg_11,Mei Lin Tan,firefighter,M,2026-01-08,2026-01,2026-W02,Thursday,215.44,43.09,0.0,172.35,24,9.8,12.6,0.91,2,17.59,7.18,SGD,False,,
drv_mei_sg_11,Mei Lin Tan,firefighter,M,2026-01-09,2026-01,2026-W02,Friday,277.6,55.52,0.0,222.08,9,8.3,9.3,0.88,3,26.76,24.68,SGD,False,,
drv_mei_sg_11,Mei Lin Tan,firefighter,M,2026-01-10,2026-01,2026-W02,Saturday,0,0,0,0,0,0,0,0,0,0,0,SGD,True,,rest_day
drv_mei_sg_11,Mei Lin Tan,firefighter,M,2026-01-11,2026-01,2026-W02,Sunday,211.59,42.32,0.0,169.27,24,10.2,13.5,0.82,1,16.6,7.05,SGD,False,,
drv_mei_sg_11,Mei Lin Tan,firefighter,M,2026-01-12,2026-01,2026-W03,Monday,149.89,29.98,0.0,119.91,15,8.6,9.3,0.76,2,13.94,7.99,SGD,False,,
drv_mei_sg_11,Mei Lin Tan,firefighter,M,2026-01-13,2026-01,2026-W03,Tuesday,155.96,31.19,9.8,134.57,13,7.6,8.5,0.76,3,17.71,10.35,SGD,False,,
drv_mei_sg_11,Mei Lin Tan,firefighter,M,2026-01-14,2026-01,2026-W03,Wednesday,173.98,34.8,0.0,139.18,18,10.5,13.1,0.82,0,13.26,7.73,SGD,False,,
drv_mei_sg_11,Mei Lin Tan,firefighter,M,2026-01-15,2026-01,2026-W03,Thursday,214.02,42.8,0.0,171.22,24,9.4,11.2,0.85,1,18.21,7.13,SGD,False,,
drv_mei_sg_11,Mei Lin Tan,firefighter,M,2026-01-16,2026-01,2026-W03,Friday,222.83,44.57,0.0,178.26,17,8.4,9.8,0.81,0,21.22,10.49,SGD,False,,
drv_mei_sg_11,Mei Lin Tan,firefighter,M,2026-01-17,2026-01,2026-W03,Saturday,0,0,0,0,0,0,0,0,0,0,0,SGD,True,,rest_day
drv_mei_sg_11,Mei Lin Tan,firefighter,M,2026-01-18,2026-01,2026-W03,Sunday,248.72,49.74,0.0,198.98,24,9.2,10.5,0.73,2,21.63,8.29,SGD,False,,
drv_mei_sg_11,Mei Lin Tan,firefighter,M,2026-01-19,2026-01,2026-W04,Monday,164.9,32.98,0.0,131.92,16,11.8,13.0,0.83,2,11.18,8.24,SGD,False,,
drv_mei_sg_11,Mei Lin Tan,firefighter,M,2026-01-20,2026-01,2026-W04,Tuesday,95.87,19.17,0.0,76.7,11,11.9,14.0,0.82,3,6.45,6.97,SGD,False,,
drv_mei_sg_11,Mei Lin Tan,firefighter,M,2026-01-21,2026-01,2026-W04,Wednesday,190.4,38.08,11.01,163.33,24,7.3,7.9,0.97,1,22.37,6.81,SGD,False,,
drv_mei_sg_11,Mei Lin Tan,firefighter,M,2026-01-22,2026-01,2026-W04,Thursday,214.34,42.87,10.21,181.68,22,7.7,10.3,0.86,2,23.59,8.26,SGD,False,,
drv_mei_sg_11,Mei Lin Tan,firefighter,M,2026-01-23,2026-01,2026-W04,Friday,289.1,57.82,21.33,252.61,24,7.0,8.0,0.94,0,36.09,10.53,SGD,False,,
drv_mei_sg_11,Mei Lin Tan,firefighter,M,2026-01-24,2026-01,2026-W04,Saturday,0,0,0,0,0,0,0,0,0,0,0,SGD,True,,rest_day
drv_mei_sg_11,Mei Lin Tan,firefighter,M,2026-01-25,2026-01,2026-W04,Sunday,250.3,50.06,0.0,200.24,14,11.1,11.9,0.72,2,18.04,14.3,SGD,False,,
drv_mei_sg_11,Mei Lin Tan,firefighter,M,2026-01-26,2026-01,2026-W05,Monday,161.5,32.3,10.09,139.29,15,9.7,10.2,0.85,3,14.36,9.29,SGD,False,,
drv_mei_sg_11,Mei Lin Tan,firefighter,M,2026-01-27,2026-01,2026-W05,Tuesday,219.41,43.88,0.0,175.53,9,8.7,10.9,0.96,0,20.18,19.5,SGD,False,,
drv_mei_sg_11,Mei Lin Tan,firefighter,M,2026-01-28,2026-01,2026-W05,Wednesday,203.08,40.62,0.0,162.46,19,7.3,8.1,0.74,0,22.25,8.55,SGD,False,,
drv_mei_sg_11,Mei Lin Tan,firefighter,M,2026-01-29,2026-01,2026-W05,Thursday,189.66,37.93,16.24,167.97,8,9.1,12.2,0.92,1,18.46,21.0,SGD,False,,
drv_mei_sg_11,Mei Lin Tan,firefighter,M,2026-01-30,2026-01,2026-W05,Friday,288.3,57.66,11.7,242.34,9,11.6,13.1,0.75,1,20.89,26.93,SGD,False,,
drv_mei_sg_11,Mei Lin Tan,firefighter,M,2026-01-31,2026-01,2026-W05,Saturday,0,0,0,0,0,0,0,0,0,0,0,SGD,True,,rest_day
drv_mei_sg_11,Mei Lin Tan,firefighter,M,2026-02-01,2026-02,2026-W05,Sunday,241.08,48.22,0.0,192.86,11,7.7,9.6,0.77,2,25.05,17.53,SGD,False,,
drv_mei_sg_11,Mei Lin Tan,firefighter,M,2026-02-02,2026-02,2026-W06,Monday,174.79,34.96,0.0,139.83,11,10.8,11.5,0.85,0,12.95,12.71,SGD,False,,
drv_mei_sg_11,Mei Lin Tan,firefighter,M,2026-02-03,2026-02,2026-W06,Tuesday,106.15,21.23,0.0,84.92,11,6.8,7.6,0.92,0,12.49,7.72,SGD,False,,
drv_mei_sg_11,Mei Lin Tan,firefighter,M,2026-02-04,2026-02,2026-W06,Wednesday,237.72,47.54,16.51,206.69,10,9.8,12.3,0.87,1,21.09,20.67,SGD,False,,
drv_mei_sg_11,Mei Lin Tan,firefighter,M,2026-02-05,2026-02,2026-W06,Thursday,167.55,33.51,0.0,134.04,14,6.2,8.3,0.79,3,21.62,9.57,SGD,False,,
drv_mei_sg_11,Mei Lin Tan,firefighter,M,2026-02-06,2026-02,2026-W06,Friday,215.25,43.05,0.0,172.2,20,6.3,7.2,0.78,0,27.33,8.61,SGD,False,,
drv_mei_sg_11,Mei Lin Tan,firefighter,M,2026-02-07,2026-02,2026-W06,Saturday,0,0,0,0,0,0,0,0,0,0,0,SGD,True,,rest_day
drv_mei_sg_11,Mei Lin Tan,firefighter,M,2026-02-08,2026-02,2026-W06,Sunday,224.28,44.86,12.94,192.36,19,6.7,7.2,0.96,1,28.71,10.12,SGD,False,,
drv_mei_sg_11,Mei Lin Tan,firefighter,M,2026-02-09,2026-02,2026-W07,Monday,163.8,32.76,0.0,131.04,18,7.0,7.4,0.92,3,18.72,7.28,SGD,False,,
drv_mei_sg_11,Mei Lin Tan,firefighter,M,2026-02-10,2026-02,2026-W07,Tuesday,182.86,36.57,0.0,146.29,22,10.1,13.3,0.77,3,14.48,6.65,SGD,False,,
drv_mei_sg_11,Mei Lin Tan,firefighter,M,2026-02-11,2026-02,2026-W07,Wednesday,85.11,17.02,6.0,74.09,10,9.7,11.9,0.79,2,7.64,7.41,SGD,False,,
drv_mei_sg_11,Mei Lin Tan,firefighter,M,2026-02-12,2026-02,2026-W07,Thursday,229.44,45.89,13.42,196.97,11,7.1,8.7,0.87,2,27.74,17.91,SGD,False,,
drv_mei_sg_11,Mei Lin Tan,firefighter,M,2026-02-13,2026-02,2026-W07,Friday,200.28,40.06,0.0,160.22,14,9.8,11.6,0.79,1,16.35,11.44,SGD,False,,
drv_mei_sg_11,Mei Lin Tan,firefighter,M,2026-02-14,2026-02,2026-W07,Saturday,0,0,0,0,0,0,0,0,0,0,0,SGD,True,,rest_day
drv_mei_sg_11,Mei Lin Tan,firefighter,M,2026-02-15,2026-02,2026-W07,Sunday,132.01,26.4,0.0,105.61,9,7.7,10.3,0.76,3,13.72,11.73,SGD,False,Lunar New Year,
drv_mei_sg_11,Mei Lin Tan,firefighter,M,2026-02-16,2026-02,2026-W08,Monday,126.39,25.28,0.0,101.11,18,10.9,12.9,0.79,1,9.28,5.62,SGD,False,Lunar New Year,
drv_mei_sg_11,Mei Lin Tan,firefighter,M,2026-02-17,2026-02,2026-W08,Tuesday,118.96,23.79,3.84,99.01,12,9.6,11.3,0.78,1,10.31,8.25,SGD,False,Lunar New Year,
drv_mei_sg_11,Mei Lin Tan,firefighter,M,2026-02-18,2026-02,2026-W08,Wednesday,83.72,16.74,6.05,73.03,16,7.1,9.3,0.73,0,10.29,4.56,SGD,False,Lunar New Year,
drv_mei_sg_11,Mei Lin Tan,firefighter,M,2026-02-19,2026-02,2026-W08,Thursday,161.26,32.25,7.42,136.43,20,7.6,9.8,0.79,1,17.95,6.82,SGD,False,Lunar New Year,
drv_mei_sg_11,Mei Lin Tan,firefighter,M,2026-02-20,2026-02,2026-W08,Friday,286.1,57.22,12.51,241.39,13,9.0,10.6,0.87,1,26.82,18.57,SGD,False,,
drv_mei_sg_11,Mei Lin Tan,firefighter,M,2026-02-21,2026-02,2026-W08,Saturday,0,0,0,0,0,0,0,0,0,0,0,SGD,True,,rest_day
drv_mei_sg_11,Mei Lin Tan,firefighter,M,2026-02-22,2026-02,2026-W08,Sunday,206.51,41.3,16.16,181.37,18,6.9,8.8,0.75,0,26.29,10.08,SGD,False,,
drv_mei_sg_11,Mei Lin Tan,firefighter,M,2026-02-23,2026-02,2026-W09,Monday,202.23,40.45,0.0,161.78,10,11.8,15.1,0.81,0,13.71,16.18,SGD,False,,
drv_mei_sg_11,Mei Lin Tan,firefighter,M,2026-02-24,2026-02,2026-W09,Tuesday,74.45,14.89,4.58,64.14,13,7.4,9.8,0.87,1,8.67,4.93,SGD,False,,
drv_mei_sg_11,Mei Lin Tan,firefighter,M,2026-02-25,2026-02,2026-W09,Wednesday,237.69,47.54,0.0,190.15,15,9.5,10.9,0.78,0,20.02,12.68,SGD,False,,
drv_mei_sg_11,Mei Lin Tan,firefighter,M,2026-02-26,2026-02,2026-W09,Thursday,206.29,41.26,0.0,165.03,13,6.1,7.1,0.92,0,27.05,12.69,SGD,False,,
drv_mei_sg_11,Mei Lin Tan,firefighter,M,2026-02-27,2026-02,2026-W09,Friday,264.2,52.84,19.45,230.81,9,9.4,12.0,0.95,3,24.55,25.65,SGD,False,,
drv_mei_sg_11,Mei Lin Tan,firefighter,M,2026-02-28,2026-02,2026-W09,Saturday,0,0,0,0,0,0,0,0,0,0,0,SGD,True,,rest_day
drv_mei_sg_11,Mei Lin Tan,firefighter,M,2026-03-01,2026-03,2026-W09,Sunday,257.25,51.45,0.0,205.8,8,10.5,13.5,0.89,2,19.6,25.73,SGD,False,,
drv_mei_sg_11,Mei Lin Tan,firefighter,M,2026-03-02,2026-03,2026-W10,Monday,82.77,16.55,0.0,66.22,11,10.5,12.0,0.91,0,6.31,6.02,SGD,False,,
drv_mei_sg_11,Mei Lin Tan,firefighter,M,2026-03-03,2026-03,2026-W10,Tuesday,221.96,44.39,13.42,190.99,8,10.1,13.2,0.85,2,18.91,23.87,SGD,False,,
drv_mei_sg_11,Mei Lin Tan,firefighter,M,2026-03-04,2026-03,2026-W10,Wednesday,217.71,43.54,0.0,174.17,15,11.4,14.6,0.72,1,15.28,11.61,SGD,False,,
drv_mei_sg_11,Mei Lin Tan,firefighter,M,2026-03-05,2026-03,2026-W10,Thursday,215.67,43.13,7.79,180.33,12,8.2,9.0,0.74,0,21.99,15.03,SGD,False,,
drv_mei_sg_11,Mei Lin Tan,firefighter,M,2026-03-06,2026-03,2026-W10,Friday,275.23,55.05,0.0,220.18,17,7.5,9.4,0.85,0,29.36,12.95,SGD,False,,
drv_mei_sg_11,Mei Lin Tan,firefighter,M,2026-03-07,2026-03,2026-W10,Saturday,0,0,0,0,0,0,0,0,0,0,0,SGD,True,,rest_day
drv_mei_sg_11,Mei Lin Tan,firefighter,M,2026-03-08,2026-03,2026-W10,Sunday,193.49,38.7,0.0,154.79,12,6.8,7.5,0.88,2,22.76,12.9,SGD,False,,
drv_mei_sg_11,Mei Lin Tan,firefighter,M,2026-03-09,2026-03,2026-W11,Monday,183.69,36.74,0.0,146.95,13,9.9,12.8,0.95,3,14.84,11.3,SGD,False,,
drv_mei_sg_11,Mei Lin Tan,firefighter,M,2026-03-10,2026-03,2026-W11,Tuesday,196.63,39.33,0.0,157.3,14,11.4,13.2,0.94,2,13.8,11.24,SGD,False,,
drv_mei_sg_11,Mei Lin Tan,firefighter,M,2026-03-11,2026-03,2026-W11,Wednesday,125.62,25.12,0.0,100.5,15,11.4,13.1,0.74,3,8.82,6.7,SGD,False,,
drv_mei_sg_11,Mei Lin Tan,firefighter,M,2026-03-12,2026-03,2026-W11,Thursday,79.77,15.95,0.0,63.82,13,11.1,12.4,0.84,1,5.75,4.91,SGD,False,,
drv_mei_sg_11,Mei Lin Tan,firefighter,M,2026-03-13,2026-03,2026-W11,Friday,122.28,24.46,0.0,97.82,9,9.3,11.6,0.82,2,10.52,10.87,SGD,False,,
drv_mei_sg_11,Mei Lin Tan,firefighter,M,2026-03-14,2026-03,2026-W11,Saturday,0,0,0,0,0,0,0,0,0,0,0,SGD,True,,rest_day
drv_mei_sg_11,Mei Lin Tan,firefighter,M,2026-03-15,2026-03,2026-W11,Sunday,229.63,45.93,19.46,203.16,21,11.7,13.7,0.86,3,17.36,9.67,SGD,False,,
drv_mei_sg_11,Mei Lin Tan,firefighter,M,2026-03-16,2026-03,2026-W12,Monday,92.24,18.45,0.0,73.79,14,9.1,11.3,0.77,3,8.11,5.27,SGD,False,,
drv_mei_sg_11,Mei Lin Tan,firefighter,M,2026-03-17,2026-03,2026-W12,Tuesday,204.0,40.8,0.0,163.2,19,9.7,10.6,0.89,3,16.82,8.59,SGD,False,,
drv_mei_sg_11,Mei Lin Tan,firefighter,M,2026-03-18,2026-03,2026-W12,Wednesday,200.22,40.04,0.0,160.18,10,9.2,11.6,0.72,3,17.41,16.02,SGD,False,,
drv_mei_sg_11,Mei Lin Tan,firefighter,M,2026-03-19,2026-03,2026-W12,Thursday,226.62,45.32,14.75,196.05,13,7.4,9.9,0.93,0,26.49,15.08,SGD,False,,
drv_mei_sg_11,Mei Lin Tan,firefighter,M,2026-03-20,2026-03,2026-W12,Friday,149.01,29.8,10.74,129.95,9,11.9,14.5,0.75,2,10.92,14.44,SGD,False,,
drv_mei_sg_11,Mei Lin Tan,firefighter,M,2026-03-21,2026-03,2026-W12,Saturday,0,0,0,0,0,0,0,0,0,0,0,SGD,True,,rest_day
drv_mei_sg_11,Mei Lin Tan,firefighter,M,2026-03-22,2026-03,2026-W12,Sunday,194.43,38.89,10.38,165.92,24,11.8,14.8,0.89,2,14.06,6.91,SGD,False,,
drv_mei_sg_11,Mei Lin Tan,firefighter,M,2026-03-23,2026-03,2026-W13,Monday,165.23,33.05,10.15,142.33,20,10.8,12.0,0.87,0,13.18,7.12,SGD,False,,
drv_mei_sg_11,Mei Lin Tan,firefighter,M,2026-03-24,2026-03,2026-W13,Tuesday,152.54,30.51,0.0,122.03,8,6.8,8.5,0.84,2,17.95,15.25,SGD,False,,
drv_mei_sg_11,Mei Lin Tan,firefighter,M,2026-03-25,2026-03,2026-W13,Wednesday,108.94,21.79,6.17,93.32,8,11.5,14.8,0.82,2,8.11,11.66,SGD,False,,
drv_mei_sg_11,Mei Lin Tan,firefighter,M,2026-03-26,2026-03,2026-W13,Thursday,169.04,33.81,5.59,140.82,17,6.1,7.1,0.85,0,23.09,8.28,SGD,False,,
drv_mei_sg_11,Mei Lin Tan,firefighter,M,2026-03-27,2026-03,2026-W13,Friday,258.13,51.63,17.77,224.27,18,8.1,9.0,0.8,0,27.69,12.46,SGD,False,,
drv_mei_sg_11,Mei Lin Tan,firefighter,M,2026-03-28,2026-03,2026-W13,Saturday,0,0,0,0,0,0,0,0,0,0,0,SGD,True,,rest_day
drv_mei_sg_11,Mei Lin Tan,firefighter,M,2026-03-29,2026-03,2026-W13,Sunday,0,0,0,0,0,0,0,0,0,0,0,SGD,False,,illness
drv_mei_sg_11,Mei Lin Tan,firefighter,M,2026-03-30,2026-03,2026-W14,Monday,0,0,0,0,0,0,0,0,0,0,0,SGD,False,,illness
drv_mei_sg_11,Mei Lin Tan,firefighter,M,2026-03-31,2026-03,2026-W14,Tuesday,0,0,0,0,0,0,0,0,0,0,0,SGD,False,,illness
drv_mei_sg_11,Mei Lin Tan,firefighter,M,2026-04-01,2026-04,2026-W14,Wednesday,0,0,0,0,0,0,0,0,0,0,0,SGD,False,,illness
drv_mei_sg_11,Mei Lin Tan,firefighter,M,2026-04-02,2026-04,2026-W14,Thursday,0,0,0,0,0,0,0,0,0,0,0,SGD,False,,illness
drv_mei_sg_11,Mei Lin Tan,firefighter,M,2026-04-03,2026-04,2026-W14,Friday,202.63,40.53,0.0,162.1,12,9.4,10.5,0.73,0,17.24,13.51,SGD,False,,
drv_mei_sg_11,Mei Lin Tan,firefighter,M,2026-04-04,2026-04,2026-W14,Saturday,0,0,0,0,0,0,0,0,0,0,0,SGD,True,,rest_day
drv_mei_sg_11,Mei Lin Tan,firefighter,M,2026-04-05,2026-04,2026-W14,Sunday,242.71,48.54,0.0,194.17,14,11.0,14.2,0.84,1,17.65,13.87,SGD,False,,
drv_mei_sg_11,Mei Lin Tan,firefighter,M,2026-04-06,2026-04,2026-W15,Monday,189.62,37.92,0.0,151.7,23,12.0,12.9,0.73,0,12.64,6.6,SGD,False,,
drv_mei_sg_11,Mei Lin Tan,firefighter,M,2026-04-07,2026-04,2026-W15,Tuesday,200.09,40.02,0.0,160.07,17,10.9,12.6,0.89,2,14.69,9.42,SGD,False,,
drv_mei_sg_11,Mei Lin Tan,firefighter,M,2026-04-08,2026-04,2026-W15,Wednesday,175.74,35.15,8.68,149.27,22,11.9,13.2,0.74,1,12.54,6.79,SGD,False,,
drv_mei_sg_11,Mei Lin Tan,firefighter,M,2026-04-09,2026-04,2026-W15,Thursday,223.38,44.68,12.59,191.29,11,7.5,8.6,0.87,1,25.51,17.39,SGD,False,,
drv_mei_sg_11,Mei Lin Tan,firefighter,M,2026-04-10,2026-04,2026-W15,Friday,262.05,52.41,20.29,229.93,20,10.8,12.5,0.89,1,21.29,11.5,SGD,False,,
drv_mei_sg_11,Mei Lin Tan,firefighter,M,2026-04-11,2026-04,2026-W15,Saturday,0,0,0,0,0,0,0,0,0,0,0,SGD,True,,rest_day
drv_mei_sg_11,Mei Lin Tan,firefighter,M,2026-04-12,2026-04,2026-W15,Sunday,107.25,21.45,0.0,85.8,10,11.0,14.4,0.83,0,7.8,8.58,SGD,False,,
drv_mei_sg_11,Mei Lin Tan,firefighter,M,2026-04-13,2026-04,2026-W16,Monday,175.88,35.18,0.0,140.7,14,8.2,10.0,0.8,1,17.16,10.05,SGD,False,,
drv_mei_sg_11,Mei Lin Tan,firefighter,M,2026-04-14,2026-04,2026-W16,Tuesday,208.49,41.7,0.0,166.79,11,10.5,13.2,0.88,3,15.88,15.16,SGD,False,,
drv_mei_sg_11,Mei Lin Tan,firefighter,M,2026-04-15,2026-04,2026-W16,Wednesday,187.52,37.5,9.1,159.12,23,10.7,11.5,0.92,2,14.87,6.92,SGD,False,,
drv_mei_sg_11,Mei Lin Tan,firefighter,M,2026-04-16,2026-04,2026-W16,Thursday,183.98,36.8,11.06,158.24,13,8.5,10.2,0.8,1,18.62,12.17,SGD,False,,
drv_mei_sg_11,Mei Lin Tan,firefighter,M,2026-04-17,2026-04,2026-W16,Friday,282.35,56.47,0.0,225.88,14,7.6,9.8,0.85,3,29.72,16.13,SGD,False,,
drv_mei_sg_11,Mei Lin Tan,firefighter,M,2026-04-18,2026-04,2026-W16,Saturday,0,0,0,0,0,0,0,0,0,0,0,SGD,True,,rest_day
drv_mei_sg_11,Mei Lin Tan,firefighter,M,2026-04-19,2026-04,2026-W16,Sunday,187.34,37.47,9.25,159.12,12,6.1,7.5,0.93,0,26.09,13.26,SGD,False,,
drv_mei_sg_11,Mei Lin Tan,firefighter,M,2026-04-20,2026-04,2026-W17,Monday,174.81,34.96,0.0,139.85,12,7.3,9.0,0.81,2,19.16,11.65,SGD,False,,
drv_mei_sg_11,Mei Lin Tan,firefighter,M,2026-04-21,2026-04,2026-W17,Tuesday,187.88,37.58,9.85,160.15,12,6.5,6.9,0.91,2,24.64,13.35,SGD,False,,
drv_mei_sg_11,Mei Lin Tan,firefighter,M,2026-04-22,2026-04,2026-W17,Wednesday,202.68,40.54,0.0,162.14,21,11.0,12.2,0.9,3,14.74,7.72,SGD,False,,
drv_mei_sg_11,Mei Lin Tan,firefighter,M,2026-04-23,2026-04,2026-W17,Thursday,247.58,49.52,0.0,198.06,21,9.8,12.2,0.95,3,20.21,9.43,SGD,False,,
drv_mei_sg_11,Mei Lin Tan,firefighter,M,2026-04-24,2026-04,2026-W17,Friday,281.58,56.32,14.65,239.91,24,7.1,8.8,0.95,3,33.79,10.0,SGD,False,,
drv_mei_sg_11,Mei Lin Tan,firefighter,M,2026-04-25,2026-04,2026-W17,Saturday,0,0,0,0,0,0,0,0,0,0,0,SGD,True,,rest_day
drv_mei_sg_11,Mei Lin Tan,firefighter,M,2026-04-26,2026-04,2026-W17,Sunday,236.17,47.23,0.0,188.94,13,10.7,14.4,0.77,3,17.66,14.53,SGD,False,,
drv_mei_sg_11,Mei Lin Tan,firefighter,M,2026-04-27,2026-04,2026-W18,Monday,138.92,27.78,9.64,120.78,19,8.3,8.9,0.74,3,14.55,6.36,SGD,False,,
drv_mei_sg_11,Mei Lin Tan,firefighter,M,2026-04-28,2026-04,2026-W18,Tuesday,179.09,35.82,11.43,154.7,10,10.1,13.4,0.82,0,15.32,15.47,SGD,False,,
drv_mei_sg_11,Mei Lin Tan,firefighter,M,2026-04-29,2026-04,2026-W18,Wednesday,100.68,20.14,0.0,80.54,10,11.9,14.0,0.95,3,6.77,8.05,SGD,False,,
drv_mei_sg_11,Mei Lin Tan,firefighter,M,2026-04-30,2026-04,2026-W18,Thursday,240.46,48.09,0.0,192.37,10,6.2,7.1,0.73,1,31.03,19.24,SGD,False,,
drv_mei_sg_11,Mei Lin Tan,firefighter,M,2026-05-01,2026-05,2026-W18,Friday,248.75,49.75,11.71,210.71,11,10.7,14.3,0.82,3,19.69,19.16,SGD,False,,
drv_mei_sg_11,Mei Lin Tan,firefighter,M,2026-05-02,2026-05,2026-W18,Saturday,0,0,0,0,0,0,0,0,0,0,0,SGD,True,,rest_day
drv_mei_sg_11,Mei Lin Tan,firefighter,M,2026-05-03,2026-05,2026-W18,Sunday,207.13,41.43,8.87,174.57,10,6.9,8.8,0.78,2,25.3,17.46,SGD,False,,
drv_mei_sg_11,Mei Lin Tan,firefighter,M,2026-05-04,2026-05,2026-W19,Monday,176.85,35.37,9.4,150.88,9,6.8,7.3,0.93,3,22.19,16.76,SGD,False,,
drv_mei_sg_11,Mei Lin Tan,firefighter,M,2026-05-05,2026-05,2026-W19,Tuesday,158.98,31.8,0.0,127.18,10,8.3,10.3,0.84,0,15.32,12.72,SGD,False,,
drv_mei_sg_11,Mei Lin Tan,firefighter,M,2026-05-06,2026-05,2026-W19,Wednesday,180.65,36.13,10.02,154.54,13,8.6,9.8,0.92,0,17.97,11.89,SGD,False,,
drv_mei_sg_11,Mei Lin Tan,firefighter,M,2026-05-07,2026-05,2026-W19,Thursday,205.04,41.01,0.0,164.03,13,10.1,12.4,0.92,3,16.24,12.62,SGD,False,,
drv_mei_sg_11,Mei Lin Tan,firefighter,M,2026-05-08,2026-05,2026-W19,Friday,123.61,24.72,6.2,105.09,9,8.0,9.3,0.93,0,13.14,11.68,SGD,False,,
drv_mei_sg_11,Mei Lin Tan,firefighter,M,2026-05-09,2026-05,2026-W19,Saturday,0,0,0,0,0,0,0,0,0,0,0,SGD,True,,rest_day
drv_mei_sg_11,Mei Lin Tan,firefighter,M,2026-05-10,2026-05,2026-W19,Sunday,260.14,52.03,0.0,208.11,20,9.5,11.7,0.85,3,21.91,10.41,SGD,False,,
drv_mei_sg_11,Mei Lin Tan,firefighter,M,2026-05-11,2026-05,2026-W20,Monday,183.26,36.65,0.0,146.61,19,7.9,10.6,0.75,1,18.56,7.72,SGD,False,,
drv_mei_sg_11,Mei Lin Tan,firefighter,M,2026-05-12,2026-05,2026-W20,Tuesday,156.48,31.3,0.0,125.18,16,9.5,12.8,0.94,0,13.18,7.82,SGD,False,,
drv_mei_sg_11,Mei Lin Tan,firefighter,M,2026-05-13,2026-05,2026-W20,Wednesday,184.37,36.87,11.01,158.51,17,9.3,11.5,0.86,3,17.04,9.32,SGD,False,,
drv_mei_sg_11,Mei Lin Tan,firefighter,M,2026-05-14,2026-05,2026-W20,Thursday,124.74,24.95,0.0,99.79,9,8.4,9.4,0.95,1,11.88,11.09,SGD,False,,
drv_mei_sg_11,Mei Lin Tan,firefighter,M,2026-05-15,2026-05,2026-W20,Friday,286.04,57.21,0.0,228.83,23,11.8,13.3,0.79,1,19.39,9.95,SGD,False,,
drv_kumar_sg_12,Kumar Raj,grower,H,2024-11-16,2024-11,2024-W46,Saturday,184.07,36.81,0.0,147.26,13,9.8,12.2,0.8,1,15.03,11.33,SGD,False,,
drv_kumar_sg_12,Kumar Raj,grower,H,2024-11-17,2024-11,2024-W46,Sunday,0,0,0,0,0,0,0,0,0,0,0,SGD,True,,rest_day
drv_kumar_sg_12,Kumar Raj,grower,H,2024-11-18,2024-11,2024-W47,Monday,249.84,49.97,14.46,214.33,9,10.8,12.6,0.78,1,19.85,23.81,SGD,False,,
drv_kumar_sg_12,Kumar Raj,grower,H,2024-11-19,2024-11,2024-W47,Tuesday,271.5,54.3,15.97,233.17,23,6.2,6.5,0.74,2,37.61,10.14,SGD,False,,
drv_kumar_sg_12,Kumar Raj,grower,H,2024-11-20,2024-11,2024-W47,Wednesday,310.39,62.08,0.0,248.31,24,7.3,8.9,0.89,0,34.02,10.35,SGD,False,,
drv_kumar_sg_12,Kumar Raj,grower,H,2024-11-21,2024-11,2024-W47,Thursday,178.98,35.8,0.0,143.18,13,11.9,15.2,0.77,1,12.03,11.01,SGD,False,,
drv_kumar_sg_12,Kumar Raj,grower,H,2024-11-22,2024-11,2024-W47,Friday,381.31,76.26,0.0,305.05,20,6.1,7.9,0.81,0,50.01,15.25,SGD,False,,
drv_kumar_sg_12,Kumar Raj,grower,H,2024-11-23,2024-11,2024-W47,Saturday,424.78,84.96,0.0,339.82,17,9.1,12.0,0.91,3,37.34,19.99,SGD,False,,
drv_kumar_sg_12,Kumar Raj,grower,H,2024-11-24,2024-11,2024-W47,Sunday,0,0,0,0,0,0,0,0,0,0,0,SGD,True,,rest_day
drv_kumar_sg_12,Kumar Raj,grower,H,2024-11-25,2024-11,2024-W48,Monday,224.93,44.99,0.0,179.94,9,9.6,11.9,0.76,2,18.74,19.99,SGD,False,,
drv_kumar_sg_12,Kumar Raj,grower,H,2024-11-26,2024-11,2024-W48,Tuesday,306.01,61.2,23.17,267.98,8,11.5,12.2,0.94,0,23.3,33.5,SGD,False,,
drv_kumar_sg_12,Kumar Raj,grower,H,2024-11-27,2024-11,2024-W48,Wednesday,243.62,48.72,0.0,194.9,12,6.6,8.1,0.77,0,29.53,16.24,SGD,False,,
drv_kumar_sg_12,Kumar Raj,grower,H,2024-11-28,2024-11,2024-W48,Thursday,260.97,52.19,14.53,223.31,23,7.9,10.0,0.78,3,28.27,9.71,SGD,False,,
drv_kumar_sg_12,Kumar Raj,grower,H,2024-11-29,2024-11,2024-W48,Friday,337.82,67.56,0.0,270.26,18,8.7,9.7,0.88,1,31.06,15.01,SGD,False,,
drv_kumar_sg_12,Kumar Raj,grower,H,2024-11-30,2024-11,2024-W48,Saturday,334.61,66.92,27.57,295.26,15,12.0,14.8,0.76,0,24.61,19.68,SGD,False,,
drv_kumar_sg_12,Kumar Raj,grower,H,2024-12-01,2024-12,2024-W48,Sunday,0,0,0,0,0,0,0,0,0,0,0,SGD,True,,rest_day
drv_kumar_sg_12,Kumar Raj,grower,H,2024-12-02,2024-12,2024-W49,Monday,223.21,44.64,0.0,178.57,16,10.6,13.3,0.78,3,16.85,11.16,SGD,False,,
drv_kumar_sg_12,Kumar Raj,grower,H,2024-12-03,2024-12,2024-W49,Tuesday,235.52,47.1,0.0,188.42,16,6.7,8.6,0.91,3,28.12,11.78,SGD,False,,
drv_kumar_sg_12,Kumar Raj,grower,H,2024-12-04,2024-12,2024-W49,Wednesday,263.7,52.74,0.0,210.96,21,11.6,14.6,0.84,3,18.19,10.05,SGD,False,,
drv_kumar_sg_12,Kumar Raj,grower,H,2024-12-05,2024-12,2024-W49,Thursday,304.9,60.98,15.27,259.19,12,7.3,9.4,0.83,2,35.51,21.6,SGD,False,,
drv_kumar_sg_12,Kumar Raj,grower,H,2024-12-06,2024-12,2024-W49,Friday,378.05,75.61,0.0,302.44,10,10.6,12.9,0.75,2,28.53,30.24,SGD,False,,
drv_kumar_sg_12,Kumar Raj,grower,H,2024-12-07,2024-12,2024-W49,Saturday,335.45,67.09,0.0,268.36,12,9.7,10.4,0.87,0,27.67,22.36,SGD,False,,
drv_kumar_sg_12,Kumar Raj,grower,H,2024-12-08,2024-12,2024-W49,Sunday,0,0,0,0,0,0,0,0,0,0,0,SGD,True,,rest_day
drv_kumar_sg_12,Kumar Raj,grower,H,2024-12-09,2024-12,2024-W50,Monday,279.82,55.96,0.0,223.86,19,11.5,14.4,0.91,0,19.47,11.78,SGD,False,,
drv_kumar_sg_12,Kumar Raj,grower,H,2024-12-10,2024-12,2024-W50,Tuesday,240.0,48.0,0.0,192.0,15,9.5,10.4,0.96,0,20.21,12.8,SGD,False,,
drv_kumar_sg_12,Kumar Raj,grower,H,2024-12-11,2024-12,2024-W50,Wednesday,300.73,60.15,0.0,240.58,16,8.0,10.3,0.86,1,30.07,15.04,SGD,False,,
drv_kumar_sg_12,Kumar Raj,grower,H,2024-12-12,2024-12,2024-W50,Thursday,245.59,49.12,12.01,208.48,15,10.2,13.8,0.89,1,20.44,13.9,SGD,False,,
drv_kumar_sg_12,Kumar Raj,grower,H,2024-12-13,2024-12,2024-W50,Friday,281.49,56.3,0.0,225.19,9,8.8,9.7,0.91,0,25.59,25.02,SGD,False,,
drv_kumar_sg_12,Kumar Raj,grower,H,2024-12-14,2024-12,2024-W50,Saturday,412.06,82.41,0.0,329.65,19,10.6,14.1,0.88,3,31.1,17.35,SGD,False,,
drv_kumar_sg_12,Kumar Raj,grower,H,2024-12-15,2024-12,2024-W50,Sunday,0,0,0,0,0,0,0,0,0,0,0,SGD,True,,rest_day
drv_kumar_sg_12,Kumar Raj,grower,H,2024-12-16,2024-12,2024-W51,Monday,266.57,53.31,0.0,213.26,17,8.2,10.2,0.83,2,26.01,12.54,SGD,False,,
drv_kumar_sg_12,Kumar Raj,grower,H,2024-12-17,2024-12,2024-W51,Tuesday,267.87,53.57,0.0,214.3,20,6.4,6.8,0.81,3,33.48,10.71,SGD,False,,
drv_kumar_sg_12,Kumar Raj,grower,H,2024-12-18,2024-12,2024-W51,Wednesday,313.59,62.72,0.0,250.87,10,9.8,10.9,0.89,1,25.6,25.09,SGD,False,,
drv_kumar_sg_12,Kumar Raj,grower,H,2024-12-19,2024-12,2024-W51,Thursday,286.95,57.39,0.0,229.56,10,9.0,11.6,0.96,2,25.51,22.96,SGD,False,,
drv_kumar_sg_12,Kumar Raj,grower,H,2024-12-20,2024-12,2024-W51,Friday,368.9,73.78,13.28,308.4,24,7.5,8.8,0.75,3,41.12,12.85,SGD,False,,
drv_kumar_sg_12,Kumar Raj,grower,H,2024-12-21,2024-12,2024-W51,Saturday,342.7,68.54,0.0,274.16,9,7.2,8.9,0.92,2,38.08,30.46,SGD,False,,
drv_kumar_sg_12,Kumar Raj,grower,H,2024-12-22,2024-12,2024-W51,Sunday,0,0,0,0,0,0,0,0,0,0,0,SGD,True,Year-End Peak,rest_day
drv_kumar_sg_12,Kumar Raj,grower,H,2024-12-23,2024-12,2024-W52,Monday,254.45,50.89,0.0,203.56,8,7.9,10.5,0.89,3,25.77,25.45,SGD,False,Year-End Peak,
drv_kumar_sg_12,Kumar Raj,grower,H,2024-12-24,2024-12,2024-W52,Tuesday,390.23,78.05,19.87,332.05,22,11.7,12.3,0.8,3,28.38,15.09,SGD,False,Year-End Peak,
drv_kumar_sg_12,Kumar Raj,grower,H,2024-12-25,2024-12,2024-W52,Wednesday,308.49,61.7,0.0,246.79,17,6.4,7.0,0.91,2,38.56,14.52,SGD,False,Year-End Peak,
drv_kumar_sg_12,Kumar Raj,grower,H,2024-12-26,2024-12,2024-W52,Thursday,345.66,69.13,19.46,295.99,24,7.7,8.3,0.85,0,38.44,12.33,SGD,False,Year-End Peak,
drv_kumar_sg_12,Kumar Raj,grower,H,2024-12-27,2024-12,2024-W52,Friday,444.13,88.83,0.0,355.3,8,9.7,10.9,0.73,1,36.63,44.41,SGD,False,Year-End Peak,
drv_kumar_sg_12,Kumar Raj,grower,H,2024-12-28,2024-12,2024-W52,Saturday,418.69,83.74,0.0,334.95,23,11.4,12.7,0.81,2,29.38,14.56,SGD,False,Year-End Peak,
drv_kumar_sg_12,Kumar Raj,grower,H,2024-12-29,2024-12,2024-W52,Sunday,0,0,0,0,0,0,0,0,0,0,0,SGD,True,Year-End Peak,rest_day
drv_kumar_sg_12,Kumar Raj,grower,H,2024-12-30,2024-12,2025-W01,Monday,310.61,62.12,0.0,248.49,13,10.2,12.3,0.73,2,24.36,19.11,SGD,False,Year-End Peak,
drv_kumar_sg_12,Kumar Raj,grower,H,2024-12-31,2024-12,2025-W01,Tuesday,339.4,67.88,0.0,271.52,20,9.0,10.5,0.78,0,30.17,13.58,SGD,False,Year-End Peak,
drv_kumar_sg_12,Kumar Raj,grower,H,2025-01-01,2025-01,2025-W01,Wednesday,339.61,67.92,14.81,286.5,22,7.3,8.9,0.77,3,39.25,13.02,SGD,False,Year-End Peak,
drv_kumar_sg_12,Kumar Raj,grower,H,2025-01-02,2025-01,2025-W01,Thursday,382.08,76.42,23.97,329.63,22,6.1,6.9,0.75,0,54.04,14.98,SGD,False,Year-End Peak,
drv_kumar_sg_12,Kumar Raj,grower,H,2025-01-03,2025-01,2025-W01,Friday,293.29,58.66,19.4,254.03,13,8.6,10.9,0.8,2,29.54,19.54,SGD,False,,
drv_kumar_sg_12,Kumar Raj,grower,H,2025-01-04,2025-01,2025-W01,Saturday,306.02,61.2,0.0,244.82,16,9.1,9.6,0.93,2,26.9,15.3,SGD,False,,
drv_kumar_sg_12,Kumar Raj,grower,H,2025-01-05,2025-01,2025-W01,Sunday,0,0,0,0,0,0,0,0,0,0,0,SGD,True,,rest_day
drv_kumar_sg_12,Kumar Raj,grower,H,2025-01-06,2025-01,2025-W02,Monday,236.36,47.27,0.0,189.09,16,8.8,9.6,0.86,1,21.49,11.82,SGD,False,,
drv_kumar_sg_12,Kumar Raj,grower,H,2025-01-07,2025-01,2025-W02,Tuesday,280.34,56.07,0.0,224.27,22,7.3,8.3,0.78,2,30.72,10.19,SGD,False,,
drv_kumar_sg_12,Kumar Raj,grower,H,2025-01-08,2025-01,2025-W02,Wednesday,233.01,46.6,0.0,186.41,15,9.0,12.0,0.82,1,20.71,12.43,SGD,False,,
drv_kumar_sg_12,Kumar Raj,grower,H,2025-01-09,2025-01,2025-W02,Thursday,239.22,47.84,0.0,191.38,11,8.8,9.3,0.84,3,21.75,17.4,SGD,False,,
drv_kumar_sg_12,Kumar Raj,grower,H,2025-01-10,2025-01,2025-W02,Friday,283.42,56.68,14.19,240.93,14,9.0,10.0,0.92,0,26.77,17.21,SGD,False,,
drv_kumar_sg_12,Kumar Raj,grower,H,2025-01-11,2025-01,2025-W02,Saturday,343.97,68.79,22.8,297.98,15,9.4,12.2,0.94,2,31.7,19.87,SGD,False,,
drv_kumar_sg_12,Kumar Raj,grower,H,2025-01-12,2025-01,2025-W02,Sunday,0,0,0,0,0,0,0,0,0,0,0,SGD,True,,rest_day
drv_kumar_sg_12,Kumar Raj,grower,H,2025-01-13,2025-01,2025-W03,Monday,220.09,44.02,9.32,185.39,22,6.1,7.7,0.89,0,30.39,8.43,SGD,False,,
drv_kumar_sg_12,Kumar Raj,grower,H,2025-01-14,2025-01,2025-W03,Tuesday,270.97,54.19,0.0,216.78,9,6.5,7.6,0.83,0,33.35,24.09,SGD,False,,
drv_kumar_sg_12,Kumar Raj,grower,H,2025-01-15,2025-01,2025-W03,Wednesday,311.43,62.29,0.0,249.14,15,10.5,13.4,0.72,2,23.73,16.61,SGD,False,,
drv_kumar_sg_12,Kumar Raj,grower,H,2025-01-16,2025-01,2025-W03,Thursday,241.85,48.37,0.0,193.48,23,9.4,10.9,0.72,3,20.58,8.41,SGD,False,,
drv_kumar_sg_12,Kumar Raj,grower,H,2025-01-17,2025-01,2025-W03,Friday,159.42,31.88,7.86,135.4,9,11.7,14.4,0.87,1,11.57,15.04,SGD,False,,
drv_kumar_sg_12,Kumar Raj,grower,H,2025-01-18,2025-01,2025-W03,Saturday,346.12,69.22,0.0,276.9,19,8.7,10.1,0.82,1,31.83,14.57,SGD,False,,
drv_kumar_sg_12,Kumar Raj,grower,H,2025-01-19,2025-01,2025-W03,Sunday,0,0,0,0,0,0,0,0,0,0,0,SGD,True,,rest_day
drv_kumar_sg_12,Kumar Raj,grower,H,2025-01-20,2025-01,2025-W04,Monday,234.45,46.89,0.0,187.56,22,6.6,6.9,0.79,0,28.42,8.53,SGD,False,,
drv_kumar_sg_12,Kumar Raj,grower,H,2025-01-21,2025-01,2025-W04,Tuesday,138.35,27.67,0.0,110.68,14,7.2,9.1,0.75,3,15.37,7.91,SGD,False,,
drv_kumar_sg_12,Kumar Raj,grower,H,2025-01-22,2025-01,2025-W04,Wednesday,260.19,52.04,0.0,208.15,12,11.4,13.9,0.78,2,18.26,17.35,SGD,False,,
drv_kumar_sg_12,Kumar Raj,grower,H,2025-01-23,2025-01,2025-W04,Thursday,325.23,65.05,23.12,283.3,16,11.6,13.8,0.76,1,24.42,17.71,SGD,False,,
drv_kumar_sg_12,Kumar Raj,grower,H,2025-01-24,2025-01,2025-W04,Friday,304.19,60.84,19.82,263.17,16,11.3,13.9,0.84,0,23.29,16.45,SGD,False,,
drv_kumar_sg_12,Kumar Raj,grower,H,2025-01-25,2025-01,2025-W04,Saturday,397.39,79.48,0.0,317.91,15,8.1,9.0,0.81,1,39.25,21.19,SGD,False,,
drv_kumar_sg_12,Kumar Raj,grower,H,2025-01-26,2025-01,2025-W04,Sunday,0,0,0,0,0,0,0,0,0,0,0,SGD,True,,rest_day
drv_kumar_sg_12,Kumar Raj,grower,H,2025-01-27,2025-01,2025-W05,Monday,202.9,40.58,0.0,162.32,22,7.3,8.8,0.84,3,22.24,7.38,SGD,False,,
drv_kumar_sg_12,Kumar Raj,grower,H,2025-01-28,2025-01,2025-W05,Tuesday,222.74,44.55,0.0,178.19,23,7.5,8.3,0.83,3,23.76,7.75,SGD,False,Lunar New Year,
drv_kumar_sg_12,Kumar Raj,grower,H,2025-01-29,2025-01,2025-W05,Wednesday,95.54,19.11,6.27,82.7,18,9.0,11.6,0.92,2,9.19,4.59,SGD,False,Lunar New Year,
drv_kumar_sg_12,Kumar Raj,grower,H,2025-01-30,2025-01,2025-W05,Thursday,176.54,35.31,0.0,141.23,23,10.9,13.1,0.87,0,12.96,6.14,SGD,False,Lunar New Year,
drv_kumar_sg_12,Kumar Raj,grower,H,2025-01-31,2025-01,2025-W05,Friday,230.84,46.17,9.8,194.47,10,7.7,10.2,0.88,1,25.26,19.45,SGD,False,Lunar New Year,
drv_kumar_sg_12,Kumar Raj,grower,H,2025-02-01,2025-02,2025-W05,Saturday,297.39,59.48,0.0,237.91,23,6.4,7.9,0.76,3,37.17,10.34,SGD,False,Lunar New Year,
drv_kumar_sg_12,Kumar Raj,grower,H,2025-02-02,2025-02,2025-W05,Sunday,0,0,0,0,0,0,0,0,0,0,0,SGD,True,,rest_day
drv_kumar_sg_12,Kumar Raj,grower,H,2025-02-03,2025-02,2025-W06,Monday,230.55,46.11,0.0,184.44,19,7.7,8.4,0.9,1,23.95,9.71,SGD,False,,
drv_kumar_sg_12,Kumar Raj,grower,H,2025-02-04,2025-02,2025-W06,Tuesday,278.88,55.78,0.0,223.1,12,11.1,14.3,0.81,1,20.1,18.59,SGD,False,,
drv_kumar_sg_12,Kumar Raj,grower,H,2025-02-05,2025-02,2025-W06,Wednesday,304.65,60.93,0.0,243.72,19,10.9,13.6,0.93,3,22.36,12.83,SGD,False,,
drv_kumar_sg_12,Kumar Raj,grower,H,2025-02-06,2025-02,2025-W06,Thursday,259.0,51.8,0.0,207.2,9,8.7,9.6,0.94,3,23.82,23.02,SGD,False,,
drv_kumar_sg_12,Kumar Raj,grower,H,2025-02-07,2025-02,2025-W06,Friday,317.85,63.57,0.0,254.28,19,11.0,12.8,0.89,3,23.12,13.38,SGD,False,,
drv_kumar_sg_12,Kumar Raj,grower,H,2025-02-08,2025-02,2025-W06,Saturday,312.69,62.54,0.0,250.15,17,9.7,11.8,0.72,0,25.79,14.71,SGD,False,,
drv_kumar_sg_12,Kumar Raj,grower,H,2025-02-09,2025-02,2025-W06,Sunday,0,0,0,0,0,0,0,0,0,0,0,SGD,True,,rest_day
drv_kumar_sg_12,Kumar Raj,grower,H,2025-02-10,2025-02,2025-W07,Monday,113.93,22.79,0.0,91.14,11,8.6,9.7,0.96,0,10.6,8.29,SGD,False,,
drv_kumar_sg_12,Kumar Raj,grower,H,2025-02-11,2025-02,2025-W07,Tuesday,239.75,47.95,0.0,191.8,23,9.2,11.5,0.95,3,20.85,8.34,SGD,False,,
drv_kumar_sg_12,Kumar Raj,grower,H,2025-02-12,2025-02,2025-W07,Wednesday,292.93,58.59,16.48,250.82,11,6.9,7.8,0.95,0,36.35,22.8,SGD,False,,
drv_kumar_sg_12,Kumar Raj,grower,H,2025-02-13,2025-02,2025-W07,Thursday,246.5,49.3,0.0,197.2,10,8.7,11.4,0.97,1,22.67,19.72,SGD,False,,
drv_kumar_sg_12,Kumar Raj,grower,H,2025-02-14,2025-02,2025-W07,Friday,328.11,65.62,0.0,262.49,20,10.9,14.1,0.94,3,24.08,13.12,SGD,False,,
drv_kumar_sg_12,Kumar Raj,grower,H,2025-02-15,2025-02,2025-W07,Saturday,299.12,59.82,0.0,239.3,16,10.7,12.7,0.78,2,22.36,14.96,SGD,False,,
drv_kumar_sg_12,Kumar Raj,grower,H,2025-02-16,2025-02,2025-W07,Sunday,0,0,0,0,0,0,0,0,0,0,0,SGD,True,,rest_day
drv_kumar_sg_12,Kumar Raj,grower,H,2025-02-17,2025-02,2025-W08,Monday,269.52,53.9,0.0,215.62,19,7.9,8.3,0.82,0,27.29,11.35,SGD,False,,
drv_kumar_sg_12,Kumar Raj,grower,H,2025-02-18,2025-02,2025-W08,Tuesday,304.71,60.94,0.0,243.77,11,10.7,12.0,0.86,0,22.78,22.16,SGD,False,,
drv_kumar_sg_12,Kumar Raj,grower,H,2025-02-19,2025-02,2025-W08,Wednesday,282.0,56.4,15.29,240.89,24,7.6,10.1,0.92,2,31.7,10.04,SGD,False,,
drv_kumar_sg_12,Kumar Raj,grower,H,2025-02-20,2025-02,2025-W08,Thursday,332.8,66.56,25.99,292.23,23,11.9,14.5,0.76,3,24.56,12.71,SGD,False,,
drv_kumar_sg_12,Kumar Raj,grower,H,2025-02-21,2025-02,2025-W08,Friday,401.16,80.23,0.0,320.93,20,10.6,13.8,0.91,1,30.28,16.05,SGD,False,,
drv_kumar_sg_12,Kumar Raj,grower,H,2025-02-22,2025-02,2025-W08,Saturday,417.56,83.51,36.1,370.15,12,7.7,10.0,0.73,0,48.07,30.85,SGD,False,,
drv_kumar_sg_12,Kumar Raj,grower,H,2025-02-23,2025-02,2025-W08,Sunday,0,0,0,0,0,0,0,0,0,0,0,SGD,True,,rest_day
drv_kumar_sg_12,Kumar Raj,grower,H,2025-02-24,2025-02,2025-W09,Monday,241.14,48.23,10.91,203.82,13,8.9,11.0,0.84,1,22.9,15.68,SGD,False,,
drv_kumar_sg_12,Kumar Raj,grower,H,2025-02-25,2025-02,2025-W09,Tuesday,257.11,51.42,0.0,205.69,8,11.1,12.3,0.8,2,18.53,25.71,SGD,False,,
drv_kumar_sg_12,Kumar Raj,grower,H,2025-02-26,2025-02,2025-W09,Wednesday,280.51,56.1,0.0,224.41,23,7.2,9.1,0.86,1,31.17,9.76,SGD,False,,
drv_kumar_sg_12,Kumar Raj,grower,H,2025-02-27,2025-02,2025-W09,Thursday,307.59,61.52,0.0,246.07,20,6.4,7.1,0.9,0,38.45,12.3,SGD,False,,
drv_kumar_sg_12,Kumar Raj,grower,H,2025-02-28,2025-02,2025-W09,Friday,376.98,75.4,0.0,301.58,12,10.1,10.9,0.73,3,29.86,25.13,SGD,False,,
drv_kumar_sg_12,Kumar Raj,grower,H,2025-03-01,2025-03,2025-W09,Saturday,328.41,65.68,21.71,284.44,13,10.2,13.6,0.78,1,27.89,21.88,SGD,False,,
drv_kumar_sg_12,Kumar Raj,grower,H,2025-03-02,2025-03,2025-W09,Sunday,0,0,0,0,0,0,0,0,0,0,0,SGD,True,,rest_day
drv_kumar_sg_12,Kumar Raj,grower,H,2025-03-03,2025-03,2025-W10,Monday,250.24,50.05,18.03,218.22,17,7.0,7.6,0.83,1,31.17,12.84,SGD,False,,
drv_kumar_sg_12,Kumar Raj,grower,H,2025-03-04,2025-03,2025-W10,Tuesday,246.66,49.33,0.0,197.33,18,10.5,12.4,0.82,1,18.79,10.96,SGD,False,,
drv_kumar_sg_12,Kumar Raj,grower,H,2025-03-05,2025-03,2025-W10,Wednesday,309.73,61.95,0.0,247.78,19,9.9,13.3,0.88,0,25.03,13.04,SGD,False,,
drv_kumar_sg_12,Kumar Raj,grower,H,2025-03-06,2025-03,2025-W10,Thursday,320.19,64.04,0.0,256.15,15,7.8,8.9,0.89,1,32.84,17.08,SGD,False,,
drv_kumar_sg_12,Kumar Raj,grower,H,2025-03-07,2025-03,2025-W10,Friday,314.93,62.99,0.0,251.94,21,6.0,7.2,0.97,1,41.99,12.0,SGD,False,,
drv_kumar_sg_12,Kumar Raj,grower,H,2025-03-08,2025-03,2025-W10,Saturday,366.33,73.27,0.0,293.06,8,10.2,11.0,0.76,1,28.73,36.63,SGD,False,,
drv_kumar_sg_12,Kumar Raj,grower,H,2025-03-09,2025-03,2025-W10,Sunday,0,0,0,0,0,0,0,0,0,0,0,SGD,True,,rest_day
drv_kumar_sg_12,Kumar Raj,grower,H,2025-03-10,2025-03,2025-W11,Monday,229.37,45.87,9.2,192.7,14,7.2,7.9,0.91,1,26.76,13.76,SGD,False,,
drv_kumar_sg_12,Kumar Raj,grower,H,2025-03-11,2025-03,2025-W11,Tuesday,234.37,46.87,0.0,187.5,21,6.1,6.5,0.87,1,30.74,8.93,SGD,False,,
drv_kumar_sg_12,Kumar Raj,grower,H,2025-03-12,2025-03,2025-W11,Wednesday,255.03,51.01,0.0,204.02,19,8.3,10.1,0.84,3,24.58,10.74,SGD,False,,
drv_kumar_sg_12,Kumar Raj,grower,H,2025-03-13,2025-03,2025-W11,Thursday,244.21,48.84,0.0,195.37,22,7.6,8.5,0.82,1,25.71,8.88,SGD,False,,
drv_kumar_sg_12,Kumar Raj,grower,H,2025-03-14,2025-03,2025-W11,Friday,370.65,74.13,0.0,296.52,14,11.4,13.3,0.82,3,26.01,21.18,SGD,False,,
drv_kumar_sg_12,Kumar Raj,grower,H,2025-03-15,2025-03,2025-W11,Saturday,319.03,63.81,0.0,255.22,15,10.4,12.5,0.95,3,24.54,17.01,SGD,False,,
drv_kumar_sg_12,Kumar Raj,grower,H,2025-03-16,2025-03,2025-W11,Sunday,0,0,0,0,0,0,0,0,0,0,0,SGD,True,,rest_day
drv_kumar_sg_12,Kumar Raj,grower,H,2025-03-17,2025-03,2025-W12,Monday,247.35,49.47,0.0,197.88,17,9.8,11.9,0.73,1,20.19,11.64,SGD,False,,
drv_kumar_sg_12,Kumar Raj,grower,H,2025-03-18,2025-03,2025-W12,Tuesday,292.54,58.51,0.0,234.03,10,6.4,7.7,0.94,0,36.57,23.4,SGD,False,,
drv_kumar_sg_12,Kumar Raj,grower,H,2025-03-19,2025-03,2025-W12,Wednesday,118.23,23.65,0.0,94.58,13,6.4,8.4,0.95,3,14.78,7.28,SGD,False,,
drv_kumar_sg_12,Kumar Raj,grower,H,2025-03-20,2025-03,2025-W12,Thursday,312.88,62.58,0.0,250.3,22,10.1,12.7,0.85,1,24.78,11.38,SGD,False,,
drv_kumar_sg_12,Kumar Raj,grower,H,2025-03-21,2025-03,2025-W12,Friday,311.93,62.39,0.0,249.54,9,10.4,13.8,0.97,3,23.99,27.73,SGD,False,,
drv_kumar_sg_12,Kumar Raj,grower,H,2025-03-22,2025-03,2025-W12,Saturday,421.85,84.37,36.63,374.11,17,11.0,11.9,0.93,0,34.01,22.01,SGD,False,,
drv_kumar_sg_12,Kumar Raj,grower,H,2025-03-23,2025-03,2025-W12,Sunday,0,0,0,0,0,0,0,0,0,0,0,SGD,True,,rest_day
drv_kumar_sg_12,Kumar Raj,grower,H,2025-03-24,2025-03,2025-W13,Monday,216.34,43.27,7.92,180.99,17,6.3,8.3,0.81,0,28.73,10.65,SGD,False,,
drv_kumar_sg_12,Kumar Raj,grower,H,2025-03-25,2025-03,2025-W13,Tuesday,238.55,47.71,0.0,190.84,10,10.0,13.5,0.73,2,19.08,19.08,SGD,False,,
drv_kumar_sg_12,Kumar Raj,grower,H,2025-03-26,2025-03,2025-W13,Wednesday,283.89,56.78,16.47,243.58,20,8.6,11.2,0.92,1,28.32,12.18,SGD,False,,
drv_kumar_sg_12,Kumar Raj,grower,H,2025-03-27,2025-03,2025-W13,Thursday,292.78,58.56,0.0,234.22,11,10.1,12.5,0.87,0,23.19,21.29,SGD,False,,
drv_kumar_sg_12,Kumar Raj,grower,H,2025-03-28,2025-03,2025-W13,Friday,342.66,68.53,0.0,274.13,16,7.4,7.9,0.8,1,37.04,17.13,SGD,False,,
drv_kumar_sg_12,Kumar Raj,grower,H,2025-03-29,2025-03,2025-W13,Saturday,335.02,67.0,0.0,268.02,23,11.5,14.5,0.79,0,23.31,11.65,SGD,False,,
drv_kumar_sg_12,Kumar Raj,grower,H,2025-03-30,2025-03,2025-W13,Sunday,0,0,0,0,0,0,0,0,0,0,0,SGD,True,,rest_day
drv_kumar_sg_12,Kumar Raj,grower,H,2025-03-31,2025-03,2025-W14,Monday,234.4,46.88,0.0,187.52,8,8.7,9.2,0.92,1,21.55,23.44,SGD,False,,
drv_kumar_sg_12,Kumar Raj,grower,H,2025-04-01,2025-04,2025-W14,Tuesday,311.29,62.26,18.49,267.52,13,7.4,7.8,0.81,2,36.15,20.58,SGD,False,,
drv_kumar_sg_12,Kumar Raj,grower,H,2025-04-02,2025-04,2025-W14,Wednesday,329.04,65.81,19.65,282.88,19,11.0,11.8,0.87,2,25.72,14.89,SGD,False,,
drv_kumar_sg_12,Kumar Raj,grower,H,2025-04-03,2025-04,2025-W14,Thursday,280.01,56.0,19.43,243.44,24,10.8,12.9,0.72,0,22.54,10.14,SGD,False,,
drv_kumar_sg_12,Kumar Raj,grower,H,2025-04-04,2025-04,2025-W14,Friday,320.31,64.06,24.74,280.99,11,7.5,9.1,0.89,2,37.47,25.54,SGD,False,,
drv_kumar_sg_12,Kumar Raj,grower,H,2025-04-05,2025-04,2025-W14,Saturday,402.58,80.52,28.63,350.69,21,7.4,9.6,0.78,0,47.39,16.7,SGD,False,,
drv_kumar_sg_12,Kumar Raj,grower,H,2025-04-06,2025-04,2025-W14,Sunday,0,0,0,0,0,0,0,0,0,0,0,SGD,True,,rest_day
drv_kumar_sg_12,Kumar Raj,grower,H,2025-04-07,2025-04,2025-W15,Monday,278.79,55.76,0.0,223.03,24,6.6,8.6,0.92,3,33.79,9.29,SGD,False,,
drv_kumar_sg_12,Kumar Raj,grower,H,2025-04-08,2025-04,2025-W15,Tuesday,284.59,56.92,0.0,227.67,13,9.2,10.9,0.87,0,24.75,17.51,SGD,False,,
drv_kumar_sg_12,Kumar Raj,grower,H,2025-04-09,2025-04,2025-W15,Wednesday,275.72,55.14,0.0,220.58,13,11.5,12.3,0.85,2,19.18,16.97,SGD,False,,
drv_kumar_sg_12,Kumar Raj,grower,H,2025-04-10,2025-04,2025-W15,Thursday,343.06,68.61,0.0,274.45,10,8.7,9.7,0.79,1,31.55,27.45,SGD,False,,
drv_kumar_sg_12,Kumar Raj,grower,H,2025-04-11,2025-04,2025-W15,Friday,395.27,79.05,23.97,340.19,21,10.0,11.8,0.83,3,34.02,16.2,SGD,False,,
drv_kumar_sg_12,Kumar Raj,grower,H,2025-04-12,2025-04,2025-W15,Saturday,331.33,66.27,0.0,265.06,17,10.4,11.1,0.96,0,25.49,15.59,SGD,False,,
drv_kumar_sg_12,Kumar Raj,grower,H,2025-04-13,2025-04,2025-W15,Sunday,0,0,0,0,0,0,0,0,0,0,0,SGD,True,,rest_day
drv_kumar_sg_12,Kumar Raj,grower,H,2025-04-14,2025-04,2025-W16,Monday,256.33,51.27,22.0,227.06,8,8.8,10.1,0.79,1,25.8,28.38,SGD,False,,
drv_kumar_sg_12,Kumar Raj,grower,H,2025-04-15,2025-04,2025-W16,Tuesday,307.99,61.6,10.34,256.73,8,9.3,12.2,0.78,2,27.61,32.09,SGD,False,,
drv_kumar_sg_12,Kumar Raj,grower,H,2025-04-16,2025-04,2025-W16,Wednesday,268.79,53.76,15.19,230.22,18,10.0,11.9,0.94,0,23.02,12.79,SGD,False,,
drv_kumar_sg_12,Kumar Raj,grower,H,2025-04-17,2025-04,2025-W16,Thursday,247.65,49.53,0.0,198.12,22,9.9,10.9,0.75,1,20.01,9.01,SGD,False,,
drv_kumar_sg_12,Kumar Raj,grower,H,2025-04-18,2025-04,2025-W16,Friday,287.33,57.47,0.0,229.86,18,7.7,9.1,0.82,2,29.85,12.77,SGD,False,,
drv_kumar_sg_12,Kumar Raj,grower,H,2025-04-19,2025-04,2025-W16,Saturday,425.87,85.17,0.0,340.7,9,8.2,10.6,0.97,0,41.55,37.86,SGD,False,,
drv_kumar_sg_12,Kumar Raj,grower,H,2025-04-20,2025-04,2025-W16,Sunday,0,0,0,0,0,0,0,0,0,0,0,SGD,True,,rest_day
drv_kumar_sg_12,Kumar Raj,grower,H,2025-04-21,2025-04,2025-W17,Monday,277.67,55.53,0.0,222.14,22,7.5,9.3,0.96,1,29.62,10.1,SGD,False,,
drv_kumar_sg_12,Kumar Raj,grower,H,2025-04-22,2025-04,2025-W17,Tuesday,284.23,56.85,0.0,227.38,8,10.8,14.3,0.9,1,21.05,28.42,SGD,False,,
drv_kumar_sg_12,Kumar Raj,grower,H,2025-04-23,2025-04,2025-W17,Wednesday,268.09,53.62,11.63,226.1,9,7.8,9.3,0.77,1,28.99,25.12,SGD,False,,
drv_kumar_sg_12,Kumar Raj,grower,H,2025-04-24,2025-04,2025-W17,Thursday,295.27,59.05,0.0,236.22,20,9.8,10.7,0.83,3,24.1,11.81,SGD,False,,
drv_kumar_sg_12,Kumar Raj,grower,H,2025-04-25,2025-04,2025-W17,Friday,298.27,59.65,0.0,238.62,22,8.2,11.0,0.83,0,29.1,10.85,SGD,False,,
drv_kumar_sg_12,Kumar Raj,grower,H,2025-04-26,2025-04,2025-W17,Saturday,425.73,85.15,26.58,367.16,12,10.4,14.0,0.73,3,35.3,30.6,SGD,False,,
drv_kumar_sg_12,Kumar Raj,grower,H,2025-04-27,2025-04,2025-W17,Sunday,0,0,0,0,0,0,0,0,0,0,0,SGD,True,,rest_day
drv_kumar_sg_12,Kumar Raj,grower,H,2025-04-28,2025-04,2025-W18,Monday,265.95,53.19,0.0,212.76,13,10.3,11.6,0.81,2,20.66,16.37,SGD,False,,
drv_kumar_sg_12,Kumar Raj,grower,H,2025-04-29,2025-04,2025-W18,Tuesday,240.9,48.18,0.0,192.72,13,9.1,11.6,0.82,3,21.18,14.82,SGD,False,,
drv_kumar_sg_12,Kumar Raj,grower,H,2025-04-30,2025-04,2025-W18,Wednesday,240.74,48.15,13.31,205.9,16,11.8,13.8,0.84,1,17.45,12.87,SGD,False,,
drv_kumar_sg_12,Kumar Raj,grower,H,2025-05-01,2025-05,2025-W18,Thursday,298.31,59.66,17.06,255.71,24,8.3,11.0,0.74,1,30.81,10.65,SGD,False,,
drv_kumar_sg_12,Kumar Raj,grower,H,2025-05-02,2025-05,2025-W18,Friday,387.76,77.55,23.99,334.2,22,10.9,14.5,0.89,0,30.66,15.19,SGD,False,,
drv_kumar_sg_12,Kumar Raj,grower,H,2025-05-03,2025-05,2025-W18,Saturday,332.78,66.56,21.71,287.93,24,7.4,8.1,0.84,3,38.91,12.0,SGD,False,,
drv_kumar_sg_12,Kumar Raj,grower,H,2025-05-04,2025-05,2025-W18,Sunday,0,0,0,0,0,0,0,0,0,0,0,SGD,True,,rest_day
drv_kumar_sg_12,Kumar Raj,grower,H,2025-05-05,2025-05,2025-W19,Monday,271.04,54.21,0.0,216.83,12,6.2,6.6,0.84,2,34.97,18.07,SGD,False,,
drv_kumar_sg_12,Kumar Raj,grower,H,2025-05-06,2025-05,2025-W19,Tuesday,272.33,54.47,0.0,217.86,22,10.4,13.0,0.93,3,20.95,9.9,SGD,False,,
drv_kumar_sg_12,Kumar Raj,grower,H,2025-05-07,2025-05,2025-W19,Wednesday,287.57,57.51,0.0,230.06,14,7.6,9.5,0.84,1,30.27,16.43,SGD,False,,
drv_kumar_sg_12,Kumar Raj,grower,H,2025-05-08,2025-05,2025-W19,Thursday,258.74,51.75,0.0,206.99,23,11.3,12.4,0.86,3,18.32,9.0,SGD,False,,
drv_kumar_sg_12,Kumar Raj,grower,H,2025-05-09,2025-05,2025-W19,Friday,347.79,69.56,0.0,278.23,15,9.2,10.9,0.83,1,30.24,18.55,SGD,False,,
drv_kumar_sg_12,Kumar Raj,grower,H,2025-05-10,2025-05,2025-W19,Saturday,328.08,65.62,0.0,262.46,23,10.2,12.1,0.84,0,25.73,11.41,SGD,False,,
drv_kumar_sg_12,Kumar Raj,grower,H,2025-05-11,2025-05,2025-W19,Sunday,0,0,0,0,0,0,0,0,0,0,0,SGD,True,,rest_day
drv_kumar_sg_12,Kumar Raj,grower,H,2025-05-12,2025-05,2025-W20,Monday,239.06,47.81,0.0,191.25,9,10.8,12.4,0.92,2,17.71,21.25,SGD,False,,
drv_kumar_sg_12,Kumar Raj,grower,H,2025-05-13,2025-05,2025-W20,Tuesday,312.06,62.41,0.0,249.65,14,11.4,13.7,0.72,0,21.9,17.83,SGD,False,,
drv_kumar_sg_12,Kumar Raj,grower,H,2025-05-14,2025-05,2025-W20,Wednesday,316.47,63.29,10.19,263.37,10,9.9,11.7,0.86,3,26.6,26.34,SGD,False,,
drv_kumar_sg_12,Kumar Raj,grower,H,2025-05-15,2025-05,2025-W20,Thursday,168.3,33.66,0.0,134.64,16,8.9,11.1,0.76,0,15.13,8.41,SGD,False,,
drv_kumar_sg_12,Kumar Raj,grower,H,2025-05-16,2025-05,2025-W20,Friday,284.92,56.98,0.0,227.94,17,11.6,13.6,0.92,0,19.65,13.41,SGD,False,,
drv_kumar_sg_12,Kumar Raj,grower,H,2025-05-17,2025-05,2025-W20,Saturday,311.46,62.29,11.65,260.82,12,9.0,10.8,0.96,3,28.98,21.73,SGD,False,,
drv_kumar_sg_12,Kumar Raj,grower,H,2025-05-18,2025-05,2025-W20,Sunday,0,0,0,0,0,0,0,0,0,0,0,SGD,True,,rest_day
drv_kumar_sg_12,Kumar Raj,grower,H,2025-05-19,2025-05,2025-W21,Monday,279.69,55.94,16.17,239.92,11,6.6,8.5,0.8,0,36.35,21.81,SGD,False,,
drv_kumar_sg_12,Kumar Raj,grower,H,2025-05-20,2025-05,2025-W21,Tuesday,275.81,55.16,0.0,220.65,23,6.8,7.2,0.97,1,32.45,9.59,SGD,False,,
drv_kumar_sg_12,Kumar Raj,grower,H,2025-05-21,2025-05,2025-W21,Wednesday,253.31,50.66,0.0,202.65,10,9.0,11.3,0.9,0,22.52,20.27,SGD,False,,
drv_kumar_sg_12,Kumar Raj,grower,H,2025-05-22,2025-05,2025-W21,Thursday,298.64,59.73,24.32,263.23,24,10.0,12.9,0.84,2,26.32,10.97,SGD,False,,
drv_kumar_sg_12,Kumar Raj,grower,H,2025-05-23,2025-05,2025-W21,Friday,295.65,59.13,0.0,236.52,10,6.5,6.9,0.79,3,36.39,23.65,SGD,False,,
drv_kumar_sg_12,Kumar Raj,grower,H,2025-05-24,2025-05,2025-W21,Saturday,373.12,74.62,26.96,325.46,24,9.2,12.1,0.79,2,35.38,13.56,SGD,False,,
drv_kumar_sg_12,Kumar Raj,grower,H,2025-05-25,2025-05,2025-W21,Sunday,0,0,0,0,0,0,0,0,0,0,0,SGD,True,,rest_day
drv_kumar_sg_12,Kumar Raj,grower,H,2025-05-26,2025-05,2025-W22,Monday,213.3,42.66,19.03,189.67,21,10.3,12.4,0.95,0,18.41,9.03,SGD,False,,
drv_kumar_sg_12,Kumar Raj,grower,H,2025-05-27,2025-05,2025-W22,Tuesday,268.66,53.73,12.89,227.82,20,7.5,8.8,0.79,2,30.38,11.39,SGD,False,,
drv_kumar_sg_12,Kumar Raj,grower,H,2025-05-28,2025-05,2025-W22,Wednesday,267.05,53.41,0.0,213.64,24,6.6,7.7,0.82,1,32.37,8.9,SGD,False,,
drv_kumar_sg_12,Kumar Raj,grower,H,2025-05-29,2025-05,2025-W22,Thursday,314.31,62.86,0.0,251.45,12,7.5,8.6,0.75,2,33.53,20.95,SGD,False,,
drv_kumar_sg_12,Kumar Raj,grower,H,2025-05-30,2025-05,2025-W22,Friday,396.09,79.22,0.0,316.87,8,8.2,9.1,0.84,3,38.64,39.61,SGD,False,,
drv_kumar_sg_12,Kumar Raj,grower,H,2025-05-31,2025-05,2025-W22,Saturday,395.48,79.1,0.0,316.38,22,9.2,12.0,0.95,0,34.39,14.38,SGD,False,,
drv_kumar_sg_12,Kumar Raj,grower,H,2025-06-01,2025-06,2025-W22,Sunday,0,0,0,0,0,0,0,0,0,0,0,SGD,True,School Holiday,rest_day
drv_kumar_sg_12,Kumar Raj,grower,H,2025-06-02,2025-06,2025-W23,Monday,218.47,43.69,0.0,174.78,11,11.6,15.6,0.9,1,15.07,15.89,SGD,False,School Holiday,
drv_kumar_sg_12,Kumar Raj,grower,H,2025-06-03,2025-06,2025-W23,Tuesday,273.52,54.7,0.0,218.82,24,11.7,13.1,0.76,1,18.7,9.12,SGD,False,School Holiday,
drv_kumar_sg_12,Kumar Raj,grower,H,2025-06-04,2025-06,2025-W23,Wednesday,319.07,63.81,0.0,255.26,17,7.2,8.7,0.96,0,35.45,15.02,SGD,False,School Holiday,
drv_kumar_sg_12,Kumar Raj,grower,H,2025-06-05,2025-06,2025-W23,Thursday,345.32,69.06,0.0,276.26,14,9.4,12.6,0.92,0,29.39,19.73,SGD,False,School Holiday,
drv_kumar_sg_12,Kumar Raj,grower,H,2025-06-06,2025-06,2025-W23,Friday,401.27,80.25,0.0,321.02,22,10.8,14.1,0.82,2,29.72,14.59,SGD,False,School Holiday,
drv_kumar_sg_12,Kumar Raj,grower,H,2025-06-07,2025-06,2025-W23,Saturday,417.02,83.4,22.1,355.72,9,9.6,11.7,0.92,1,37.05,39.52,SGD,False,School Holiday,
drv_kumar_sg_12,Kumar Raj,grower,H,2025-06-08,2025-06,2025-W23,Sunday,0,0,0,0,0,0,0,0,0,0,0,SGD,True,School Holiday,rest_day
drv_kumar_sg_12,Kumar Raj,grower,H,2025-06-09,2025-06,2025-W24,Monday,262.79,52.56,0.0,210.23,14,6.4,8.6,0.85,0,32.85,15.02,SGD,False,School Holiday,
drv_kumar_sg_12,Kumar Raj,grower,H,2025-06-10,2025-06,2025-W24,Tuesday,161.91,32.38,0.0,129.53,21,7.4,9.3,0.79,2,17.5,6.17,SGD,False,School Holiday,
drv_kumar_sg_12,Kumar Raj,grower,H,2025-06-11,2025-06,2025-W24,Wednesday,300.37,60.07,0.0,240.3,16,11.4,14.3,0.78,2,21.08,15.02,SGD,False,School Holiday,
drv_kumar_sg_12,Kumar Raj,grower,H,2025-06-12,2025-06,2025-W24,Thursday,299.06,59.81,21.1,260.35,9,10.5,11.7,0.79,0,24.8,28.93,SGD,False,School Holiday,
drv_kumar_sg_12,Kumar Raj,grower,H,2025-06-13,2025-06,2025-W24,Friday,349.3,69.86,0.0,279.44,11,8.8,10.1,0.78,0,31.75,25.4,SGD,False,School Holiday,
drv_kumar_sg_12,Kumar Raj,grower,H,2025-06-14,2025-06,2025-W24,Saturday,396.53,79.31,0.0,317.22,15,11.7,12.5,0.9,1,27.11,21.15,SGD,False,School Holiday,
drv_kumar_sg_12,Kumar Raj,grower,H,2025-06-15,2025-06,2025-W24,Sunday,0,0,0,0,0,0,0,0,0,0,0,SGD,True,School Holiday,rest_day
drv_kumar_sg_12,Kumar Raj,grower,H,2025-06-16,2025-06,2025-W25,Monday,249.23,49.85,0.0,199.38,11,6.3,7.6,0.88,3,31.65,18.13,SGD,False,School Holiday,
drv_kumar_sg_12,Kumar Raj,grower,H,2025-06-17,2025-06,2025-W25,Tuesday,285.31,57.06,21.18,249.43,14,6.9,7.8,0.91,1,36.15,17.82,SGD,False,School Holiday,
drv_kumar_sg_12,Kumar Raj,grower,H,2025-06-18,2025-06,2025-W25,Wednesday,267.56,53.51,0.0,214.05,12,7.2,9.1,0.87,3,29.73,17.84,SGD,False,School Holiday,
drv_kumar_sg_12,Kumar Raj,grower,H,2025-06-19,2025-06,2025-W25,Thursday,326.85,65.37,0.0,261.48,14,11.8,13.9,0.95,2,22.16,18.68,SGD,False,School Holiday,
drv_kumar_sg_12,Kumar Raj,grower,H,2025-06-20,2025-06,2025-W25,Friday,378.48,75.7,24.59,327.37,22,9.3,12.0,0.74,0,35.2,14.88,SGD,False,School Holiday,
drv_kumar_sg_12,Kumar Raj,grower,H,2025-06-21,2025-06,2025-W25,Saturday,334.51,66.9,0.0,267.61,10,7.3,8.5,0.83,0,36.66,26.76,SGD,False,School Holiday,
drv_kumar_sg_12,Kumar Raj,grower,H,2025-06-22,2025-06,2025-W25,Sunday,0,0,0,0,0,0,0,0,0,0,0,SGD,True,School Holiday,rest_day
drv_kumar_sg_12,Kumar Raj,grower,H,2025-06-23,2025-06,2025-W26,Monday,261.53,52.31,0.0,209.22,21,9.6,10.2,0.89,0,21.79,9.96,SGD,False,School Holiday,
drv_kumar_sg_12,Kumar Raj,grower,H,2025-06-24,2025-06,2025-W26,Tuesday,300.55,60.11,21.07,261.51,23,11.1,13.2,0.86,2,23.56,11.37,SGD,False,School Holiday,
drv_kumar_sg_12,Kumar Raj,grower,H,2025-06-25,2025-06,2025-W26,Wednesday,260.33,52.07,0.0,208.26,11,10.8,12.0,0.94,0,19.28,18.93,SGD,False,School Holiday,
drv_kumar_sg_12,Kumar Raj,grower,H,2025-06-26,2025-06,2025-W26,Thursday,269.31,53.86,0.0,215.45,17,8.1,10.6,0.95,1,26.6,12.67,SGD,False,School Holiday,
drv_kumar_sg_12,Kumar Raj,grower,H,2025-06-27,2025-06,2025-W26,Friday,333.67,66.73,0.0,266.94,13,11.4,15.2,0.84,2,23.42,20.53,SGD,False,School Holiday,
drv_kumar_sg_12,Kumar Raj,grower,H,2025-06-28,2025-06,2025-W26,Saturday,429.35,85.87,30.31,373.79,23,10.3,11.3,0.92,2,36.29,16.25,SGD,False,School Holiday,
drv_kumar_sg_12,Kumar Raj,grower,H,2025-06-29,2025-06,2025-W26,Sunday,0,0,0,0,0,0,0,0,0,0,0,SGD,True,School Holiday,rest_day
drv_kumar_sg_12,Kumar Raj,grower,H,2025-06-30,2025-06,2025-W27,Monday,212.89,42.58,8.14,178.45,22,10.8,12.4,0.85,1,16.52,8.11,SGD,False,School Holiday,
drv_kumar_sg_12,Kumar Raj,grower,H,2025-07-01,2025-07,2025-W27,Tuesday,267.33,53.47,12.83,226.69,22,10.2,13.5,0.86,1,22.22,10.3,SGD,False,School Holiday,
drv_kumar_sg_12,Kumar Raj,grower,H,2025-07-02,2025-07,2025-W27,Wednesday,293.43,58.69,15.31,250.05,8,9.2,11.9,0.91,0,27.18,31.26,SGD,False,School Holiday,
drv_kumar_sg_12,Kumar Raj,grower,H,2025-07-03,2025-07,2025-W27,Thursday,353.47,70.69,0.0,282.78,9,6.8,7.2,0.79,3,41.59,31.42,SGD,False,School Holiday,
drv_kumar_sg_12,Kumar Raj,grower,H,2025-07-04,2025-07,2025-W27,Friday,426.25,85.25,15.66,356.66,8,9.8,12.2,0.75,2,36.39,44.58,SGD,False,School Holiday,
drv_kumar_sg_12,Kumar Raj,grower,H,2025-07-05,2025-07,2025-W27,Saturday,167.11,33.42,0.0,133.69,24,10.1,11.1,0.92,0,13.24,5.57,SGD,False,School Holiday,
drv_kumar_sg_12,Kumar Raj,grower,H,2025-07-06,2025-07,2025-W27,Sunday,0,0,0,0,0,0,0,0,0,0,0,SGD,True,School Holiday,rest_day
drv_kumar_sg_12,Kumar Raj,grower,H,2025-07-07,2025-07,2025-W28,Monday,241.63,48.33,17.04,210.34,13,6.4,7.0,0.96,0,32.87,16.18,SGD,False,School Holiday,
drv_kumar_sg_12,Kumar Raj,grower,H,2025-07-08,2025-07,2025-W28,Tuesday,328.57,65.71,0.0,262.86,11,6.1,7.3,0.85,1,43.09,23.9,SGD,False,School Holiday,
drv_kumar_sg_12,Kumar Raj,grower,H,2025-07-09,2025-07,2025-W28,Wednesday,266.51,53.3,20.3,233.51,17,6.2,7.7,0.77,3,37.66,13.74,SGD,False,School Holiday,
drv_kumar_sg_12,Kumar Raj,grower,H,2025-07-10,2025-07,2025-W28,Thursday,323.45,64.69,17.67,276.43,19,10.2,13.7,0.94,1,27.1,14.55,SGD,False,School Holiday,
drv_kumar_sg_12,Kumar Raj,grower,H,2025-07-11,2025-07,2025-W28,Friday,347.89,69.58,0.0,278.31,17,10.0,12.5,0.78,1,27.83,16.37,SGD,False,School Holiday,
drv_kumar_sg_12,Kumar Raj,grower,H,2025-07-12,2025-07,2025-W28,Saturday,163.85,32.77,0.0,131.08,23,7.1,9.4,0.76,0,18.46,5.7,SGD,False,School Holiday,
drv_kumar_sg_12,Kumar Raj,grower,H,2025-07-13,2025-07,2025-W28,Sunday,0,0,0,0,0,0,0,0,0,0,0,SGD,True,School Holiday,rest_day
drv_kumar_sg_12,Kumar Raj,grower,H,2025-07-14,2025-07,2025-W29,Monday,267.23,53.45,17.92,231.7,20,6.3,7.5,0.91,1,36.78,11.58,SGD,False,School Holiday,
drv_kumar_sg_12,Kumar Raj,grower,H,2025-07-15,2025-07,2025-W29,Tuesday,263.49,52.7,16.91,227.7,16,9.6,10.2,0.75,3,23.72,14.23,SGD,False,School Holiday,
drv_kumar_sg_12,Kumar Raj,grower,H,2025-07-16,2025-07,2025-W29,Wednesday,267.15,53.43,0.0,213.72,14,7.9,8.4,0.76,0,27.05,15.27,SGD,False,School Holiday,
drv_kumar_sg_12,Kumar Raj,grower,H,2025-07-17,2025-07,2025-W29,Thursday,282.1,56.42,0.0,225.68,24,11.4,15.0,0.72,2,19.8,9.4,SGD,False,School Holiday,
drv_kumar_sg_12,Kumar Raj,grower,H,2025-07-18,2025-07,2025-W29,Friday,394.91,78.98,0.0,315.93,21,8.4,11.1,0.82,1,37.61,15.04,SGD,False,School Holiday,
drv_kumar_sg_12,Kumar Raj,grower,H,2025-07-19,2025-07,2025-W29,Saturday,421.61,84.32,0.0,337.29,13,11.6,12.2,0.84,1,29.08,25.95,SGD,False,School Holiday,
drv_kumar_sg_12,Kumar Raj,grower,H,2025-07-20,2025-07,2025-W29,Sunday,0,0,0,0,0,0,0,0,0,0,0,SGD,True,School Holiday,rest_day
drv_kumar_sg_12,Kumar Raj,grower,H,2025-07-21,2025-07,2025-W30,Monday,226.52,45.3,0.0,181.22,21,11.6,14.7,0.91,3,15.62,8.63,SGD,False,School Holiday,
drv_kumar_sg_12,Kumar Raj,grower,H,2025-07-22,2025-07,2025-W30,Tuesday,288.47,57.69,0.0,230.78,16,11.3,12.2,0.94,1,20.42,14.42,SGD,False,School Holiday,
drv_kumar_sg_12,Kumar Raj,grower,H,2025-07-23,2025-07,2025-W30,Wednesday,289.75,57.95,0.0,231.8,8,6.2,7.8,0.75,2,37.39,28.98,SGD,False,School Holiday,
drv_kumar_sg_12,Kumar Raj,grower,H,2025-07-24,2025-07,2025-W30,Thursday,302.53,60.51,9.68,251.7,17,6.2,7.8,0.76,2,40.6,14.81,SGD,False,School Holiday,
drv_kumar_sg_12,Kumar Raj,grower,H,2025-07-25,2025-07,2025-W30,Friday,312.01,62.4,19.83,269.44,11,11.7,13.0,0.76,0,23.03,24.49,SGD,False,School Holiday,
drv_kumar_sg_12,Kumar Raj,grower,H,2025-07-26,2025-07,2025-W30,Saturday,443.12,88.62,36.98,391.48,21,11.6,15.2,0.83,0,33.75,18.64,SGD,False,School Holiday,
drv_kumar_sg_12,Kumar Raj,grower,H,2025-07-27,2025-07,2025-W30,Sunday,0,0,0,0,0,0,0,0,0,0,0,SGD,True,School Holiday,rest_day
drv_kumar_sg_12,Kumar Raj,grower,H,2025-07-28,2025-07,2025-W31,Monday,291.87,58.37,0.0,233.5,22,10.3,13.8,0.97,2,22.67,10.61,SGD,False,School Holiday,
drv_kumar_sg_12,Kumar Raj,grower,H,2025-07-29,2025-07,2025-W31,Tuesday,250.62,50.12,0.0,200.5,10,9.8,11.0,0.92,2,20.46,20.05,SGD,False,School Holiday,
drv_kumar_sg_12,Kumar Raj,grower,H,2025-07-30,2025-07,2025-W31,Wednesday,258.0,51.6,0.0,206.4,11,6.1,7.0,0.74,1,33.84,18.76,SGD,False,School Holiday,
drv_kumar_sg_12,Kumar Raj,grower,H,2025-07-31,2025-07,2025-W31,Thursday,324.86,64.97,0.0,259.89,23,11.1,12.3,0.74,0,23.41,11.3,SGD,False,School Holiday,
drv_kumar_sg_12,Kumar Raj,grower,H,2025-08-01,2025-08,2025-W31,Friday,374.71,74.94,0.0,299.77,14,8.4,10.1,0.72,0,35.69,21.41,SGD,False,,
drv_kumar_sg_12,Kumar Raj,grower,H,2025-08-02,2025-08,2025-W31,Saturday,368.86,73.77,0.0,295.09,17,9.7,11.8,0.75,2,30.42,17.36,SGD,False,,
drv_kumar_sg_12,Kumar Raj,grower,H,2025-08-03,2025-08,2025-W31,Sunday,0,0,0,0,0,0,0,0,0,0,0,SGD,True,,rest_day
drv_kumar_sg_12,Kumar Raj,grower,H,2025-08-04,2025-08,2025-W32,Monday,247.44,49.49,0.0,197.95,16,9.6,12.3,0.81,0,20.62,12.37,SGD,False,,
drv_kumar_sg_12,Kumar Raj,grower,H,2025-08-05,2025-08,2025-W32,Tuesday,313.15,62.63,0.0,250.52,19,8.6,9.3,0.95,3,29.13,13.19,SGD,False,,
drv_kumar_sg_12,Kumar Raj,grower,H,2025-08-06,2025-08,2025-W32,Wednesday,323.62,64.72,16.6,275.5,23,9.9,12.1,0.92,3,27.83,11.98,SGD,False,,
drv_kumar_sg_12,Kumar Raj,grower,H,2025-08-07,2025-08,2025-W32,Thursday,287.99,57.6,0.0,230.39,8,10.5,11.2,0.9,1,21.94,28.8,SGD,False,,
drv_kumar_sg_12,Kumar Raj,grower,H,2025-08-08,2025-08,2025-W32,Friday,396.98,79.4,19.58,337.16,14,7.1,7.9,0.84,0,47.49,24.08,SGD,False,,
drv_kumar_sg_12,Kumar Raj,grower,H,2025-08-09,2025-08,2025-W32,Saturday,425.35,85.07,15.63,355.91,20,8.1,9.4,0.86,2,43.94,17.8,SGD,False,,
drv_kumar_sg_12,Kumar Raj,grower,H,2025-08-10,2025-08,2025-W32,Sunday,0,0,0,0,0,0,0,0,0,0,0,SGD,True,,rest_day
drv_kumar_sg_12,Kumar Raj,grower,H,2025-08-11,2025-08,2025-W33,Monday,242.04,48.41,0.0,193.63,12,6.9,8.5,0.74,1,28.06,16.14,SGD,False,,
drv_kumar_sg_12,Kumar Raj,grower,H,2025-08-12,2025-08,2025-W33,Tuesday,254.51,50.9,0.0,203.61,19,9.9,12.4,0.86,1,20.57,10.72,SGD,False,,
drv_kumar_sg_12,Kumar Raj,grower,H,2025-08-13,2025-08,2025-W33,Wednesday,253.04,50.61,0.0,202.43,15,6.1,8.1,0.85,2,33.19,13.5,SGD,False,,
drv_kumar_sg_12,Kumar Raj,grower,H,2025-08-14,2025-08,2025-W33,Thursday,312.26,62.45,0.0,249.81,8,11.7,14.9,0.86,2,21.35,31.23,SGD,False,,
drv_kumar_sg_12,Kumar Raj,grower,H,2025-08-15,2025-08,2025-W33,Friday,173.23,34.65,0.0,138.58,9,9.4,10.9,0.89,1,14.74,15.4,SGD,False,,
drv_kumar_sg_12,Kumar Raj,grower,H,2025-08-16,2025-08,2025-W33,Saturday,338.92,67.78,0.0,271.14,8,8.5,9.3,0.84,1,31.9,33.89,SGD,False,,
drv_kumar_sg_12,Kumar Raj,grower,H,2025-08-17,2025-08,2025-W33,Sunday,0,0,0,0,0,0,0,0,0,0,0,SGD,True,,rest_day
drv_kumar_sg_12,Kumar Raj,grower,H,2025-08-18,2025-08,2025-W34,Monday,218.54,43.71,0.0,174.83,19,10.3,11.8,0.81,2,16.97,9.2,SGD,False,,
drv_kumar_sg_12,Kumar Raj,grower,H,2025-08-19,2025-08,2025-W34,Tuesday,229.35,45.87,13.21,196.69,23,6.1,7.2,0.93,3,32.24,8.55,SGD,False,,
drv_kumar_sg_12,Kumar Raj,grower,H,2025-08-20,2025-08,2025-W34,Wednesday,246.93,49.39,0.0,197.54,17,7.5,8.3,0.93,1,26.34,11.62,SGD,False,,
drv_kumar_sg_12,Kumar Raj,grower,H,2025-08-21,2025-08,2025-W34,Thursday,307.78,61.56,15.42,261.64,8,7.6,10.0,0.95,1,34.43,32.7,SGD,False,,
drv_kumar_sg_12,Kumar Raj,grower,H,2025-08-22,2025-08,2025-W34,Friday,373.46,74.69,0.0,298.77,17,9.1,9.7,0.87,2,32.83,17.57,SGD,False,,
drv_kumar_sg_12,Kumar Raj,grower,H,2025-08-23,2025-08,2025-W34,Saturday,404.57,80.91,19.04,342.7,10,11.0,12.6,0.85,3,31.15,34.27,SGD,False,,
drv_kumar_sg_12,Kumar Raj,grower,H,2025-08-24,2025-08,2025-W34,Sunday,0,0,0,0,0,0,0,0,0,0,0,SGD,True,,rest_day
drv_kumar_sg_12,Kumar Raj,grower,H,2025-08-25,2025-08,2025-W35,Monday,229.8,45.96,0.0,183.84,17,10.8,11.8,0.87,0,17.02,10.81,SGD,False,,
drv_kumar_sg_12,Kumar Raj,grower,H,2025-08-26,2025-08,2025-W35,Tuesday,220.29,44.06,18.27,194.5,23,9.6,12.8,0.92,2,20.26,8.46,SGD,False,,
drv_kumar_sg_12,Kumar Raj,grower,H,2025-08-27,2025-08,2025-W35,Wednesday,258.5,51.7,0.0,206.8,17,6.5,8.7,0.88,2,31.82,12.16,SGD,False,,
drv_kumar_sg_12,Kumar Raj,grower,H,2025-08-28,2025-08,2025-W35,Thursday,275.53,55.11,19.26,239.68,21,9.9,12.8,0.79,3,24.21,11.41,SGD,False,,
drv_kumar_sg_12,Kumar Raj,grower,H,2025-08-29,2025-08,2025-W35,Friday,365.18,73.04,0.0,292.14,14,8.2,10.4,0.8,1,35.63,20.87,SGD,False,,
drv_kumar_sg_12,Kumar Raj,grower,H,2025-08-30,2025-08,2025-W35,Saturday,0,0,0,0,0,0,0,0,0,0,0,SGD,False,,illness
drv_kumar_sg_12,Kumar Raj,grower,H,2025-08-31,2025-08,2025-W35,Sunday,0,0,0,0,0,0,0,0,0,0,0,SGD,True,,rest_day
drv_kumar_sg_12,Kumar Raj,grower,H,2025-09-01,2025-09,2025-W36,Monday,0,0,0,0,0,0,0,0,0,0,0,SGD,False,,illness
drv_kumar_sg_12,Kumar Raj,grower,H,2025-09-02,2025-09,2025-W36,Tuesday,298.21,59.64,0.0,238.57,18,11.1,13.1,0.83,2,21.49,13.25,SGD,False,,
drv_kumar_sg_12,Kumar Raj,grower,H,2025-09-03,2025-09,2025-W36,Wednesday,278.33,55.67,21.69,244.35,16,9.9,11.1,0.86,2,24.68,15.27,SGD,False,,
drv_kumar_sg_12,Kumar Raj,grower,H,2025-09-04,2025-09,2025-W36,Thursday,181.79,36.36,14.26,159.69,15,11.3,13.2,0.82,3,14.13,10.65,SGD,False,,
drv_kumar_sg_12,Kumar Raj,grower,H,2025-09-05,2025-09,2025-W36,Friday,336.63,67.33,0.0,269.3,11,6.3,8.2,0.75,1,42.75,24.48,SGD,False,,
drv_kumar_sg_12,Kumar Raj,grower,H,2025-09-06,2025-09,2025-W36,Saturday,389.86,77.97,0.0,311.89,12,9.1,10.3,0.79,3,34.27,25.99,SGD,False,,
drv_kumar_sg_12,Kumar Raj,grower,H,2025-09-07,2025-09,2025-W36,Sunday,0,0,0,0,0,0,0,0,0,0,0,SGD,True,,rest_day
drv_kumar_sg_12,Kumar Raj,grower,H,2025-09-08,2025-09,2025-W37,Monday,245.45,49.09,18.96,215.32,11,9.2,12.0,0.73,3,23.4,19.57,SGD,False,,
drv_kumar_sg_12,Kumar Raj,grower,H,2025-09-09,2025-09,2025-W37,Tuesday,280.83,56.17,19.38,244.04,17,6.8,7.7,0.75,1,35.89,14.36,SGD,False,,
drv_kumar_sg_12,Kumar Raj,grower,H,2025-09-10,2025-09,2025-W37,Wednesday,304.59,60.92,23.44,267.11,14,9.2,10.3,0.87,3,29.03,19.08,SGD,False,,
drv_kumar_sg_12,Kumar Raj,grower,H,2025-09-11,2025-09,2025-W37,Thursday,290.12,58.02,0.0,232.1,18,10.0,13.4,0.8,1,23.21,12.89,SGD,False,,
drv_kumar_sg_12,Kumar Raj,grower,H,2025-09-12,2025-09,2025-W37,Friday,309.37,61.87,0.0,247.5,16,10.4,11.6,0.88,1,23.8,15.47,SGD,False,,
drv_kumar_sg_12,Kumar Raj,grower,H,2025-09-13,2025-09,2025-W37,Saturday,413.18,82.64,0.0,330.54,18,10.6,12.2,0.75,3,31.18,18.36,SGD,False,,
drv_kumar_sg_12,Kumar Raj,grower,H,2025-09-14,2025-09,2025-W37,Sunday,0,0,0,0,0,0,0,0,0,0,0,SGD,True,,rest_day
drv_kumar_sg_12,Kumar Raj,grower,H,2025-09-15,2025-09,2025-W38,Monday,282.82,56.56,0.0,226.26,22,7.7,9.5,0.87,1,29.38,10.28,SGD,False,,
drv_kumar_sg_12,Kumar Raj,grower,H,2025-09-16,2025-09,2025-W38,Tuesday,273.75,54.75,0.0,219.0,16,7.9,8.5,0.79,1,27.72,13.69,SGD,False,,
drv_kumar_sg_12,Kumar Raj,grower,H,2025-09-17,2025-09,2025-W38,Wednesday,285.47,57.09,21.4,249.78,10,9.4,10.4,0.82,0,26.57,24.98,SGD,False,,
drv_kumar_sg_12,Kumar Raj,grower,H,2025-09-18,2025-09,2025-W38,Thursday,168.39,33.68,12.49,147.2,22,11.0,13.2,0.88,2,13.38,6.69,SGD,False,,
drv_kumar_sg_12,Kumar Raj,grower,H,2025-09-19,2025-09,2025-W38,Friday,341.78,68.36,18.7,292.12,8,6.8,7.7,0.73,2,42.96,36.52,SGD,False,,
drv_kumar_sg_12,Kumar Raj,grower,H,2025-09-20,2025-09,2025-W38,Saturday,344.0,68.8,0.0,275.2,16,10.2,11.2,0.92,1,26.98,17.2,SGD,False,,
drv_kumar_sg_12,Kumar Raj,grower,H,2025-09-21,2025-09,2025-W38,Sunday,0,0,0,0,0,0,0,0,0,0,0,SGD,True,,rest_day
drv_kumar_sg_12,Kumar Raj,grower,H,2025-09-22,2025-09,2025-W39,Monday,202.01,40.4,0.0,161.61,22,8.3,9.4,0.77,0,19.47,7.35,SGD,False,,
drv_kumar_sg_12,Kumar Raj,grower,H,2025-09-23,2025-09,2025-W39,Tuesday,231.07,46.21,8.76,193.62,19,7.8,9.8,0.8,1,24.82,10.19,SGD,False,,
drv_kumar_sg_12,Kumar Raj,grower,H,2025-09-24,2025-09,2025-W39,Wednesday,328.89,65.78,26.66,289.77,17,7.0,7.9,0.84,2,41.4,17.05,SGD,False,,
drv_kumar_sg_12,Kumar Raj,grower,H,2025-09-25,2025-09,2025-W39,Thursday,339.93,67.99,13.79,285.73,22,10.9,13.9,0.78,1,26.21,12.99,SGD,False,,
drv_kumar_sg_12,Kumar Raj,grower,H,2025-09-26,2025-09,2025-W39,Friday,358.15,71.63,29.01,315.53,19,10.0,10.9,0.84,3,31.55,16.61,SGD,False,,
drv_kumar_sg_12,Kumar Raj,grower,H,2025-09-27,2025-09,2025-W39,Saturday,396.9,79.38,0.0,317.52,23,11.4,15.2,0.79,1,27.85,13.81,SGD,False,,
drv_kumar_sg_12,Kumar Raj,grower,H,2025-09-28,2025-09,2025-W39,Sunday,0,0,0,0,0,0,0,0,0,0,0,SGD,True,,rest_day
drv_kumar_sg_12,Kumar Raj,grower,H,2025-09-29,2025-09,2025-W40,Monday,230.31,46.06,0.0,184.25,24,7.5,10.1,0.74,1,24.57,7.68,SGD,False,,
drv_kumar_sg_12,Kumar Raj,grower,H,2025-09-30,2025-09,2025-W40,Tuesday,280.06,56.01,14.01,238.06,20,9.8,12.5,0.79,1,24.29,11.9,SGD,False,,
drv_kumar_sg_12,Kumar Raj,grower,H,2025-10-01,2025-10,2025-W40,Wednesday,242.01,48.4,0.0,193.61,24,10.2,13.6,0.72,0,18.98,8.07,SGD,False,,
drv_kumar_sg_12,Kumar Raj,grower,H,2025-10-02,2025-10,2025-W40,Thursday,312.06,62.41,0.0,249.65,8,6.4,7.0,0.82,2,39.01,31.21,SGD,False,,
drv_kumar_sg_12,Kumar Raj,grower,H,2025-10-03,2025-10,2025-W40,Friday,326.26,65.25,15.04,276.05,17,10.3,11.7,0.94,0,26.8,16.24,SGD,False,,
drv_kumar_sg_12,Kumar Raj,grower,H,2025-10-04,2025-10,2025-W40,Saturday,308.97,61.79,0.0,247.18,8,11.7,13.1,0.77,0,21.13,30.9,SGD,False,,
drv_kumar_sg_12,Kumar Raj,grower,H,2025-10-05,2025-10,2025-W40,Sunday,0,0,0,0,0,0,0,0,0,0,0,SGD,True,,rest_day
drv_kumar_sg_12,Kumar Raj,grower,H,2025-10-06,2025-10,2025-W41,Monday,283.55,56.71,21.65,248.49,9,12.0,13.5,0.77,3,20.71,27.61,SGD,False,,
drv_kumar_sg_12,Kumar Raj,grower,H,2025-10-07,2025-10,2025-W41,Tuesday,227.01,45.4,0.0,181.61,21,7.0,8.5,0.88,0,25.94,8.65,SGD,False,,
drv_kumar_sg_12,Kumar Raj,grower,H,2025-10-08,2025-10,2025-W41,Wednesday,258.44,51.69,0.0,206.75,14,7.7,8.4,0.91,3,26.85,14.77,SGD,False,,
drv_kumar_sg_12,Kumar Raj,grower,H,2025-10-09,2025-10,2025-W41,Thursday,260.98,52.2,0.0,208.78,15,10.8,11.6,0.92,2,19.33,13.92,SGD,False,,
drv_kumar_sg_12,Kumar Raj,grower,H,2025-10-10,2025-10,2025-W41,Friday,389.97,77.99,0.0,311.98,9,7.1,8.5,0.75,0,43.94,34.66,SGD,False,,
drv_kumar_sg_12,Kumar Raj,grower,H,2025-10-11,2025-10,2025-W41,Saturday,374.47,74.89,29.01,328.59,18,9.1,9.7,0.78,2,36.11,18.25,SGD,False,,
drv_kumar_sg_12,Kumar Raj,grower,H,2025-10-12,2025-10,2025-W41,Sunday,0,0,0,0,0,0,0,0,0,0,0,SGD,True,,rest_day
drv_kumar_sg_12,Kumar Raj,grower,H,2025-10-13,2025-10,2025-W42,Monday,200.12,40.02,0.0,160.1,24,8.0,10.4,0.76,3,20.01,6.67,SGD,False,,
drv_kumar_sg_12,Kumar Raj,grower,H,2025-10-14,2025-10,2025-W42,Tuesday,310.42,62.08,0.0,248.34,15,6.9,8.9,0.97,1,35.99,16.56,SGD,False,,
drv_kumar_sg_12,Kumar Raj,grower,H,2025-10-15,2025-10,2025-W42,Wednesday,283.67,56.73,11.71,238.65,17,7.9,8.3,0.93,1,30.21,14.04,SGD,False,,
drv_kumar_sg_12,Kumar Raj,grower,H,2025-10-16,2025-10,2025-W42,Thursday,280.32,56.06,0.0,224.26,17,11.6,14.8,0.84,3,19.33,13.19,SGD,False,,
drv_kumar_sg_12,Kumar Raj,grower,H,2025-10-17,2025-10,2025-W42,Friday,389.01,77.8,0.0,311.21,20,7.8,8.6,0.81,0,39.9,15.56,SGD,False,,
drv_kumar_sg_12,Kumar Raj,grower,H,2025-10-18,2025-10,2025-W42,Saturday,329.73,65.95,25.94,289.72,23,8.9,11.6,0.75,2,32.55,12.6,SGD,False,,
drv_kumar_sg_12,Kumar Raj,grower,H,2025-10-19,2025-10,2025-W42,Sunday,0,0,0,0,0,0,0,0,0,0,0,SGD,True,,rest_day
drv_kumar_sg_12,Kumar Raj,grower,H,2025-10-20,2025-10,2025-W43,Monday,228.23,45.65,0.0,182.58,24,10.6,13.1,0.8,0,17.22,7.61,SGD,False,,
drv_kumar_sg_12,Kumar Raj,grower,H,2025-10-21,2025-10,2025-W43,Tuesday,239.86,47.97,0.0,191.89,23,10.7,14.1,0.95,3,17.93,8.34,SGD,False,,
drv_kumar_sg_12,Kumar Raj,grower,H,2025-10-22,2025-10,2025-W43,Wednesday,255.77,51.15,0.0,204.62,19,9.4,10.9,0.78,0,21.77,10.77,SGD,False,,
drv_kumar_sg_12,Kumar Raj,grower,H,2025-10-23,2025-10,2025-W43,Thursday,306.44,61.29,10.55,255.7,18,7.6,9.7,0.9,2,33.64,14.21,SGD,False,,
drv_kumar_sg_12,Kumar Raj,grower,H,2025-10-24,2025-10,2025-W43,Friday,353.55,70.71,0.0,282.84,18,10.9,13.0,0.72,2,25.95,15.71,SGD,False,,
drv_kumar_sg_12,Kumar Raj,grower,H,2025-10-25,2025-10,2025-W43,Saturday,427.29,85.46,0.0,341.83,12,6.4,8.6,0.72,2,53.41,28.49,SGD,False,,
drv_kumar_sg_12,Kumar Raj,grower,H,2025-10-26,2025-10,2025-W43,Sunday,0,0,0,0,0,0,0,0,0,0,0,SGD,True,,rest_day
drv_kumar_sg_12,Kumar Raj,grower,H,2025-10-27,2025-10,2025-W44,Monday,143.34,28.67,0.0,114.67,24,11.8,13.0,0.92,3,9.72,4.78,SGD,False,,
drv_kumar_sg_12,Kumar Raj,grower,H,2025-10-28,2025-10,2025-W44,Tuesday,300.86,60.17,0.0,240.69,22,10.3,13.9,0.87,3,23.37,10.94,SGD,False,,
drv_kumar_sg_12,Kumar Raj,grower,H,2025-10-29,2025-10,2025-W44,Wednesday,319.39,63.88,28.13,283.64,12,7.8,9.1,0.87,1,36.36,23.64,SGD,False,,
drv_kumar_sg_12,Kumar Raj,grower,H,2025-10-30,2025-10,2025-W44,Thursday,120.51,24.1,0.0,96.41,17,6.8,7.7,0.88,2,14.18,5.67,SGD,False,,
drv_kumar_sg_12,Kumar Raj,grower,H,2025-10-31,2025-10,2025-W44,Friday,365.98,73.2,0.0,292.78,15,11.0,13.6,0.88,0,26.62,19.52,SGD,False,,
drv_kumar_sg_12,Kumar Raj,grower,H,2025-11-01,2025-11,2025-W44,Saturday,299.83,59.97,0.0,239.86,11,10.2,10.9,0.73,0,23.52,21.81,SGD,False,,
drv_kumar_sg_12,Kumar Raj,grower,H,2025-11-02,2025-11,2025-W44,Sunday,0,0,0,0,0,0,0,0,0,0,0,SGD,True,,rest_day
drv_kumar_sg_12,Kumar Raj,grower,H,2025-11-03,2025-11,2025-W45,Monday,228.29,45.66,0.0,182.63,8,10.9,13.9,0.88,2,16.76,22.83,SGD,False,,
drv_kumar_sg_12,Kumar Raj,grower,H,2025-11-04,2025-11,2025-W45,Tuesday,266.86,53.37,0.0,213.49,16,8.9,10.3,0.82,1,23.99,13.34,SGD,False,,
drv_kumar_sg_12,Kumar Raj,grower,H,2025-11-05,2025-11,2025-W45,Wednesday,296.11,59.22,17.9,254.79,8,6.5,7.5,0.89,3,39.2,31.85,SGD,False,,
drv_kumar_sg_12,Kumar Raj,grower,H,2025-11-06,2025-11,2025-W45,Thursday,340.94,68.19,0.0,272.75,18,11.8,13.7,0.91,0,23.11,15.15,SGD,False,,
drv_kumar_sg_12,Kumar Raj,grower,H,2025-11-07,2025-11,2025-W45,Friday,312.57,62.51,17.5,267.56,16,11.0,14.8,0.83,2,24.32,16.72,SGD,False,,
drv_kumar_sg_12,Kumar Raj,grower,H,2025-11-08,2025-11,2025-W45,Saturday,341.96,68.39,0.0,273.57,16,8.0,10.7,0.91,1,34.2,17.1,SGD,False,,
drv_kumar_sg_12,Kumar Raj,grower,H,2025-11-09,2025-11,2025-W45,Sunday,0,0,0,0,0,0,0,0,0,0,0,SGD,True,,rest_day
drv_kumar_sg_12,Kumar Raj,grower,H,2025-11-10,2025-11,2025-W46,Monday,256.2,51.24,22.98,227.94,14,10.6,12.3,0.78,2,21.5,16.28,SGD,False,,
drv_kumar_sg_12,Kumar Raj,grower,H,2025-11-11,2025-11,2025-W46,Tuesday,261.9,52.38,17.82,227.34,13,6.4,8.1,0.91,3,35.52,17.49,SGD,False,,
drv_kumar_sg_12,Kumar Raj,grower,H,2025-11-12,2025-11,2025-W46,Wednesday,266.55,53.31,0.0,213.24,9,8.5,11.4,0.82,2,25.09,23.69,SGD,False,,
drv_kumar_sg_12,Kumar Raj,grower,H,2025-11-13,2025-11,2025-W46,Thursday,311.15,62.23,18.83,267.75,20,8.4,9.8,0.75,3,31.88,13.39,SGD,False,,
drv_kumar_sg_12,Kumar Raj,grower,H,2025-11-14,2025-11,2025-W46,Friday,359.96,71.99,0.0,287.97,15,8.7,11.7,0.74,3,33.1,19.2,SGD,False,,
drv_kumar_sg_12,Kumar Raj,grower,H,2025-11-15,2025-11,2025-W46,Saturday,371.59,74.32,0.0,297.27,12,10.2,12.4,0.95,2,29.14,24.77,SGD,False,,
drv_kumar_sg_12,Kumar Raj,grower,H,2025-11-16,2025-11,2025-W46,Sunday,0,0,0,0,0,0,0,0,0,0,0,SGD,True,,rest_day
drv_kumar_sg_12,Kumar Raj,grower,H,2025-11-17,2025-11,2025-W47,Monday,235.94,47.19,18.18,206.93,10,6.4,8.1,0.94,3,32.33,20.69,SGD,False,,
drv_kumar_sg_12,Kumar Raj,grower,H,2025-11-18,2025-11,2025-W47,Tuesday,284.08,56.82,0.0,227.26,22,6.1,7.8,0.74,2,37.26,10.33,SGD,False,,
drv_kumar_sg_12,Kumar Raj,grower,H,2025-11-19,2025-11,2025-W47,Wednesday,245.95,49.19,0.0,196.76,15,8.9,11.5,0.93,0,22.11,13.12,SGD,False,,
drv_kumar_sg_12,Kumar Raj,grower,H,2025-11-20,2025-11,2025-W47,Thursday,335.73,67.15,0.0,268.58,21,8.8,11.5,0.74,2,30.52,12.79,SGD,False,,
drv_kumar_sg_12,Kumar Raj,grower,H,2025-11-21,2025-11,2025-W47,Friday,350.9,70.18,0.0,280.72,12,10.2,13.3,0.82,1,27.52,23.39,SGD,False,,
drv_kumar_sg_12,Kumar Raj,grower,H,2025-11-22,2025-11,2025-W47,Saturday,318.55,63.71,0.0,254.84,23,10.3,11.6,0.74,1,24.74,11.08,SGD,False,,
drv_kumar_sg_12,Kumar Raj,grower,H,2025-11-23,2025-11,2025-W47,Sunday,0,0,0,0,0,0,0,0,0,0,0,SGD,True,,rest_day
drv_kumar_sg_12,Kumar Raj,grower,H,2025-11-24,2025-11,2025-W48,Monday,208.21,41.64,13.18,179.75,14,8.2,10.4,0.83,3,21.92,12.84,SGD,False,,
drv_kumar_sg_12,Kumar Raj,grower,H,2025-11-25,2025-11,2025-W48,Tuesday,219.51,43.9,0.0,175.61,17,9.5,10.9,0.78,3,18.49,10.33,SGD,False,,
drv_kumar_sg_12,Kumar Raj,grower,H,2025-11-26,2025-11,2025-W48,Wednesday,313.11,62.62,17.15,267.64,14,11.6,13.6,0.96,0,23.07,19.12,SGD,False,,
drv_kumar_sg_12,Kumar Raj,grower,H,2025-11-27,2025-11,2025-W48,Thursday,246.67,49.33,0.0,197.34,21,10.0,13.4,0.85,0,19.73,9.4,SGD,False,,
drv_kumar_sg_12,Kumar Raj,grower,H,2025-11-28,2025-11,2025-W48,Friday,346.36,69.27,0.0,277.09,12,10.2,12.7,0.95,3,27.17,23.09,SGD,False,,
drv_kumar_sg_12,Kumar Raj,grower,H,2025-11-29,2025-11,2025-W48,Saturday,313.64,62.73,0.0,250.91,22,11.9,12.6,0.88,2,21.08,11.4,SGD,False,,
drv_kumar_sg_12,Kumar Raj,grower,H,2025-11-30,2025-11,2025-W48,Sunday,0,0,0,0,0,0,0,0,0,0,0,SGD,True,,rest_day
drv_kumar_sg_12,Kumar Raj,grower,H,2025-12-01,2025-12,2025-W49,Monday,260.81,52.16,0.0,208.65,16,8.0,10.2,0.9,3,26.08,13.04,SGD,False,,
drv_kumar_sg_12,Kumar Raj,grower,H,2025-12-02,2025-12,2025-W49,Tuesday,258.33,51.67,15.21,221.87,16,11.1,14.9,0.94,2,19.99,13.87,SGD,False,,
drv_kumar_sg_12,Kumar Raj,grower,H,2025-12-03,2025-12,2025-W49,Wednesday,299.26,59.85,10.01,249.42,9,9.4,12.6,0.86,3,26.53,27.71,SGD,False,,
drv_kumar_sg_12,Kumar Raj,grower,H,2025-12-04,2025-12,2025-W49,Thursday,194.08,38.82,13.51,168.77,11,10.6,12.8,0.88,3,15.92,15.34,SGD,False,,
drv_kumar_sg_12,Kumar Raj,grower,H,2025-12-05,2025-12,2025-W49,Friday,346.79,69.36,0.0,277.43,8,8.1,10.5,0.91,0,34.25,34.68,SGD,False,,
drv_kumar_sg_12,Kumar Raj,grower,H,2025-12-06,2025-12,2025-W49,Saturday,314.03,62.81,0.0,251.22,19,11.1,15.0,0.93,0,22.63,13.22,SGD,False,,
drv_kumar_sg_12,Kumar Raj,grower,H,2025-12-07,2025-12,2025-W49,Sunday,0,0,0,0,0,0,0,0,0,0,0,SGD,True,,rest_day
drv_kumar_sg_12,Kumar Raj,grower,H,2025-12-08,2025-12,2025-W50,Monday,200.79,40.16,14.52,175.15,15,10.1,13.5,0.74,3,17.34,11.68,SGD,False,,
drv_kumar_sg_12,Kumar Raj,grower,H,2025-12-09,2025-12,2025-W50,Tuesday,251.48,50.3,0.0,201.18,18,8.4,10.4,0.79,1,23.95,11.18,SGD,False,,
drv_kumar_sg_12,Kumar Raj,grower,H,2025-12-10,2025-12,2025-W50,Wednesday,312.68,62.54,0.0,250.14,8,11.3,12.4,0.81,3,22.14,31.27,SGD,False,,
drv_kumar_sg_12,Kumar Raj,grower,H,2025-12-11,2025-12,2025-W50,Thursday,0,0,0,0,0,0,0,0,0,0,0,SGD,False,,illness
drv_kumar_sg_12,Kumar Raj,grower,H,2025-12-12,2025-12,2025-W50,Friday,0,0,0,0,0,0,0,0,0,0,0,SGD,False,,illness
drv_kumar_sg_12,Kumar Raj,grower,H,2025-12-13,2025-12,2025-W50,Saturday,0,0,0,0,0,0,0,0,0,0,0,SGD,False,,illness
drv_kumar_sg_12,Kumar Raj,grower,H,2025-12-14,2025-12,2025-W50,Sunday,0,0,0,0,0,0,0,0,0,0,0,SGD,True,,rest_day
drv_kumar_sg_12,Kumar Raj,grower,H,2025-12-15,2025-12,2025-W51,Monday,212.58,42.52,16.49,186.55,22,11.5,13.5,0.9,1,16.22,8.48,SGD,False,,
drv_kumar_sg_12,Kumar Raj,grower,H,2025-12-16,2025-12,2025-W51,Tuesday,311.89,62.38,0.0,249.51,21,10.3,13.2,0.88,2,24.22,11.88,SGD,False,,
drv_kumar_sg_12,Kumar Raj,grower,H,2025-12-17,2025-12,2025-W51,Wednesday,276.34,55.27,0.0,221.07,23,10.8,11.5,0.87,0,20.47,9.61,SGD,False,,
drv_kumar_sg_12,Kumar Raj,grower,H,2025-12-18,2025-12,2025-W51,Thursday,191.74,38.35,0.0,153.39,10,9.3,10.6,0.9,2,16.49,15.34,SGD,False,,
drv_kumar_sg_12,Kumar Raj,grower,H,2025-12-19,2025-12,2025-W51,Friday,280.81,56.16,0.0,224.65,14,6.2,7.6,0.83,2,36.23,16.05,SGD,False,,
drv_kumar_sg_12,Kumar Raj,grower,H,2025-12-20,2025-12,2025-W51,Saturday,303.36,60.67,0.0,242.69,19,9.1,10.4,0.83,0,26.67,12.77,SGD,False,,
drv_kumar_sg_12,Kumar Raj,grower,H,2025-12-21,2025-12,2025-W51,Sunday,0,0,0,0,0,0,0,0,0,0,0,SGD,True,,rest_day
drv_kumar_sg_12,Kumar Raj,grower,H,2025-12-22,2025-12,2025-W52,Monday,277.1,55.42,0.0,221.68,22,9.2,12.0,0.94,3,24.1,10.08,SGD,False,Year-End Peak,
drv_kumar_sg_12,Kumar Raj,grower,H,2025-12-23,2025-12,2025-W52,Tuesday,311.06,62.21,16.57,265.42,22,8.3,10.8,0.73,0,31.98,12.06,SGD,False,Year-End Peak,
drv_kumar_sg_12,Kumar Raj,grower,H,2025-12-24,2025-12,2025-W52,Wednesday,303.54,60.71,0.0,242.83,10,8.5,10.6,0.81,1,28.57,24.28,SGD,False,Year-End Peak,
drv_kumar_sg_12,Kumar Raj,grower,H,2025-12-25,2025-12,2025-W52,Thursday,337.96,67.59,0.0,270.37,24,7.0,9.2,0.86,0,38.62,11.27,SGD,False,Year-End Peak,
drv_kumar_sg_12,Kumar Raj,grower,H,2025-12-26,2025-12,2025-W52,Friday,419.26,83.85,0.0,335.41,15,7.2,8.8,0.74,0,46.58,22.36,SGD,False,Year-End Peak,
drv_kumar_sg_12,Kumar Raj,grower,H,2025-12-27,2025-12,2025-W52,Saturday,399.93,79.99,0.0,319.94,22,7.7,8.2,0.82,3,41.55,14.54,SGD,False,Year-End Peak,
drv_kumar_sg_12,Kumar Raj,grower,H,2025-12-28,2025-12,2025-W52,Sunday,0,0,0,0,0,0,0,0,0,0,0,SGD,True,Year-End Peak,rest_day
drv_kumar_sg_12,Kumar Raj,grower,H,2025-12-29,2025-12,2026-W01,Monday,292.86,58.57,15.57,249.86,13,11.3,13.7,0.78,3,22.11,19.22,SGD,False,Year-End Peak,
drv_kumar_sg_12,Kumar Raj,grower,H,2025-12-30,2025-12,2026-W01,Tuesday,328.85,65.77,0.0,263.08,22,9.1,9.9,0.76,2,28.91,11.96,SGD,False,Year-End Peak,
drv_kumar_sg_12,Kumar Raj,grower,H,2025-12-31,2025-12,2026-W01,Wednesday,307.99,61.6,0.0,246.39,8,9.3,11.0,0.95,0,26.49,30.8,SGD,False,Year-End Peak,
drv_kumar_sg_12,Kumar Raj,grower,H,2026-01-01,2026-01,2026-W01,Thursday,390.45,78.09,0.0,312.36,15,8.7,10.6,0.87,1,35.9,20.82,SGD,False,Year-End Peak,
drv_kumar_sg_12,Kumar Raj,grower,H,2026-01-02,2026-01,2026-W01,Friday,231.44,46.29,0.0,185.15,11,7.3,7.7,0.95,3,25.36,16.83,SGD,False,Year-End Peak,
drv_kumar_sg_12,Kumar Raj,grower,H,2026-01-03,2026-01,2026-W01,Saturday,414.7,82.94,0.0,331.76,19,10.8,13.3,0.76,1,30.72,17.46,SGD,False,,
drv_kumar_sg_12,Kumar Raj,grower,H,2026-01-04,2026-01,2026-W01,Sunday,0,0,0,0,0,0,0,0,0,0,0,SGD,True,,rest_day
drv_kumar_sg_12,Kumar Raj,grower,H,2026-01-05,2026-01,2026-W02,Monday,209.69,41.94,0.0,167.75,10,7.8,10.2,0.85,1,21.51,16.77,SGD,False,,
drv_kumar_sg_12,Kumar Raj,grower,H,2026-01-06,2026-01,2026-W02,Tuesday,267.03,53.41,0.0,213.62,19,6.4,7.2,0.75,2,33.38,11.24,SGD,False,,
drv_kumar_sg_12,Kumar Raj,grower,H,2026-01-07,2026-01,2026-W02,Wednesday,316.03,63.21,0.0,252.82,15,11.4,13.3,0.79,0,22.18,16.85,SGD,False,,
drv_kumar_sg_12,Kumar Raj,grower,H,2026-01-08,2026-01,2026-W02,Thursday,338.8,67.76,23.08,294.12,13,10.2,11.4,0.88,1,28.84,22.62,SGD,False,,
drv_kumar_sg_12,Kumar Raj,grower,H,2026-01-09,2026-01,2026-W02,Friday,223.44,44.69,0.0,178.75,22,10.1,13.2,0.92,1,17.7,8.12,SGD,False,,
drv_kumar_sg_12,Kumar Raj,grower,H,2026-01-10,2026-01,2026-W02,Saturday,370.86,74.17,0.0,296.69,14,8.9,10.1,0.91,3,33.34,21.19,SGD,False,,
drv_kumar_sg_12,Kumar Raj,grower,H,2026-01-11,2026-01,2026-W02,Sunday,0,0,0,0,0,0,0,0,0,0,0,SGD,True,,rest_day
drv_kumar_sg_12,Kumar Raj,grower,H,2026-01-12,2026-01,2026-W03,Monday,257.32,51.46,16.63,222.49,17,11.9,12.9,0.97,1,18.7,13.09,SGD,False,,
drv_kumar_sg_12,Kumar Raj,grower,H,2026-01-13,2026-01,2026-W03,Tuesday,296.61,59.32,17.63,254.92,18,9.7,12.5,0.82,0,26.28,14.16,SGD,False,,
drv_kumar_sg_12,Kumar Raj,grower,H,2026-01-14,2026-01,2026-W03,Wednesday,318.24,63.65,25.57,280.16,19,7.7,10.3,0.74,3,36.38,14.75,SGD,False,,
drv_kumar_sg_12,Kumar Raj,grower,H,2026-01-15,2026-01,2026-W03,Thursday,324.21,64.84,0.0,259.37,17,6.4,7.0,0.94,0,40.53,15.26,SGD,False,,
drv_kumar_sg_12,Kumar Raj,grower,H,2026-01-16,2026-01,2026-W03,Friday,401.41,80.28,20.89,342.02,19,10.1,12.4,0.82,0,33.86,18.0,SGD,False,,
drv_kumar_sg_12,Kumar Raj,grower,H,2026-01-17,2026-01,2026-W03,Saturday,325.76,65.15,0.0,260.61,18,10.4,12.2,0.93,1,25.06,14.48,SGD,False,,
drv_kumar_sg_12,Kumar Raj,grower,H,2026-01-18,2026-01,2026-W03,Sunday,0,0,0,0,0,0,0,0,0,0,0,SGD,True,,rest_day
drv_kumar_sg_12,Kumar Raj,grower,H,2026-01-19,2026-01,2026-W04,Monday,282.09,56.42,0.0,225.67,20,7.4,9.6,0.93,2,30.5,11.28,SGD,False,,
drv_kumar_sg_12,Kumar Raj,grower,H,2026-01-20,2026-01,2026-W04,Tuesday,312.28,62.46,0.0,249.82,20,6.8,7.7,0.9,3,36.74,12.49,SGD,False,,
drv_kumar_sg_12,Kumar Raj,grower,H,2026-01-21,2026-01,2026-W04,Wednesday,238.91,47.78,0.0,191.13,15,8.7,10.1,0.95,2,21.97,12.74,SGD,False,,
drv_kumar_sg_12,Kumar Raj,grower,H,2026-01-22,2026-01,2026-W04,Thursday,330.9,66.18,22.87,287.59,23,10.7,12.7,0.9,1,26.88,12.5,SGD,False,,
drv_kumar_sg_12,Kumar Raj,grower,H,2026-01-23,2026-01,2026-W04,Friday,341.19,68.24,0.0,272.95,23,11.8,13.8,0.93,1,23.13,11.87,SGD,False,,
drv_kumar_sg_12,Kumar Raj,grower,H,2026-01-24,2026-01,2026-W04,Saturday,422.47,84.49,0.0,337.98,12,8.2,9.4,0.75,2,41.22,28.17,SGD,False,,
drv_kumar_sg_12,Kumar Raj,grower,H,2026-01-25,2026-01,2026-W04,Sunday,0,0,0,0,0,0,0,0,0,0,0,SGD,True,,rest_day
drv_kumar_sg_12,Kumar Raj,grower,H,2026-01-26,2026-01,2026-W05,Monday,201.95,40.39,0.0,161.56,16,10.6,12.5,0.92,1,15.24,10.1,SGD,False,,
drv_kumar_sg_12,Kumar Raj,grower,H,2026-01-27,2026-01,2026-W05,Tuesday,300.32,60.06,0.0,240.26,16,7.6,9.0,0.9,3,31.61,15.02,SGD,False,,
drv_kumar_sg_12,Kumar Raj,grower,H,2026-01-28,2026-01,2026-W05,Wednesday,300.7,60.14,15.77,256.33,17,11.7,13.4,0.8,0,21.91,15.08,SGD,False,,
drv_kumar_sg_12,Kumar Raj,grower,H,2026-01-29,2026-01,2026-W05,Thursday,273.45,54.69,15.27,234.03,9,11.1,12.5,0.76,1,21.08,26.0,SGD,False,,
drv_kumar_sg_12,Kumar Raj,grower,H,2026-01-30,2026-01,2026-W05,Friday,323.3,64.66,0.0,258.64,19,10.2,10.9,0.74,0,25.36,13.61,SGD,False,,
drv_kumar_sg_12,Kumar Raj,grower,H,2026-01-31,2026-01,2026-W05,Saturday,422.09,84.42,28.81,366.48,11,7.5,8.2,0.77,0,48.86,33.32,SGD,False,,
drv_kumar_sg_12,Kumar Raj,grower,H,2026-02-01,2026-02,2026-W05,Sunday,0,0,0,0,0,0,0,0,0,0,0,SGD,True,,rest_day
drv_kumar_sg_12,Kumar Raj,grower,H,2026-02-02,2026-02,2026-W06,Monday,204.6,40.92,0.0,163.68,9,11.0,14.8,0.93,3,14.88,18.19,SGD,False,,
drv_kumar_sg_12,Kumar Raj,grower,H,2026-02-03,2026-02,2026-W06,Tuesday,244.76,48.95,0.0,195.81,18,11.8,13.6,0.83,0,16.59,10.88,SGD,False,,
drv_kumar_sg_12,Kumar Raj,grower,H,2026-02-04,2026-02,2026-W06,Wednesday,273.57,54.71,16.58,235.44,23,8.7,9.2,0.96,3,27.06,10.24,SGD,False,,
drv_kumar_sg_12,Kumar Raj,grower,H,2026-02-05,2026-02,2026-W06,Thursday,320.12,64.02,0.0,256.1,8,11.5,13.5,0.84,0,22.27,32.01,SGD,False,,
drv_kumar_sg_12,Kumar Raj,grower,H,2026-02-06,2026-02,2026-W06,Friday,314.9,62.98,0.0,251.92,20,7.9,10.0,0.83,2,31.89,12.6,SGD,False,,
drv_kumar_sg_12,Kumar Raj,grower,H,2026-02-07,2026-02,2026-W06,Saturday,331.77,66.35,0.0,265.42,10,6.6,8.3,0.96,1,40.22,26.54,SGD,False,,
drv_kumar_sg_12,Kumar Raj,grower,H,2026-02-08,2026-02,2026-W06,Sunday,0,0,0,0,0,0,0,0,0,0,0,SGD,True,,rest_day
drv_kumar_sg_12,Kumar Raj,grower,H,2026-02-09,2026-02,2026-W07,Monday,247.52,49.5,0.0,198.02,18,6.4,8.1,0.94,1,30.94,11.0,SGD,False,,
drv_kumar_sg_12,Kumar Raj,grower,H,2026-02-10,2026-02,2026-W07,Tuesday,140.99,28.2,11.79,124.58,12,10.1,13.4,0.73,2,12.33,10.38,SGD,False,,
drv_kumar_sg_12,Kumar Raj,grower,H,2026-02-11,2026-02,2026-W07,Wednesday,296.15,59.23,0.0,236.92,14,6.8,7.7,0.95,1,34.84,16.92,SGD,False,,
drv_kumar_sg_12,Kumar Raj,grower,H,2026-02-12,2026-02,2026-W07,Thursday,309.35,61.87,0.0,247.48,14,6.7,7.1,0.96,3,36.94,17.68,SGD,False,,
drv_kumar_sg_12,Kumar Raj,grower,H,2026-02-13,2026-02,2026-W07,Friday,390.33,78.07,14.26,326.52,12,11.3,14.5,0.79,1,28.9,27.21,SGD,False,,
drv_kumar_sg_12,Kumar Raj,grower,H,2026-02-14,2026-02,2026-W07,Saturday,373.8,74.76,0.0,299.04,10,10.0,11.5,0.86,3,29.9,29.9,SGD,False,,
drv_kumar_sg_12,Kumar Raj,grower,H,2026-02-15,2026-02,2026-W07,Sunday,0,0,0,0,0,0,0,0,0,0,0,SGD,True,Lunar New Year,rest_day
drv_kumar_sg_12,Kumar Raj,grower,H,2026-02-16,2026-02,2026-W08,Monday,155.31,31.06,12.34,136.59,10,6.1,6.8,0.96,0,22.39,13.66,SGD,False,Lunar New Year,
drv_kumar_sg_12,Kumar Raj,grower,H,2026-02-17,2026-02,2026-W08,Tuesday,161.38,32.28,0.0,129.1,20,8.6,9.4,0.75,3,15.01,6.46,SGD,False,Lunar New Year,
drv_kumar_sg_12,Kumar Raj,grower,H,2026-02-18,2026-02,2026-W08,Wednesday,194.82,38.96,0.0,155.86,19,11.7,12.7,0.93,3,13.32,8.2,SGD,False,Lunar New Year,
drv_kumar_sg_12,Kumar Raj,grower,H,2026-02-19,2026-02,2026-W08,Thursday,243.72,48.74,0.0,194.98,16,9.3,9.9,0.81,2,20.97,12.19,SGD,False,Lunar New Year,
drv_kumar_sg_12,Kumar Raj,grower,H,2026-02-20,2026-02,2026-W08,Friday,385.91,77.18,0.0,308.73,24,10.5,11.7,0.85,0,29.4,12.86,SGD,False,,
drv_kumar_sg_12,Kumar Raj,grower,H,2026-02-21,2026-02,2026-W08,Saturday,335.59,67.12,0.0,268.47,10,11.7,13.5,0.76,2,22.95,26.85,SGD,False,,
drv_kumar_sg_12,Kumar Raj,grower,H,2026-02-22,2026-02,2026-W08,Sunday,0,0,0,0,0,0,0,0,0,0,0,SGD,True,,rest_day
drv_kumar_sg_12,Kumar Raj,grower,H,2026-02-23,2026-02,2026-W09,Monday,281.1,56.22,0.0,224.88,8,8.0,10.7,0.78,3,28.11,28.11,SGD,False,,
drv_kumar_sg_12,Kumar Raj,grower,H,2026-02-24,2026-02,2026-W09,Tuesday,303.47,60.69,22.95,265.73,13,6.7,7.5,0.95,2,39.66,20.44,SGD,False,,
drv_kumar_sg_12,Kumar Raj,grower,H,2026-02-25,2026-02,2026-W09,Wednesday,245.45,49.09,9.49,205.85,21,11.5,15.5,0.75,2,17.9,9.8,SGD,False,,
drv_kumar_sg_12,Kumar Raj,grower,H,2026-02-26,2026-02,2026-W09,Thursday,257.12,51.42,16.04,221.74,12,11.4,13.3,0.93,1,19.45,18.48,SGD,False,,
drv_kumar_sg_12,Kumar Raj,grower,H,2026-02-27,2026-02,2026-W09,Friday,300.33,60.07,0.0,240.26,18,8.2,9.5,0.97,0,29.3,13.35,SGD,False,,
drv_kumar_sg_12,Kumar Raj,grower,H,2026-02-28,2026-02,2026-W09,Saturday,307.01,61.4,26.07,271.68,14,9.5,10.3,0.75,1,28.6,19.41,SGD,False,,
drv_kumar_sg_12,Kumar Raj,grower,H,2026-03-01,2026-03,2026-W09,Sunday,0,0,0,0,0,0,0,0,0,0,0,SGD,True,,rest_day
drv_kumar_sg_12,Kumar Raj,grower,H,2026-03-02,2026-03,2026-W10,Monday,239.08,47.82,16.83,208.09,24,9.5,10.6,0.88,3,21.9,8.67,SGD,False,,
drv_kumar_sg_12,Kumar Raj,grower,H,2026-03-03,2026-03,2026-W10,Tuesday,241.74,48.35,0.0,193.39,17,9.4,10.9,0.75,1,20.57,11.38,SGD,False,,
drv_kumar_sg_12,Kumar Raj,grower,H,2026-03-04,2026-03,2026-W10,Wednesday,276.87,55.37,0.0,221.5,22,10.3,12.6,0.9,0,21.5,10.07,SGD,False,,
drv_kumar_sg_12,Kumar Raj,grower,H,2026-03-05,2026-03,2026-W10,Thursday,256.14,51.23,0.0,204.91,21,10.3,12.7,0.85,3,19.89,9.76,SGD,False,,
drv_kumar_sg_12,Kumar Raj,grower,H,2026-03-06,2026-03,2026-W10,Friday,282.85,56.57,17.02,243.3,8,6.3,7.9,0.91,0,38.62,30.41,SGD,False,,
drv_kumar_sg_12,Kumar Raj,grower,H,2026-03-07,2026-03,2026-W10,Saturday,364.77,72.95,0.0,291.82,15,11.3,14.0,0.86,3,25.82,19.45,SGD,False,,
drv_kumar_sg_12,Kumar Raj,grower,H,2026-03-08,2026-03,2026-W10,Sunday,0,0,0,0,0,0,0,0,0,0,0,SGD,True,,rest_day
drv_kumar_sg_12,Kumar Raj,grower,H,2026-03-09,2026-03,2026-W11,Monday,283.41,56.68,0.0,226.73,19,11.1,12.4,0.93,3,20.43,11.93,SGD,False,,
drv_kumar_sg_12,Kumar Raj,grower,H,2026-03-10,2026-03,2026-W11,Tuesday,287.68,57.54,0.0,230.14,18,7.5,10.1,0.93,1,30.69,12.79,SGD,False,,
drv_kumar_sg_12,Kumar Raj,grower,H,2026-03-11,2026-03,2026-W11,Wednesday,320.99,64.2,0.0,256.79,14,11.2,12.6,0.88,2,22.93,18.34,SGD,False,,
drv_kumar_sg_12,Kumar Raj,grower,H,2026-03-12,2026-03,2026-W11,Thursday,144.64,28.93,10.88,126.59,12,8.9,11.3,0.85,0,14.22,10.55,SGD,False,,
drv_kumar_sg_12,Kumar Raj,grower,H,2026-03-13,2026-03,2026-W11,Friday,295.64,59.13,0.0,236.51,22,8.3,10.1,0.79,1,28.5,10.75,SGD,False,,
drv_kumar_sg_12,Kumar Raj,grower,H,2026-03-14,2026-03,2026-W11,Saturday,374.97,74.99,0.0,299.98,17,7.0,8.7,0.96,3,42.85,17.65,SGD,False,,
drv_kumar_sg_12,Kumar Raj,grower,H,2026-03-15,2026-03,2026-W11,Sunday,0,0,0,0,0,0,0,0,0,0,0,SGD,True,,rest_day
drv_kumar_sg_12,Kumar Raj,grower,H,2026-03-16,2026-03,2026-W12,Monday,156.56,31.31,6.23,131.48,23,11.4,14.9,0.93,1,11.53,5.72,SGD,False,,
drv_kumar_sg_12,Kumar Raj,grower,H,2026-03-17,2026-03,2026-W12,Tuesday,235.3,47.06,0.0,188.24,8,8.9,10.7,0.75,3,21.15,23.53,SGD,False,,
drv_kumar_sg_12,Kumar Raj,grower,H,2026-03-18,2026-03,2026-W12,Wednesday,144.19,28.84,0.0,115.35,13,8.6,10.8,0.75,1,13.41,8.87,SGD,False,,
drv_kumar_sg_12,Kumar Raj,grower,H,2026-03-19,2026-03,2026-W12,Thursday,301.77,60.35,0.0,241.42,17,11.6,12.3,0.83,0,20.81,14.2,SGD,False,,
drv_kumar_sg_12,Kumar Raj,grower,H,2026-03-20,2026-03,2026-W12,Friday,299.19,59.84,14.91,254.26,12,10.3,11.3,0.8,2,24.69,21.19,SGD,False,,
drv_kumar_sg_12,Kumar Raj,grower,H,2026-03-21,2026-03,2026-W12,Saturday,308.51,61.7,0.0,246.81,13,9.3,10.5,0.9,0,26.54,18.99,SGD,False,,
drv_kumar_sg_12,Kumar Raj,grower,H,2026-03-22,2026-03,2026-W12,Sunday,0,0,0,0,0,0,0,0,0,0,0,SGD,True,,rest_day
drv_kumar_sg_12,Kumar Raj,grower,H,2026-03-23,2026-03,2026-W13,Monday,234.83,46.97,0.0,187.86,24,11.6,14.9,0.87,2,16.19,7.83,SGD,False,,
drv_kumar_sg_12,Kumar Raj,grower,H,2026-03-24,2026-03,2026-W13,Tuesday,176.44,35.29,0.0,141.15,24,8.1,10.8,0.81,0,17.43,5.88,SGD,False,,
drv_kumar_sg_12,Kumar Raj,grower,H,2026-03-25,2026-03,2026-W13,Wednesday,230.2,46.04,19.82,203.98,16,7.0,8.1,0.73,1,29.14,12.75,SGD,False,,
drv_kumar_sg_12,Kumar Raj,grower,H,2026-03-26,2026-03,2026-W13,Thursday,271.28,54.26,0.0,217.02,8,8.0,8.6,0.75,1,27.13,27.13,SGD,False,,
drv_kumar_sg_12,Kumar Raj,grower,H,2026-03-27,2026-03,2026-W13,Friday,159.96,31.99,6.42,134.39,13,10.5,14.0,0.94,1,12.8,10.34,SGD,False,,
drv_kumar_sg_12,Kumar Raj,grower,H,2026-03-28,2026-03,2026-W13,Saturday,400.88,80.18,27.9,348.6,13,9.4,10.2,0.91,0,37.09,26.82,SGD,False,,
drv_kumar_sg_12,Kumar Raj,grower,H,2026-03-29,2026-03,2026-W13,Sunday,0,0,0,0,0,0,0,0,0,0,0,SGD,True,,rest_day
drv_kumar_sg_12,Kumar Raj,grower,H,2026-03-30,2026-03,2026-W14,Monday,229.02,45.8,0.0,183.22,17,6.6,8.9,0.93,3,27.76,10.78,SGD,False,,
drv_kumar_sg_12,Kumar Raj,grower,H,2026-03-31,2026-03,2026-W14,Tuesday,225.48,45.1,0.0,180.38,12,11.0,13.2,0.76,0,16.4,15.03,SGD,False,,
drv_kumar_sg_12,Kumar Raj,grower,H,2026-04-01,2026-04,2026-W14,Wednesday,255.71,51.14,0.0,204.57,21,7.8,9.0,0.77,3,26.23,9.74,SGD,False,,
drv_kumar_sg_12,Kumar Raj,grower,H,2026-04-02,2026-04,2026-W14,Thursday,293.97,58.79,0.0,235.18,10,11.2,12.9,0.85,2,21.0,23.52,SGD,False,,
drv_kumar_sg_12,Kumar Raj,grower,H,2026-04-03,2026-04,2026-W14,Friday,391.17,78.23,0.0,312.94,17,8.6,9.7,0.83,2,36.39,18.41,SGD,False,,
drv_kumar_sg_12,Kumar Raj,grower,H,2026-04-04,2026-04,2026-W14,Saturday,349.7,69.94,0.0,279.76,16,10.2,13.4,0.74,0,27.43,17.48,SGD,False,,
drv_kumar_sg_12,Kumar Raj,grower,H,2026-04-05,2026-04,2026-W14,Sunday,0,0,0,0,0,0,0,0,0,0,0,SGD,True,,rest_day
drv_kumar_sg_12,Kumar Raj,grower,H,2026-04-06,2026-04,2026-W15,Monday,247.85,49.57,0.0,198.28,23,9.6,12.3,0.78,1,20.65,8.62,SGD,False,,
drv_kumar_sg_12,Kumar Raj,grower,H,2026-04-07,2026-04,2026-W15,Tuesday,117.26,23.45,0.0,93.81,14,6.5,7.3,0.86,1,14.43,6.7,SGD,False,,
drv_kumar_sg_12,Kumar Raj,grower,H,2026-04-08,2026-04,2026-W15,Wednesday,267.0,53.4,0.0,213.6,14,11.7,15.3,0.91,3,18.26,15.26,SGD,False,,
drv_kumar_sg_12,Kumar Raj,grower,H,2026-04-09,2026-04,2026-W15,Thursday,334.0,66.8,0.0,267.2,19,7.4,9.3,0.89,1,36.11,14.06,SGD,False,,
drv_kumar_sg_12,Kumar Raj,grower,H,2026-04-10,2026-04,2026-W15,Friday,346.86,69.37,0.0,277.49,17,9.4,11.1,0.78,3,29.52,16.32,SGD,False,,
drv_kumar_sg_12,Kumar Raj,grower,H,2026-04-11,2026-04,2026-W15,Saturday,343.35,68.67,16.37,291.05,8,6.8,7.4,0.77,3,42.8,36.38,SGD,False,,
drv_kumar_sg_12,Kumar Raj,grower,H,2026-04-12,2026-04,2026-W15,Sunday,0,0,0,0,0,0,0,0,0,0,0,SGD,True,,rest_day
drv_kumar_sg_12,Kumar Raj,grower,H,2026-04-13,2026-04,2026-W16,Monday,210.92,42.18,0.0,168.74,22,11.6,15.2,0.92,0,14.55,7.67,SGD,False,,
drv_kumar_sg_12,Kumar Raj,grower,H,2026-04-14,2026-04,2026-W16,Tuesday,282.9,56.58,17.23,243.55,12,9.1,9.6,0.89,0,26.76,20.3,SGD,False,,
drv_kumar_sg_12,Kumar Raj,grower,H,2026-04-15,2026-04,2026-W16,Wednesday,291.4,58.28,0.0,233.12,17,8.7,10.7,0.91,3,26.8,13.71,SGD,False,,
drv_kumar_sg_12,Kumar Raj,grower,H,2026-04-16,2026-04,2026-W16,Thursday,306.21,61.24,0.0,244.97,21,6.9,7.3,0.91,0,35.5,11.67,SGD,False,,
drv_kumar_sg_12,Kumar Raj,grower,H,2026-04-17,2026-04,2026-W16,Friday,313.23,62.65,0.0,250.58,12,7.9,8.4,0.78,1,31.72,20.88,SGD,False,,
drv_kumar_sg_12,Kumar Raj,grower,H,2026-04-18,2026-04,2026-W16,Saturday,358.24,71.65,0.0,286.59,17,11.1,14.2,0.82,2,25.82,16.86,SGD,False,,
drv_kumar_sg_12,Kumar Raj,grower,H,2026-04-19,2026-04,2026-W16,Sunday,0,0,0,0,0,0,0,0,0,0,0,SGD,True,,rest_day
drv_kumar_sg_12,Kumar Raj,grower,H,2026-04-20,2026-04,2026-W17,Monday,209.25,41.85,12.23,179.63,12,11.6,15.5,0.94,2,15.49,14.97,SGD,False,,
drv_kumar_sg_12,Kumar Raj,grower,H,2026-04-21,2026-04,2026-W17,Tuesday,253.44,50.69,13.69,216.44,21,10.8,13.1,0.85,1,20.04,10.31,SGD,False,,
drv_kumar_sg_12,Kumar Raj,grower,H,2026-04-22,2026-04,2026-W17,Wednesday,314.98,63.0,14.62,266.6,21,10.3,12.3,0.8,3,25.88,12.7,SGD,False,,
drv_kumar_sg_12,Kumar Raj,grower,H,2026-04-23,2026-04,2026-W17,Thursday,303.4,60.68,0.0,242.72,14,6.6,7.2,0.73,0,36.78,17.34,SGD,False,,
drv_kumar_sg_12,Kumar Raj,grower,H,2026-04-24,2026-04,2026-W17,Friday,353.08,70.62,0.0,282.46,10,9.2,11.8,0.75,1,30.7,28.25,SGD,False,,
drv_kumar_sg_12,Kumar Raj,grower,H,2026-04-25,2026-04,2026-W17,Saturday,371.12,74.22,24.93,321.83,21,10.2,11.6,0.78,2,31.55,15.33,SGD,False,,
drv_kumar_sg_12,Kumar Raj,grower,H,2026-04-26,2026-04,2026-W17,Sunday,0,0,0,0,0,0,0,0,0,0,0,SGD,True,,rest_day
drv_kumar_sg_12,Kumar Raj,grower,H,2026-04-27,2026-04,2026-W18,Monday,262.08,52.42,17.05,226.71,18,7.6,9.4,0.9,3,29.83,12.6,SGD,False,,
drv_kumar_sg_12,Kumar Raj,grower,H,2026-04-28,2026-04,2026-W18,Tuesday,281.3,56.26,0.0,225.04,8,10.9,11.9,0.86,0,20.65,28.13,SGD,False,,
drv_kumar_sg_12,Kumar Raj,grower,H,2026-04-29,2026-04,2026-W18,Wednesday,303.47,60.69,0.0,242.78,15,6.3,6.7,0.85,1,38.54,16.19,SGD,False,,
drv_kumar_sg_12,Kumar Raj,grower,H,2026-04-30,2026-04,2026-W18,Thursday,185.23,37.05,0.0,148.18,18,10.0,10.8,0.9,2,14.82,8.23,SGD,False,,
drv_kumar_sg_12,Kumar Raj,grower,H,2026-05-01,2026-05,2026-W18,Friday,379.44,75.89,23.6,327.15,22,9.9,12.8,0.73,2,33.05,14.87,SGD,False,,
drv_kumar_sg_12,Kumar Raj,grower,H,2026-05-02,2026-05,2026-W18,Saturday,340.76,68.15,0.0,272.61,10,7.1,9.2,0.88,1,38.4,27.26,SGD,False,,
drv_kumar_sg_12,Kumar Raj,grower,H,2026-05-03,2026-05,2026-W18,Sunday,0,0,0,0,0,0,0,0,0,0,0,SGD,True,,rest_day
drv_kumar_sg_12,Kumar Raj,grower,H,2026-05-04,2026-05,2026-W19,Monday,204.84,40.97,0.0,163.87,18,6.1,7.2,0.84,0,26.86,9.1,SGD,False,,
drv_kumar_sg_12,Kumar Raj,grower,H,2026-05-05,2026-05,2026-W19,Tuesday,310.83,62.17,19.07,267.73,23,12.0,14.8,0.77,3,22.31,11.64,SGD,False,,
drv_kumar_sg_12,Kumar Raj,grower,H,2026-05-06,2026-05,2026-W19,Wednesday,309.63,61.93,0.0,247.7,21,10.8,14.6,0.97,0,22.94,11.8,SGD,False,,
drv_kumar_sg_12,Kumar Raj,grower,H,2026-05-07,2026-05,2026-W19,Thursday,251.66,50.33,0.0,201.33,21,11.3,12.9,0.85,0,17.82,9.59,SGD,False,,
drv_kumar_sg_12,Kumar Raj,grower,H,2026-05-08,2026-05,2026-W19,Friday,317.51,63.5,0.0,254.01,12,10.9,13.4,0.93,0,23.3,21.17,SGD,False,,
drv_kumar_sg_12,Kumar Raj,grower,H,2026-05-09,2026-05,2026-W19,Saturday,346.75,69.35,14.77,292.17,13,6.5,7.7,0.75,3,44.95,22.47,SGD,False,,
drv_kumar_sg_12,Kumar Raj,grower,H,2026-05-10,2026-05,2026-W19,Sunday,0,0,0,0,0,0,0,0,0,0,0,SGD,True,,rest_day
drv_kumar_sg_12,Kumar Raj,grower,H,2026-05-11,2026-05,2026-W20,Monday,281.63,56.33,0.0,225.3,17,10.0,11.6,0.76,3,22.53,13.25,SGD,False,,
drv_kumar_sg_12,Kumar Raj,grower,H,2026-05-12,2026-05,2026-W20,Tuesday,284.91,56.98,11.72,239.65,16,6.0,7.2,0.72,3,39.94,14.98,SGD,False,,
drv_kumar_sg_12,Kumar Raj,grower,H,2026-05-13,2026-05,2026-W20,Wednesday,277.15,55.43,23.16,244.88,24,6.9,8.8,0.91,3,35.49,10.2,SGD,False,,
drv_kumar_sg_12,Kumar Raj,grower,H,2026-05-14,2026-05,2026-W20,Thursday,315.38,63.08,14.15,266.45,24,6.5,7.6,0.78,3,40.99,11.1,SGD,False,,
drv_kumar_sg_12,Kumar Raj,grower,H,2026-05-15,2026-05,2026-W20,Friday,342.44,68.49,25.36,299.31,11,11.8,14.0,0.96,0,25.37,27.21,SGD,False,,
drv_wei_sg_13,Wei Jie Lim,stabilizer,M,2024-11-16,2024-11,2024-W46,Saturday,304.54,60.91,0.0,243.63,23,10.8,14.0,0.93,0,22.56,10.59,SGD,False,,
drv_wei_sg_13,Wei Jie Lim,stabilizer,M,2024-11-17,2024-11,2024-W46,Sunday,250.19,50.04,0.0,200.15,11,10.7,12.1,0.9,0,18.71,18.2,SGD,False,,
drv_wei_sg_13,Wei Jie Lim,stabilizer,M,2024-11-18,2024-11,2024-W47,Monday,145.7,29.14,5.71,122.27,8,10.9,11.7,0.93,2,11.22,15.28,SGD,False,,
drv_wei_sg_13,Wei Jie Lim,stabilizer,M,2024-11-19,2024-11,2024-W47,Tuesday,0,0,0,0,0,0,0,0,0,0,0,SGD,True,,rest_day
drv_wei_sg_13,Wei Jie Lim,stabilizer,M,2024-11-20,2024-11,2024-W47,Wednesday,231.06,46.21,0.0,184.85,17,7.7,9.6,0.77,1,24.01,10.87,SGD,False,,
drv_wei_sg_13,Wei Jie Lim,stabilizer,M,2024-11-21,2024-11,2024-W47,Thursday,181.6,36.32,7.64,152.92,17,10.6,12.9,0.76,1,14.43,9.0,SGD,False,,
drv_wei_sg_13,Wei Jie Lim,stabilizer,M,2024-11-22,2024-11,2024-W47,Friday,250.32,50.06,0.0,200.26,14,9.0,10.6,0.89,0,22.25,14.3,SGD,False,,
drv_wei_sg_13,Wei Jie Lim,stabilizer,M,2024-11-23,2024-11,2024-W47,Saturday,300.71,60.14,0.0,240.57,24,11.6,14.4,0.94,0,20.74,10.02,SGD,False,,
drv_wei_sg_13,Wei Jie Lim,stabilizer,M,2024-11-24,2024-11,2024-W47,Sunday,251.98,50.4,0.0,201.58,12,8.4,9.3,0.77,1,24.0,16.8,SGD,False,,
drv_wei_sg_13,Wei Jie Lim,stabilizer,M,2024-11-25,2024-11,2024-W48,Monday,147.64,29.53,9.19,127.3,22,11.0,13.1,0.89,0,11.57,5.79,SGD,False,,
drv_wei_sg_13,Wei Jie Lim,stabilizer,M,2024-11-26,2024-11,2024-W48,Tuesday,0,0,0,0,0,0,0,0,0,0,0,SGD,True,,rest_day
drv_wei_sg_13,Wei Jie Lim,stabilizer,M,2024-11-27,2024-11,2024-W48,Wednesday,175.96,35.19,10.35,151.12,14,9.0,12.1,0.9,3,16.79,10.79,SGD,False,,
drv_wei_sg_13,Wei Jie Lim,stabilizer,M,2024-11-28,2024-11,2024-W48,Thursday,210.42,42.08,12.58,180.92,17,6.7,8.6,0.93,2,27.0,10.64,SGD,False,,
drv_wei_sg_13,Wei Jie Lim,stabilizer,M,2024-11-29,2024-11,2024-W48,Friday,254.72,50.94,19.53,223.31,17,10.6,12.9,0.83,0,21.07,13.14,SGD,False,,
drv_wei_sg_13,Wei Jie Lim,stabilizer,M,2024-11-30,2024-11,2024-W48,Saturday,260.0,52.0,0.0,208.0,19,7.6,9.4,0.88,3,27.37,10.95,SGD,False,,
drv_wei_sg_13,Wei Jie Lim,stabilizer,M,2024-12-01,2024-12,2024-W48,Sunday,228.59,45.72,18.86,201.73,21,11.6,14.2,0.95,3,17.39,9.61,SGD,False,,
drv_wei_sg_13,Wei Jie Lim,stabilizer,M,2024-12-02,2024-12,2024-W49,Monday,197.13,39.43,10.43,168.13,14,8.4,10.7,0.82,3,20.02,12.01,SGD,False,,
drv_wei_sg_13,Wei Jie Lim,stabilizer,M,2024-12-03,2024-12,2024-W49,Tuesday,0,0,0,0,0,0,0,0,0,0,0,SGD,True,,rest_day
drv_wei_sg_13,Wei Jie Lim,stabilizer,M,2024-12-04,2024-12,2024-W49,Wednesday,169.62,33.92,0.0,135.7,9,8.9,12.0,0.85,1,15.25,15.08,SGD,False,,
drv_wei_sg_13,Wei Jie Lim,stabilizer,M,2024-12-05,2024-12,2024-W49,Thursday,234.1,46.82,0.0,187.28,11,11.3,11.9,0.88,1,16.57,17.03,SGD,False,,
drv_wei_sg_13,Wei Jie Lim,stabilizer,M,2024-12-06,2024-12,2024-W49,Friday,204.51,40.9,0.0,163.61,10,10.3,11.1,0.78,0,15.88,16.36,SGD,False,,
drv_wei_sg_13,Wei Jie Lim,stabilizer,M,2024-12-07,2024-12,2024-W49,Saturday,273.97,54.79,15.74,234.92,9,10.9,14.6,0.9,3,21.55,26.1,SGD,False,,
drv_wei_sg_13,Wei Jie Lim,stabilizer,M,2024-12-08,2024-12,2024-W49,Sunday,228.95,45.79,0.0,183.16,21,9.4,10.0,0.79,1,19.49,8.72,SGD,False,,
drv_wei_sg_13,Wei Jie Lim,stabilizer,M,2024-12-09,2024-12,2024-W50,Monday,179.02,35.8,0.0,143.22,16,9.0,10.7,0.83,0,15.91,8.95,SGD,False,,
drv_wei_sg_13,Wei Jie Lim,stabilizer,M,2024-12-10,2024-12,2024-W50,Tuesday,0,0,0,0,0,0,0,0,0,0,0,SGD,True,,rest_day
drv_wei_sg_13,Wei Jie Lim,stabilizer,M,2024-12-11,2024-12,2024-W50,Wednesday,202.1,40.42,13.76,175.44,10,9.2,11.7,0.74,0,19.07,17.54,SGD,False,,
drv_wei_sg_13,Wei Jie Lim,stabilizer,M,2024-12-12,2024-12,2024-W50,Thursday,167.37,33.47,6.69,140.59,13,10.1,12.1,0.89,0,13.92,10.81,SGD,False,,
drv_wei_sg_13,Wei Jie Lim,stabilizer,M,2024-12-13,2024-12,2024-W50,Friday,176.62,35.32,11.37,152.67,18,10.4,12.4,0.75,0,14.68,8.48,SGD,False,,
drv_wei_sg_13,Wei Jie Lim,stabilizer,M,2024-12-14,2024-12,2024-W50,Saturday,231.24,46.25,12.6,197.59,23,8.9,10.4,0.86,0,22.2,8.59,SGD,False,,
drv_wei_sg_13,Wei Jie Lim,stabilizer,M,2024-12-15,2024-12,2024-W50,Sunday,217.79,43.56,18.73,192.96,18,8.4,11.0,0.75,3,22.97,10.72,SGD,False,,
drv_wei_sg_13,Wei Jie Lim,stabilizer,M,2024-12-16,2024-12,2024-W51,Monday,165.7,33.14,0.0,132.56,21,7.2,8.1,0.85,3,18.41,6.31,SGD,False,,
drv_wei_sg_13,Wei Jie Lim,stabilizer,M,2024-12-17,2024-12,2024-W51,Tuesday,0,0,0,0,0,0,0,0,0,0,0,SGD,True,,rest_day
drv_wei_sg_13,Wei Jie Lim,stabilizer,M,2024-12-18,2024-12,2024-W51,Wednesday,188.39,37.68,13.83,164.54,11,6.9,7.7,0.86,2,23.85,14.96,SGD,False,,
drv_wei_sg_13,Wei Jie Lim,stabilizer,M,2024-12-19,2024-12,2024-W51,Thursday,217.79,43.56,12.97,187.2,18,7.2,9.0,0.9,3,26.0,10.4,SGD,False,,
drv_wei_sg_13,Wei Jie Lim,stabilizer,M,2024-12-20,2024-12,2024-W51,Friday,271.78,54.36,0.0,217.42,18,9.6,11.6,0.76,3,22.65,12.08,SGD,False,,
drv_wei_sg_13,Wei Jie Lim,stabilizer,M,2024-12-21,2024-12,2024-W51,Saturday,249.87,49.97,0.0,199.9,17,8.1,10.8,0.92,2,24.68,11.76,SGD,False,,
drv_wei_sg_13,Wei Jie Lim,stabilizer,M,2024-12-22,2024-12,2024-W51,Sunday,305.95,61.19,0.0,244.76,22,6.8,7.4,0.79,0,35.99,11.13,SGD,False,Year-End Peak,
drv_wei_sg_13,Wei Jie Lim,stabilizer,M,2024-12-23,2024-12,2024-W52,Monday,208.61,41.72,0.0,166.89,14,11.7,15.3,0.81,2,14.26,11.92,SGD,False,Year-End Peak,
drv_wei_sg_13,Wei Jie Lim,stabilizer,M,2024-12-24,2024-12,2024-W52,Tuesday,0,0,0,0,0,0,0,0,0,0,0,SGD,True,Year-End Peak,rest_day
drv_wei_sg_13,Wei Jie Lim,stabilizer,M,2024-12-25,2024-12,2024-W52,Wednesday,200.35,40.07,0.0,160.28,11,6.6,8.8,0.95,3,24.28,14.57,SGD,False,Year-End Peak,
drv_wei_sg_13,Wei Jie Lim,stabilizer,M,2024-12-26,2024-12,2024-W52,Thursday,261.64,52.33,0.0,209.31,14,7.9,10.3,0.77,1,26.49,14.95,SGD,False,Year-End Peak,
drv_wei_sg_13,Wei Jie Lim,stabilizer,M,2024-12-27,2024-12,2024-W52,Friday,324.97,64.99,0.0,259.98,23,9.5,12.4,0.94,3,27.37,11.3,SGD,False,Year-End Peak,
drv_wei_sg_13,Wei Jie Lim,stabilizer,M,2024-12-28,2024-12,2024-W52,Saturday,289.84,57.97,0.0,231.87,8,9.6,11.2,0.78,1,24.15,28.98,SGD,False,Year-End Peak,
drv_wei_sg_13,Wei Jie Lim,stabilizer,M,2024-12-29,2024-12,2024-W52,Sunday,273.05,54.61,0.0,218.44,15,6.0,8.0,0.96,3,36.41,14.56,SGD,False,Year-End Peak,
drv_wei_sg_13,Wei Jie Lim,stabilizer,M,2024-12-30,2024-12,2025-W01,Monday,189.42,37.88,0.0,151.54,20,8.1,9.5,0.87,0,18.71,7.58,SGD,False,Year-End Peak,
drv_wei_sg_13,Wei Jie Lim,stabilizer,M,2024-12-31,2024-12,2025-W01,Tuesday,0,0,0,0,0,0,0,0,0,0,0,SGD,True,Year-End Peak,rest_day
drv_wei_sg_13,Wei Jie Lim,stabilizer,M,2025-01-01,2025-01,2025-W01,Wednesday,265.02,53.0,18.74,230.76,14,7.4,8.9,0.79,2,31.18,16.48,SGD,False,Year-End Peak,
drv_wei_sg_13,Wei Jie Lim,stabilizer,M,2025-01-02,2025-01,2025-W01,Thursday,270.68,54.14,0.0,216.54,8,7.8,9.5,0.95,1,27.76,27.07,SGD,False,Year-End Peak,
drv_wei_sg_13,Wei Jie Lim,stabilizer,M,2025-01-03,2025-01,2025-W01,Friday,244.01,48.8,13.95,209.16,18,6.8,8.7,0.8,0,30.76,11.62,SGD,False,,
drv_wei_sg_13,Wei Jie Lim,stabilizer,M,2025-01-04,2025-01,2025-W01,Saturday,310.44,62.09,10.23,258.58,20,11.2,14.7,0.86,3,23.09,12.93,SGD,False,,
drv_wei_sg_13,Wei Jie Lim,stabilizer,M,2025-01-05,2025-01,2025-W01,Sunday,240.05,48.01,0.0,192.04,18,6.5,8.4,0.95,3,29.54,10.67,SGD,False,,
drv_wei_sg_13,Wei Jie Lim,stabilizer,M,2025-01-06,2025-01,2025-W02,Monday,173.99,34.8,0.0,139.19,12,8.3,9.1,0.86,3,16.77,11.6,SGD,False,,
drv_wei_sg_13,Wei Jie Lim,stabilizer,M,2025-01-07,2025-01,2025-W02,Tuesday,0,0,0,0,0,0,0,0,0,0,0,SGD,True,,rest_day
drv_wei_sg_13,Wei Jie Lim,stabilizer,M,2025-01-08,2025-01,2025-W02,Wednesday,166.65,33.33,0.0,133.32,23,11.5,14.1,0.95,2,11.59,5.8,SGD,False,,
drv_wei_sg_13,Wei Jie Lim,stabilizer,M,2025-01-09,2025-01,2025-W02,Thursday,194.8,38.96,10.42,166.26,21,9.9,10.7,0.93,3,16.79,7.92,SGD,False,,
drv_wei_sg_13,Wei Jie Lim,stabilizer,M,2025-01-10,2025-01,2025-W02,Friday,212.06,42.41,13.89,183.54,23,9.5,11.6,0.86,0,19.32,7.98,SGD,False,,
drv_wei_sg_13,Wei Jie Lim,stabilizer,M,2025-01-11,2025-01,2025-W02,Saturday,227.62,45.52,0.0,182.1,17,6.0,6.9,0.75,3,30.35,10.71,SGD,False,,
drv_wei_sg_13,Wei Jie Lim,stabilizer,M,2025-01-12,2025-01,2025-W02,Sunday,255.6,51.12,0.0,204.48,8,10.9,13.1,0.8,2,18.76,25.56,SGD,False,,
drv_wei_sg_13,Wei Jie Lim,stabilizer,M,2025-01-13,2025-01,2025-W03,Monday,145.54,29.11,0.0,116.43,21,9.5,11.6,0.91,2,12.26,5.54,SGD,False,,
drv_wei_sg_13,Wei Jie Lim,stabilizer,M,2025-01-14,2025-01,2025-W03,Tuesday,0,0,0,0,0,0,0,0,0,0,0,SGD,True,,rest_day
drv_wei_sg_13,Wei Jie Lim,stabilizer,M,2025-01-15,2025-01,2025-W03,Wednesday,232.95,46.59,14.89,201.25,18,10.2,11.3,0.9,1,19.73,11.18,SGD,False,,
drv_wei_sg_13,Wei Jie Lim,stabilizer,M,2025-01-16,2025-01,2025-W03,Thursday,236.15,47.23,0.0,188.92,19,9.3,11.0,0.86,0,20.31,9.94,SGD,False,,
drv_wei_sg_13,Wei Jie Lim,stabilizer,M,2025-01-17,2025-01,2025-W03,Friday,237.26,47.45,18.74,208.55,11,10.4,14.0,0.88,2,20.05,18.96,SGD,False,,
drv_wei_sg_13,Wei Jie Lim,stabilizer,M,2025-01-18,2025-01,2025-W03,Saturday,248.62,49.72,11.99,210.89,20,6.7,8.5,0.83,2,31.48,10.54,SGD,False,,
drv_wei_sg_13,Wei Jie Lim,stabilizer,M,2025-01-19,2025-01,2025-W03,Sunday,234.24,46.85,0.0,187.39,14,6.5,8.7,0.86,2,28.83,13.38,SGD,False,,
drv_wei_sg_13,Wei Jie Lim,stabilizer,M,2025-01-20,2025-01,2025-W04,Monday,140.47,28.09,8.28,120.66,17,9.4,11.5,0.78,3,12.84,7.1,SGD,False,,
drv_wei_sg_13,Wei Jie Lim,stabilizer,M,2025-01-21,2025-01,2025-W04,Tuesday,0,0,0,0,0,0,0,0,0,0,0,SGD,True,,rest_day
drv_wei_sg_13,Wei Jie Lim,stabilizer,M,2025-01-22,2025-01,2025-W04,Wednesday,175.46,35.09,0.0,140.37,18,10.3,13.0,0.79,3,13.63,7.8,SGD,False,,
drv_wei_sg_13,Wei Jie Lim,stabilizer,M,2025-01-23,2025-01,2025-W04,Thursday,207.8,41.56,0.0,166.24,14,9.6,11.9,0.93,0,17.32,11.87,SGD,False,,
drv_wei_sg_13,Wei Jie Lim,stabilizer,M,2025-01-24,2025-01,2025-W04,Friday,281.3,56.26,15.26,240.3,23,8.3,9.8,0.97,1,28.95,10.45,SGD,False,,
drv_wei_sg_13,Wei Jie Lim,stabilizer,M,2025-01-25,2025-01,2025-W04,Saturday,274.19,54.84,16.81,236.16,12,6.7,7.2,0.78,2,35.25,19.68,SGD,False,,
drv_wei_sg_13,Wei Jie Lim,stabilizer,M,2025-01-26,2025-01,2025-W04,Sunday,193.17,38.63,11.03,165.57,9,9.3,12.4,0.77,1,17.8,18.4,SGD,False,,
drv_wei_sg_13,Wei Jie Lim,stabilizer,M,2025-01-27,2025-01,2025-W05,Monday,137.68,27.54,8.68,118.82,24,8.8,11.8,0.94,0,13.5,4.95,SGD,False,,
drv_wei_sg_13,Wei Jie Lim,stabilizer,M,2025-01-28,2025-01,2025-W05,Tuesday,0,0,0,0,0,0,0,0,0,0,0,SGD,True,Lunar New Year,rest_day
drv_wei_sg_13,Wei Jie Lim,stabilizer,M,2025-01-29,2025-01,2025-W05,Wednesday,124.9,24.98,0.0,99.92,19,8.2,8.6,0.77,2,12.19,5.26,SGD,False,Lunar New Year,
drv_wei_sg_13,Wei Jie Lim,stabilizer,M,2025-01-30,2025-01,2025-W05,Thursday,137.67,27.53,9.07,119.21,24,9.3,10.1,0.95,0,12.82,4.97,SGD,False,Lunar New Year,
drv_wei_sg_13,Wei Jie Lim,stabilizer,M,2025-01-31,2025-01,2025-W05,Friday,202.2,40.44,16.42,178.18,18,9.6,12.6,0.75,0,18.56,9.9,SGD,False,Lunar New Year,
drv_wei_sg_13,Wei Jie Lim,stabilizer,M,2025-02-01,2025-02,2025-W05,Saturday,209.38,41.88,15.79,183.29,12,6.6,8.0,0.84,0,27.77,15.27,SGD,False,Lunar New Year,
drv_wei_sg_13,Wei Jie Lim,stabilizer,M,2025-02-02,2025-02,2025-W05,Sunday,227.29,45.46,13.31,195.14,24,8.5,10.8,0.73,0,22.96,8.13,SGD,False,,
drv_wei_sg_13,Wei Jie Lim,stabilizer,M,2025-02-03,2025-02,2025-W06,Monday,197.58,39.52,0.0,158.06,9,8.6,9.3,0.87,3,18.38,17.56,SGD,False,,
drv_wei_sg_13,Wei Jie Lim,stabilizer,M,2025-02-04,2025-02,2025-W06,Tuesday,0,0,0,0,0,0,0,0,0,0,0,SGD,True,,rest_day
drv_wei_sg_13,Wei Jie Lim,stabilizer,M,2025-02-05,2025-02,2025-W06,Wednesday,214.21,42.84,16.56,187.93,20,8.5,9.8,0.89,2,22.11,9.4,SGD,False,,
drv_wei_sg_13,Wei Jie Lim,stabilizer,M,2025-02-06,2025-02,2025-W06,Thursday,176.73,35.35,0.0,141.38,14,8.0,8.9,0.87,1,17.67,10.1,SGD,False,,
drv_wei_sg_13,Wei Jie Lim,stabilizer,M,2025-02-07,2025-02,2025-W06,Friday,290.21,58.04,21.64,253.81,9,7.9,8.4,0.84,2,32.13,28.2,SGD,False,,
drv_wei_sg_13,Wei Jie Lim,stabilizer,M,2025-02-08,2025-02,2025-W06,Saturday,294.07,58.81,0.0,235.26,19,9.9,13.3,0.95,2,23.76,12.38,SGD,False,,
drv_wei_sg_13,Wei Jie Lim,stabilizer,M,2025-02-09,2025-02,2025-W06,Sunday,187.38,37.48,0.0,149.9,18,7.1,9.5,0.85,1,21.11,8.33,SGD,False,,
drv_wei_sg_13,Wei Jie Lim,stabilizer,M,2025-02-10,2025-02,2025-W07,Monday,178.89,35.78,0.0,143.11,16,8.8,10.7,0.87,1,16.26,8.94,SGD,False,,
drv_wei_sg_13,Wei Jie Lim,stabilizer,M,2025-02-11,2025-02,2025-W07,Tuesday,0,0,0,0,0,0,0,0,0,0,0,SGD,True,,rest_day
drv_wei_sg_13,Wei Jie Lim,stabilizer,M,2025-02-12,2025-02,2025-W07,Wednesday,228.59,45.72,15.76,198.63,17,9.5,12.6,0.83,2,20.91,11.68,SGD,False,,
drv_wei_sg_13,Wei Jie Lim,stabilizer,M,2025-02-13,2025-02,2025-W07,Thursday,241.24,48.25,0.0,192.99,11,7.1,8.9,0.86,0,27.18,17.54,SGD,False,,
drv_wei_sg_13,Wei Jie Lim,stabilizer,M,2025-02-14,2025-02,2025-W07,Friday,220.45,44.09,0.0,176.36,9,7.2,8.9,0.73,2,24.49,19.6,SGD,False,,
drv_wei_sg_13,Wei Jie Lim,stabilizer,M,2025-02-15,2025-02,2025-W07,Saturday,246.91,49.38,16.42,213.95,10,11.6,15.3,0.76,3,18.44,21.39,SGD,False,,
drv_wei_sg_13,Wei Jie Lim,stabilizer,M,2025-02-16,2025-02,2025-W07,Sunday,255.95,51.19,17.63,222.39,22,6.4,7.9,0.84,0,34.75,10.11,SGD,False,,
drv_wei_sg_13,Wei Jie Lim,stabilizer,M,2025-02-17,2025-02,2025-W08,Monday,179.05,35.81,0.0,143.24,13,6.5,7.7,0.73,1,22.04,11.02,SGD,False,,
drv_wei_sg_13,Wei Jie Lim,stabilizer,M,2025-02-18,2025-02,2025-W08,Tuesday,0,0,0,0,0,0,0,0,0,0,0,SGD,True,,rest_day
drv_wei_sg_13,Wei Jie Lim,stabilizer,M,2025-02-19,2025-02,2025-W08,Wednesday,186.83,37.37,0.0,149.46,22,10.2,12.6,0.89,0,14.65,6.79,SGD,False,,
drv_wei_sg_13,Wei Jie Lim,stabilizer,M,2025-02-20,2025-02,2025-W08,Thursday,170.85,34.17,0.0,136.68,19,11.6,15.7,0.86,0,11.78,7.19,SGD,False,,
drv_wei_sg_13,Wei Jie Lim,stabilizer,M,2025-02-21,2025-02,2025-W08,Friday,0,0,0,0,0,0,0,0,0,0,0,SGD,False,,vehicle_breakdown
drv_wei_sg_13,Wei Jie Lim,stabilizer,M,2025-02-22,2025-02,2025-W08,Saturday,0,0,0,0,0,0,0,0,0,0,0,SGD,False,,vehicle_breakdown
drv_wei_sg_13,Wei Jie Lim,stabilizer,M,2025-02-23,2025-02,2025-W08,Sunday,0,0,0,0,0,0,0,0,0,0,0,SGD,False,,vehicle_breakdown
drv_wei_sg_13,Wei Jie Lim,stabilizer,M,2025-02-24,2025-02,2025-W09,Monday,0,0,0,0,0,0,0,0,0,0,0,SGD,False,,vehicle_breakdown
drv_wei_sg_13,Wei Jie Lim,stabilizer,M,2025-02-25,2025-02,2025-W09,Tuesday,0,0,0,0,0,0,0,0,0,0,0,SGD,True,,rest_day
drv_wei_sg_13,Wei Jie Lim,stabilizer,M,2025-02-26,2025-02,2025-W09,Wednesday,0,0,0,0,0,0,0,0,0,0,0,SGD,False,,vehicle_breakdown
drv_wei_sg_13,Wei Jie Lim,stabilizer,M,2025-02-27,2025-02,2025-W09,Thursday,0,0,0,0,0,0,0,0,0,0,0,SGD,False,,vehicle_breakdown
drv_wei_sg_13,Wei Jie Lim,stabilizer,M,2025-02-28,2025-02,2025-W09,Friday,0,0,0,0,0,0,0,0,0,0,0,SGD,False,,vehicle_breakdown
drv_wei_sg_13,Wei Jie Lim,stabilizer,M,2025-03-01,2025-03,2025-W09,Saturday,0,0,0,0,0,0,0,0,0,0,0,SGD,False,Ramadan,illness
drv_wei_sg_13,Wei Jie Lim,stabilizer,M,2025-03-02,2025-03,2025-W09,Sunday,0,0,0,0,0,0,0,0,0,0,0,SGD,False,Ramadan,illness
drv_wei_sg_13,Wei Jie Lim,stabilizer,M,2025-03-03,2025-03,2025-W10,Monday,0,0,0,0,0,0,0,0,0,0,0,SGD,False,Ramadan,illness
drv_wei_sg_13,Wei Jie Lim,stabilizer,M,2025-03-04,2025-03,2025-W10,Tuesday,0,0,0,0,0,0,0,0,0,0,0,SGD,True,Ramadan,rest_day
drv_wei_sg_13,Wei Jie Lim,stabilizer,M,2025-03-05,2025-03,2025-W10,Wednesday,0,0,0,0,0,0,0,0,0,0,0,SGD,False,Ramadan,illness
drv_wei_sg_13,Wei Jie Lim,stabilizer,M,2025-03-06,2025-03,2025-W10,Thursday,0,0,0,0,0,0,0,0,0,0,0,SGD,False,Ramadan,illness
drv_wei_sg_13,Wei Jie Lim,stabilizer,M,2025-03-07,2025-03,2025-W10,Friday,0,0,0,0,0,0,0,0,0,0,0,SGD,False,Ramadan,illness
drv_wei_sg_13,Wei Jie Lim,stabilizer,M,2025-03-08,2025-03,2025-W10,Saturday,230.54,46.11,10.62,195.05,16,6.8,8.1,0.81,0,28.68,12.19,SGD,False,Ramadan,
drv_wei_sg_13,Wei Jie Lim,stabilizer,M,2025-03-09,2025-03,2025-W10,Sunday,153.99,30.8,0.0,123.19,9,7.1,9.3,0.86,3,17.35,13.69,SGD,False,Ramadan,
drv_wei_sg_13,Wei Jie Lim,stabilizer,M,2025-03-10,2025-03,2025-W11,Monday,131.52,26.3,0.0,105.22,17,8.6,10.1,0.8,2,12.23,6.19,SGD,False,Ramadan,
drv_wei_sg_13,Wei Jie Lim,stabilizer,M,2025-03-11,2025-03,2025-W11,Tuesday,0,0,0,0,0,0,0,0,0,0,0,SGD,True,Ramadan,rest_day
drv_wei_sg_13,Wei Jie Lim,stabilizer,M,2025-03-12,2025-03,2025-W11,Wednesday,178.91,35.78,12.83,155.96,20,10.5,13.4,0.81,3,14.85,7.8,SGD,False,Ramadan,
drv_wei_sg_13,Wei Jie Lim,stabilizer,M,2025-03-13,2025-03,2025-W11,Thursday,169.16,33.83,13.83,149.16,21,9.9,12.4,0.73,2,15.07,7.1,SGD,False,Ramadan,
drv_wei_sg_13,Wei Jie Lim,stabilizer,M,2025-03-14,2025-03,2025-W11,Friday,167.58,33.52,0.0,134.06,14,6.8,7.6,0.84,2,19.71,9.58,SGD,False,Ramadan,
drv_wei_sg_13,Wei Jie Lim,stabilizer,M,2025-03-15,2025-03,2025-W11,Saturday,233.53,46.71,18.86,205.68,23,9.5,12.1,0.91,1,21.65,8.94,SGD,False,Ramadan,
drv_wei_sg_13,Wei Jie Lim,stabilizer,M,2025-03-16,2025-03,2025-W11,Sunday,183.66,36.73,0.0,146.93,23,6.6,8.2,0.96,2,22.26,6.39,SGD,False,Ramadan,
drv_wei_sg_13,Wei Jie Lim,stabilizer,M,2025-03-17,2025-03,2025-W12,Monday,140.85,28.17,11.96,124.64,10,6.8,7.7,0.88,2,18.33,12.46,SGD,False,Ramadan,
drv_wei_sg_13,Wei Jie Lim,stabilizer,M,2025-03-18,2025-03,2025-W12,Tuesday,0,0,0,0,0,0,0,0,0,0,0,SGD,True,Ramadan,rest_day
drv_wei_sg_13,Wei Jie Lim,stabilizer,M,2025-03-19,2025-03,2025-W12,Wednesday,129.07,25.81,0.0,103.26,15,10.8,13.0,0.95,3,9.56,6.88,SGD,False,Ramadan,
drv_wei_sg_13,Wei Jie Lim,stabilizer,M,2025-03-20,2025-03,2025-W12,Thursday,193.93,38.79,0.0,155.14,13,11.5,14.4,0.92,2,13.49,11.93,SGD,False,Ramadan,
drv_wei_sg_13,Wei Jie Lim,stabilizer,M,2025-03-21,2025-03,2025-W12,Friday,187.32,37.46,12.3,162.16,19,7.4,8.6,0.91,0,21.91,8.53,SGD,False,Ramadan,
drv_wei_sg_13,Wei Jie Lim,stabilizer,M,2025-03-22,2025-03,2025-W12,Saturday,92.96,18.59,0.0,74.37,9,10.6,13.2,0.74,2,7.02,8.26,SGD,False,Ramadan,
drv_wei_sg_13,Wei Jie Lim,stabilizer,M,2025-03-23,2025-03,2025-W12,Sunday,197.38,39.48,0.0,157.9,24,6.4,7.1,0.83,1,24.67,6.58,SGD,False,Ramadan,
drv_wei_sg_13,Wei Jie Lim,stabilizer,M,2025-03-24,2025-03,2025-W13,Monday,151.58,30.32,0.0,121.26,16,9.2,12.3,0.75,0,13.18,7.58,SGD,False,Ramadan,
drv_wei_sg_13,Wei Jie Lim,stabilizer,M,2025-03-25,2025-03,2025-W13,Tuesday,0,0,0,0,0,0,0,0,0,0,0,SGD,True,Ramadan,rest_day
drv_wei_sg_13,Wei Jie Lim,stabilizer,M,2025-03-26,2025-03,2025-W13,Wednesday,167.6,33.52,0.0,134.08,12,10.0,13.3,0.9,2,13.41,11.17,SGD,False,Ramadan,
drv_wei_sg_13,Wei Jie Lim,stabilizer,M,2025-03-27,2025-03,2025-W13,Thursday,194.02,38.8,11.42,166.64,9,6.1,7.8,0.94,2,27.32,18.52,SGD,False,Ramadan,
drv_wei_sg_13,Wei Jie Lim,stabilizer,M,2025-03-28,2025-03,2025-W13,Friday,203.63,40.73,0.0,162.9,18,9.7,12.0,0.94,0,16.79,9.05,SGD,False,Ramadan,
drv_wei_sg_13,Wei Jie Lim,stabilizer,M,2025-03-29,2025-03,2025-W13,Saturday,237.13,47.43,0.0,189.7,15,7.3,8.2,0.96,2,25.99,12.65,SGD,False,Ramadan,
drv_wei_sg_13,Wei Jie Lim,stabilizer,M,2025-03-30,2025-03,2025-W13,Sunday,186.89,37.38,0.0,149.51,8,8.2,10.2,0.78,2,18.23,18.69,SGD,False,Ramadan,
drv_wei_sg_13,Wei Jie Lim,stabilizer,M,2025-03-31,2025-03,2025-W14,Monday,83.1,16.62,5.45,71.93,19,6.5,8.4,0.83,3,11.07,3.79,SGD,False,Eid,
drv_wei_sg_13,Wei Jie Lim,stabilizer,M,2025-04-01,2025-04,2025-W14,Tuesday,0,0,0,0,0,0,0,0,0,0,0,SGD,True,Eid,rest_day
drv_wei_sg_13,Wei Jie Lim,stabilizer,M,2025-04-02,2025-04,2025-W14,Wednesday,75.18,15.04,4.73,64.87,23,9.6,11.9,0.78,2,6.76,2.82,SGD,False,Eid,
drv_wei_sg_13,Wei Jie Lim,stabilizer,M,2025-04-03,2025-04,2025-W14,Thursday,73.16,14.63,0.0,58.53,20,6.6,7.8,0.9,2,8.87,2.93,SGD,False,Eid,
drv_wei_sg_13,Wei Jie Lim,stabilizer,M,2025-04-04,2025-04,2025-W14,Friday,103.94,20.79,7.71,90.86,20,8.5,10.3,0.91,0,10.69,4.54,SGD,False,Eid,
drv_wei_sg_13,Wei Jie Lim,stabilizer,M,2025-04-05,2025-04,2025-W14,Saturday,237.34,47.47,0.0,189.87,23,11.5,12.7,0.86,2,16.51,8.26,SGD,False,,
drv_wei_sg_13,Wei Jie Lim,stabilizer,M,2025-04-06,2025-04,2025-W14,Sunday,188.13,37.63,0.0,150.5,20,7.3,8.3,0.87,3,20.62,7.53,SGD,False,,
drv_wei_sg_13,Wei Jie Lim,stabilizer,M,2025-04-07,2025-04,2025-W15,Monday,201.16,40.23,0.0,160.93,21,10.8,13.9,0.95,0,14.9,7.66,SGD,False,,
drv_wei_sg_13,Wei Jie Lim,stabilizer,M,2025-04-08,2025-04,2025-W15,Tuesday,0,0,0,0,0,0,0,0,0,0,0,SGD,True,,rest_day
drv_wei_sg_13,Wei Jie Lim,stabilizer,M,2025-04-09,2025-04,2025-W15,Wednesday,184.58,36.92,0.0,147.66,8,6.8,9.0,0.81,0,21.71,18.46,SGD,False,,
drv_wei_sg_13,Wei Jie Lim,stabilizer,M,2025-04-10,2025-04,2025-W15,Thursday,169.34,33.87,10.08,145.55,21,11.9,12.5,0.77,0,12.23,6.93,SGD,False,,
drv_wei_sg_13,Wei Jie Lim,stabilizer,M,2025-04-11,2025-04,2025-W15,Friday,253.42,50.68,0.0,202.74,16,8.1,9.7,0.95,3,25.03,12.67,SGD,False,,
drv_wei_sg_13,Wei Jie Lim,stabilizer,M,2025-04-12,2025-04,2025-W15,Saturday,253.1,50.62,17.16,219.64,10,7.8,9.8,0.85,3,28.16,21.96,SGD,False,,
drv_wei_sg_13,Wei Jie Lim,stabilizer,M,2025-04-13,2025-04,2025-W15,Sunday,261.47,52.29,11.87,221.05,20,9.6,10.5,0.82,1,23.03,11.05,SGD,False,,
drv_wei_sg_13,Wei Jie Lim,stabilizer,M,2025-04-14,2025-04,2025-W16,Monday,175.5,35.1,10.8,151.2,24,11.9,14.9,0.76,1,12.71,6.3,SGD,False,,
drv_wei_sg_13,Wei Jie Lim,stabilizer,M,2025-04-15,2025-04,2025-W16,Tuesday,0,0,0,0,0,0,0,0,0,0,0,SGD,True,,rest_day
drv_wei_sg_13,Wei Jie Lim,stabilizer,M,2025-04-16,2025-04,2025-W16,Wednesday,108.8,21.76,0.0,87.04,19,12.0,12.7,0.74,3,7.25,4.58,SGD,False,,
drv_wei_sg_13,Wei Jie Lim,stabilizer,M,2025-04-17,2025-04,2025-W16,Thursday,170.65,34.13,0.0,136.52,17,10.6,12.0,0.85,2,12.88,8.03,SGD,False,,
drv_wei_sg_13,Wei Jie Lim,stabilizer,M,2025-04-18,2025-04,2025-W16,Friday,237.43,47.49,18.63,208.57,17,10.5,12.4,0.96,1,19.86,12.27,SGD,False,,
drv_wei_sg_13,Wei Jie Lim,stabilizer,M,2025-04-19,2025-04,2025-W16,Saturday,235.97,47.19,0.0,188.78,24,10.4,11.1,0.92,1,18.15,7.87,SGD,False,,
drv_wei_sg_13,Wei Jie Lim,stabilizer,M,2025-04-20,2025-04,2025-W16,Sunday,213.93,42.79,0.0,171.14,9,6.8,8.9,0.79,3,25.17,19.02,SGD,False,,
drv_wei_sg_13,Wei Jie Lim,stabilizer,M,2025-04-21,2025-04,2025-W17,Monday,187.31,37.46,0.0,149.85,13,9.9,11.7,0.84,3,15.14,11.53,SGD,False,,
drv_wei_sg_13,Wei Jie Lim,stabilizer,M,2025-04-22,2025-04,2025-W17,Tuesday,0,0,0,0,0,0,0,0,0,0,0,SGD,True,,rest_day
drv_wei_sg_13,Wei Jie Lim,stabilizer,M,2025-04-23,2025-04,2025-W17,Wednesday,187.11,37.42,15.72,165.41,20,11.5,13.2,0.92,0,14.38,8.27,SGD,False,,
drv_wei_sg_13,Wei Jie Lim,stabilizer,M,2025-04-24,2025-04,2025-W17,Thursday,239.02,47.8,0.0,191.22,14,7.3,8.0,0.83,2,26.19,13.66,SGD,False,,
drv_wei_sg_13,Wei Jie Lim,stabilizer,M,2025-04-25,2025-04,2025-W17,Friday,258.12,51.62,0.0,206.5,11,7.3,9.2,0.96,3,28.29,18.77,SGD,False,,
drv_wei_sg_13,Wei Jie Lim,stabilizer,M,2025-04-26,2025-04,2025-W17,Saturday,236.39,47.28,9.94,199.05,16,11.8,13.7,0.85,2,16.87,12.44,SGD,False,,
drv_wei_sg_13,Wei Jie Lim,stabilizer,M,2025-04-27,2025-04,2025-W17,Sunday,184.99,37.0,0.0,147.99,14,7.2,9.7,0.75,3,20.55,10.57,SGD,False,,
drv_wei_sg_13,Wei Jie Lim,stabilizer,M,2025-04-28,2025-04,2025-W18,Monday,186.05,37.21,0.0,148.84,17,9.8,11.3,0.92,2,15.19,8.76,SGD,False,,
drv_wei_sg_13,Wei Jie Lim,stabilizer,M,2025-04-29,2025-04,2025-W18,Tuesday,0,0,0,0,0,0,0,0,0,0,0,SGD,True,,rest_day
drv_wei_sg_13,Wei Jie Lim,stabilizer,M,2025-04-30,2025-04,2025-W18,Wednesday,167.08,33.42,0.0,133.66,23,7.8,8.9,0.73,3,17.14,5.81,SGD,False,,
drv_wei_sg_13,Wei Jie Lim,stabilizer,M,2025-05-01,2025-05,2025-W18,Thursday,238.17,47.63,0.0,190.54,12,10.2,12.7,0.8,1,18.68,15.88,SGD,False,,
drv_wei_sg_13,Wei Jie Lim,stabilizer,M,2025-05-02,2025-05,2025-W18,Friday,197.58,39.52,8.69,166.75,10,7.8,10.3,0.84,1,21.38,16.68,SGD,False,,
drv_wei_sg_13,Wei Jie Lim,stabilizer,M,2025-05-03,2025-05,2025-W18,Saturday,218.34,43.67,0.0,174.67,15,7.3,8.9,0.96,0,23.93,11.64,SGD,False,,
drv_wei_sg_13,Wei Jie Lim,stabilizer,M,2025-05-04,2025-05,2025-W18,Sunday,194.08,38.82,16.28,171.54,8,9.7,12.0,0.95,0,17.68,21.44,SGD,False,,
drv_wei_sg_13,Wei Jie Lim,stabilizer,M,2025-05-05,2025-05,2025-W19,Monday,193.43,38.69,0.0,154.74,10,9.1,10.0,0.76,3,17.0,15.47,SGD,False,,
drv_wei_sg_13,Wei Jie Lim,stabilizer,M,2025-05-06,2025-05,2025-W19,Tuesday,0,0,0,0,0,0,0,0,0,0,0,SGD,True,,rest_day
drv_wei_sg_13,Wei Jie Lim,stabilizer,M,2025-05-07,2025-05,2025-W19,Wednesday,211.86,42.37,9.24,178.73,16,10.2,11.1,0.81,2,17.52,11.17,SGD,False,,
drv_wei_sg_13,Wei Jie Lim,stabilizer,M,2025-05-08,2025-05,2025-W19,Thursday,194.68,38.94,0.0,155.74,17,8.1,9.3,0.76,2,19.23,9.16,SGD,False,,
drv_wei_sg_13,Wei Jie Lim,stabilizer,M,2025-05-09,2025-05,2025-W19,Friday,288.58,57.72,0.0,230.86,23,10.0,11.4,0.94,2,23.09,10.04,SGD,False,,
drv_wei_sg_13,Wei Jie Lim,stabilizer,M,2025-05-10,2025-05,2025-W19,Saturday,258.52,51.7,0.0,206.82,18,9.0,11.5,0.96,1,22.98,11.49,SGD,False,,
drv_wei_sg_13,Wei Jie Lim,stabilizer,M,2025-05-11,2025-05,2025-W19,Sunday,123.03,24.61,4.78,103.2,23,8.5,9.4,0.95,1,12.14,4.49,SGD,False,,
drv_wei_sg_13,Wei Jie Lim,stabilizer,M,2025-05-12,2025-05,2025-W20,Monday,159.73,31.95,9.18,136.96,23,8.4,9.0,0.96,0,16.3,5.95,SGD,False,,
drv_wei_sg_13,Wei Jie Lim,stabilizer,M,2025-05-13,2025-05,2025-W20,Tuesday,0,0,0,0,0,0,0,0,0,0,0,SGD,True,,rest_day
drv_wei_sg_13,Wei Jie Lim,stabilizer,M,2025-05-14,2025-05,2025-W20,Wednesday,185.48,37.1,0.0,148.38,13,8.7,10.2,0.77,0,17.06,11.41,SGD,False,,
drv_wei_sg_13,Wei Jie Lim,stabilizer,M,2025-05-15,2025-05,2025-W20,Thursday,217.23,43.45,0.0,173.78,11,10.9,14.3,0.94,3,15.94,15.8,SGD,False,,
drv_wei_sg_13,Wei Jie Lim,stabilizer,M,2025-05-16,2025-05,2025-W20,Friday,201.36,40.27,15.29,176.38,24,6.4,7.6,0.91,2,27.56,7.35,SGD,False,,
drv_wei_sg_13,Wei Jie Lim,stabilizer,M,2025-05-17,2025-05,2025-W20,Saturday,239.68,47.94,0.0,191.74,10,11.5,13.5,0.8,3,16.67,19.17,SGD,False,,
drv_wei_sg_13,Wei Jie Lim,stabilizer,M,2025-05-18,2025-05,2025-W20,Sunday,198.02,39.6,0.0,158.42,12,6.2,8.3,0.88,3,25.55,13.2,SGD,False,,
drv_wei_sg_13,Wei Jie Lim,stabilizer,M,2025-05-19,2025-05,2025-W21,Monday,183.02,36.6,11.24,157.66,15,6.6,8.7,0.73,2,23.89,10.51,SGD,False,,
drv_wei_sg_13,Wei Jie Lim,stabilizer,M,2025-05-20,2025-05,2025-W21,Tuesday,0,0,0,0,0,0,0,0,0,0,0,SGD,True,,rest_day
drv_wei_sg_13,Wei Jie Lim,stabilizer,M,2025-05-21,2025-05,2025-W21,Wednesday,184.57,36.91,0.0,147.66,9,8.3,9.4,0.96,1,17.79,16.41,SGD,False,,
drv_wei_sg_13,Wei Jie Lim,stabilizer,M,2025-05-22,2025-05,2025-W21,Thursday,192.25,38.45,0.0,153.8,23,9.6,12.0,0.87,1,16.02,6.69,SGD,False,,
drv_wei_sg_13,Wei Jie Lim,stabilizer,M,2025-05-23,2025-05,2025-W21,Friday,127.15,25.43,6.34,108.06,10,9.3,11.6,0.77,2,11.62,10.81,SGD,False,,
drv_wei_sg_13,Wei Jie Lim,stabilizer,M,2025-05-24,2025-05,2025-W21,Saturday,302.88,60.58,0.0,242.3,16,10.7,13.6,0.79,3,22.64,15.14,SGD,False,,
drv_wei_sg_13,Wei Jie Lim,stabilizer,M,2025-05-25,2025-05,2025-W21,Sunday,176.44,35.29,0.0,141.15,15,10.6,11.7,0.74,3,13.32,9.41,SGD,False,,
drv_wei_sg_13,Wei Jie Lim,stabilizer,M,2025-05-26,2025-05,2025-W22,Monday,191.54,38.31,0.0,153.23,10,8.9,10.6,0.82,3,17.22,15.32,SGD,False,,
drv_wei_sg_13,Wei Jie Lim,stabilizer,M,2025-05-27,2025-05,2025-W22,Tuesday,0,0,0,0,0,0,0,0,0,0,0,SGD,True,,rest_day
drv_wei_sg_13,Wei Jie Lim,stabilizer,M,2025-05-28,2025-05,2025-W22,Wednesday,224.72,44.94,15.55,195.33,24,9.7,12.0,0.87,3,20.14,8.14,SGD,False,,
drv_wei_sg_13,Wei Jie Lim,stabilizer,M,2025-05-29,2025-05,2025-W22,Thursday,173.6,34.72,14.96,153.84,21,7.0,9.0,0.89,2,21.98,7.33,SGD,False,,
drv_wei_sg_13,Wei Jie Lim,stabilizer,M,2025-05-30,2025-05,2025-W22,Friday,205.76,41.15,10.11,174.72,15,11.8,13.6,0.8,0,14.81,11.65,SGD,False,,
drv_wei_sg_13,Wei Jie Lim,stabilizer,M,2025-05-31,2025-05,2025-W22,Saturday,259.71,51.94,0.0,207.77,9,11.1,12.8,0.95,1,18.72,23.09,SGD,False,,
drv_wei_sg_13,Wei Jie Lim,stabilizer,M,2025-06-01,2025-06,2025-W22,Sunday,220.58,44.12,0.0,176.46,8,9.0,11.9,0.77,3,19.61,22.06,SGD,False,School Holiday,
drv_wei_sg_13,Wei Jie Lim,stabilizer,M,2025-06-02,2025-06,2025-W23,Monday,195.25,39.05,0.0,156.2,9,7.4,8.8,0.85,3,21.11,17.36,SGD,False,School Holiday,
drv_wei_sg_13,Wei Jie Lim,stabilizer,M,2025-06-03,2025-06,2025-W23,Tuesday,0,0,0,0,0,0,0,0,0,0,0,SGD,True,School Holiday,rest_day
drv_wei_sg_13,Wei Jie Lim,stabilizer,M,2025-06-04,2025-06,2025-W23,Wednesday,240.68,48.14,14.57,207.11,24,10.1,13.1,0.86,1,20.51,8.63,SGD,False,School Holiday,
drv_wei_sg_13,Wei Jie Lim,stabilizer,M,2025-06-05,2025-06,2025-W23,Thursday,251.37,50.27,0.0,201.1,24,6.1,8.2,0.81,1,32.97,8.38,SGD,False,School Holiday,
drv_wei_sg_13,Wei Jie Lim,stabilizer,M,2025-06-06,2025-06,2025-W23,Friday,269.18,53.84,11.87,227.21,22,11.4,14.6,0.87,2,19.93,10.33,SGD,False,School Holiday,
drv_wei_sg_13,Wei Jie Lim,stabilizer,M,2025-06-07,2025-06,2025-W23,Saturday,262.73,52.55,0.0,210.18,12,11.1,14.1,0.74,0,18.94,17.52,SGD,False,School Holiday,
drv_wei_sg_13,Wei Jie Lim,stabilizer,M,2025-06-08,2025-06,2025-W23,Sunday,271.01,54.2,0.0,216.81,14,8.1,9.0,0.91,2,26.77,15.49,SGD,False,School Holiday,
drv_wei_sg_13,Wei Jie Lim,stabilizer,M,2025-06-09,2025-06,2025-W24,Monday,160.46,32.09,9.27,137.64,15,11.6,14.9,0.89,0,11.87,9.18,SGD,False,School Holiday,
drv_wei_sg_13,Wei Jie Lim,stabilizer,M,2025-06-10,2025-06,2025-W24,Tuesday,0,0,0,0,0,0,0,0,0,0,0,SGD,True,School Holiday,rest_day
drv_wei_sg_13,Wei Jie Lim,stabilizer,M,2025-06-11,2025-06,2025-W24,Wednesday,173.46,34.69,12.0,150.77,22,10.5,12.4,0.87,0,14.36,6.85,SGD,False,School Holiday,
drv_wei_sg_13,Wei Jie Lim,stabilizer,M,2025-06-12,2025-06,2025-W24,Thursday,236.46,47.29,17.88,207.05,15,7.3,7.8,0.88,3,28.36,13.8,SGD,False,School Holiday,
drv_wei_sg_13,Wei Jie Lim,stabilizer,M,2025-06-13,2025-06,2025-W24,Friday,256.31,51.26,0.0,205.05,15,6.4,7.3,0.96,2,32.04,13.67,SGD,False,School Holiday,
drv_wei_sg_13,Wei Jie Lim,stabilizer,M,2025-06-14,2025-06,2025-W24,Saturday,264.64,52.93,0.0,211.71,11,9.5,10.8,0.93,3,22.29,19.25,SGD,False,School Holiday,
drv_wei_sg_13,Wei Jie Lim,stabilizer,M,2025-06-15,2025-06,2025-W24,Sunday,277.48,55.5,19.67,241.65,24,11.2,14.2,0.9,1,21.58,10.07,SGD,False,School Holiday,
drv_wei_sg_13,Wei Jie Lim,stabilizer,M,2025-06-16,2025-06,2025-W25,Monday,204.07,40.81,0.0,163.26,22,7.5,9.8,0.83,0,21.77,7.42,SGD,False,School Holiday,
drv_wei_sg_13,Wei Jie Lim,stabilizer,M,2025-06-17,2025-06,2025-W25,Tuesday,0,0,0,0,0,0,0,0,0,0,0,SGD,True,School Holiday,rest_day
drv_wei_sg_13,Wei Jie Lim,stabilizer,M,2025-06-18,2025-06,2025-W25,Wednesday,222.26,44.45,0.0,177.81,19,10.9,12.5,0.86,2,16.31,9.36,SGD,False,School Holiday,
drv_wei_sg_13,Wei Jie Lim,stabilizer,M,2025-06-19,2025-06,2025-W25,Thursday,239.28,47.86,0.0,191.42,9,6.2,7.9,0.82,0,30.87,21.27,SGD,False,School Holiday,
drv_wei_sg_13,Wei Jie Lim,stabilizer,M,2025-06-20,2025-06,2025-W25,Friday,248.37,49.67,0.0,198.7,19,6.7,8.3,0.84,0,29.66,10.46,SGD,False,School Holiday,
drv_wei_sg_13,Wei Jie Lim,stabilizer,M,2025-06-21,2025-06,2025-W25,Saturday,253.95,50.79,0.0,203.16,14,11.9,13.8,0.8,3,17.07,14.51,SGD,False,School Holiday,
drv_wei_sg_13,Wei Jie Lim,stabilizer,M,2025-06-22,2025-06,2025-W25,Sunday,205.6,41.12,14.12,178.6,16,6.3,7.5,0.95,1,28.35,11.16,SGD,False,School Holiday,
drv_wei_sg_13,Wei Jie Lim,stabilizer,M,2025-06-23,2025-06,2025-W26,Monday,152.23,30.45,0.0,121.78,10,11.7,14.2,0.95,1,10.41,12.18,SGD,False,School Holiday,
drv_wei_sg_13,Wei Jie Lim,stabilizer,M,2025-06-24,2025-06,2025-W26,Tuesday,0,0,0,0,0,0,0,0,0,0,0,SGD,True,School Holiday,rest_day
drv_wei_sg_13,Wei Jie Lim,stabilizer,M,2025-06-25,2025-06,2025-W26,Wednesday,231.78,46.36,0.0,185.42,15,7.4,9.0,0.74,3,25.06,12.36,SGD,False,School Holiday,
drv_wei_sg_13,Wei Jie Lim,stabilizer,M,2025-06-26,2025-06,2025-W26,Thursday,227.78,45.56,12.57,194.79,16,10.0,12.2,0.76,2,19.48,12.17,SGD,False,School Holiday,
drv_wei_sg_13,Wei Jie Lim,stabilizer,M,2025-06-27,2025-06,2025-W26,Friday,273.35,54.67,10.04,228.72,19,6.6,8.4,0.86,1,34.65,12.04,SGD,False,School Holiday,
drv_wei_sg_13,Wei Jie Lim,stabilizer,M,2025-06-28,2025-06,2025-W26,Saturday,324.47,64.89,0.0,259.58,18,9.9,11.0,0.74,2,26.22,14.42,SGD,False,School Holiday,
drv_wei_sg_13,Wei Jie Lim,stabilizer,M,2025-06-29,2025-06,2025-W26,Sunday,262.7,52.54,19.48,229.64,9,7.4,8.1,0.84,0,31.03,25.52,SGD,False,School Holiday,
drv_wei_sg_13,Wei Jie Lim,stabilizer,M,2025-06-30,2025-06,2025-W27,Monday,162.45,32.49,0.0,129.96,11,9.9,11.0,0.77,1,13.13,11.81,SGD,False,School Holiday,
drv_wei_sg_13,Wei Jie Lim,stabilizer,M,2025-07-01,2025-07,2025-W27,Tuesday,0,0,0,0,0,0,0,0,0,0,0,SGD,True,School Holiday,rest_day
drv_wei_sg_13,Wei Jie Lim,stabilizer,M,2025-07-02,2025-07,2025-W27,Wednesday,213.6,42.72,11.77,182.65,13,11.1,12.7,0.87,2,16.45,14.05,SGD,False,School Holiday,
drv_wei_sg_13,Wei Jie Lim,stabilizer,M,2025-07-03,2025-07,2025-W27,Thursday,189.45,37.89,0.0,151.56,16,11.1,12.0,0.93,2,13.65,9.47,SGD,False,School Holiday,
drv_wei_sg_13,Wei Jie Lim,stabilizer,M,2025-07-04,2025-07,2025-W27,Friday,222.63,44.53,0.0,178.1,12,10.0,11.7,0.76,3,17.81,14.84,SGD,False,School Holiday,
drv_wei_sg_13,Wei Jie Lim,stabilizer,M,2025-07-05,2025-07,2025-W27,Saturday,314.8,62.96,16.29,268.13,22,8.0,9.7,0.96,2,33.52,12.19,SGD,False,School Holiday,
drv_wei_sg_13,Wei Jie Lim,stabilizer,M,2025-07-06,2025-07,2025-W27,Sunday,253.22,50.64,22.09,224.67,13,7.3,7.8,0.74,2,30.78,17.28,SGD,False,School Holiday,
drv_wei_sg_13,Wei Jie Lim,stabilizer,M,2025-07-07,2025-07,2025-W28,Monday,100.11,20.02,5.36,85.45,16,6.9,8.0,0.85,1,12.38,5.34,SGD,False,School Holiday,
drv_wei_sg_13,Wei Jie Lim,stabilizer,M,2025-07-08,2025-07,2025-W28,Tuesday,0,0,0,0,0,0,0,0,0,0,0,SGD,True,School Holiday,rest_day
drv_wei_sg_13,Wei Jie Lim,stabilizer,M,2025-07-09,2025-07,2025-W28,Wednesday,228.16,45.63,0.0,182.53,9,7.3,9.5,0.94,0,25.0,20.28,SGD,False,School Holiday,
drv_wei_sg_13,Wei Jie Lim,stabilizer,M,2025-07-10,2025-07,2025-W28,Thursday,192.28,38.46,0.0,153.82,15,11.7,15.2,0.93,3,13.15,10.25,SGD,False,School Holiday,
drv_wei_sg_13,Wei Jie Lim,stabilizer,M,2025-07-11,2025-07,2025-W28,Friday,222.63,44.53,0.0,178.1,24,10.8,12.3,0.84,2,16.49,7.42,SGD,False,School Holiday,
drv_wei_sg_13,Wei Jie Lim,stabilizer,M,2025-07-12,2025-07,2025-W28,Saturday,275.43,55.09,0.0,220.34,23,9.7,10.7,0.81,2,22.72,9.58,SGD,False,School Holiday,
drv_wei_sg_13,Wei Jie Lim,stabilizer,M,2025-07-13,2025-07,2025-W28,Sunday,218.14,43.63,0.0,174.51,8,8.0,9.7,0.73,1,21.81,21.81,SGD,False,School Holiday,
drv_wei_sg_13,Wei Jie Lim,stabilizer,M,2025-07-14,2025-07,2025-W29,Monday,170.23,34.05,0.0,136.18,15,8.3,9.6,0.93,1,16.41,9.08,SGD,False,School Holiday,
drv_wei_sg_13,Wei Jie Lim,stabilizer,M,2025-07-15,2025-07,2025-W29,Tuesday,0,0,0,0,0,0,0,0,0,0,0,SGD,True,School Holiday,rest_day
drv_wei_sg_13,Wei Jie Lim,stabilizer,M,2025-07-16,2025-07,2025-W29,Wednesday,193.18,38.64,0.0,154.54,8,8.0,8.9,0.77,3,19.32,19.32,SGD,False,School Holiday,
drv_wei_sg_13,Wei Jie Lim,stabilizer,M,2025-07-17,2025-07,2025-W29,Thursday,247.0,49.4,0.0,197.6,19,7.0,9.1,0.95,3,28.23,10.4,SGD,False,School Holiday,
drv_wei_sg_13,Wei Jie Lim,stabilizer,M,2025-07-18,2025-07,2025-W29,Friday,284.94,56.99,0.0,227.95,8,9.9,11.3,0.91,1,23.03,28.49,SGD,False,School Holiday,
drv_wei_sg_13,Wei Jie Lim,stabilizer,M,2025-07-19,2025-07,2025-W29,Saturday,259.66,51.93,0.0,207.73,10,9.6,12.6,0.93,3,21.64,20.77,SGD,False,School Holiday,
drv_wei_sg_13,Wei Jie Lim,stabilizer,M,2025-07-20,2025-07,2025-W29,Sunday,209.49,41.9,0.0,167.59,19,8.2,8.9,0.78,1,20.44,8.82,SGD,False,School Holiday,
drv_wei_sg_13,Wei Jie Lim,stabilizer,M,2025-07-21,2025-07,2025-W30,Monday,169.54,33.91,9.76,145.39,9,10.0,12.2,0.86,1,14.54,16.15,SGD,False,School Holiday,
drv_wei_sg_13,Wei Jie Lim,stabilizer,M,2025-07-22,2025-07,2025-W30,Tuesday,0,0,0,0,0,0,0,0,0,0,0,SGD,True,School Holiday,rest_day
drv_wei_sg_13,Wei Jie Lim,stabilizer,M,2025-07-23,2025-07,2025-W30,Wednesday,234.03,46.81,0.0,187.22,18,10.1,12.4,0.87,2,18.54,10.4,SGD,False,School Holiday,
drv_wei_sg_13,Wei Jie Lim,stabilizer,M,2025-07-24,2025-07,2025-W30,Thursday,181.98,36.4,0.0,145.58,20,11.4,12.7,0.77,2,12.77,7.28,SGD,False,School Holiday,
drv_wei_sg_13,Wei Jie Lim,stabilizer,M,2025-07-25,2025-07,2025-W30,Friday,294.39,58.88,0.0,235.51,9,11.7,15.6,0.92,0,20.13,26.17,SGD,False,School Holiday,
drv_wei_sg_13,Wei Jie Lim,stabilizer,M,2025-07-26,2025-07,2025-W30,Saturday,251.29,50.26,0.0,201.03,14,8.7,11.6,0.95,2,23.11,14.36,SGD,False,School Holiday,
drv_wei_sg_13,Wei Jie Lim,stabilizer,M,2025-07-27,2025-07,2025-W30,Sunday,266.44,53.29,10.3,223.45,22,7.4,9.3,0.78,3,30.2,10.16,SGD,False,School Holiday,
drv_wei_sg_13,Wei Jie Lim,stabilizer,M,2025-07-28,2025-07,2025-W31,Monday,155.72,31.14,8.96,133.54,9,11.2,12.8,0.95,0,11.92,14.84,SGD,False,School Holiday,
drv_wei_sg_13,Wei Jie Lim,stabilizer,M,2025-07-29,2025-07,2025-W31,Tuesday,0,0,0,0,0,0,0,0,0,0,0,SGD,True,School Holiday,rest_day
drv_wei_sg_13,Wei Jie Lim,stabilizer,M,2025-07-30,2025-07,2025-W31,Wednesday,205.13,41.03,0.0,164.1,16,9.4,12.1,0.72,2,17.46,10.26,SGD,False,School Holiday,
drv_wei_sg_13,Wei Jie Lim,stabilizer,M,2025-07-31,2025-07,2025-W31,Thursday,211.48,42.3,0.0,169.18,16,11.9,13.1,0.89,3,14.22,10.57,SGD,False,School Holiday,
drv_wei_sg_13,Wei Jie Lim,stabilizer,M,2025-08-01,2025-08,2025-W31,Friday,225.95,45.19,0.0,180.76,17,10.9,12.5,0.84,1,16.58,10.63,SGD,False,,
drv_wei_sg_13,Wei Jie Lim,stabilizer,M,2025-08-02,2025-08,2025-W31,Saturday,279.37,55.87,0.0,223.5,15,7.7,8.3,0.91,1,29.03,14.9,SGD,False,,
drv_wei_sg_13,Wei Jie Lim,stabilizer,M,2025-08-03,2025-08,2025-W31,Sunday,193.91,38.78,10.37,165.5,15,11.1,14.8,0.84,0,14.91,11.03,SGD,False,,
drv_wei_sg_13,Wei Jie Lim,stabilizer,M,2025-08-04,2025-08,2025-W32,Monday,198.62,39.72,0.0,158.9,16,9.8,13.0,0.8,3,16.21,9.93,SGD,False,,
drv_wei_sg_13,Wei Jie Lim,stabilizer,M,2025-08-05,2025-08,2025-W32,Tuesday,0,0,0,0,0,0,0,0,0,0,0,SGD,True,,rest_day
drv_wei_sg_13,Wei Jie Lim,stabilizer,M,2025-08-06,2025-08,2025-W32,Wednesday,212.02,42.4,9.86,179.48,15,11.6,13.7,0.95,3,15.47,11.97,SGD,False,,
drv_wei_sg_13,Wei Jie Lim,stabilizer,M,2025-08-07,2025-08,2025-W32,Thursday,234.46,46.89,0.0,187.57,24,8.4,11.0,0.9,2,22.33,7.82,SGD,False,,
drv_wei_sg_13,Wei Jie Lim,stabilizer,M,2025-08-08,2025-08,2025-W32,Friday,246.75,49.35,0.0,197.4,15,12.0,15.1,0.8,1,16.45,13.16,SGD,False,,
drv_wei_sg_13,Wei Jie Lim,stabilizer,M,2025-08-09,2025-08,2025-W32,Saturday,298.39,59.68,0.0,238.71,21,7.7,8.6,0.91,1,31.0,11.37,SGD,False,,
drv_wei_sg_13,Wei Jie Lim,stabilizer,M,2025-08-10,2025-08,2025-W32,Sunday,142.27,28.45,0.0,113.82,17,10.6,12.5,0.9,3,10.74,6.7,SGD,False,,
drv_wei_sg_13,Wei Jie Lim,stabilizer,M,2025-08-11,2025-08,2025-W33,Monday,143.28,28.66,9.92,124.54,24,6.4,7.8,0.75,1,19.46,5.19,SGD,False,,
drv_wei_sg_13,Wei Jie Lim,stabilizer,M,2025-08-12,2025-08,2025-W33,Tuesday,0,0,0,0,0,0,0,0,0,0,0,SGD,True,,rest_day
drv_wei_sg_13,Wei Jie Lim,stabilizer,M,2025-08-13,2025-08,2025-W33,Wednesday,222.17,44.43,0.0,177.74,24,8.8,11.2,0.84,0,20.2,7.41,SGD,False,,
drv_wei_sg_13,Wei Jie Lim,stabilizer,M,2025-08-14,2025-08,2025-W33,Thursday,209.92,41.98,0.0,167.94,18,8.0,10.3,0.73,2,20.99,9.33,SGD,False,,
drv_wei_sg_13,Wei Jie Lim,stabilizer,M,2025-08-15,2025-08,2025-W33,Friday,227.59,45.52,9.53,191.6,21,9.3,11.8,0.78,3,20.6,9.12,SGD,False,,
drv_wei_sg_13,Wei Jie Lim,stabilizer,M,2025-08-16,2025-08,2025-W33,Saturday,285.84,57.17,0.0,228.67,13,8.0,9.0,0.82,1,28.58,17.59,SGD,False,,
drv_wei_sg_13,Wei Jie Lim,stabilizer,M,2025-08-17,2025-08,2025-W33,Sunday,250.78,50.16,0.0,200.62,17,7.1,8.8,0.86,0,28.26,11.8,SGD,False,,
drv_wei_sg_13,Wei Jie Lim,stabilizer,M,2025-08-18,2025-08,2025-W34,Monday,195.81,39.16,0.0,156.65,18,10.8,11.8,0.86,2,14.5,8.7,SGD,False,,
drv_wei_sg_13,Wei Jie Lim,stabilizer,M,2025-08-19,2025-08,2025-W34,Tuesday,0,0,0,0,0,0,0,0,0,0,0,SGD,True,,rest_day
drv_wei_sg_13,Wei Jie Lim,stabilizer,M,2025-08-20,2025-08,2025-W34,Wednesday,194.31,38.86,0.0,155.45,23,8.2,10.1,0.87,3,18.96,6.76,SGD,False,,
drv_wei_sg_13,Wei Jie Lim,stabilizer,M,2025-08-21,2025-08,2025-W34,Thursday,83.83,16.77,0.0,67.06,15,9.3,11.1,0.83,1,7.21,4.47,SGD,False,,
drv_wei_sg_13,Wei Jie Lim,stabilizer,M,2025-08-22,2025-08,2025-W34,Friday,279.81,55.96,0.0,223.85,11,9.4,12.7,0.85,1,23.81,20.35,SGD,False,,
drv_wei_sg_13,Wei Jie Lim,stabilizer,M,2025-08-23,2025-08,2025-W34,Saturday,311.13,62.23,0.0,248.9,16,7.3,9.4,0.73,0,34.1,15.56,SGD,False,,
drv_wei_sg_13,Wei Jie Lim,stabilizer,M,2025-08-24,2025-08,2025-W34,Sunday,213.28,42.66,9.31,179.93,20,6.7,7.6,0.83,2,26.86,9.0,SGD,False,,
drv_wei_sg_13,Wei Jie Lim,stabilizer,M,2025-08-25,2025-08,2025-W35,Monday,159.06,31.81,8.87,136.12,11,10.6,11.2,0.94,3,12.84,12.37,SGD,False,,
drv_wei_sg_13,Wei Jie Lim,stabilizer,M,2025-08-26,2025-08,2025-W35,Tuesday,0,0,0,0,0,0,0,0,0,0,0,SGD,True,,rest_day
drv_wei_sg_13,Wei Jie Lim,stabilizer,M,2025-08-27,2025-08,2025-W35,Wednesday,166.52,33.3,9.24,142.46,12,8.5,10.7,0.83,2,16.76,11.87,SGD,False,,
drv_wei_sg_13,Wei Jie Lim,stabilizer,M,2025-08-28,2025-08,2025-W35,Thursday,200.83,40.17,0.0,160.66,13,8.2,10.7,0.74,1,19.59,12.36,SGD,False,,
drv_wei_sg_13,Wei Jie Lim,stabilizer,M,2025-08-29,2025-08,2025-W35,Friday,232.73,46.55,0.0,186.18,19,7.9,10.6,0.86,3,23.57,9.8,SGD,False,,
drv_wei_sg_13,Wei Jie Lim,stabilizer,M,2025-08-30,2025-08,2025-W35,Saturday,222.45,44.49,0.0,177.96,20,9.4,11.0,0.88,3,18.93,8.9,SGD,False,,
drv_wei_sg_13,Wei Jie Lim,stabilizer,M,2025-08-31,2025-08,2025-W35,Sunday,198.16,39.63,0.0,158.53,21,8.9,10.1,0.94,1,17.81,7.55,SGD,False,,
drv_wei_sg_13,Wei Jie Lim,stabilizer,M,2025-09-01,2025-09,2025-W36,Monday,188.81,37.76,0.0,151.05,9,11.2,14.1,0.8,1,13.49,16.78,SGD,False,,
drv_wei_sg_13,Wei Jie Lim,stabilizer,M,2025-09-02,2025-09,2025-W36,Tuesday,0,0,0,0,0,0,0,0,0,0,0,SGD,True,,rest_day
drv_wei_sg_13,Wei Jie Lim,stabilizer,M,2025-09-03,2025-09,2025-W36,Wednesday,217.3,43.46,0.0,173.84,22,6.2,7.9,0.93,0,28.04,7.9,SGD,False,,
drv_wei_sg_13,Wei Jie Lim,stabilizer,M,2025-09-04,2025-09,2025-W36,Thursday,187.94,37.59,15.44,165.79,16,11.2,14.7,0.86,0,14.8,10.36,SGD,False,,
drv_wei_sg_13,Wei Jie Lim,stabilizer,M,2025-09-05,2025-09,2025-W36,Friday,242.82,48.56,0.0,194.26,16,10.9,13.5,0.78,2,17.82,12.14,SGD,False,,
drv_wei_sg_13,Wei Jie Lim,stabilizer,M,2025-09-06,2025-09,2025-W36,Saturday,257.56,51.51,13.67,219.72,16,6.4,7.8,0.81,2,34.33,13.73,SGD,False,,
drv_wei_sg_13,Wei Jie Lim,stabilizer,M,2025-09-07,2025-09,2025-W36,Sunday,199.08,39.82,0.0,159.26,9,8.3,8.8,0.73,2,19.19,17.7,SGD,False,,
drv_wei_sg_13,Wei Jie Lim,stabilizer,M,2025-09-08,2025-09,2025-W37,Monday,205.38,41.08,0.0,164.3,22,6.4,8.5,0.89,1,25.67,7.47,SGD,False,,
drv_wei_sg_13,Wei Jie Lim,stabilizer,M,2025-09-09,2025-09,2025-W37,Tuesday,0,0,0,0,0,0,0,0,0,0,0,SGD,True,,rest_day
drv_wei_sg_13,Wei Jie Lim,stabilizer,M,2025-09-10,2025-09,2025-W37,Wednesday,200.27,40.05,0.0,160.22,15,11.6,14.8,0.95,2,13.81,10.68,SGD,False,,
drv_wei_sg_13,Wei Jie Lim,stabilizer,M,2025-09-11,2025-09,2025-W37,Thursday,218.12,43.62,0.0,174.5,13,9.3,10.5,0.77,2,18.76,13.42,SGD,False,,
drv_wei_sg_13,Wei Jie Lim,stabilizer,M,2025-09-12,2025-09,2025-W37,Friday,215.66,43.13,0.0,172.53,21,6.3,7.3,0.72,0,27.39,8.22,SGD,False,,
drv_wei_sg_13,Wei Jie Lim,stabilizer,M,2025-09-13,2025-09,2025-W37,Saturday,267.06,53.41,16.87,230.52,12,8.5,9.0,0.78,3,27.12,19.21,SGD,False,,
drv_wei_sg_13,Wei Jie Lim,stabilizer,M,2025-09-14,2025-09,2025-W37,Sunday,216.84,43.37,0.0,173.47,9,6.4,8.2,0.74,1,27.1,19.27,SGD,False,,
drv_wei_sg_13,Wei Jie Lim,stabilizer,M,2025-09-15,2025-09,2025-W38,Monday,177.22,35.44,0.0,141.78,22,6.7,7.5,0.85,3,21.16,6.44,SGD,False,,
drv_wei_sg_13,Wei Jie Lim,stabilizer,M,2025-09-16,2025-09,2025-W38,Tuesday,0,0,0,0,0,0,0,0,0,0,0,SGD,True,,rest_day
drv_wei_sg_13,Wei Jie Lim,stabilizer,M,2025-09-17,2025-09,2025-W38,Wednesday,160.91,32.18,0.0,128.73,11,7.7,8.4,0.73,3,16.72,11.7,SGD,False,,
drv_wei_sg_13,Wei Jie Lim,stabilizer,M,2025-09-18,2025-09,2025-W38,Thursday,168.44,33.69,0.0,134.75,21,8.7,10.5,0.8,2,15.49,6.42,SGD,False,,
drv_wei_sg_13,Wei Jie Lim,stabilizer,M,2025-09-19,2025-09,2025-W38,Friday,246.69,49.34,0.0,197.35,24,10.7,12.4,0.8,0,18.44,8.22,SGD,False,,
drv_wei_sg_13,Wei Jie Lim,stabilizer,M,2025-09-20,2025-09,2025-W38,Saturday,231.49,46.3,0.0,185.19,10,12.0,13.0,0.86,3,15.43,18.52,SGD,False,,
drv_wei_sg_13,Wei Jie Lim,stabilizer,M,2025-09-21,2025-09,2025-W38,Sunday,192.99,38.6,0.0,154.39,17,8.2,9.6,0.8,1,18.83,9.08,SGD,False,,
drv_wei_sg_13,Wei Jie Lim,stabilizer,M,2025-09-22,2025-09,2025-W39,Monday,150.38,30.08,0.0,120.3,12,7.4,9.6,0.87,3,16.26,10.03,SGD,False,,
drv_wei_sg_13,Wei Jie Lim,stabilizer,M,2025-09-23,2025-09,2025-W39,Tuesday,0,0,0,0,0,0,0,0,0,0,0,SGD,True,,rest_day
drv_wei_sg_13,Wei Jie Lim,stabilizer,M,2025-09-24,2025-09,2025-W39,Wednesday,220.1,44.02,0.0,176.08,8,11.1,14.4,0.94,1,15.86,22.01,SGD,False,,
drv_wei_sg_13,Wei Jie Lim,stabilizer,M,2025-09-25,2025-09,2025-W39,Thursday,176.44,35.29,0.0,141.15,22,11.3,13.3,0.81,0,12.49,6.42,SGD,False,,
drv_wei_sg_13,Wei Jie Lim,stabilizer,M,2025-09-26,2025-09,2025-W39,Friday,281.16,56.23,0.0,224.93,24,6.1,7.8,0.73,1,36.87,9.37,SGD,False,,
drv_wei_sg_13,Wei Jie Lim,stabilizer,M,2025-09-27,2025-09,2025-W39,Saturday,214.11,42.82,14.71,186.0,17,9.5,10.1,0.93,0,19.58,10.94,SGD,False,,
drv_wei_sg_13,Wei Jie Lim,stabilizer,M,2025-09-28,2025-09,2025-W39,Sunday,209.26,41.85,0.0,167.41,16,8.1,9.2,0.78,0,20.67,10.46,SGD,False,,
drv_wei_sg_13,Wei Jie Lim,stabilizer,M,2025-09-29,2025-09,2025-W40,Monday,141.11,28.22,0.0,112.89,9,6.9,7.3,0.91,3,16.36,12.54,SGD,False,,
drv_wei_sg_13,Wei Jie Lim,stabilizer,M,2025-09-30,2025-09,2025-W40,Tuesday,0,0,0,0,0,0,0,0,0,0,0,SGD,True,,rest_day
drv_wei_sg_13,Wei Jie Lim,stabilizer,M,2025-10-01,2025-10,2025-W40,Wednesday,164.69,32.94,13.38,145.13,18,8.1,9.5,0.87,0,17.92,8.06,SGD,False,,
drv_wei_sg_13,Wei Jie Lim,stabilizer,M,2025-10-02,2025-10,2025-W40,Thursday,228.63,45.73,0.0,182.9,10,11.0,12.2,0.76,1,16.63,18.29,SGD,False,,
drv_wei_sg_13,Wei Jie Lim,stabilizer,M,2025-10-03,2025-10,2025-W40,Friday,205.47,41.09,0.0,164.38,13,10.9,13.3,0.85,1,15.08,12.64,SGD,False,,
drv_wei_sg_13,Wei Jie Lim,stabilizer,M,2025-10-04,2025-10,2025-W40,Saturday,303.07,60.61,0.0,242.46,15,6.2,7.1,0.73,0,39.11,16.16,SGD,False,,
drv_wei_sg_13,Wei Jie Lim,stabilizer,M,2025-10-05,2025-10,2025-W40,Sunday,176.23,35.25,0.0,140.98,9,6.2,7.1,0.88,0,22.74,15.66,SGD,False,,
drv_wei_sg_13,Wei Jie Lim,stabilizer,M,2025-10-06,2025-10,2025-W41,Monday,165.14,33.03,8.91,141.02,16,11.4,12.3,0.81,2,12.37,8.81,SGD,False,,
drv_wei_sg_13,Wei Jie Lim,stabilizer,M,2025-10-07,2025-10,2025-W41,Tuesday,0,0,0,0,0,0,0,0,0,0,0,SGD,True,,rest_day
drv_wei_sg_13,Wei Jie Lim,stabilizer,M,2025-10-08,2025-10,2025-W41,Wednesday,162.59,32.52,6.77,136.84,15,11.0,13.9,0.81,3,12.44,9.12,SGD,False,,
drv_wei_sg_13,Wei Jie Lim,stabilizer,M,2025-10-09,2025-10,2025-W41,Thursday,234.22,46.84,15.33,202.71,17,11.8,13.5,0.76,0,17.18,11.92,SGD,False,,
drv_wei_sg_13,Wei Jie Lim,stabilizer,M,2025-10-10,2025-10,2025-W41,Friday,288.54,57.71,0.0,230.83,11,9.4,10.4,0.81,0,24.56,20.98,SGD,False,,
drv_wei_sg_13,Wei Jie Lim,stabilizer,M,2025-10-11,2025-10,2025-W41,Saturday,281.16,56.23,0.0,224.93,15,8.6,11.2,0.74,0,26.15,15.0,SGD,False,,
drv_wei_sg_13,Wei Jie Lim,stabilizer,M,2025-10-12,2025-10,2025-W41,Sunday,248.96,49.79,11.95,211.12,18,8.6,9.5,0.92,1,24.55,11.73,SGD,False,,
drv_wei_sg_13,Wei Jie Lim,stabilizer,M,2025-10-13,2025-10,2025-W42,Monday,144.28,28.86,0.0,115.42,23,11.6,14.0,0.74,3,9.95,5.02,SGD,False,,
drv_wei_sg_13,Wei Jie Lim,stabilizer,M,2025-10-14,2025-10,2025-W42,Tuesday,0,0,0,0,0,0,0,0,0,0,0,SGD,True,,rest_day
drv_wei_sg_13,Wei Jie Lim,stabilizer,M,2025-10-15,2025-10,2025-W42,Wednesday,171.13,34.23,0.0,136.9,22,10.3,10.9,0.92,0,13.29,6.22,SGD,False,,
drv_wei_sg_13,Wei Jie Lim,stabilizer,M,2025-10-16,2025-10,2025-W42,Thursday,190.56,38.11,10.65,163.1,13,8.3,9.9,0.94,2,19.65,12.55,SGD,False,,
drv_wei_sg_13,Wei Jie Lim,stabilizer,M,2025-10-17,2025-10,2025-W42,Friday,226.92,45.38,9.1,190.64,13,10.7,13.9,0.72,0,17.82,14.66,SGD,False,,
drv_wei_sg_13,Wei Jie Lim,stabilizer,M,2025-10-18,2025-10,2025-W42,Saturday,265.25,53.05,0.0,212.2,24,9.0,10.1,0.72,0,23.58,8.84,SGD,False,,
drv_wei_sg_13,Wei Jie Lim,stabilizer,M,2025-10-19,2025-10,2025-W42,Sunday,216.39,43.28,0.0,173.11,16,10.4,11.9,0.85,1,16.65,10.82,SGD,False,,
drv_wei_sg_13,Wei Jie Lim,stabilizer,M,2025-10-20,2025-10,2025-W43,Monday,160.09,32.02,11.47,139.54,13,11.9,16.0,0.78,2,11.73,10.73,SGD,False,,
drv_wei_sg_13,Wei Jie Lim,stabilizer,M,2025-10-21,2025-10,2025-W43,Tuesday,0,0,0,0,0,0,0,0,0,0,0,SGD,True,,rest_day
drv_wei_sg_13,Wei Jie Lim,stabilizer,M,2025-10-22,2025-10,2025-W43,Wednesday,171.74,34.35,13.39,150.78,14,8.5,10.3,0.84,2,17.74,10.77,SGD,False,,
drv_wei_sg_13,Wei Jie Lim,stabilizer,M,2025-10-23,2025-10,2025-W43,Thursday,191.22,38.24,0.0,152.98,8,9.3,10.8,0.84,2,16.45,19.12,SGD,False,,
drv_wei_sg_13,Wei Jie Lim,stabilizer,M,2025-10-24,2025-10,2025-W43,Friday,209.7,41.94,14.71,182.47,18,9.3,10.5,0.74,3,19.62,10.14,SGD,False,,
drv_wei_sg_13,Wei Jie Lim,stabilizer,M,2025-10-25,2025-10,2025-W43,Saturday,310.09,62.02,0.0,248.07,22,9.7,11.2,0.77,3,25.57,11.28,SGD,False,,
drv_wei_sg_13,Wei Jie Lim,stabilizer,M,2025-10-26,2025-10,2025-W43,Sunday,204.24,40.85,9.54,172.93,14,9.8,11.0,0.82,1,17.65,12.35,SGD,False,,
drv_wei_sg_13,Wei Jie Lim,stabilizer,M,2025-10-27,2025-10,2025-W44,Monday,156.53,31.31,0.0,125.22,11,10.4,12.7,0.79,1,12.04,11.38,SGD,False,,
drv_wei_sg_13,Wei Jie Lim,stabilizer,M,2025-10-28,2025-10,2025-W44,Tuesday,0,0,0,0,0,0,0,0,0,0,0,SGD,True,,rest_day
drv_wei_sg_13,Wei Jie Lim,stabilizer,M,2025-10-29,2025-10,2025-W44,Wednesday,184.58,36.92,15.59,163.25,20,8.4,10.7,0.95,0,19.43,8.16,SGD,False,,
drv_wei_sg_13,Wei Jie Lim,stabilizer,M,2025-10-30,2025-10,2025-W44,Thursday,222.68,44.54,0.0,178.14,9,6.6,7.6,0.74,0,26.99,19.79,SGD,False,,
drv_wei_sg_13,Wei Jie Lim,stabilizer,M,2025-10-31,2025-10,2025-W44,Friday,247.66,49.53,0.0,198.13,21,6.5,7.1,0.76,3,30.48,9.43,SGD,False,,
drv_wei_sg_13,Wei Jie Lim,stabilizer,M,2025-11-01,2025-11,2025-W44,Saturday,238.84,47.77,0.0,191.07,15,8.9,10.6,0.92,0,21.47,12.74,SGD,False,,
drv_wei_sg_13,Wei Jie Lim,stabilizer,M,2025-11-02,2025-11,2025-W44,Sunday,256.44,51.29,0.0,205.15,15,10.8,14.2,0.76,1,19.0,13.68,SGD,False,,
drv_wei_sg_13,Wei Jie Lim,stabilizer,M,2025-11-03,2025-11,2025-W45,Monday,167.4,33.48,12.04,145.96,12,9.0,10.4,0.86,1,16.22,12.16,SGD,False,,
drv_wei_sg_13,Wei Jie Lim,stabilizer,M,2025-11-04,2025-11,2025-W45,Tuesday,0,0,0,0,0,0,0,0,0,0,0,SGD,True,,rest_day
drv_wei_sg_13,Wei Jie Lim,stabilizer,M,2025-11-05,2025-11,2025-W45,Wednesday,223.21,44.64,0.0,178.57,23,6.5,6.9,0.91,3,27.47,7.76,SGD,False,,
drv_wei_sg_13,Wei Jie Lim,stabilizer,M,2025-11-06,2025-11,2025-W45,Thursday,225.72,45.14,13.59,194.17,23,11.1,13.1,0.87,0,17.49,8.44,SGD,False,,
drv_wei_sg_13,Wei Jie Lim,stabilizer,M,2025-11-07,2025-11,2025-W45,Friday,264.96,52.99,9.42,221.39,20,8.8,10.9,0.89,3,25.16,11.07,SGD,False,,
drv_wei_sg_13,Wei Jie Lim,stabilizer,M,2025-11-08,2025-11,2025-W45,Saturday,230.09,46.02,0.0,184.07,18,11.2,12.8,0.78,0,16.43,10.23,SGD,False,,
drv_wei_sg_13,Wei Jie Lim,stabilizer,M,2025-11-09,2025-11,2025-W45,Sunday,217.56,43.51,14.49,188.54,10,6.8,9.1,0.74,3,27.73,18.85,SGD,False,,
drv_wei_sg_13,Wei Jie Lim,stabilizer,M,2025-11-10,2025-11,2025-W46,Monday,199.82,39.96,0.0,159.86,18,11.9,15.6,0.93,3,13.43,8.88,SGD,False,,
drv_wei_sg_13,Wei Jie Lim,stabilizer,M,2025-11-11,2025-11,2025-W46,Tuesday,0,0,0,0,0,0,0,0,0,0,0,SGD,True,,rest_day
drv_wei_sg_13,Wei Jie Lim,stabilizer,M,2025-11-12,2025-11,2025-W46,Wednesday,221.16,44.23,0.0,176.93,11,9.3,11.4,0.84,3,19.02,16.08,SGD,False,,
drv_wei_sg_13,Wei Jie Lim,stabilizer,M,2025-11-13,2025-11,2025-W46,Thursday,236.18,47.24,0.0,188.94,20,7.3,9.3,0.87,0,25.88,9.45,SGD,False,,
drv_wei_sg_13,Wei Jie Lim,stabilizer,M,2025-11-14,2025-11,2025-W46,Friday,226.29,45.26,0.0,181.03,21,11.5,12.8,0.92,2,15.74,8.62,SGD,False,,
drv_wei_sg_13,Wei Jie Lim,stabilizer,M,2025-11-15,2025-11,2025-W46,Saturday,287.72,57.54,0.0,230.18,19,7.2,9.5,0.87,1,31.97,12.11,SGD,False,,
drv_wei_sg_13,Wei Jie Lim,stabilizer,M,2025-11-16,2025-11,2025-W46,Sunday,216.17,43.23,0.0,172.94,14,10.4,11.8,0.78,0,16.63,12.35,SGD,False,,
drv_wei_sg_13,Wei Jie Lim,stabilizer,M,2025-11-17,2025-11,2025-W47,Monday,190.55,38.11,0.0,152.44,11,6.4,8.2,0.75,3,23.82,13.86,SGD,False,,
drv_wei_sg_13,Wei Jie Lim,stabilizer,M,2025-11-18,2025-11,2025-W47,Tuesday,0,0,0,0,0,0,0,0,0,0,0,SGD,True,,rest_day
drv_wei_sg_13,Wei Jie Lim,stabilizer,M,2025-11-19,2025-11,2025-W47,Wednesday,229.32,45.86,18.42,201.88,13,6.9,7.6,0.9,0,29.26,15.53,SGD,False,,
drv_wei_sg_13,Wei Jie Lim,stabilizer,M,2025-11-20,2025-11,2025-W47,Thursday,244.27,48.85,0.0,195.42,20,9.1,11.2,0.88,0,21.47,9.77,SGD,False,,
drv_wei_sg_13,Wei Jie Lim,stabilizer,M,2025-11-21,2025-11,2025-W47,Friday,284.48,56.9,0.0,227.58,20,10.4,13.0,0.9,0,21.88,11.38,SGD,False,,
drv_wei_sg_13,Wei Jie Lim,stabilizer,M,2025-11-22,2025-11,2025-W47,Saturday,291.0,58.2,19.39,252.19,11,7.1,7.9,0.96,3,35.52,22.93,SGD,False,,
drv_wei_sg_13,Wei Jie Lim,stabilizer,M,2025-11-23,2025-11,2025-W47,Sunday,193.93,38.79,0.0,155.14,8,6.3,8.4,0.93,0,24.63,19.39,SGD,False,,
drv_wei_sg_13,Wei Jie Lim,stabilizer,M,2025-11-24,2025-11,2025-W48,Monday,180.82,36.16,0.0,144.66,19,10.6,12.3,0.96,3,13.65,7.61,SGD,False,,
drv_wei_sg_13,Wei Jie Lim,stabilizer,M,2025-11-25,2025-11,2025-W48,Tuesday,0,0,0,0,0,0,0,0,0,0,0,SGD,True,,rest_day
drv_wei_sg_13,Wei Jie Lim,stabilizer,M,2025-11-26,2025-11,2025-W48,Wednesday,165.05,33.01,9.04,141.08,19,7.2,8.2,0.85,2,19.59,7.43,SGD,False,,
drv_wei_sg_13,Wei Jie Lim,stabilizer,M,2025-11-27,2025-11,2025-W48,Thursday,167.28,33.46,0.0,133.82,12,10.0,11.7,0.83,2,13.38,11.15,SGD,False,,
drv_wei_sg_13,Wei Jie Lim,stabilizer,M,2025-11-28,2025-11,2025-W48,Friday,285.28,57.06,0.0,228.22,18,7.9,9.3,0.74,1,28.89,12.68,SGD,False,,
drv_wei_sg_13,Wei Jie Lim,stabilizer,M,2025-11-29,2025-11,2025-W48,Saturday,263.66,52.73,14.02,224.95,16,8.0,8.9,0.86,2,28.12,14.06,SGD,False,,
drv_wei_sg_13,Wei Jie Lim,stabilizer,M,2025-11-30,2025-11,2025-W48,Sunday,193.0,38.6,0.0,154.4,22,7.6,9.8,0.95,1,20.32,7.02,SGD,False,,
drv_wei_sg_13,Wei Jie Lim,stabilizer,M,2025-12-01,2025-12,2025-W49,Monday,202.86,40.57,0.0,162.29,24,11.6,13.1,0.73,0,13.99,6.76,SGD,False,,
drv_wei_sg_13,Wei Jie Lim,stabilizer,M,2025-12-02,2025-12,2025-W49,Tuesday,0,0,0,0,0,0,0,0,0,0,0,SGD,True,,rest_day
drv_wei_sg_13,Wei Jie Lim,stabilizer,M,2025-12-03,2025-12,2025-W49,Wednesday,210.93,42.19,0.0,168.74,20,8.3,9.2,0.82,3,20.33,8.44,SGD,False,,
drv_wei_sg_13,Wei Jie Lim,stabilizer,M,2025-12-04,2025-12,2025-W49,Thursday,175.16,35.03,12.26,152.39,17,11.6,12.2,0.83,2,13.14,8.96,SGD,False,,
drv_wei_sg_13,Wei Jie Lim,stabilizer,M,2025-12-05,2025-12,2025-W49,Friday,230.3,46.06,0.0,184.24,20,11.2,12.5,0.79,0,16.45,9.21,SGD,False,,
drv_wei_sg_13,Wei Jie Lim,stabilizer,M,2025-12-06,2025-12,2025-W49,Saturday,180.55,36.11,0.0,144.44,17,11.1,14.0,0.89,3,13.01,8.5,SGD,False,,
drv_wei_sg_13,Wei Jie Lim,stabilizer,M,2025-12-07,2025-12,2025-W49,Sunday,226.23,45.25,0.0,180.98,21,6.2,6.5,0.73,3,29.19,8.62,SGD,False,,
drv_wei_sg_13,Wei Jie Lim,stabilizer,M,2025-12-08,2025-12,2025-W50,Monday,147.02,29.4,10.75,128.37,8,11.0,13.0,0.74,3,11.67,16.05,SGD,False,,
drv_wei_sg_13,Wei Jie Lim,stabilizer,M,2025-12-09,2025-12,2025-W50,Tuesday,0,0,0,0,0,0,0,0,0,0,0,SGD,True,,rest_day
drv_wei_sg_13,Wei Jie Lim,stabilizer,M,2025-12-10,2025-12,2025-W50,Wednesday,205.91,41.18,0.0,164.73,20,9.5,11.7,0.91,3,17.34,8.24,SGD,False,,
drv_wei_sg_13,Wei Jie Lim,stabilizer,M,2025-12-11,2025-12,2025-W50,Thursday,233.52,46.7,0.0,186.82,24,11.7,14.7,0.91,3,15.97,7.78,SGD,False,,
drv_wei_sg_13,Wei Jie Lim,stabilizer,M,2025-12-12,2025-12,2025-W50,Friday,202.53,40.51,0.0,162.02,21,9.8,12.6,0.89,0,16.53,7.72,SGD,False,,
drv_wei_sg_13,Wei Jie Lim,stabilizer,M,2025-12-13,2025-12,2025-W50,Saturday,216.98,43.4,0.0,173.58,13,6.8,7.2,0.85,0,25.53,13.35,SGD,False,,
drv_wei_sg_13,Wei Jie Lim,stabilizer,M,2025-12-14,2025-12,2025-W50,Sunday,213.58,42.72,13.24,184.1,21,8.6,11.4,0.86,2,21.41,8.77,SGD,False,,
drv_wei_sg_13,Wei Jie Lim,stabilizer,M,2025-12-15,2025-12,2025-W51,Monday,172.57,34.51,5.88,143.94,16,8.4,11.3,0.78,0,17.14,9.0,SGD,False,,
drv_wei_sg_13,Wei Jie Lim,stabilizer,M,2025-12-16,2025-12,2025-W51,Tuesday,0,0,0,0,0,0,0,0,0,0,0,SGD,True,,rest_day
drv_wei_sg_13,Wei Jie Lim,stabilizer,M,2025-12-17,2025-12,2025-W51,Wednesday,227.18,45.44,0.0,181.74,8,6.2,7.2,0.75,1,29.31,22.72,SGD,False,,
drv_wei_sg_13,Wei Jie Lim,stabilizer,M,2025-12-18,2025-12,2025-W51,Thursday,221.89,44.38,13.06,190.57,9,6.2,6.6,0.95,1,30.74,21.17,SGD,False,,
drv_wei_sg_13,Wei Jie Lim,stabilizer,M,2025-12-19,2025-12,2025-W51,Friday,252.02,50.4,0.0,201.62,12,7.2,8.8,0.83,2,28.0,16.8,SGD,False,,
drv_wei_sg_13,Wei Jie Lim,stabilizer,M,2025-12-20,2025-12,2025-W51,Saturday,285.26,57.05,0.0,228.21,10,9.0,9.9,0.75,0,25.36,22.82,SGD,False,,
drv_wei_sg_13,Wei Jie Lim,stabilizer,M,2025-12-21,2025-12,2025-W51,Sunday,180.25,36.05,0.0,144.2,11,9.6,12.5,0.78,1,15.02,13.11,SGD,False,,
drv_wei_sg_13,Wei Jie Lim,stabilizer,M,2025-12-22,2025-12,2025-W52,Monday,236.22,47.24,0.0,188.98,14,6.1,8.0,0.82,2,30.98,13.5,SGD,False,Year-End Peak,
drv_wei_sg_13,Wei Jie Lim,stabilizer,M,2025-12-23,2025-12,2025-W52,Tuesday,0,0,0,0,0,0,0,0,0,0,0,SGD,True,Year-End Peak,rest_day
drv_wei_sg_13,Wei Jie Lim,stabilizer,M,2025-12-24,2025-12,2025-W52,Wednesday,269.73,53.95,16.72,232.5,12,9.5,11.3,0.81,0,24.47,19.38,SGD,False,Year-End Peak,
drv_wei_sg_13,Wei Jie Lim,stabilizer,M,2025-12-25,2025-12,2025-W52,Thursday,225.12,45.02,19.66,199.76,13,8.6,11.4,0.97,3,23.23,15.37,SGD,False,Year-End Peak,
drv_wei_sg_13,Wei Jie Lim,stabilizer,M,2025-12-26,2025-12,2025-W52,Friday,316.59,63.32,27.08,280.35,21,9.9,11.3,0.81,0,28.32,13.35,SGD,False,Year-End Peak,
drv_wei_sg_13,Wei Jie Lim,stabilizer,M,2025-12-27,2025-12,2025-W52,Saturday,358.4,71.68,0.0,286.72,24,9.6,12.5,0.84,0,29.87,11.95,SGD,False,Year-End Peak,
drv_wei_sg_13,Wei Jie Lim,stabilizer,M,2025-12-28,2025-12,2025-W52,Sunday,251.21,50.24,0.0,200.97,21,8.4,10.5,0.84,2,23.92,9.57,SGD,False,Year-End Peak,
drv_wei_sg_13,Wei Jie Lim,stabilizer,M,2025-12-29,2025-12,2026-W01,Monday,232.71,46.54,0.0,186.17,16,7.2,7.9,0.95,3,25.86,11.64,SGD,False,Year-End Peak,
drv_wei_sg_13,Wei Jie Lim,stabilizer,M,2025-12-30,2025-12,2026-W01,Tuesday,0,0,0,0,0,0,0,0,0,0,0,SGD,True,Year-End Peak,rest_day
drv_wei_sg_13,Wei Jie Lim,stabilizer,M,2025-12-31,2025-12,2026-W01,Wednesday,222.44,44.49,0.0,177.95,10,7.8,10.1,0.78,3,22.81,17.79,SGD,False,Year-End Peak,
drv_wei_sg_13,Wei Jie Lim,stabilizer,M,2026-01-01,2026-01,2026-W01,Thursday,247.6,49.52,0.0,198.08,8,9.4,10.0,0.92,1,21.07,24.76,SGD,False,Year-End Peak,
drv_wei_sg_13,Wei Jie Lim,stabilizer,M,2026-01-02,2026-01,2026-W01,Friday,355.57,71.11,0.0,284.46,19,9.0,11.2,0.84,3,31.61,14.97,SGD,False,Year-End Peak,
drv_wei_sg_13,Wei Jie Lim,stabilizer,M,2026-01-03,2026-01,2026-W01,Saturday,283.77,56.75,10.62,237.64,15,8.9,11.1,0.88,0,26.7,15.84,SGD,False,,
drv_wei_sg_13,Wei Jie Lim,stabilizer,M,2026-01-04,2026-01,2026-W01,Sunday,229.99,46.0,0.0,183.99,10,6.1,7.8,0.84,3,30.16,18.4,SGD,False,,
drv_wei_sg_13,Wei Jie Lim,stabilizer,M,2026-01-05,2026-01,2026-W02,Monday,138.69,27.74,7.48,118.43,22,11.4,15.0,0.81,2,10.39,5.38,SGD,False,,
drv_wei_sg_13,Wei Jie Lim,stabilizer,M,2026-01-06,2026-01,2026-W02,Tuesday,0,0,0,0,0,0,0,0,0,0,0,SGD,True,,rest_day
drv_wei_sg_13,Wei Jie Lim,stabilizer,M,2026-01-07,2026-01,2026-W02,Wednesday,237.16,47.43,10.46,200.19,13,7.8,9.5,0.87,1,25.67,15.4,SGD,False,,
drv_wei_sg_13,Wei Jie Lim,stabilizer,M,2026-01-08,2026-01,2026-W02,Thursday,173.21,34.64,0.0,138.57,14,10.7,13.6,0.89,2,12.95,9.9,SGD,False,,
drv_wei_sg_13,Wei Jie Lim,stabilizer,M,2026-01-09,2026-01,2026-W02,Friday,217.97,43.59,0.0,174.38,15,6.8,7.3,0.86,3,25.64,11.63,SGD,False,,
drv_wei_sg_13,Wei Jie Lim,stabilizer,M,2026-01-10,2026-01,2026-W02,Saturday,266.24,53.25,15.43,228.42,16,10.8,14.4,0.86,2,21.15,14.28,SGD,False,,
drv_wei_sg_13,Wei Jie Lim,stabilizer,M,2026-01-11,2026-01,2026-W02,Sunday,209.93,41.99,0.0,167.94,16,9.8,12.5,0.9,2,17.14,10.5,SGD,False,,
drv_wei_sg_13,Wei Jie Lim,stabilizer,M,2026-01-12,2026-01,2026-W03,Monday,148.29,29.66,0.0,118.63,22,9.1,10.0,0.87,3,13.04,5.39,SGD,False,,
drv_wei_sg_13,Wei Jie Lim,stabilizer,M,2026-01-13,2026-01,2026-W03,Tuesday,0,0,0,0,0,0,0,0,0,0,0,SGD,True,,rest_day
drv_wei_sg_13,Wei Jie Lim,stabilizer,M,2026-01-14,2026-01,2026-W03,Wednesday,230.66,46.13,16.79,201.32,11,10.4,12.7,0.77,3,19.36,18.3,SGD,False,,
drv_wei_sg_13,Wei Jie Lim,stabilizer,M,2026-01-15,2026-01,2026-W03,Thursday,188.36,37.67,14.3,164.99,8,9.9,12.1,0.93,3,16.67,20.62,SGD,False,,
drv_wei_sg_13,Wei Jie Lim,stabilizer,M,2026-01-16,2026-01,2026-W03,Friday,261.68,52.34,0.0,209.34,19,11.0,14.2,0.84,0,19.03,11.02,SGD,False,,
drv_wei_sg_13,Wei Jie Lim,stabilizer,M,2026-01-17,2026-01,2026-W03,Saturday,275.85,55.17,22.58,243.26,14,8.5,10.0,0.73,3,28.62,17.38,SGD,False,,
drv_wei_sg_13,Wei Jie Lim,stabilizer,M,2026-01-18,2026-01,2026-W03,Sunday,241.45,48.29,20.2,213.36,15,11.8,14.2,0.82,1,18.08,14.22,SGD,False,,
drv_wei_sg_13,Wei Jie Lim,stabilizer,M,2026-01-19,2026-01,2026-W04,Monday,203.11,40.62,0.0,162.49,11,8.2,11.1,0.94,3,19.82,14.77,SGD,False,,
drv_wei_sg_13,Wei Jie Lim,stabilizer,M,2026-01-20,2026-01,2026-W04,Tuesday,0,0,0,0,0,0,0,0,0,0,0,SGD,True,,rest_day
drv_wei_sg_13,Wei Jie Lim,stabilizer,M,2026-01-21,2026-01,2026-W04,Wednesday,198.85,39.77,9.74,168.82,24,8.8,9.9,0.72,1,19.18,7.03,SGD,False,,
drv_wei_sg_13,Wei Jie Lim,stabilizer,M,2026-01-22,2026-01,2026-W04,Thursday,234.3,46.86,0.0,187.44,14,9.9,11.3,0.91,2,18.93,13.39,SGD,False,,
drv_wei_sg_13,Wei Jie Lim,stabilizer,M,2026-01-23,2026-01,2026-W04,Friday,254.64,50.93,13.57,217.28,19,7.5,9.9,0.77,3,28.97,11.44,SGD,False,,
drv_wei_sg_13,Wei Jie Lim,stabilizer,M,2026-01-24,2026-01,2026-W04,Saturday,208.19,41.64,10.9,177.45,8,11.3,14.9,0.73,0,15.7,22.18,SGD,False,,
drv_wei_sg_13,Wei Jie Lim,stabilizer,M,2026-01-25,2026-01,2026-W04,Sunday,216.0,43.2,0.0,172.8,14,8.4,9.9,0.94,0,20.57,12.34,SGD,False,,
drv_wei_sg_13,Wei Jie Lim,stabilizer,M,2026-01-26,2026-01,2026-W05,Monday,180.46,36.09,0.0,144.37,12,11.4,14.2,0.75,3,12.66,12.03,SGD,False,,
drv_wei_sg_13,Wei Jie Lim,stabilizer,M,2026-01-27,2026-01,2026-W05,Tuesday,0,0,0,0,0,0,0,0,0,0,0,SGD,True,,rest_day
drv_wei_sg_13,Wei Jie Lim,stabilizer,M,2026-01-28,2026-01,2026-W05,Wednesday,199.1,39.82,14.83,174.11,22,7.5,9.1,0.79,0,23.21,7.91,SGD,False,,
drv_wei_sg_13,Wei Jie Lim,stabilizer,M,2026-01-29,2026-01,2026-W05,Thursday,196.17,39.23,0.0,156.94,21,9.3,10.5,0.75,3,16.88,7.47,SGD,False,,
drv_wei_sg_13,Wei Jie Lim,stabilizer,M,2026-01-30,2026-01,2026-W05,Friday,280.69,56.14,13.02,237.57,12,7.8,9.5,0.96,2,30.46,19.8,SGD,False,,
drv_wei_sg_13,Wei Jie Lim,stabilizer,M,2026-01-31,2026-01,2026-W05,Saturday,240.29,48.06,0.0,192.23,10,8.9,9.3,0.86,3,21.6,19.22,SGD,False,,
drv_wei_sg_13,Wei Jie Lim,stabilizer,M,2026-02-01,2026-02,2026-W05,Sunday,261.79,52.36,0.0,209.43,13,8.7,11.7,0.8,3,24.07,16.11,SGD,False,,
drv_wei_sg_13,Wei Jie Lim,stabilizer,M,2026-02-02,2026-02,2026-W06,Monday,139.27,27.85,0.0,111.42,17,9.2,12.1,0.88,1,12.11,6.55,SGD,False,,
drv_wei_sg_13,Wei Jie Lim,stabilizer,M,2026-02-03,2026-02,2026-W06,Tuesday,0,0,0,0,0,0,0,0,0,0,0,SGD,True,,rest_day
drv_wei_sg_13,Wei Jie Lim,stabilizer,M,2026-02-04,2026-02,2026-W06,Wednesday,175.15,35.03,0.0,140.12,19,8.9,10.4,0.8,3,15.74,7.37,SGD,False,,
drv_wei_sg_13,Wei Jie Lim,stabilizer,M,2026-02-05,2026-02,2026-W06,Thursday,215.4,43.08,0.0,172.32,20,11.1,14.5,0.85,3,15.52,8.62,SGD,False,,
drv_wei_sg_13,Wei Jie Lim,stabilizer,M,2026-02-06,2026-02,2026-W06,Friday,213.97,42.79,11.15,182.33,13,8.1,10.6,0.72,2,22.51,14.03,SGD,False,,
drv_wei_sg_13,Wei Jie Lim,stabilizer,M,2026-02-07,2026-02,2026-W06,Saturday,310.0,62.0,0.0,248.0,8,10.6,12.7,0.97,2,23.4,31.0,SGD,False,,
drv_wei_sg_13,Wei Jie Lim,stabilizer,M,2026-02-08,2026-02,2026-W06,Sunday,216.11,43.22,16.18,189.07,15,7.9,10.3,0.78,3,23.93,12.6,SGD,False,,
drv_wei_sg_13,Wei Jie Lim,stabilizer,M,2026-02-09,2026-02,2026-W07,Monday,162.47,32.49,0.0,129.98,13,9.1,9.6,0.89,2,14.28,10.0,SGD,False,,
drv_wei_sg_13,Wei Jie Lim,stabilizer,M,2026-02-10,2026-02,2026-W07,Tuesday,0,0,0,0,0,0,0,0,0,0,0,SGD,True,,rest_day
drv_wei_sg_13,Wei Jie Lim,stabilizer,M,2026-02-11,2026-02,2026-W07,Wednesday,179.67,35.93,0.0,143.74,16,10.1,13.0,0.86,3,14.23,8.98,SGD,False,,
drv_wei_sg_13,Wei Jie Lim,stabilizer,M,2026-02-12,2026-02,2026-W07,Thursday,176.29,35.26,0.0,141.03,19,10.8,13.7,0.73,2,13.06,7.42,SGD,False,,
drv_wei_sg_13,Wei Jie Lim,stabilizer,M,2026-02-13,2026-02,2026-W07,Friday,234.23,46.85,0.0,187.38,20,9.3,12.5,0.79,2,20.15,9.37,SGD,False,,
drv_wei_sg_13,Wei Jie Lim,stabilizer,M,2026-02-14,2026-02,2026-W07,Saturday,185.38,37.08,0.0,148.3,11,10.2,11.9,0.76,3,14.54,13.48,SGD,False,,
drv_wei_sg_13,Wei Jie Lim,stabilizer,M,2026-02-15,2026-02,2026-W07,Sunday,167.47,33.49,0.0,133.98,10,8.4,8.9,0.82,0,15.95,13.4,SGD,False,Lunar New Year,
drv_wei_sg_13,Wei Jie Lim,stabilizer,M,2026-02-16,2026-02,2026-W08,Monday,128.71,25.74,0.0,102.97,10,10.8,12.9,0.87,2,9.53,10.3,SGD,False,Lunar New Year,
drv_wei_sg_13,Wei Jie Lim,stabilizer,M,2026-02-17,2026-02,2026-W08,Tuesday,0,0,0,0,0,0,0,0,0,0,0,SGD,True,Lunar New Year,rest_day
drv_wei_sg_13,Wei Jie Lim,stabilizer,M,2026-02-18,2026-02,2026-W08,Wednesday,147.76,29.55,0.0,118.21,16,9.1,10.2,0.83,2,12.99,7.39,SGD,False,Ramadan,
drv_wei_sg_13,Wei Jie Lim,stabilizer,M,2026-02-19,2026-02,2026-W08,Thursday,161.96,32.39,11.63,141.2,22,10.7,12.2,0.88,0,13.2,6.42,SGD,False,Ramadan,
drv_wei_sg_13,Wei Jie Lim,stabilizer,M,2026-02-20,2026-02,2026-W08,Friday,200.72,40.14,0.0,160.58,8,6.1,6.9,0.87,1,26.32,20.07,SGD,False,Ramadan,
drv_wei_sg_13,Wei Jie Lim,stabilizer,M,2026-02-21,2026-02,2026-W08,Saturday,213.05,42.61,0.0,170.44,19,11.5,15.1,0.82,3,14.82,8.97,SGD,False,Ramadan,
drv_wei_sg_13,Wei Jie Lim,stabilizer,M,2026-02-22,2026-02,2026-W08,Sunday,201.38,40.28,15.25,176.35,9,8.6,9.5,0.8,3,20.51,19.59,SGD,False,Ramadan,
drv_wei_sg_13,Wei Jie Lim,stabilizer,M,2026-02-23,2026-02,2026-W09,Monday,121.96,24.39,0.0,97.57,14,11.5,13.2,0.76,2,8.48,6.97,SGD,False,Ramadan,
drv_wei_sg_13,Wei Jie Lim,stabilizer,M,2026-02-24,2026-02,2026-W09,Tuesday,0,0,0,0,0,0,0,0,0,0,0,SGD,True,Ramadan,rest_day
drv_wei_sg_13,Wei Jie Lim,stabilizer,M,2026-02-25,2026-02,2026-W09,Wednesday,166.41,33.28,0.0,133.13,17,10.3,12.4,0.83,2,12.93,7.83,SGD,False,Ramadan,
drv_wei_sg_13,Wei Jie Lim,stabilizer,M,2026-02-26,2026-02,2026-W09,Thursday,186.84,37.37,0.0,149.47,8,11.8,14.8,0.78,0,12.67,18.68,SGD,False,Ramadan,
drv_wei_sg_13,Wei Jie Lim,stabilizer,M,2026-02-27,2026-02,2026-W09,Friday,181.42,36.28,0.0,145.14,13,6.8,8.2,0.88,2,21.34,11.16,SGD,False,Ramadan,
drv_wei_sg_13,Wei Jie Lim,stabilizer,M,2026-02-28,2026-02,2026-W09,Saturday,212.47,42.49,0.0,169.98,14,9.4,12.2,0.91,0,18.08,12.14,SGD,False,Ramadan,
drv_wei_sg_13,Wei Jie Lim,stabilizer,M,2026-03-01,2026-03,2026-W09,Sunday,197.95,39.59,0.0,158.36,18,11.8,14.1,0.93,0,13.42,8.8,SGD,False,Ramadan,
drv_wei_sg_13,Wei Jie Lim,stabilizer,M,2026-03-02,2026-03,2026-W10,Monday,137.12,27.42,8.51,118.21,12,10.5,11.6,0.94,1,11.26,9.85,SGD,False,Ramadan,
drv_wei_sg_13,Wei Jie Lim,stabilizer,M,2026-03-03,2026-03,2026-W10,Tuesday,0,0,0,0,0,0,0,0,0,0,0,SGD,True,Ramadan,rest_day
drv_wei_sg_13,Wei Jie Lim,stabilizer,M,2026-03-04,2026-03,2026-W10,Wednesday,170.06,34.01,0.0,136.05,10,8.6,11.4,0.88,2,15.82,13.61,SGD,False,Ramadan,
drv_wei_sg_13,Wei Jie Lim,stabilizer,M,2026-03-05,2026-03,2026-W10,Thursday,142.04,28.41,0.0,113.63,9,9.3,10.2,0.76,2,12.22,12.63,SGD,False,Ramadan,
drv_wei_sg_13,Wei Jie Lim,stabilizer,M,2026-03-06,2026-03,2026-W10,Friday,204.82,40.96,0.0,163.86,14,6.7,8.1,0.76,0,24.46,11.7,SGD,False,Ramadan,
drv_wei_sg_13,Wei Jie Lim,stabilizer,M,2026-03-07,2026-03,2026-W10,Saturday,178.49,35.7,14.3,157.09,13,10.1,12.3,0.8,1,15.55,12.08,SGD,False,Ramadan,
drv_wei_sg_13,Wei Jie Lim,stabilizer,M,2026-03-08,2026-03,2026-W10,Sunday,166.08,33.22,0.0,132.86,24,6.3,7.9,0.95,2,21.09,5.54,SGD,False,Ramadan,
drv_wei_sg_13,Wei Jie Lim,stabilizer,M,2026-03-09,2026-03,2026-W11,Monday,109.45,21.89,8.31,95.87,12,8.4,9.3,0.83,1,11.41,7.99,SGD,False,Ramadan,
drv_wei_sg_13,Wei Jie Lim,stabilizer,M,2026-03-10,2026-03,2026-W11,Tuesday,0,0,0,0,0,0,0,0,0,0,0,SGD,True,Ramadan,rest_day
drv_wei_sg_13,Wei Jie Lim,stabilizer,M,2026-03-11,2026-03,2026-W11,Wednesday,129.76,25.95,7.43,111.24,19,8.1,9.8,0.91,0,13.73,5.85,SGD,False,Ramadan,
drv_wei_sg_13,Wei Jie Lim,stabilizer,M,2026-03-12,2026-03,2026-W11,Thursday,173.37,34.67,0.0,138.7,12,7.7,9.0,0.77,1,18.01,11.56,SGD,False,Ramadan,
drv_wei_sg_13,Wei Jie Lim,stabilizer,M,2026-03-13,2026-03,2026-W11,Friday,182.79,36.56,0.0,146.23,15,8.4,10.5,0.83,1,17.41,9.75,SGD,False,Ramadan,
drv_wei_sg_13,Wei Jie Lim,stabilizer,M,2026-03-14,2026-03,2026-W11,Saturday,208.08,41.62,0.0,166.46,12,6.9,9.2,0.96,2,24.12,13.87,SGD,False,Ramadan,
drv_wei_sg_13,Wei Jie Lim,stabilizer,M,2026-03-15,2026-03,2026-W11,Sunday,199.08,39.82,0.0,159.26,17,6.5,7.8,0.8,1,24.5,9.37,SGD,False,Ramadan,
drv_wei_sg_13,Wei Jie Lim,stabilizer,M,2026-03-16,2026-03,2026-W12,Monday,131.13,26.23,0.0,104.9,23,11.9,16.0,0.97,1,8.82,4.56,SGD,False,Ramadan,
drv_wei_sg_13,Wei Jie Lim,stabilizer,M,2026-03-17,2026-03,2026-W12,Tuesday,0,0,0,0,0,0,0,0,0,0,0,SGD,True,Ramadan,rest_day
drv_wei_sg_13,Wei Jie Lim,stabilizer,M,2026-03-18,2026-03,2026-W12,Wednesday,131.13,26.23,0.0,104.9,10,7.2,7.7,0.82,1,14.57,10.49,SGD,False,Ramadan,
drv_wei_sg_13,Wei Jie Lim,stabilizer,M,2026-03-19,2026-03,2026-W12,Thursday,185.86,37.17,11.85,160.54,14,6.2,7.9,0.96,1,25.89,11.47,SGD,False,Ramadan,
drv_wei_sg_13,Wei Jie Lim,stabilizer,M,2026-03-20,2026-03,2026-W12,Friday,93.13,18.63,0.0,74.5,15,6.0,6.4,0.88,1,12.42,4.97,SGD,False,Eid,
drv_wei_sg_13,Wei Jie Lim,stabilizer,M,2026-03-21,2026-03,2026-W12,Saturday,106.16,21.23,0.0,84.93,24,6.4,8.3,0.84,0,13.27,3.54,SGD,False,Eid,
drv_wei_sg_13,Wei Jie Lim,stabilizer,M,2026-03-22,2026-03,2026-W12,Sunday,74.44,14.89,3.88,63.43,14,10.9,12.6,0.75,2,5.82,4.53,SGD,False,Eid,
drv_wei_sg_13,Wei Jie Lim,stabilizer,M,2026-03-23,2026-03,2026-W13,Monday,66.0,13.2,0.0,52.8,14,10.7,11.4,0.94,1,4.93,3.77,SGD,False,Eid,
drv_wei_sg_13,Wei Jie Lim,stabilizer,M,2026-03-24,2026-03,2026-W13,Tuesday,0,0,0,0,0,0,0,0,0,0,0,SGD,True,Eid,rest_day
drv_wei_sg_13,Wei Jie Lim,stabilizer,M,2026-03-25,2026-03,2026-W13,Wednesday,160.04,32.01,0.0,128.03,13,6.2,6.7,0.78,2,20.65,9.85,SGD,False,,
drv_wei_sg_13,Wei Jie Lim,stabilizer,M,2026-03-26,2026-03,2026-W13,Thursday,228.07,45.61,16.71,199.17,21,9.9,13.0,0.77,2,20.12,9.48,SGD,False,,
drv_wei_sg_13,Wei Jie Lim,stabilizer,M,2026-03-27,2026-03,2026-W13,Friday,278.82,55.76,0.0,223.06,13,8.6,9.9,0.79,0,25.94,17.16,SGD,False,,
drv_wei_sg_13,Wei Jie Lim,stabilizer,M,2026-03-28,2026-03,2026-W13,Saturday,259.08,51.82,0.0,207.26,11,11.3,13.3,0.79,1,18.34,18.84,SGD,False,,
drv_wei_sg_13,Wei Jie Lim,stabilizer,M,2026-03-29,2026-03,2026-W13,Sunday,178.15,35.63,9.91,152.43,24,8.3,9.9,0.8,0,18.37,6.35,SGD,False,,
drv_wei_sg_13,Wei Jie Lim,stabilizer,M,2026-03-30,2026-03,2026-W14,Monday,154.07,30.81,10.15,133.41,16,8.7,10.9,0.9,0,15.33,8.34,SGD,False,,
drv_wei_sg_13,Wei Jie Lim,stabilizer,M,2026-03-31,2026-03,2026-W14,Tuesday,0,0,0,0,0,0,0,0,0,0,0,SGD,True,,rest_day
drv_wei_sg_13,Wei Jie Lim,stabilizer,M,2026-04-01,2026-04,2026-W14,Wednesday,168.51,33.7,0.0,134.81,8,11.7,14.8,0.92,2,11.52,16.85,SGD,False,,
drv_wei_sg_13,Wei Jie Lim,stabilizer,M,2026-04-02,2026-04,2026-W14,Thursday,217.88,43.58,0.0,174.3,24,9.8,10.6,0.91,3,17.79,7.26,SGD,False,,
drv_wei_sg_13,Wei Jie Lim,stabilizer,M,2026-04-03,2026-04,2026-W14,Friday,284.88,56.98,0.0,227.9,15,9.5,10.0,0.72,3,23.99,15.19,SGD,False,,
drv_wei_sg_13,Wei Jie Lim,stabilizer,M,2026-04-04,2026-04,2026-W14,Saturday,296.18,59.24,0.0,236.94,9,9.2,10.1,0.93,0,25.75,26.33,SGD,False,,
drv_wei_sg_13,Wei Jie Lim,stabilizer,M,2026-04-05,2026-04,2026-W14,Sunday,253.65,50.73,9.09,212.01,8,11.4,13.7,0.87,1,18.6,26.5,SGD,False,,
drv_wei_sg_13,Wei Jie Lim,stabilizer,M,2026-04-06,2026-04,2026-W15,Monday,161.73,32.35,0.0,129.38,14,6.1,8.2,0.78,2,21.21,9.24,SGD,False,,
drv_wei_sg_13,Wei Jie Lim,stabilizer,M,2026-04-07,2026-04,2026-W15,Tuesday,0,0,0,0,0,0,0,0,0,0,0,SGD,True,,rest_day
drv_wei_sg_13,Wei Jie Lim,stabilizer,M,2026-04-08,2026-04,2026-W15,Wednesday,234.0,46.8,0.0,187.2,13,11.9,15.0,0.95,2,15.73,14.4,SGD,False,,
drv_wei_sg_13,Wei Jie Lim,stabilizer,M,2026-04-09,2026-04,2026-W15,Thursday,181.92,36.38,10.23,155.77,20,9.1,10.9,0.83,0,17.12,7.79,SGD,False,,
drv_wei_sg_13,Wei Jie Lim,stabilizer,M,2026-04-10,2026-04,2026-W15,Friday,216.24,43.25,0.0,172.99,12,10.1,13.5,0.93,3,17.13,14.42,SGD,False,,
drv_wei_sg_13,Wei Jie Lim,stabilizer,M,2026-04-11,2026-04,2026-W15,Saturday,310.57,62.11,0.0,248.46,14,10.4,12.3,0.77,2,23.89,17.75,SGD,False,,
drv_wei_sg_13,Wei Jie Lim,stabilizer,M,2026-04-12,2026-04,2026-W15,Sunday,262.78,52.56,0.0,210.22,23,11.6,13.3,0.78,1,18.12,9.14,SGD,False,,
drv_wei_sg_13,Wei Jie Lim,stabilizer,M,2026-04-13,2026-04,2026-W16,Monday,139.08,27.82,8.75,120.01,11,11.9,12.9,0.83,1,10.08,10.91,SGD,False,,
drv_wei_sg_13,Wei Jie Lim,stabilizer,M,2026-04-14,2026-04,2026-W16,Tuesday,0,0,0,0,0,0,0,0,0,0,0,SGD,True,,rest_day
drv_wei_sg_13,Wei Jie Lim,stabilizer,M,2026-04-15,2026-04,2026-W16,Wednesday,230.37,46.07,0.0,184.3,21,6.1,6.4,0.73,2,30.21,8.78,SGD,False,,
drv_wei_sg_13,Wei Jie Lim,stabilizer,M,2026-04-16,2026-04,2026-W16,Thursday,216.94,43.39,14.5,188.05,20,8.7,10.7,0.82,1,21.61,9.4,SGD,False,,
drv_wei_sg_13,Wei Jie Lim,stabilizer,M,2026-04-17,2026-04,2026-W16,Friday,239.07,47.81,9.87,201.13,24,6.8,8.7,0.85,1,29.58,8.38,SGD,False,,
drv_wei_sg_13,Wei Jie Lim,stabilizer,M,2026-04-18,2026-04,2026-W16,Saturday,231.72,46.34,0.0,185.38,20,11.6,14.7,0.96,3,15.98,9.27,SGD,False,,
drv_wei_sg_13,Wei Jie Lim,stabilizer,M,2026-04-19,2026-04,2026-W16,Sunday,247.33,49.47,0.0,197.86,12,10.2,13.6,0.8,0,19.4,16.49,SGD,False,,
drv_wei_sg_13,Wei Jie Lim,stabilizer,M,2026-04-20,2026-04,2026-W17,Monday,186.58,37.32,0.0,149.26,13,8.7,9.6,0.9,1,17.16,11.48,SGD,False,,
drv_wei_sg_13,Wei Jie Lim,stabilizer,M,2026-04-21,2026-04,2026-W17,Tuesday,0,0,0,0,0,0,0,0,0,0,0,SGD,True,,rest_day
drv_wei_sg_13,Wei Jie Lim,stabilizer,M,2026-04-22,2026-04,2026-W17,Wednesday,220.14,44.03,13.92,190.03,9,11.3,14.5,0.92,3,16.82,21.11,SGD,False,,
drv_wei_sg_13,Wei Jie Lim,stabilizer,M,2026-04-23,2026-04,2026-W17,Thursday,231.06,46.21,0.0,184.85,17,6.2,7.2,0.91,0,29.81,10.87,SGD,False,,
drv_wei_sg_13,Wei Jie Lim,stabilizer,M,2026-04-24,2026-04,2026-W17,Friday,210.57,42.11,0.0,168.46,8,10.5,13.3,0.97,0,16.04,21.06,SGD,False,,
drv_wei_sg_13,Wei Jie Lim,stabilizer,M,2026-04-25,2026-04,2026-W17,Saturday,217.92,43.58,0.0,174.34,23,11.2,12.4,0.95,1,15.57,7.58,SGD,False,,
drv_wei_sg_13,Wei Jie Lim,stabilizer,M,2026-04-26,2026-04,2026-W17,Sunday,227.67,45.53,0.0,182.14,19,8.8,11.2,0.9,2,20.7,9.59,SGD,False,,
drv_wei_sg_13,Wei Jie Lim,stabilizer,M,2026-04-27,2026-04,2026-W18,Monday,150.25,30.05,0.0,120.2,15,11.3,14.5,0.86,1,10.64,8.01,SGD,False,,
drv_wei_sg_13,Wei Jie Lim,stabilizer,M,2026-04-28,2026-04,2026-W18,Tuesday,0,0,0,0,0,0,0,0,0,0,0,SGD,True,,rest_day
drv_wei_sg_13,Wei Jie Lim,stabilizer,M,2026-04-29,2026-04,2026-W18,Wednesday,166.16,33.23,0.0,132.93,18,9.8,11.0,0.77,0,13.56,7.39,SGD,False,,
drv_wei_sg_13,Wei Jie Lim,stabilizer,M,2026-04-30,2026-04,2026-W18,Thursday,240.89,48.18,0.0,192.71,9,6.1,7.4,0.97,1,31.59,21.41,SGD,False,,
drv_wei_sg_13,Wei Jie Lim,stabilizer,M,2026-05-01,2026-05,2026-W18,Friday,228.87,45.77,0.0,183.1,23,11.4,12.8,0.91,2,16.06,7.96,SGD,False,,
drv_wei_sg_13,Wei Jie Lim,stabilizer,M,2026-05-02,2026-05,2026-W18,Saturday,241.67,48.33,0.0,193.34,16,10.4,13.4,0.72,3,18.59,12.08,SGD,False,,
drv_wei_sg_13,Wei Jie Lim,stabilizer,M,2026-05-03,2026-05,2026-W18,Sunday,247.23,49.45,0.0,197.78,11,11.2,13.3,0.8,3,17.66,17.98,SGD,False,,
drv_wei_sg_13,Wei Jie Lim,stabilizer,M,2026-05-04,2026-05,2026-W19,Monday,196.58,39.32,0.0,157.26,13,11.3,14.4,0.72,0,13.92,12.1,SGD,False,,
drv_wei_sg_13,Wei Jie Lim,stabilizer,M,2026-05-05,2026-05,2026-W19,Tuesday,0,0,0,0,0,0,0,0,0,0,0,SGD,True,,rest_day
drv_wei_sg_13,Wei Jie Lim,stabilizer,M,2026-05-06,2026-05,2026-W19,Wednesday,221.07,44.21,0.0,176.86,9,7.5,9.2,0.9,1,23.58,19.65,SGD,False,,
drv_wei_sg_13,Wei Jie Lim,stabilizer,M,2026-05-07,2026-05,2026-W19,Thursday,201.16,40.23,0.0,160.93,9,7.1,9.2,0.83,0,22.67,17.88,SGD,False,,
drv_wei_sg_13,Wei Jie Lim,stabilizer,M,2026-05-08,2026-05,2026-W19,Friday,198.21,39.64,0.0,158.57,14,8.3,10.1,0.73,0,19.1,11.33,SGD,False,,
drv_wei_sg_13,Wei Jie Lim,stabilizer,M,2026-05-09,2026-05,2026-W19,Saturday,272.2,54.44,0.0,217.76,23,9.0,11.4,0.85,3,24.2,9.47,SGD,False,,
drv_wei_sg_13,Wei Jie Lim,stabilizer,M,2026-05-10,2026-05,2026-W19,Sunday,238.84,47.77,0.0,191.07,11,9.1,9.8,0.9,2,21.0,17.37,SGD,False,,
drv_wei_sg_13,Wei Jie Lim,stabilizer,M,2026-05-11,2026-05,2026-W20,Monday,152.74,30.55,5.31,127.5,15,9.2,11.0,0.91,0,13.86,8.5,SGD,False,,
drv_wei_sg_13,Wei Jie Lim,stabilizer,M,2026-05-12,2026-05,2026-W20,Tuesday,0,0,0,0,0,0,0,0,0,0,0,SGD,True,,rest_day
drv_wei_sg_13,Wei Jie Lim,stabilizer,M,2026-05-13,2026-05,2026-W20,Wednesday,162.77,32.55,0.0,130.22,15,11.6,13.3,0.75,1,11.23,8.68,SGD,False,,
drv_wei_sg_13,Wei Jie Lim,stabilizer,M,2026-05-14,2026-05,2026-W20,Thursday,241.44,48.29,13.67,206.82,16,10.3,11.7,0.92,0,20.08,12.93,SGD,False,,
drv_wei_sg_13,Wei Jie Lim,stabilizer,M,2026-05-15,2026-05,2026-W20,Friday,252.1,50.42,10.23,211.91,24,11.5,14.5,0.81,0,18.43,8.83,SGD,False,,
drv_nurul_sg_14,Nurul Aisyah,stabilizer,L,2024-11-16,2024-11,2024-W46,Saturday,168.48,33.7,0.0,134.78,11,11.3,14.8,0.76,1,11.93,12.25,SGD,False,,
drv_nurul_sg_14,Nurul Aisyah,stabilizer,L,2024-11-17,2024-11,2024-W46,Sunday,0,0,0,0,0,0,0,0,0,0,0,SGD,True,,rest_day
drv_nurul_sg_14,Nurul Aisyah,stabilizer,L,2024-11-18,2024-11,2024-W47,Monday,96.17,19.23,0.0,76.94,23,6.3,7.5,0.88,1,12.21,3.35,SGD,False,,
drv_nurul_sg_14,Nurul Aisyah,stabilizer,L,2024-11-19,2024-11,2024-W47,Tuesday,86.77,17.35,0.0,69.42,10,7.8,10.2,0.87,2,8.9,6.94,SGD,False,,
drv_nurul_sg_14,Nurul Aisyah,stabilizer,L,2024-11-20,2024-11,2024-W47,Wednesday,152.51,30.5,9.66,131.67,23,8.0,10.5,0.75,3,16.46,5.72,SGD,False,,
drv_nurul_sg_14,Nurul Aisyah,stabilizer,L,2024-11-21,2024-11,2024-W47,Thursday,163.97,32.79,10.39,141.57,18,11.0,11.8,0.77,0,12.87,7.86,SGD,False,,
drv_nurul_sg_14,Nurul Aisyah,stabilizer,L,2024-11-22,2024-11,2024-W47,Friday,196.99,39.4,0.0,157.59,18,6.9,7.6,0.9,2,22.84,8.76,SGD,False,,
drv_nurul_sg_14,Nurul Aisyah,stabilizer,L,2024-11-23,2024-11,2024-W47,Saturday,186.04,37.21,10.44,159.27,14,6.2,7.7,0.88,3,25.69,11.38,SGD,False,,
drv_nurul_sg_14,Nurul Aisyah,stabilizer,L,2024-11-24,2024-11,2024-W47,Sunday,0,0,0,0,0,0,0,0,0,0,0,SGD,True,,rest_day
drv_nurul_sg_14,Nurul Aisyah,stabilizer,L,2024-11-25,2024-11,2024-W48,Monday,106.0,21.2,0.0,84.8,16,7.1,9.5,0.73,0,11.94,5.3,SGD,False,,
drv_nurul_sg_14,Nurul Aisyah,stabilizer,L,2024-11-26,2024-11,2024-W48,Tuesday,143.52,28.7,0.0,114.82,13,6.7,8.5,0.92,2,17.14,8.83,SGD,False,,
drv_nurul_sg_14,Nurul Aisyah,stabilizer,L,2024-11-27,2024-11,2024-W48,Wednesday,167.5,33.5,0.0,134.0,15,11.2,12.8,0.9,2,11.96,8.93,SGD,False,,
drv_nurul_sg_14,Nurul Aisyah,stabilizer,L,2024-11-28,2024-11,2024-W48,Thursday,120.16,24.03,9.53,105.66,14,8.5,9.1,0.75,3,12.43,7.55,SGD,False,,
drv_nurul_sg_14,Nurul Aisyah,stabilizer,L,2024-11-29,2024-11,2024-W48,Friday,199.13,39.83,15.58,174.88,16,10.6,11.2,0.85,1,16.5,10.93,SGD,False,,
drv_nurul_sg_14,Nurul Aisyah,stabilizer,L,2024-11-30,2024-11,2024-W48,Saturday,163.62,32.72,7.95,138.85,9,10.3,11.5,0.78,0,13.48,15.43,SGD,False,,
drv_nurul_sg_14,Nurul Aisyah,stabilizer,L,2024-12-01,2024-12,2024-W48,Sunday,0,0,0,0,0,0,0,0,0,0,0,SGD,True,,rest_day
drv_nurul_sg_14,Nurul Aisyah,stabilizer,L,2024-12-02,2024-12,2024-W49,Monday,98.12,19.62,0.0,78.5,9,12.0,14.7,0.76,3,6.54,8.72,SGD,False,,
drv_nurul_sg_14,Nurul Aisyah,stabilizer,L,2024-12-03,2024-12,2024-W49,Tuesday,116.89,23.38,7.26,100.77,24,7.0,9.4,0.91,2,14.4,4.2,SGD,False,,
drv_nurul_sg_14,Nurul Aisyah,stabilizer,L,2024-12-04,2024-12,2024-W49,Wednesday,114.76,22.95,0.0,91.81,23,7.2,7.8,0.88,2,12.75,3.99,SGD,False,,
drv_nurul_sg_14,Nurul Aisyah,stabilizer,L,2024-12-05,2024-12,2024-W49,Thursday,169.4,33.88,0.0,135.52,21,7.3,8.1,0.87,1,18.56,6.45,SGD,False,,
drv_nurul_sg_14,Nurul Aisyah,stabilizer,L,2024-12-06,2024-12,2024-W49,Friday,173.74,34.75,7.34,146.33,15,8.2,8.7,0.89,0,17.85,9.76,SGD,False,,
drv_nurul_sg_14,Nurul Aisyah,stabilizer,L,2024-12-07,2024-12,2024-W49,Saturday,189.37,37.87,0.0,151.5,16,9.5,11.5,0.78,2,15.95,9.47,SGD,False,,
drv_nurul_sg_14,Nurul Aisyah,stabilizer,L,2024-12-08,2024-12,2024-W49,Sunday,0,0,0,0,0,0,0,0,0,0,0,SGD,True,,rest_day
drv_nurul_sg_14,Nurul Aisyah,stabilizer,L,2024-12-09,2024-12,2024-W50,Monday,123.11,24.62,0.0,98.49,16,6.7,7.5,0.75,1,14.7,6.16,SGD,False,,
drv_nurul_sg_14,Nurul Aisyah,stabilizer,L,2024-12-10,2024-12,2024-W50,Tuesday,133.31,26.66,0.0,106.65,15,11.7,13.6,0.85,3,9.12,7.11,SGD,False,,
drv_nurul_sg_14,Nurul Aisyah,stabilizer,L,2024-12-11,2024-12,2024-W50,Wednesday,141.62,28.32,9.62,122.92,23,6.8,7.6,0.86,3,18.08,5.34,SGD,False,,
drv_nurul_sg_14,Nurul Aisyah,stabilizer,L,2024-12-12,2024-12,2024-W50,Thursday,137.24,27.45,9.19,118.98,9,6.1,6.8,0.94,2,19.5,13.22,SGD,False,,
drv_nurul_sg_14,Nurul Aisyah,stabilizer,L,2024-12-13,2024-12,2024-W50,Friday,168.96,33.79,9.36,144.53,11,9.4,11.3,0.82,3,15.38,13.14,SGD,False,,
drv_nurul_sg_14,Nurul Aisyah,stabilizer,L,2024-12-14,2024-12,2024-W50,Saturday,177.37,35.47,0.0,141.9,14,10.6,13.1,0.92,2,13.39,10.14,SGD,False,,
drv_nurul_sg_14,Nurul Aisyah,stabilizer,L,2024-12-15,2024-12,2024-W50,Sunday,0,0,0,0,0,0,0,0,0,0,0,SGD,True,,rest_day
drv_nurul_sg_14,Nurul Aisyah,stabilizer,L,2024-12-16,2024-12,2024-W51,Monday,122.56,24.51,0.0,98.05,12,10.8,13.0,0.73,1,9.08,8.17,SGD,False,,
drv_nurul_sg_14,Nurul Aisyah,stabilizer,L,2024-12-17,2024-12,2024-W51,Tuesday,116.68,23.34,0.0,93.34,18,6.1,7.0,0.91,0,15.3,5.19,SGD,False,,
drv_nurul_sg_14,Nurul Aisyah,stabilizer,L,2024-12-18,2024-12,2024-W51,Wednesday,124.64,24.93,0.0,99.71,17,7.6,10.0,0.88,1,13.12,5.87,SGD,False,,
drv_nurul_sg_14,Nurul Aisyah,stabilizer,L,2024-12-19,2024-12,2024-W51,Thursday,143.96,28.79,0.0,115.17,12,11.6,13.5,0.76,3,9.93,9.6,SGD,False,,
drv_nurul_sg_14,Nurul Aisyah,stabilizer,L,2024-12-20,2024-12,2024-W51,Friday,184.86,36.97,0.0,147.89,10,9.0,10.1,0.85,2,16.43,14.79,SGD,False,,
drv_nurul_sg_14,Nurul Aisyah,stabilizer,L,2024-12-21,2024-12,2024-W51,Saturday,159.7,31.94,0.0,127.76,13,9.4,10.4,0.92,3,13.59,9.83,SGD,False,,
drv_nurul_sg_14,Nurul Aisyah,stabilizer,L,2024-12-22,2024-12,2024-W51,Sunday,0,0,0,0,0,0,0,0,0,0,0,SGD,True,Year-End Peak,rest_day
drv_nurul_sg_14,Nurul Aisyah,stabilizer,L,2024-12-23,2024-12,2024-W52,Monday,123.21,24.64,0.0,98.57,12,10.7,12.4,0.96,2,9.21,8.21,SGD,False,Year-End Peak,
drv_nurul_sg_14,Nurul Aisyah,stabilizer,L,2024-12-24,2024-12,2024-W52,Tuesday,167.3,33.46,0.0,133.84,8,8.9,9.6,0.72,3,15.04,16.73,SGD,False,Year-End Peak,
drv_nurul_sg_14,Nurul Aisyah,stabilizer,L,2024-12-25,2024-12,2024-W52,Wednesday,173.29,34.66,0.0,138.63,16,11.3,14.9,0.78,0,12.27,8.66,SGD,False,Year-End Peak,
drv_nurul_sg_14,Nurul Aisyah,stabilizer,L,2024-12-26,2024-12,2024-W52,Thursday,182.19,36.44,0.0,145.75,21,7.7,10.0,0.75,0,18.93,6.94,SGD,False,Year-End Peak,
drv_nurul_sg_14,Nurul Aisyah,stabilizer,L,2024-12-27,2024-12,2024-W52,Friday,178.72,35.74,0.0,142.98,13,8.8,10.2,0.8,3,16.25,11.0,SGD,False,Year-End Peak,
drv_nurul_sg_14,Nurul Aisyah,stabilizer,L,2024-12-28,2024-12,2024-W52,Saturday,232.44,46.49,13.42,199.37,18,9.3,10.5,0.81,0,21.44,11.08,SGD,False,Year-End Peak,
drv_nurul_sg_14,Nurul Aisyah,stabilizer,L,2024-12-29,2024-12,2024-W52,Sunday,0,0,0,0,0,0,0,0,0,0,0,SGD,True,Year-End Peak,rest_day
drv_nurul_sg_14,Nurul Aisyah,stabilizer,L,2024-12-30,2024-12,2025-W01,Monday,123.06,24.61,0.0,98.45,11,11.5,14.5,0.79,2,8.56,8.95,SGD,False,Year-End Peak,
drv_nurul_sg_14,Nurul Aisyah,stabilizer,L,2024-12-31,2024-12,2025-W01,Tuesday,180.9,36.18,0.0,144.72,17,9.3,11.3,0.8,1,15.56,8.51,SGD,False,Year-End Peak,
drv_nurul_sg_14,Nurul Aisyah,stabilizer,L,2025-01-01,2025-01,2025-W01,Wednesday,209.99,42.0,0.0,167.99,22,9.2,11.9,0.75,2,18.26,7.64,SGD,False,Year-End Peak,
drv_nurul_sg_14,Nurul Aisyah,stabilizer,L,2025-01-02,2025-01,2025-W01,Thursday,208.87,41.77,0.0,167.1,21,10.7,13.1,0.75,1,15.62,7.96,SGD,False,Year-End Peak,
drv_nurul_sg_14,Nurul Aisyah,stabilizer,L,2025-01-03,2025-01,2025-W01,Friday,170.04,34.01,10.27,146.3,20,9.3,12.5,0.91,2,15.73,7.32,SGD,False,,
drv_nurul_sg_14,Nurul Aisyah,stabilizer,L,2025-01-04,2025-01,2025-W01,Saturday,206.03,41.21,0.0,164.82,21,11.8,12.7,0.79,2,13.97,7.85,SGD,False,,
drv_nurul_sg_14,Nurul Aisyah,stabilizer,L,2025-01-05,2025-01,2025-W01,Sunday,0,0,0,0,0,0,0,0,0,0,0,SGD,True,,rest_day
drv_nurul_sg_14,Nurul Aisyah,stabilizer,L,2025-01-06,2025-01,2025-W02,Monday,122.09,24.42,9.18,106.85,15,11.4,13.1,0.73,0,9.37,7.12,SGD,False,,
drv_nurul_sg_14,Nurul Aisyah,stabilizer,L,2025-01-07,2025-01,2025-W02,Tuesday,155.99,31.2,7.0,131.79,16,11.1,13.2,0.94,0,11.87,8.24,SGD,False,,
drv_nurul_sg_14,Nurul Aisyah,stabilizer,L,2025-01-08,2025-01,2025-W02,Wednesday,155.49,31.1,0.0,124.39,23,7.1,9.0,0.79,1,17.52,5.41,SGD,False,,
drv_nurul_sg_14,Nurul Aisyah,stabilizer,L,2025-01-09,2025-01,2025-W02,Thursday,155.45,31.09,0.0,124.36,9,11.4,14.0,0.75,2,10.91,13.82,SGD,False,,
drv_nurul_sg_14,Nurul Aisyah,stabilizer,L,2025-01-10,2025-01,2025-W02,Friday,153.7,30.74,8.3,131.26,17,6.5,7.7,0.93,1,20.19,7.72,SGD,False,,
drv_nurul_sg_14,Nurul Aisyah,stabilizer,L,2025-01-11,2025-01,2025-W02,Saturday,186.71,37.34,14.99,164.36,13,11.3,14.0,0.81,1,14.55,12.64,SGD,False,,
drv_nurul_sg_14,Nurul Aisyah,stabilizer,L,2025-01-12,2025-01,2025-W02,Sunday,0,0,0,0,0,0,0,0,0,0,0,SGD,True,,rest_day
drv_nurul_sg_14,Nurul Aisyah,stabilizer,L,2025-01-13,2025-01,2025-W03,Monday,102.5,20.5,0.0,82.0,21,9.4,10.9,0.8,2,8.72,3.9,SGD,False,,
drv_nurul_sg_14,Nurul Aisyah,stabilizer,L,2025-01-14,2025-01,2025-W03,Tuesday,119.66,23.93,4.82,100.55,18,10.9,12.7,0.83,2,9.22,5.59,SGD,False,,
drv_nurul_sg_14,Nurul Aisyah,stabilizer,L,2025-01-15,2025-01,2025-W03,Wednesday,157.19,31.44,9.53,135.28,21,11.9,14.1,0.89,0,11.37,6.44,SGD,False,,
drv_nurul_sg_14,Nurul Aisyah,stabilizer,L,2025-01-16,2025-01,2025-W03,Thursday,118.02,23.6,5.61,100.03,8,10.6,13.4,0.87,3,9.44,12.5,SGD,False,,
drv_nurul_sg_14,Nurul Aisyah,stabilizer,L,2025-01-17,2025-01,2025-W03,Friday,164.38,32.88,0.0,131.5,12,11.5,15.4,0.94,1,11.43,10.96,SGD,False,,
drv_nurul_sg_14,Nurul Aisyah,stabilizer,L,2025-01-18,2025-01,2025-W03,Saturday,214.61,42.92,0.0,171.69,19,8.0,9.2,0.86,2,21.46,9.04,SGD,False,,
drv_nurul_sg_14,Nurul Aisyah,stabilizer,L,2025-01-19,2025-01,2025-W03,Sunday,0,0,0,0,0,0,0,0,0,0,0,SGD,True,,rest_day
drv_nurul_sg_14,Nurul Aisyah,stabilizer,L,2025-01-20,2025-01,2025-W04,Monday,116.77,23.35,6.64,100.06,23,6.8,8.6,0.93,0,14.71,4.35,SGD,False,,
drv_nurul_sg_14,Nurul Aisyah,stabilizer,L,2025-01-21,2025-01,2025-W04,Tuesday,142.97,28.59,10.19,124.57,15,7.7,10.3,0.96,0,16.18,8.3,SGD,False,,
drv_nurul_sg_14,Nurul Aisyah,stabilizer,L,2025-01-22,2025-01,2025-W04,Wednesday,142.47,28.49,5.64,119.62,13,11.1,14.4,0.87,3,10.78,9.2,SGD,False,,
drv_nurul_sg_14,Nurul Aisyah,stabilizer,L,2025-01-23,2025-01,2025-W04,Thursday,151.84,30.37,0.0,121.47,23,7.2,7.6,0.75,1,16.87,5.28,SGD,False,,
drv_nurul_sg_14,Nurul Aisyah,stabilizer,L,2025-01-24,2025-01,2025-W04,Friday,200.77,40.15,8.22,168.84,8,11.8,15.5,0.78,2,14.31,21.11,SGD,False,,
drv_nurul_sg_14,Nurul Aisyah,stabilizer,L,2025-01-25,2025-01,2025-W04,Saturday,219.79,43.96,12.32,188.15,22,9.7,11.1,0.86,3,19.4,8.55,SGD,False,,
drv_nurul_sg_14,Nurul Aisyah,stabilizer,L,2025-01-26,2025-01,2025-W04,Sunday,0,0,0,0,0,0,0,0,0,0,0,SGD,True,,rest_day
drv_nurul_sg_14,Nurul Aisyah,stabilizer,L,2025-01-27,2025-01,2025-W05,Monday,85.09,17.02,5.78,73.85,23,8.2,9.7,0.94,3,9.01,3.21,SGD,False,,
drv_nurul_sg_14,Nurul Aisyah,stabilizer,L,2025-01-28,2025-01,2025-W05,Tuesday,100.73,20.15,7.07,87.65,19,9.9,11.2,0.81,0,8.85,4.61,SGD,False,Lunar New Year,
drv_nurul_sg_14,Nurul Aisyah,stabilizer,L,2025-01-29,2025-01,2025-W05,Wednesday,122.36,24.47,0.0,97.89,19,8.1,8.5,0.85,3,12.09,5.15,SGD,False,Lunar New Year,
drv_nurul_sg_14,Nurul Aisyah,stabilizer,L,2025-01-30,2025-01,2025-W05,Thursday,104.92,20.98,0.0,83.94,15,6.9,7.3,0.77,0,12.17,5.6,SGD,False,Lunar New Year,
drv_nurul_sg_14,Nurul Aisyah,stabilizer,L,2025-01-31,2025-01,2025-W05,Friday,133.8,26.76,0.0,107.04,18,9.4,11.8,0.84,1,11.39,5.95,SGD,False,Lunar New Year,
drv_nurul_sg_14,Nurul Aisyah,stabilizer,L,2025-02-01,2025-02,2025-W05,Saturday,106.04,21.21,4.4,89.23,20,6.1,7.9,0.96,1,14.63,4.46,SGD,False,Lunar New Year,
drv_nurul_sg_14,Nurul Aisyah,stabilizer,L,2025-02-02,2025-02,2025-W05,Sunday,0,0,0,0,0,0,0,0,0,0,0,SGD,True,,rest_day
drv_nurul_sg_14,Nurul Aisyah,stabilizer,L,2025-02-03,2025-02,2025-W06,Monday,106.47,21.29,0.0,85.18,16,8.8,10.3,0.77,0,9.68,5.32,SGD,False,,
drv_nurul_sg_14,Nurul Aisyah,stabilizer,L,2025-02-04,2025-02,2025-W06,Tuesday,141.87,28.37,0.0,113.5,14,9.1,10.6,0.78,0,12.47,8.11,SGD,False,,
drv_nurul_sg_14,Nurul Aisyah,stabilizer,L,2025-02-05,2025-02,2025-W06,Wednesday,164.24,32.85,0.0,131.39,10,9.1,11.3,0.8,1,14.44,13.14,SGD,False,,
drv_nurul_sg_14,Nurul Aisyah,stabilizer,L,2025-02-06,2025-02,2025-W06,Thursday,135.49,27.1,9.44,117.83,9,8.8,11.2,0.92,2,13.39,13.09,SGD,False,,
drv_nurul_sg_14,Nurul Aisyah,stabilizer,L,2025-02-07,2025-02,2025-W06,Friday,188.61,37.72,0.0,150.89,15,8.5,10.2,0.93,1,17.75,10.06,SGD,False,,
drv_nurul_sg_14,Nurul Aisyah,stabilizer,L,2025-02-08,2025-02,2025-W06,Saturday,102.66,20.53,0.0,82.13,13,9.4,10.0,0.91,1,8.74,6.32,SGD,False,,
drv_nurul_sg_14,Nurul Aisyah,stabilizer,L,2025-02-09,2025-02,2025-W06,Sunday,0,0,0,0,0,0,0,0,0,0,0,SGD,True,,rest_day
drv_nurul_sg_14,Nurul Aisyah,stabilizer,L,2025-02-10,2025-02,2025-W07,Monday,127.21,25.44,8.31,110.08,21,7.7,9.2,0.86,2,14.3,5.24,SGD,False,,
drv_nurul_sg_14,Nurul Aisyah,stabilizer,L,2025-02-11,2025-02,2025-W07,Tuesday,121.25,24.25,0.0,97.0,12,7.3,8.3,0.89,0,13.29,8.08,SGD,False,,
drv_nurul_sg_14,Nurul Aisyah,stabilizer,L,2025-02-12,2025-02,2025-W07,Wednesday,127.45,25.49,8.5,110.46,12,9.0,11.7,0.84,2,12.27,9.21,SGD,False,,
drv_nurul_sg_14,Nurul Aisyah,stabilizer,L,2025-02-13,2025-02,2025-W07,Thursday,164.21,32.84,0.0,131.37,16,8.0,9.1,0.89,1,16.42,8.21,SGD,False,,
drv_nurul_sg_14,Nurul Aisyah,stabilizer,L,2025-02-14,2025-02,2025-W07,Friday,147.01,29.4,0.0,117.61,15,9.9,12.7,0.91,0,11.88,7.84,SGD,False,,
drv_nurul_sg_14,Nurul Aisyah,stabilizer,L,2025-02-15,2025-02,2025-W07,Saturday,219.04,43.81,17.3,192.53,23,11.7,15.3,0.93,1,16.46,8.37,SGD,False,,
drv_nurul_sg_14,Nurul Aisyah,stabilizer,L,2025-02-16,2025-02,2025-W07,Sunday,0,0,0,0,0,0,0,0,0,0,0,SGD,True,,rest_day
drv_nurul_sg_14,Nurul Aisyah,stabilizer,L,2025-02-17,2025-02,2025-W08,Monday,95.98,19.2,6.81,83.59,10,11.3,12.5,0.78,0,7.4,8.36,SGD,False,,
drv_nurul_sg_14,Nurul Aisyah,stabilizer,L,2025-02-18,2025-02,2025-W08,Tuesday,141.36,28.27,0.0,113.09,14,7.7,9.6,0.96,3,14.69,8.08,SGD,False,,
drv_nurul_sg_14,Nurul Aisyah,stabilizer,L,2025-02-19,2025-02,2025-W08,Wednesday,136.27,27.25,9.22,118.24,23,6.3,7.8,0.81,3,18.77,5.14,SGD,False,,
drv_nurul_sg_14,Nurul Aisyah,stabilizer,L,2025-02-20,2025-02,2025-W08,Thursday,133.18,26.64,0.0,106.54,24,11.6,13.1,0.87,0,9.18,4.44,SGD,False,,
drv_nurul_sg_14,Nurul Aisyah,stabilizer,L,2025-02-21,2025-02,2025-W08,Friday,185.2,37.04,13.72,161.88,23,11.9,16.0,0.72,3,13.6,7.04,SGD,False,,
drv_nurul_sg_14,Nurul Aisyah,stabilizer,L,2025-02-22,2025-02,2025-W08,Saturday,164.02,32.8,12.21,143.43,13,12.0,14.4,0.92,0,11.95,11.03,SGD,False,,
drv_nurul_sg_14,Nurul Aisyah,stabilizer,L,2025-02-23,2025-02,2025-W08,Sunday,0,0,0,0,0,0,0,0,0,0,0,SGD,True,,rest_day
drv_nurul_sg_14,Nurul Aisyah,stabilizer,L,2025-02-24,2025-02,2025-W09,Monday,130.63,26.13,0.0,104.5,24,10.8,11.6,0.84,2,9.68,4.35,SGD,False,,
drv_nurul_sg_14,Nurul Aisyah,stabilizer,L,2025-02-25,2025-02,2025-W09,Tuesday,110.25,22.05,0.0,88.2,19,7.3,8.7,0.78,0,12.08,4.64,SGD,False,,
drv_nurul_sg_14,Nurul Aisyah,stabilizer,L,2025-02-26,2025-02,2025-W09,Wednesday,113.15,22.63,0.0,90.52,21,7.5,8.5,0.93,3,12.07,4.31,SGD,False,,
drv_nurul_sg_14,Nurul Aisyah,stabilizer,L,2025-02-27,2025-02,2025-W09,Thursday,148.3,29.66,0.0,118.64,15,9.4,11.8,0.75,0,12.62,7.91,SGD,False,,
drv_nurul_sg_14,Nurul Aisyah,stabilizer,L,2025-02-28,2025-02,2025-W09,Friday,188.51,37.7,0.0,150.81,12,7.9,10.1,0.8,2,19.09,12.57,SGD,False,,
drv_nurul_sg_14,Nurul Aisyah,stabilizer,L,2025-03-01,2025-03,2025-W09,Saturday,159.68,31.94,0.0,127.74,18,11.6,12.5,0.78,3,11.01,7.1,SGD,False,,
drv_nurul_sg_14,Nurul Aisyah,stabilizer,L,2025-03-02,2025-03,2025-W09,Sunday,0,0,0,0,0,0,0,0,0,0,0,SGD,True,,rest_day
drv_nurul_sg_14,Nurul Aisyah,stabilizer,L,2025-03-03,2025-03,2025-W10,Monday,127.74,25.55,8.94,111.13,8,8.7,10.3,0.88,3,12.77,13.89,SGD,False,,
drv_nurul_sg_14,Nurul Aisyah,stabilizer,L,2025-03-04,2025-03,2025-W10,Tuesday,147.37,29.47,8.29,126.19,13,10.0,12.0,0.76,3,12.62,9.71,SGD,False,,
drv_nurul_sg_14,Nurul Aisyah,stabilizer,L,2025-03-05,2025-03,2025-W10,Wednesday,159.64,31.93,0.0,127.71,12,8.6,10.8,0.83,0,14.85,10.64,SGD,False,,
drv_nurul_sg_14,Nurul Aisyah,stabilizer,L,2025-03-06,2025-03,2025-W10,Thursday,120.99,24.2,4.47,101.26,16,11.5,13.6,0.79,3,8.81,6.33,SGD,False,,
drv_nurul_sg_14,Nurul Aisyah,stabilizer,L,2025-03-07,2025-03,2025-W10,Friday,195.51,39.1,0.0,156.41,20,6.8,7.9,0.89,2,23.0,7.82,SGD,False,,
drv_nurul_sg_14,Nurul Aisyah,stabilizer,L,2025-03-08,2025-03,2025-W10,Saturday,203.06,40.61,0.0,162.45,20,11.0,13.7,0.8,1,14.77,8.12,SGD,False,,
drv_nurul_sg_14,Nurul Aisyah,stabilizer,L,2025-03-09,2025-03,2025-W10,Sunday,0,0,0,0,0,0,0,0,0,0,0,SGD,True,,rest_day
drv_nurul_sg_14,Nurul Aisyah,stabilizer,L,2025-03-10,2025-03,2025-W11,Monday,111.08,22.22,7.03,95.89,21,11.9,15.5,0.75,0,8.06,4.57,SGD,False,,
drv_nurul_sg_14,Nurul Aisyah,stabilizer,L,2025-03-11,2025-03,2025-W11,Tuesday,113.67,22.73,6.81,97.75,20,6.1,7.2,0.96,3,16.02,4.89,SGD,False,,
drv_nurul_sg_14,Nurul Aisyah,stabilizer,L,2025-03-12,2025-03,2025-W11,Wednesday,147.4,29.48,0.0,117.92,11,7.8,10.0,0.74,2,15.12,10.72,SGD,False,,
drv_nurul_sg_14,Nurul Aisyah,stabilizer,L,2025-03-13,2025-03,2025-W11,Thursday,135.86,27.17,0.0,108.69,22,11.0,12.9,0.96,2,9.88,4.94,SGD,False,,
drv_nurul_sg_14,Nurul Aisyah,stabilizer,L,2025-03-14,2025-03,2025-W11,Friday,175.55,35.11,0.0,140.44,21,7.2,7.9,0.81,1,19.51,6.69,SGD,False,,
drv_nurul_sg_14,Nurul Aisyah,stabilizer,L,2025-03-15,2025-03,2025-W11,Saturday,176.55,35.31,0.0,141.24,22,11.7,14.9,0.96,3,12.07,6.42,SGD,False,,
drv_nurul_sg_14,Nurul Aisyah,stabilizer,L,2025-03-16,2025-03,2025-W11,Sunday,0,0,0,0,0,0,0,0,0,0,0,SGD,True,,rest_day
drv_nurul_sg_14,Nurul Aisyah,stabilizer,L,2025-03-17,2025-03,2025-W12,Monday,105.74,21.15,0.0,84.59,14,8.6,10.3,0.84,3,9.84,6.04,SGD,False,,
drv_nurul_sg_14,Nurul Aisyah,stabilizer,L,2025-03-18,2025-03,2025-W12,Tuesday,152.71,30.54,5.66,127.83,18,11.0,13.3,0.86,3,11.62,7.1,SGD,False,,
drv_nurul_sg_14,Nurul Aisyah,stabilizer,L,2025-03-19,2025-03,2025-W12,Wednesday,127.66,25.53,0.0,102.13,11,11.2,14.7,0.96,0,9.12,9.28,SGD,False,,
drv_nurul_sg_14,Nurul Aisyah,stabilizer,L,2025-03-20,2025-03,2025-W12,Thursday,164.77,32.95,7.57,139.39,11,10.8,12.1,0.85,0,12.91,12.67,SGD,False,,
drv_nurul_sg_14,Nurul Aisyah,stabilizer,L,2025-03-21,2025-03,2025-W12,Friday,173.73,34.75,10.97,149.95,21,10.5,11.9,0.74,2,14.28,7.14,SGD,False,,
drv_nurul_sg_14,Nurul Aisyah,stabilizer,L,2025-03-22,2025-03,2025-W12,Saturday,154.47,30.89,0.0,123.58,11,6.7,9.0,0.94,2,18.44,11.23,SGD,False,,
drv_nurul_sg_14,Nurul Aisyah,stabilizer,L,2025-03-23,2025-03,2025-W12,Sunday,0,0,0,0,0,0,0,0,0,0,0,SGD,True,,rest_day
drv_nurul_sg_14,Nurul Aisyah,stabilizer,L,2025-03-24,2025-03,2025-W13,Monday,113.89,22.78,0.0,91.11,20,11.2,12.1,0.73,1,8.13,4.56,SGD,False,,
drv_nurul_sg_14,Nurul Aisyah,stabilizer,L,2025-03-25,2025-03,2025-W13,Tuesday,126.22,25.24,5.61,106.59,19,11.7,14.9,0.79,1,9.11,5.61,SGD,False,,
drv_nurul_sg_14,Nurul Aisyah,stabilizer,L,2025-03-26,2025-03,2025-W13,Wednesday,72.82,14.56,0.0,58.26,14,6.5,7.5,0.78,1,8.96,4.16,SGD,False,,
drv_nurul_sg_14,Nurul Aisyah,stabilizer,L,2025-03-27,2025-03,2025-W13,Thursday,152.5,30.5,0.0,122.0,12,10.7,13.6,0.96,3,11.4,10.17,SGD,False,,
drv_nurul_sg_14,Nurul Aisyah,stabilizer,L,2025-03-28,2025-03,2025-W13,Friday,201.74,40.35,16.84,178.23,12,7.4,8.5,0.94,1,24.09,14.85,SGD,False,,
drv_nurul_sg_14,Nurul Aisyah,stabilizer,L,2025-03-29,2025-03,2025-W13,Saturday,148.65,29.73,0.0,118.92,15,9.0,11.5,0.9,2,13.21,7.93,SGD,False,,
drv_nurul_sg_14,Nurul Aisyah,stabilizer,L,2025-03-30,2025-03,2025-W13,Sunday,0,0,0,0,0,0,0,0,0,0,0,SGD,True,,rest_day
drv_nurul_sg_14,Nurul Aisyah,stabilizer,L,2025-03-31,2025-03,2025-W14,Monday,127.36,25.47,0.0,101.89,16,8.9,11.7,0.82,2,11.45,6.37,SGD,False,,
drv_nurul_sg_14,Nurul Aisyah,stabilizer,L,2025-04-01,2025-04,2025-W14,Tuesday,157.44,31.49,0.0,125.95,15,6.1,7.0,0.77,1,20.65,8.4,SGD,False,,
drv_nurul_sg_14,Nurul Aisyah,stabilizer,L,2025-04-02,2025-04,2025-W14,Wednesday,122.27,24.45,0.0,97.82,22,6.4,8.3,0.81,3,15.28,4.45,SGD,False,,
drv_nurul_sg_14,Nurul Aisyah,stabilizer,L,2025-04-03,2025-04,2025-W14,Thursday,138.9,27.78,7.92,119.04,8,11.5,14.2,0.82,0,10.35,14.88,SGD,False,,
drv_nurul_sg_14,Nurul Aisyah,stabilizer,L,2025-04-04,2025-04,2025-W14,Friday,140.56,28.11,8.68,121.13,10,7.7,10.2,0.96,3,15.73,12.11,SGD,False,,
drv_nurul_sg_14,Nurul Aisyah,stabilizer,L,2025-04-05,2025-04,2025-W14,Saturday,164.9,32.98,0.0,131.92,15,7.8,10.5,0.92,1,16.91,8.79,SGD,False,,
drv_nurul_sg_14,Nurul Aisyah,stabilizer,L,2025-04-06,2025-04,2025-W14,Sunday,0,0,0,0,0,0,0,0,0,0,0,SGD,True,,rest_day
drv_nurul_sg_14,Nurul Aisyah,stabilizer,L,2025-04-07,2025-04,2025-W15,Monday,126.55,25.31,5.35,106.59,19,9.3,12.5,0.76,0,11.46,5.61,SGD,False,,
drv_nurul_sg_14,Nurul Aisyah,stabilizer,L,2025-04-08,2025-04,2025-W15,Tuesday,131.53,26.31,11.28,116.5,14,7.7,8.5,0.85,0,15.13,8.32,SGD,False,,
drv_nurul_sg_14,Nurul Aisyah,stabilizer,L,2025-04-09,2025-04,2025-W15,Wednesday,143.89,28.78,0.0,115.11,9,9.5,12.4,0.85,3,12.12,12.79,SGD,False,,
drv_nurul_sg_14,Nurul Aisyah,stabilizer,L,2025-04-10,2025-04,2025-W15,Thursday,120.27,24.05,0.0,96.22,14,9.7,12.5,0.93,2,9.92,6.87,SGD,False,,
drv_nurul_sg_14,Nurul Aisyah,stabilizer,L,2025-04-11,2025-04,2025-W15,Friday,169.43,33.89,6.9,142.44,13,7.9,9.5,0.92,0,18.03,10.96,SGD,False,,
drv_nurul_sg_14,Nurul Aisyah,stabilizer,L,2025-04-12,2025-04,2025-W15,Saturday,193.93,38.79,0.0,155.14,21,7.7,8.3,0.85,1,20.15,7.39,SGD,False,,
drv_nurul_sg_14,Nurul Aisyah,stabilizer,L,2025-04-13,2025-04,2025-W15,Sunday,0,0,0,0,0,0,0,0,0,0,0,SGD,True,,rest_day
drv_nurul_sg_14,Nurul Aisyah,stabilizer,L,2025-04-14,2025-04,2025-W16,Monday,142.33,28.47,9.17,123.03,17,11.1,14.1,0.95,0,11.08,7.24,SGD,False,,
drv_nurul_sg_14,Nurul Aisyah,stabilizer,L,2025-04-15,2025-04,2025-W16,Tuesday,132.97,26.59,0.0,106.38,14,9.8,12.6,0.8,3,10.86,7.6,SGD,False,,
drv_nurul_sg_14,Nurul Aisyah,stabilizer,L,2025-04-16,2025-04,2025-W16,Wednesday,118.22,23.64,0.0,94.58,20,8.6,9.2,0.87,2,11.0,4.73,SGD,False,,
drv_nurul_sg_14,Nurul Aisyah,stabilizer,L,2025-04-17,2025-04,2025-W16,Thursday,161.71,32.34,0.0,129.37,17,9.7,11.7,0.82,3,13.34,7.61,SGD,False,,
drv_nurul_sg_14,Nurul Aisyah,stabilizer,L,2025-04-18,2025-04,2025-W16,Friday,202.21,40.44,0.0,161.77,18,6.2,7.8,0.89,0,26.09,8.99,SGD,False,,
drv_nurul_sg_14,Nurul Aisyah,stabilizer,L,2025-04-19,2025-04,2025-W16,Saturday,152.23,30.45,0.0,121.78,24,11.6,13.9,0.81,0,10.5,5.07,SGD,False,,
drv_nurul_sg_14,Nurul Aisyah,stabilizer,L,2025-04-20,2025-04,2025-W16,Sunday,0,0,0,0,0,0,0,0,0,0,0,SGD,True,,rest_day
drv_nurul_sg_14,Nurul Aisyah,stabilizer,L,2025-04-21,2025-04,2025-W17,Monday,123.68,24.74,0.0,98.94,23,10.8,13.4,0.87,3,9.16,4.3,SGD,False,,
drv_nurul_sg_14,Nurul Aisyah,stabilizer,L,2025-04-22,2025-04,2025-W17,Tuesday,121.91,24.38,5.82,103.35,23,9.0,9.8,0.88,2,11.48,4.49,SGD,False,,
drv_nurul_sg_14,Nurul Aisyah,stabilizer,L,2025-04-23,2025-04,2025-W17,Wednesday,112.71,22.54,9.07,99.24,12,11.8,15.8,0.93,3,8.41,8.27,SGD,False,,
drv_nurul_sg_14,Nurul Aisyah,stabilizer,L,2025-04-24,2025-04,2025-W17,Thursday,157.02,31.4,0.0,125.62,19,8.4,9.1,0.93,1,14.95,6.61,SGD,False,,
drv_nurul_sg_14,Nurul Aisyah,stabilizer,L,2025-04-25,2025-04,2025-W17,Friday,158.38,31.68,9.83,136.53,13,7.1,8.2,0.79,0,19.23,10.5,SGD,False,,
drv_nurul_sg_14,Nurul Aisyah,stabilizer,L,2025-04-26,2025-04,2025-W17,Saturday,183.84,36.77,0.0,147.07,9,7.5,9.2,0.77,1,19.61,16.34,SGD,False,,
drv_nurul_sg_14,Nurul Aisyah,stabilizer,L,2025-04-27,2025-04,2025-W17,Sunday,0,0,0,0,0,0,0,0,0,0,0,SGD,True,,rest_day
drv_nurul_sg_14,Nurul Aisyah,stabilizer,L,2025-04-28,2025-04,2025-W18,Monday,145.6,29.12,0.0,116.48,21,11.8,14.1,0.83,3,9.87,5.55,SGD,False,,
drv_nurul_sg_14,Nurul Aisyah,stabilizer,L,2025-04-29,2025-04,2025-W18,Tuesday,108.29,21.66,8.99,95.62,12,8.6,9.1,0.96,3,11.12,7.97,SGD,False,,
drv_nurul_sg_14,Nurul Aisyah,stabilizer,L,2025-04-30,2025-04,2025-W18,Wednesday,133.69,26.74,8.33,115.28,11,11.6,12.2,0.82,1,9.94,10.48,SGD,False,,
drv_nurul_sg_14,Nurul Aisyah,stabilizer,L,2025-05-01,2025-05,2025-W18,Thursday,131.09,26.22,0.0,104.87,14,7.7,9.2,0.92,1,13.62,7.49,SGD,False,,
drv_nurul_sg_14,Nurul Aisyah,stabilizer,L,2025-05-02,2025-05,2025-W18,Friday,138.97,27.79,0.0,111.18,15,7.9,8.9,0.83,0,14.07,7.41,SGD,False,,
drv_nurul_sg_14,Nurul Aisyah,stabilizer,L,2025-05-03,2025-05,2025-W18,Saturday,81.58,16.32,0.0,65.26,21,9.2,11.2,0.78,2,7.09,3.11,SGD,False,,
drv_nurul_sg_14,Nurul Aisyah,stabilizer,L,2025-05-04,2025-05,2025-W18,Sunday,0,0,0,0,0,0,0,0,0,0,0,SGD,True,,rest_day
drv_nurul_sg_14,Nurul Aisyah,stabilizer,L,2025-05-05,2025-05,2025-W19,Monday,138.54,27.71,8.96,119.79,12,6.2,7.0,0.83,3,19.32,9.98,SGD,False,,
drv_nurul_sg_14,Nurul Aisyah,stabilizer,L,2025-05-06,2025-05,2025-W19,Tuesday,122.04,24.41,0.0,97.63,24,8.6,9.9,0.94,3,11.35,4.07,SGD,False,,
drv_nurul_sg_14,Nurul Aisyah,stabilizer,L,2025-05-07,2025-05,2025-W19,Wednesday,118.25,23.65,0.0,94.6,20,8.5,10.1,0.79,3,11.13,4.73,SGD,False,,
drv_nurul_sg_14,Nurul Aisyah,stabilizer,L,2025-05-08,2025-05,2025-W19,Thursday,120.73,24.15,0.0,96.58,19,6.6,7.4,0.83,3,14.63,5.08,SGD,False,,
drv_nurul_sg_14,Nurul Aisyah,stabilizer,L,2025-05-09,2025-05,2025-W19,Friday,161.18,32.24,9.07,138.01,20,7.9,9.6,0.89,0,17.47,6.9,SGD,False,,
drv_nurul_sg_14,Nurul Aisyah,stabilizer,L,2025-05-10,2025-05,2025-W19,Saturday,208.55,41.71,7.52,174.36,18,7.1,7.7,0.78,2,24.56,9.69,SGD,False,,
drv_nurul_sg_14,Nurul Aisyah,stabilizer,L,2025-05-11,2025-05,2025-W19,Sunday,0,0,0,0,0,0,0,0,0,0,0,SGD,True,,rest_day
drv_nurul_sg_14,Nurul Aisyah,stabilizer,L,2025-05-12,2025-05,2025-W20,Monday,133.45,26.69,0.0,106.76,14,9.0,10.4,0.73,1,11.86,7.63,SGD,False,,
drv_nurul_sg_14,Nurul Aisyah,stabilizer,L,2025-05-13,2025-05,2025-W20,Tuesday,124.42,24.88,0.0,99.54,18,9.5,11.4,0.91,2,10.48,5.53,SGD,False,,
drv_nurul_sg_14,Nurul Aisyah,stabilizer,L,2025-05-14,2025-05,2025-W20,Wednesday,134.09,26.82,0.0,107.27,21,9.0,10.7,0.88,3,11.92,5.11,SGD,False,,
drv_nurul_sg_14,Nurul Aisyah,stabilizer,L,2025-05-15,2025-05,2025-W20,Thursday,163.36,32.67,0.0,130.69,21,7.5,10.1,0.76,3,17.43,6.22,SGD,False,,
drv_nurul_sg_14,Nurul Aisyah,stabilizer,L,2025-05-16,2025-05,2025-W20,Friday,183.79,36.76,0.0,147.03,18,6.8,9.0,0.92,3,21.62,8.17,SGD,False,,
drv_nurul_sg_14,Nurul Aisyah,stabilizer,L,2025-05-17,2025-05,2025-W20,Saturday,203.32,40.66,13.28,175.94,23,10.2,12.6,0.84,1,17.25,7.65,SGD,False,,
drv_nurul_sg_14,Nurul Aisyah,stabilizer,L,2025-05-18,2025-05,2025-W20,Sunday,0,0,0,0,0,0,0,0,0,0,0,SGD,True,,rest_day
drv_nurul_sg_14,Nurul Aisyah,stabilizer,L,2025-05-19,2025-05,2025-W21,Monday,117.84,23.57,0.0,94.27,15,10.9,12.3,0.73,1,8.65,6.28,SGD,False,,
drv_nurul_sg_14,Nurul Aisyah,stabilizer,L,2025-05-20,2025-05,2025-W21,Tuesday,127.12,25.42,0.0,101.7,22,8.2,11.0,0.94,0,12.4,4.62,SGD,False,,
drv_nurul_sg_14,Nurul Aisyah,stabilizer,L,2025-05-21,2025-05,2025-W21,Wednesday,162.58,32.52,0.0,130.06,16,10.1,12.6,0.92,3,12.88,8.13,SGD,False,,
drv_nurul_sg_14,Nurul Aisyah,stabilizer,L,2025-05-22,2025-05,2025-W21,Thursday,151.02,30.2,0.0,120.82,18,7.9,8.7,0.92,0,15.29,6.71,SGD,False,,
drv_nurul_sg_14,Nurul Aisyah,stabilizer,L,2025-05-23,2025-05,2025-W21,Friday,190.44,38.09,0.0,152.35,21,9.1,10.8,0.82,0,16.74,7.25,SGD,False,,
drv_nurul_sg_14,Nurul Aisyah,stabilizer,L,2025-05-24,2025-05,2025-W21,Saturday,149.11,29.82,7.58,126.87,23,7.6,9.3,0.75,2,16.69,5.52,SGD,False,,
drv_nurul_sg_14,Nurul Aisyah,stabilizer,L,2025-05-25,2025-05,2025-W21,Sunday,0,0,0,0,0,0,0,0,0,0,0,SGD,True,,rest_day
drv_nurul_sg_14,Nurul Aisyah,stabilizer,L,2025-05-26,2025-05,2025-W22,Monday,141.42,28.28,0.0,113.14,23,6.8,8.9,0.96,2,16.64,4.92,SGD,False,,
drv_nurul_sg_14,Nurul Aisyah,stabilizer,L,2025-05-27,2025-05,2025-W22,Tuesday,137.84,27.57,0.0,110.27,23,6.8,7.5,0.84,3,16.22,4.79,SGD,False,,
drv_nurul_sg_14,Nurul Aisyah,stabilizer,L,2025-05-28,2025-05,2025-W22,Wednesday,156.26,31.25,0.0,125.01,10,6.9,9.0,0.93,3,18.12,12.5,SGD,False,,
drv_nurul_sg_14,Nurul Aisyah,stabilizer,L,2025-05-29,2025-05,2025-W22,Thursday,121.48,24.3,9.94,107.12,13,11.0,14.2,0.73,2,9.74,8.24,SGD,False,,
drv_nurul_sg_14,Nurul Aisyah,stabilizer,L,2025-05-30,2025-05,2025-W22,Friday,195.09,39.02,0.0,156.07,22,8.4,9.4,0.88,0,18.58,7.09,SGD,False,,
drv_nurul_sg_14,Nurul Aisyah,stabilizer,L,2025-05-31,2025-05,2025-W22,Saturday,189.99,38.0,0.0,151.99,19,8.5,10.9,0.95,3,17.88,8.0,SGD,False,,
drv_nurul_sg_14,Nurul Aisyah,stabilizer,L,2025-06-01,2025-06,2025-W22,Sunday,0,0,0,0,0,0,0,0,0,0,0,SGD,True,School Holiday,rest_day
drv_nurul_sg_14,Nurul Aisyah,stabilizer,L,2025-06-02,2025-06,2025-W23,Monday,110.18,22.04,0.0,88.14,21,7.6,8.1,0.74,1,11.6,4.2,SGD,False,School Holiday,
drv_nurul_sg_14,Nurul Aisyah,stabilizer,L,2025-06-03,2025-06,2025-W23,Tuesday,154.77,30.95,0.0,123.82,8,7.9,10.6,0.85,0,15.67,15.48,SGD,False,School Holiday,
drv_nurul_sg_14,Nurul Aisyah,stabilizer,L,2025-06-04,2025-06,2025-W23,Wednesday,127.44,25.49,0.0,101.95,15,9.5,12.5,0.84,0,10.73,6.8,SGD,False,School Holiday,
drv_nurul_sg_14,Nurul Aisyah,stabilizer,L,2025-06-05,2025-06,2025-W23,Thursday,176.28,35.26,0.0,141.02,22,11.3,13.0,0.76,1,12.48,6.41,SGD,False,School Holiday,
drv_nurul_sg_14,Nurul Aisyah,stabilizer,L,2025-06-06,2025-06,2025-W23,Friday,195.02,39.0,11.53,167.55,21,6.6,7.5,0.78,2,25.39,7.98,SGD,False,School Holiday,
drv_nurul_sg_14,Nurul Aisyah,stabilizer,L,2025-06-07,2025-06,2025-W23,Saturday,95.94,19.19,0.0,76.75,11,11.0,12.8,0.9,0,6.98,6.98,SGD,False,School Holiday,
drv_nurul_sg_14,Nurul Aisyah,stabilizer,L,2025-06-08,2025-06,2025-W23,Sunday,0,0,0,0,0,0,0,0,0,0,0,SGD,True,School Holiday,rest_day
drv_nurul_sg_14,Nurul Aisyah,stabilizer,L,2025-06-09,2025-06,2025-W24,Monday,118.74,23.75,7.06,102.05,13,7.2,8.4,0.82,1,14.17,7.85,SGD,False,School Holiday,
drv_nurul_sg_14,Nurul Aisyah,stabilizer,L,2025-06-10,2025-06,2025-W24,Tuesday,153.85,30.77,0.0,123.08,21,11.7,13.1,0.8,2,10.52,5.86,SGD,False,School Holiday,
drv_nurul_sg_14,Nurul Aisyah,stabilizer,L,2025-06-11,2025-06,2025-W24,Wednesday,127.41,25.48,0.0,101.93,12,8.3,10.4,0.9,2,12.28,8.49,SGD,False,School Holiday,
drv_nurul_sg_14,Nurul Aisyah,stabilizer,L,2025-06-12,2025-06,2025-W24,Thursday,185.26,37.05,0.0,148.21,15,9.7,11.1,0.86,2,15.28,9.88,SGD,False,School Holiday,
drv_nurul_sg_14,Nurul Aisyah,stabilizer,L,2025-06-13,2025-06,2025-W24,Friday,214.05,42.81,0.0,171.24,12,10.5,11.3,0.74,0,16.31,14.27,SGD,False,School Holiday,
drv_nurul_sg_14,Nurul Aisyah,stabilizer,L,2025-06-14,2025-06,2025-W24,Saturday,186.95,37.39,7.01,156.57,13,8.7,10.5,0.86,2,18.0,12.04,SGD,False,School Holiday,
drv_nurul_sg_14,Nurul Aisyah,stabilizer,L,2025-06-15,2025-06,2025-W24,Sunday,0,0,0,0,0,0,0,0,0,0,0,SGD,True,School Holiday,rest_day
drv_nurul_sg_14,Nurul Aisyah,stabilizer,L,2025-06-16,2025-06,2025-W25,Monday,105.99,21.2,0.0,84.79,11,6.8,8.5,0.78,2,12.47,7.71,SGD,False,School Holiday,
drv_nurul_sg_14,Nurul Aisyah,stabilizer,L,2025-06-17,2025-06,2025-W25,Tuesday,166.98,33.4,0.0,133.58,18,9.4,11.0,0.73,3,14.21,7.42,SGD,False,School Holiday,
drv_nurul_sg_14,Nurul Aisyah,stabilizer,L,2025-06-18,2025-06,2025-W25,Wednesday,152.73,30.55,0.0,122.18,13,6.8,7.3,0.73,0,17.97,9.4,SGD,False,School Holiday,
drv_nurul_sg_14,Nurul Aisyah,stabilizer,L,2025-06-19,2025-06,2025-W25,Thursday,185.06,37.01,10.36,158.41,8,6.3,7.8,0.81,1,25.14,19.8,SGD,False,School Holiday,
drv_nurul_sg_14,Nurul Aisyah,stabilizer,L,2025-06-20,2025-06,2025-W25,Friday,153.23,30.65,0.0,122.58,24,6.2,7.8,0.73,0,19.77,5.11,SGD,False,School Holiday,
drv_nurul_sg_14,Nurul Aisyah,stabilizer,L,2025-06-21,2025-06,2025-W25,Saturday,194.82,38.96,0.0,155.86,8,11.0,13.6,0.91,1,14.17,19.48,SGD,False,School Holiday,
drv_nurul_sg_14,Nurul Aisyah,stabilizer,L,2025-06-22,2025-06,2025-W25,Sunday,0,0,0,0,0,0,0,0,0,0,0,SGD,True,School Holiday,rest_day
drv_nurul_sg_14,Nurul Aisyah,stabilizer,L,2025-06-23,2025-06,2025-W26,Monday,112.98,22.6,5.88,96.26,13,8.7,11.2,0.79,1,11.06,7.4,SGD,False,School Holiday,
drv_nurul_sg_14,Nurul Aisyah,stabilizer,L,2025-06-24,2025-06,2025-W26,Tuesday,149.32,29.86,0.0,119.46,19,11.5,12.4,0.79,3,10.39,6.29,SGD,False,School Holiday,
drv_nurul_sg_14,Nurul Aisyah,stabilizer,L,2025-06-25,2025-06,2025-W26,Wednesday,132.16,26.43,0.0,105.73,9,7.3,9.2,0.78,3,14.48,11.75,SGD,False,School Holiday,
drv_nurul_sg_14,Nurul Aisyah,stabilizer,L,2025-06-26,2025-06,2025-W26,Thursday,129.23,25.85,8.74,112.12,15,11.5,14.9,0.86,2,9.75,7.47,SGD,False,School Holiday,
drv_nurul_sg_14,Nurul Aisyah,stabilizer,L,2025-06-27,2025-06,2025-W26,Friday,91.59,18.32,0.0,73.27,20,10.3,13.1,0.82,1,7.11,3.66,SGD,False,School Holiday,
drv_nurul_sg_14,Nurul Aisyah,stabilizer,L,2025-06-28,2025-06,2025-W26,Saturday,198.4,39.68,0.0,158.72,20,9.9,10.7,0.9,2,16.03,7.94,SGD,False,School Holiday,
drv_nurul_sg_14,Nurul Aisyah,stabilizer,L,2025-06-29,2025-06,2025-W26,Sunday,0,0,0,0,0,0,0,0,0,0,0,SGD,True,School Holiday,rest_day
drv_nurul_sg_14,Nurul Aisyah,stabilizer,L,2025-06-30,2025-06,2025-W27,Monday,112.45,22.49,0.0,89.96,9,10.1,12.4,0.72,2,8.91,10.0,SGD,False,School Holiday,
drv_nurul_sg_14,Nurul Aisyah,stabilizer,L,2025-07-01,2025-07,2025-W27,Tuesday,157.45,31.49,0.0,125.96,23,7.9,10.3,0.95,0,15.94,5.48,SGD,False,School Holiday,
drv_nurul_sg_14,Nurul Aisyah,stabilizer,L,2025-07-02,2025-07,2025-W27,Wednesday,144.71,28.94,0.0,115.77,13,8.6,10.0,0.86,3,13.46,8.91,SGD,False,School Holiday,
drv_nurul_sg_14,Nurul Aisyah,stabilizer,L,2025-07-03,2025-07,2025-W27,Thursday,184.98,37.0,14.85,162.83,15,8.0,9.4,0.79,1,20.35,10.86,SGD,False,School Holiday,
drv_nurul_sg_14,Nurul Aisyah,stabilizer,L,2025-07-04,2025-07,2025-W27,Friday,180.87,36.17,9.02,153.72,18,6.2,7.9,0.84,1,24.79,8.54,SGD,False,School Holiday,
drv_nurul_sg_14,Nurul Aisyah,stabilizer,L,2025-07-05,2025-07,2025-W27,Saturday,222.89,44.58,0.0,178.31,20,6.5,8.1,0.88,0,27.43,8.92,SGD,False,School Holiday,
drv_nurul_sg_14,Nurul Aisyah,stabilizer,L,2025-07-06,2025-07,2025-W27,Sunday,0,0,0,0,0,0,0,0,0,0,0,SGD,True,School Holiday,rest_day
drv_nurul_sg_14,Nurul Aisyah,stabilizer,L,2025-07-07,2025-07,2025-W28,Monday,129.93,25.99,6.03,109.97,24,10.1,12.9,0.93,1,10.89,4.58,SGD,False,School Holiday,
drv_nurul_sg_14,Nurul Aisyah,stabilizer,L,2025-07-08,2025-07,2025-W28,Tuesday,154.51,30.9,5.21,128.82,12,7.2,9.3,0.73,2,17.89,10.73,SGD,False,School Holiday,
drv_nurul_sg_14,Nurul Aisyah,stabilizer,L,2025-07-09,2025-07,2025-W28,Wednesday,121.94,24.39,7.26,104.81,20,8.6,9.9,0.77,3,12.19,5.24,SGD,False,School Holiday,
drv_nurul_sg_14,Nurul Aisyah,stabilizer,L,2025-07-10,2025-07,2025-W28,Thursday,175.96,35.19,9.14,149.91,10,10.5,11.4,0.73,3,14.28,14.99,SGD,False,School Holiday,
drv_nurul_sg_14,Nurul Aisyah,stabilizer,L,2025-07-11,2025-07,2025-W28,Friday,202.18,40.44,0.0,161.74,21,7.4,8.9,0.78,2,21.86,7.7,SGD,False,School Holiday,
drv_nurul_sg_14,Nurul Aisyah,stabilizer,L,2025-07-12,2025-07,2025-W28,Saturday,205.54,41.11,0.0,164.43,12,8.7,10.4,0.82,0,18.9,13.7,SGD,False,School Holiday,
drv_nurul_sg_14,Nurul Aisyah,stabilizer,L,2025-07-13,2025-07,2025-W28,Sunday,0,0,0,0,0,0,0,0,0,0,0,SGD,True,School Holiday,rest_day
drv_nurul_sg_14,Nurul Aisyah,stabilizer,L,2025-07-14,2025-07,2025-W29,Monday,108.55,21.71,0.0,86.84,11,9.7,12.6,0.85,2,8.95,7.89,SGD,False,School Holiday,
drv_nurul_sg_14,Nurul Aisyah,stabilizer,L,2025-07-15,2025-07,2025-W29,Tuesday,132.97,26.59,0.0,106.38,15,8.7,10.0,0.91,0,12.23,7.09,SGD,False,School Holiday,
drv_nurul_sg_14,Nurul Aisyah,stabilizer,L,2025-07-16,2025-07,2025-W29,Wednesday,157.35,31.47,0.0,125.88,16,10.3,11.7,0.94,2,12.22,7.87,SGD,False,School Holiday,
drv_nurul_sg_14,Nurul Aisyah,stabilizer,L,2025-07-17,2025-07,2025-W29,Thursday,178.54,35.71,0.0,142.83,23,9.0,11.4,0.79,0,15.87,6.21,SGD,False,School Holiday,
drv_nurul_sg_14,Nurul Aisyah,stabilizer,L,2025-07-18,2025-07,2025-W29,Friday,152.22,30.44,0.0,121.78,20,11.1,13.9,0.84,1,10.97,6.09,SGD,False,School Holiday,
drv_nurul_sg_14,Nurul Aisyah,stabilizer,L,2025-07-19,2025-07,2025-W29,Saturday,170.08,34.02,9.24,145.3,21,10.3,10.9,0.78,1,14.11,6.92,SGD,False,School Holiday,
drv_nurul_sg_14,Nurul Aisyah,stabilizer,L,2025-07-20,2025-07,2025-W29,Sunday,0,0,0,0,0,0,0,0,0,0,0,SGD,True,School Holiday,rest_day
drv_nurul_sg_14,Nurul Aisyah,stabilizer,L,2025-07-21,2025-07,2025-W30,Monday,150.09,30.02,0.0,120.07,18,9.1,10.0,0.88,1,13.19,6.67,SGD,False,School Holiday,
drv_nurul_sg_14,Nurul Aisyah,stabilizer,L,2025-07-22,2025-07,2025-W30,Tuesday,128.86,25.77,0.0,103.09,20,7.7,9.5,0.73,0,13.39,5.15,SGD,False,School Holiday,
drv_nurul_sg_14,Nurul Aisyah,stabilizer,L,2025-07-23,2025-07,2025-W30,Wednesday,141.17,28.23,5.08,118.02,22,7.9,9.2,0.93,1,14.94,5.36,SGD,False,School Holiday,
drv_nurul_sg_14,Nurul Aisyah,stabilizer,L,2025-07-24,2025-07,2025-W30,Thursday,154.89,30.98,8.55,132.46,11,7.2,8.1,0.91,0,18.4,12.04,SGD,False,School Holiday,
drv_nurul_sg_14,Nurul Aisyah,stabilizer,L,2025-07-25,2025-07,2025-W30,Friday,189.03,37.81,0.0,151.22,12,9.7,11.3,0.84,0,15.59,12.6,SGD,False,School Holiday,
drv_nurul_sg_14,Nurul Aisyah,stabilizer,L,2025-07-26,2025-07,2025-W30,Saturday,213.5,42.7,16.71,187.51,21,10.0,13.5,0.78,0,18.75,8.93,SGD,False,School Holiday,
drv_nurul_sg_14,Nurul Aisyah,stabilizer,L,2025-07-27,2025-07,2025-W30,Sunday,0,0,0,0,0,0,0,0,0,0,0,SGD,True,School Holiday,rest_day
drv_nurul_sg_14,Nurul Aisyah,stabilizer,L,2025-07-28,2025-07,2025-W31,Monday,154.88,30.98,7.67,131.57,14,6.0,6.7,0.78,0,21.93,9.4,SGD,False,School Holiday,
drv_nurul_sg_14,Nurul Aisyah,stabilizer,L,2025-07-29,2025-07,2025-W31,Tuesday,163.63,32.73,0.0,130.9,10,8.7,9.4,0.76,3,15.05,13.09,SGD,False,School Holiday,
drv_nurul_sg_14,Nurul Aisyah,stabilizer,L,2025-07-30,2025-07,2025-W31,Wednesday,134.36,26.87,9.3,116.79,20,11.6,15.1,0.81,0,10.07,5.84,SGD,False,School Holiday,
drv_nurul_sg_14,Nurul Aisyah,stabilizer,L,2025-07-31,2025-07,2025-W31,Thursday,121.85,24.37,9.26,106.74,11,10.8,11.8,0.76,3,9.88,9.7,SGD,False,School Holiday,
drv_nurul_sg_14,Nurul Aisyah,stabilizer,L,2025-08-01,2025-08,2025-W31,Friday,204.4,40.88,0.0,163.52,12,9.1,10.0,0.72,1,17.97,13.63,SGD,False,,
drv_nurul_sg_14,Nurul Aisyah,stabilizer,L,2025-08-02,2025-08,2025-W31,Saturday,152.28,30.46,0.0,121.82,13,6.5,8.5,0.94,3,18.74,9.37,SGD,False,,
drv_nurul_sg_14,Nurul Aisyah,stabilizer,L,2025-08-03,2025-08,2025-W31,Sunday,0,0,0,0,0,0,0,0,0,0,0,SGD,True,,rest_day
drv_nurul_sg_14,Nurul Aisyah,stabilizer,L,2025-08-04,2025-08,2025-W32,Monday,126.0,25.2,6.8,107.6,18,8.9,11.2,0.87,2,12.09,5.98,SGD,False,,
drv_nurul_sg_14,Nurul Aisyah,stabilizer,L,2025-08-05,2025-08,2025-W32,Tuesday,138.54,27.71,0.0,110.83,24,7.7,10.3,0.91,1,14.39,4.62,SGD,False,,
drv_nurul_sg_14,Nurul Aisyah,stabilizer,L,2025-08-06,2025-08,2025-W32,Wednesday,152.58,30.52,8.93,130.99,10,7.1,9.6,0.8,3,18.45,13.1,SGD,False,,
drv_nurul_sg_14,Nurul Aisyah,stabilizer,L,2025-08-07,2025-08,2025-W32,Thursday,139.07,27.81,0.0,111.26,20,9.6,11.2,0.91,3,11.59,5.56,SGD,False,,
drv_nurul_sg_14,Nurul Aisyah,stabilizer,L,2025-08-08,2025-08,2025-W32,Friday,137.61,27.52,0.0,110.09,8,7.6,9.7,0.88,3,14.49,13.76,SGD,False,,
drv_nurul_sg_14,Nurul Aisyah,stabilizer,L,2025-08-09,2025-08,2025-W32,Saturday,90.75,18.15,5.09,77.69,23,7.4,9.6,0.82,2,10.5,3.38,SGD,False,,
drv_nurul_sg_14,Nurul Aisyah,stabilizer,L,2025-08-10,2025-08,2025-W32,Sunday,0,0,0,0,0,0,0,0,0,0,0,SGD,True,,rest_day
drv_nurul_sg_14,Nurul Aisyah,stabilizer,L,2025-08-11,2025-08,2025-W33,Monday,123.87,24.77,0.0,99.1,13,10.5,11.3,0.91,1,9.44,7.62,SGD,False,,
drv_nurul_sg_14,Nurul Aisyah,stabilizer,L,2025-08-12,2025-08,2025-W33,Tuesday,156.15,31.23,0.0,124.92,12,7.2,8.6,0.94,3,17.35,10.41,SGD,False,,
drv_nurul_sg_14,Nurul Aisyah,stabilizer,L,2025-08-13,2025-08,2025-W33,Wednesday,118.82,23.76,0.0,95.06,16,6.7,7.6,0.76,2,14.19,5.94,SGD,False,,
drv_nurul_sg_14,Nurul Aisyah,stabilizer,L,2025-08-14,2025-08,2025-W33,Thursday,156.98,31.4,0.0,125.58,16,8.9,10.8,0.78,0,14.11,7.85,SGD,False,,
drv_nurul_sg_14,Nurul Aisyah,stabilizer,L,2025-08-15,2025-08,2025-W33,Friday,153.28,30.66,0.0,122.62,16,8.3,11.1,0.94,0,14.77,7.66,SGD,False,,
drv_nurul_sg_14,Nurul Aisyah,stabilizer,L,2025-08-16,2025-08,2025-W33,Saturday,147.92,29.58,6.67,125.01,17,10.7,13.3,0.93,2,11.68,7.35,SGD,False,,
drv_nurul_sg_14,Nurul Aisyah,stabilizer,L,2025-08-17,2025-08,2025-W33,Sunday,0,0,0,0,0,0,0,0,0,0,0,SGD,True,,rest_day
drv_nurul_sg_14,Nurul Aisyah,stabilizer,L,2025-08-18,2025-08,2025-W34,Monday,113.08,22.62,0.0,90.46,10,9.9,11.0,0.76,2,9.14,9.05,SGD,False,,
drv_nurul_sg_14,Nurul Aisyah,stabilizer,L,2025-08-19,2025-08,2025-W34,Tuesday,123.69,24.74,8.66,107.61,22,11.9,13.6,0.8,1,9.04,4.89,SGD,False,,
drv_nurul_sg_14,Nurul Aisyah,stabilizer,L,2025-08-20,2025-08,2025-W34,Wednesday,133.82,26.76,0.0,107.06,10,11.7,14.7,0.87,2,9.15,10.71,SGD,False,,
drv_nurul_sg_14,Nurul Aisyah,stabilizer,L,2025-08-21,2025-08,2025-W34,Thursday,130.39,26.08,0.0,104.31,17,8.3,10.0,0.78,2,12.57,6.14,SGD,False,,
drv_nurul_sg_14,Nurul Aisyah,stabilizer,L,2025-08-22,2025-08,2025-W34,Friday,193.48,38.7,0.0,154.78,14,7.9,9.5,0.85,3,19.59,11.06,SGD,False,,
drv_nurul_sg_14,Nurul Aisyah,stabilizer,L,2025-08-23,2025-08,2025-W34,Saturday,195.06,39.01,0.0,156.05,9,9.0,11.1,0.88,2,17.34,17.34,SGD,False,,
drv_nurul_sg_14,Nurul Aisyah,stabilizer,L,2025-08-24,2025-08,2025-W34,Sunday,0,0,0,0,0,0,0,0,0,0,0,SGD,True,,rest_day
drv_nurul_sg_14,Nurul Aisyah,stabilizer,L,2025-08-25,2025-08,2025-W35,Monday,97.63,19.53,6.19,84.29,22,11.8,12.6,0.81,0,7.14,3.83,SGD,False,,
drv_nurul_sg_14,Nurul Aisyah,stabilizer,L,2025-08-26,2025-08,2025-W35,Tuesday,122.96,24.59,4.8,103.17,17,10.0,11.2,0.77,3,10.32,6.07,SGD,False,,
drv_nurul_sg_14,Nurul Aisyah,stabilizer,L,2025-08-27,2025-08,2025-W35,Wednesday,135.54,27.11,0.0,108.43,11,11.0,12.7,0.75,0,9.86,9.86,SGD,False,,
drv_nurul_sg_14,Nurul Aisyah,stabilizer,L,2025-08-28,2025-08,2025-W35,Thursday,148.92,29.78,0.0,119.14,22,6.6,7.7,0.72,1,18.05,5.42,SGD,False,,
drv_nurul_sg_14,Nurul Aisyah,stabilizer,L,2025-08-29,2025-08,2025-W35,Friday,149.71,29.94,0.0,119.77,18,6.4,7.8,0.95,0,18.71,6.65,SGD,False,,
drv_nurul_sg_14,Nurul Aisyah,stabilizer,L,2025-08-30,2025-08,2025-W35,Saturday,193.66,38.73,0.0,154.93,19,9.6,12.7,0.94,0,16.14,8.15,SGD,False,,
drv_nurul_sg_14,Nurul Aisyah,stabilizer,L,2025-08-31,2025-08,2025-W35,Sunday,0,0,0,0,0,0,0,0,0,0,0,SGD,True,,rest_day
drv_nurul_sg_14,Nurul Aisyah,stabilizer,L,2025-09-01,2025-09,2025-W36,Monday,108.03,21.61,0.0,86.42,24,10.1,11.9,0.97,1,8.56,3.6,SGD,False,,
drv_nurul_sg_14,Nurul Aisyah,stabilizer,L,2025-09-02,2025-09,2025-W36,Tuesday,137.43,27.49,0.0,109.94,15,6.1,6.7,0.78,1,18.02,7.33,SGD,False,,
drv_nurul_sg_14,Nurul Aisyah,stabilizer,L,2025-09-03,2025-09,2025-W36,Wednesday,159.04,31.81,10.12,137.35,13,11.9,15.4,0.81,2,11.54,10.57,SGD,False,,
drv_nurul_sg_14,Nurul Aisyah,stabilizer,L,2025-09-04,2025-09,2025-W36,Thursday,165.38,33.08,13.22,145.52,22,8.0,10.5,0.79,0,18.19,6.61,SGD,False,,
drv_nurul_sg_14,Nurul Aisyah,stabilizer,L,2025-09-05,2025-09,2025-W36,Friday,192.72,38.54,13.92,168.1,12,8.6,10.5,0.91,2,19.55,14.01,SGD,False,,
drv_nurul_sg_14,Nurul Aisyah,stabilizer,L,2025-09-06,2025-09,2025-W36,Saturday,167.56,33.51,9.19,143.24,16,8.1,10.2,0.92,1,17.68,8.95,SGD,False,,
drv_nurul_sg_14,Nurul Aisyah,stabilizer,L,2025-09-07,2025-09,2025-W36,Sunday,0,0,0,0,0,0,0,0,0,0,0,SGD,True,,rest_day
drv_nurul_sg_14,Nurul Aisyah,stabilizer,L,2025-09-08,2025-09,2025-W37,Monday,123.55,24.71,0.0,98.84,11,6.4,7.4,0.86,3,15.44,8.99,SGD,False,,
drv_nurul_sg_14,Nurul Aisyah,stabilizer,L,2025-09-09,2025-09,2025-W37,Tuesday,123.47,24.69,0.0,98.78,16,7.1,8.7,0.9,0,13.91,6.17,SGD,False,,
drv_nurul_sg_14,Nurul Aisyah,stabilizer,L,2025-09-10,2025-09,2025-W37,Wednesday,157.01,31.4,0.0,125.61,8,8.1,10.7,0.83,0,15.51,15.7,SGD,False,,
drv_nurul_sg_14,Nurul Aisyah,stabilizer,L,2025-09-11,2025-09,2025-W37,Thursday,169.71,33.94,0.0,135.77,24,9.1,9.6,0.74,3,14.92,5.66,SGD,False,,
drv_nurul_sg_14,Nurul Aisyah,stabilizer,L,2025-09-12,2025-09,2025-W37,Friday,199.37,39.87,0.0,159.5,19,10.4,12.3,0.83,1,15.34,8.39,SGD,False,,
drv_nurul_sg_14,Nurul Aisyah,stabilizer,L,2025-09-13,2025-09,2025-W37,Saturday,164.92,32.98,0.0,131.94,24,10.4,12.5,0.86,1,12.69,5.5,SGD,False,,
drv_nurul_sg_14,Nurul Aisyah,stabilizer,L,2025-09-14,2025-09,2025-W37,Sunday,0,0,0,0,0,0,0,0,0,0,0,SGD,True,,rest_day
drv_nurul_sg_14,Nurul Aisyah,stabilizer,L,2025-09-15,2025-09,2025-W38,Monday,123.43,24.69,0.0,98.74,16,11.2,12.1,0.86,1,8.82,6.17,SGD,False,,
drv_nurul_sg_14,Nurul Aisyah,stabilizer,L,2025-09-16,2025-09,2025-W38,Tuesday,133.25,26.65,0.0,106.6,16,7.2,8.8,0.84,1,14.81,6.66,SGD,False,,
drv_nurul_sg_14,Nurul Aisyah,stabilizer,L,2025-09-17,2025-09,2025-W38,Wednesday,146.7,29.34,0.0,117.36,20,10.5,12.8,0.84,3,11.18,5.87,SGD,False,,
drv_nurul_sg_14,Nurul Aisyah,stabilizer,L,2025-09-18,2025-09,2025-W38,Thursday,173.74,34.75,0.0,138.99,13,11.2,12.8,0.94,2,12.41,10.69,SGD,False,,
drv_nurul_sg_14,Nurul Aisyah,stabilizer,L,2025-09-19,2025-09,2025-W38,Friday,149.19,29.84,6.79,126.14,14,9.0,10.7,0.89,2,14.02,9.01,SGD,False,,
drv_nurul_sg_14,Nurul Aisyah,stabilizer,L,2025-09-20,2025-09,2025-W38,Saturday,157.2,31.44,13.1,138.86,8,6.4,7.0,0.93,0,21.7,17.36,SGD,False,,
drv_nurul_sg_14,Nurul Aisyah,stabilizer,L,2025-09-21,2025-09,2025-W38,Sunday,0,0,0,0,0,0,0,0,0,0,0,SGD,True,,rest_day
drv_nurul_sg_14,Nurul Aisyah,stabilizer,L,2025-09-22,2025-09,2025-W39,Monday,133.19,26.64,4.6,111.15,16,10.5,12.0,0.91,2,10.59,6.95,SGD,False,,
drv_nurul_sg_14,Nurul Aisyah,stabilizer,L,2025-09-23,2025-09,2025-W39,Tuesday,135.77,27.15,0.0,108.62,16,9.5,10.4,0.74,1,11.43,6.79,SGD,False,,
drv_nurul_sg_14,Nurul Aisyah,stabilizer,L,2025-09-24,2025-09,2025-W39,Wednesday,149.3,29.86,0.0,119.44,10,6.9,9.0,0.74,2,17.31,11.94,SGD,False,,
drv_nurul_sg_14,Nurul Aisyah,stabilizer,L,2025-09-25,2025-09,2025-W39,Thursday,156.45,31.29,0.0,125.16,19,9.7,10.3,0.89,2,12.9,6.59,SGD,False,,
drv_nurul_sg_14,Nurul Aisyah,stabilizer,L,2025-09-26,2025-09,2025-W39,Friday,168.32,33.66,0.0,134.66,16,9.8,12.4,0.86,2,13.74,8.42,SGD,False,,
drv_nurul_sg_14,Nurul Aisyah,stabilizer,L,2025-09-27,2025-09,2025-W39,Saturday,144.88,28.98,10.05,125.95,12,9.6,11.5,0.74,3,13.12,10.5,SGD,False,,
drv_nurul_sg_14,Nurul Aisyah,stabilizer,L,2025-09-28,2025-09,2025-W39,Sunday,0,0,0,0,0,0,0,0,0,0,0,SGD,True,,rest_day
drv_nurul_sg_14,Nurul Aisyah,stabilizer,L,2025-09-29,2025-09,2025-W40,Monday,126.65,25.33,0.0,101.32,16,11.0,12.4,0.88,2,9.21,6.33,SGD,False,,
drv_nurul_sg_14,Nurul Aisyah,stabilizer,L,2025-09-30,2025-09,2025-W40,Tuesday,68.12,13.62,0.0,54.5,13,7.9,9.0,0.87,2,6.9,4.19,SGD,False,,
drv_nurul_sg_14,Nurul Aisyah,stabilizer,L,2025-10-01,2025-10,2025-W40,Wednesday,117.36,23.47,0.0,93.89,18,11.5,14.5,0.76,1,8.16,5.22,SGD,False,,
drv_nurul_sg_14,Nurul Aisyah,stabilizer,L,2025-10-02,2025-10,2025-W40,Thursday,173.54,34.71,0.0,138.83,14,11.8,12.9,0.82,2,11.77,9.92,SGD,False,,
drv_nurul_sg_14,Nurul Aisyah,stabilizer,L,2025-10-03,2025-10,2025-W40,Friday,153.12,30.62,0.0,122.5,11,10.8,13.8,0.84,2,11.34,11.14,SGD,False,,
drv_nurul_sg_14,Nurul Aisyah,stabilizer,L,2025-10-04,2025-10,2025-W40,Saturday,85.62,17.12,0.0,68.5,21,7.8,10.2,0.84,1,8.78,3.26,SGD,False,,
drv_nurul_sg_14,Nurul Aisyah,stabilizer,L,2025-10-05,2025-10,2025-W40,Sunday,0,0,0,0,0,0,0,0,0,0,0,SGD,True,,rest_day
drv_nurul_sg_14,Nurul Aisyah,stabilizer,L,2025-10-06,2025-10,2025-W41,Monday,126.49,25.3,7.38,108.57,17,9.8,13.0,0.94,3,11.08,6.39,SGD,False,,
drv_nurul_sg_14,Nurul Aisyah,stabilizer,L,2025-10-07,2025-10,2025-W41,Tuesday,117.14,23.43,0.0,93.71,12,8.4,11.0,0.79,2,11.16,7.81,SGD,False,,
drv_nurul_sg_14,Nurul Aisyah,stabilizer,L,2025-10-08,2025-10,2025-W41,Wednesday,144.93,28.99,0.0,115.94,12,6.6,7.4,0.89,1,17.57,9.66,SGD,False,,
drv_nurul_sg_14,Nurul Aisyah,stabilizer,L,2025-10-09,2025-10,2025-W41,Thursday,154.83,30.97,0.0,123.86,23,8.1,10.0,0.72,3,15.29,5.39,SGD,False,,
drv_nurul_sg_14,Nurul Aisyah,stabilizer,L,2025-10-10,2025-10,2025-W41,Friday,178.93,35.79,0.0,143.14,19,7.9,9.2,0.89,3,18.12,7.53,SGD,False,,
drv_nurul_sg_14,Nurul Aisyah,stabilizer,L,2025-10-11,2025-10,2025-W41,Saturday,155.89,31.18,0.0,124.71,8,7.4,8.0,0.89,2,16.85,15.59,SGD,False,,
drv_nurul_sg_14,Nurul Aisyah,stabilizer,L,2025-10-12,2025-10,2025-W41,Sunday,0,0,0,0,0,0,0,0,0,0,0,SGD,True,,rest_day
drv_nurul_sg_14,Nurul Aisyah,stabilizer,L,2025-10-13,2025-10,2025-W42,Monday,94.82,18.96,5.76,81.62,12,8.0,9.2,0.77,3,10.2,6.8,SGD,False,,
drv_nurul_sg_14,Nurul Aisyah,stabilizer,L,2025-10-14,2025-10,2025-W42,Tuesday,142.69,28.54,0.0,114.15,21,11.2,12.0,0.85,0,10.19,5.44,SGD,False,,
drv_nurul_sg_14,Nurul Aisyah,stabilizer,L,2025-10-15,2025-10,2025-W42,Wednesday,156.92,31.38,0.0,125.54,15,6.8,7.8,0.84,3,18.46,8.37,SGD,False,,
drv_nurul_sg_14,Nurul Aisyah,stabilizer,L,2025-10-16,2025-10,2025-W42,Thursday,138.91,27.78,6.66,117.79,17,9.8,12.8,0.84,3,12.02,6.93,SGD,False,,
drv_nurul_sg_14,Nurul Aisyah,stabilizer,L,2025-10-17,2025-10,2025-W42,Friday,183.5,36.7,0.0,146.8,11,8.4,10.7,0.77,2,17.48,13.35,SGD,False,,
drv_nurul_sg_14,Nurul Aisyah,stabilizer,L,2025-10-18,2025-10,2025-W42,Saturday,182.81,36.56,10.81,157.06,23,6.4,8.6,0.79,2,24.54,6.83,SGD,False,,
drv_nurul_sg_14,Nurul Aisyah,stabilizer,L,2025-10-19,2025-10,2025-W42,Sunday,0,0,0,0,0,0,0,0,0,0,0,SGD,True,,rest_day
drv_nurul_sg_14,Nurul Aisyah,stabilizer,L,2025-10-20,2025-10,2025-W43,Monday,110.66,22.13,0.0,88.53,24,7.3,8.7,0.96,0,12.13,3.69,SGD,False,,
drv_nurul_sg_14,Nurul Aisyah,stabilizer,L,2025-10-21,2025-10,2025-W43,Tuesday,137.33,27.47,11.43,121.29,13,9.5,11.6,0.86,1,12.77,9.33,SGD,False,,
drv_nurul_sg_14,Nurul Aisyah,stabilizer,L,2025-10-22,2025-10,2025-W43,Wednesday,117.35,23.47,8.05,101.93,14,10.3,13.5,0.87,3,9.9,7.28,SGD,False,,
drv_nurul_sg_14,Nurul Aisyah,stabilizer,L,2025-10-23,2025-10,2025-W43,Thursday,154.22,30.84,0.0,123.38,20,7.6,9.7,0.96,3,16.23,6.17,SGD,False,,
drv_nurul_sg_14,Nurul Aisyah,stabilizer,L,2025-10-24,2025-10,2025-W43,Friday,188.28,37.66,0.0,150.62,23,10.8,14.3,0.76,0,13.95,6.55,SGD,False,,
drv_nurul_sg_14,Nurul Aisyah,stabilizer,L,2025-10-25,2025-10,2025-W43,Saturday,170.83,34.17,0.0,136.66,9,7.0,8.7,0.95,2,19.52,15.18,SGD,False,,
drv_nurul_sg_14,Nurul Aisyah,stabilizer,L,2025-10-26,2025-10,2025-W43,Sunday,0,0,0,0,0,0,0,0,0,0,0,SGD,True,,rest_day
drv_nurul_sg_14,Nurul Aisyah,stabilizer,L,2025-10-27,2025-10,2025-W44,Monday,111.06,22.21,6.95,95.8,17,10.1,10.8,0.88,0,9.49,5.64,SGD,False,,
drv_nurul_sg_14,Nurul Aisyah,stabilizer,L,2025-10-28,2025-10,2025-W44,Tuesday,154.2,30.84,0.0,123.36,20,11.0,14.2,0.81,0,11.21,6.17,SGD,False,,
drv_nurul_sg_14,Nurul Aisyah,stabilizer,L,2025-10-29,2025-10,2025-W44,Wednesday,142.57,28.51,11.7,125.76,10,7.5,9.8,0.82,1,16.77,12.58,SGD,False,,
drv_nurul_sg_14,Nurul Aisyah,stabilizer,L,2025-10-30,2025-10,2025-W44,Thursday,157.16,31.43,7.07,132.8,12,10.5,11.4,0.76,1,12.65,11.07,SGD,False,,
drv_nurul_sg_14,Nurul Aisyah,stabilizer,L,2025-10-31,2025-10,2025-W44,Friday,148.2,29.64,0.0,118.56,22,8.0,10.2,0.96,3,14.82,5.39,SGD,False,,
drv_nurul_sg_14,Nurul Aisyah,stabilizer,L,2025-11-01,2025-11,2025-W44,Saturday,217.37,43.47,0.0,173.9,13,11.2,14.8,0.82,1,15.53,13.38,SGD,False,,
drv_nurul_sg_14,Nurul Aisyah,stabilizer,L,2025-11-02,2025-11,2025-W44,Sunday,0,0,0,0,0,0,0,0,0,0,0,SGD,True,,rest_day
drv_nurul_sg_14,Nurul Aisyah,stabilizer,L,2025-11-03,2025-11,2025-W45,Monday,130.95,26.19,0.0,104.76,8,8.6,10.5,0.84,1,12.18,13.1,SGD,False,,
drv_nurul_sg_14,Nurul Aisyah,stabilizer,L,2025-11-04,2025-11,2025-W45,Tuesday,156.42,31.28,0.0,125.14,17,9.7,12.9,0.81,3,12.9,7.36,SGD,False,,
drv_nurul_sg_14,Nurul Aisyah,stabilizer,L,2025-11-05,2025-11,2025-W45,Wednesday,129.09,25.82,0.0,103.27,17,8.0,10.3,0.75,1,12.91,6.07,SGD,False,,
drv_nurul_sg_14,Nurul Aisyah,stabilizer,L,2025-11-06,2025-11,2025-W45,Thursday,156.42,31.28,0.0,125.14,12,9.6,11.5,0.87,3,13.04,10.43,SGD,False,,
drv_nurul_sg_14,Nurul Aisyah,stabilizer,L,2025-11-07,2025-11,2025-W45,Friday,198.16,39.63,0.0,158.53,14,9.7,11.8,0.77,0,16.34,11.32,SGD,False,,
drv_nurul_sg_14,Nurul Aisyah,stabilizer,L,2025-11-08,2025-11,2025-W45,Saturday,152.68,30.54,5.75,127.89,24,9.8,11.7,0.94,0,13.05,5.33,SGD,False,,
drv_nurul_sg_14,Nurul Aisyah,stabilizer,L,2025-11-09,2025-11,2025-W45,Sunday,0,0,0,0,0,0,0,0,0,0,0,SGD,True,,rest_day
drv_nurul_sg_14,Nurul Aisyah,stabilizer,L,2025-11-10,2025-11,2025-W46,Monday,133.2,26.64,0.0,106.56,12,8.0,9.2,0.94,1,13.32,8.88,SGD,False,,
drv_nurul_sg_14,Nurul Aisyah,stabilizer,L,2025-11-11,2025-11,2025-W46,Tuesday,142.05,28.41,0.0,113.64,16,7.9,10.1,0.83,3,14.38,7.1,SGD,False,,
drv_nurul_sg_14,Nurul Aisyah,stabilizer,L,2025-11-12,2025-11,2025-W46,Wednesday,142.62,28.52,9.85,123.95,22,7.6,10.2,0.77,0,16.31,5.63,SGD,False,,
drv_nurul_sg_14,Nurul Aisyah,stabilizer,L,2025-11-13,2025-11,2025-W46,Thursday,151.71,30.34,8.06,129.43,11,10.3,12.4,0.96,3,12.57,11.77,SGD,False,,
drv_nurul_sg_14,Nurul Aisyah,stabilizer,L,2025-11-14,2025-11,2025-W46,Friday,140.13,28.03,0.0,112.1,8,6.2,7.2,0.86,0,18.08,14.01,SGD,False,,
drv_nurul_sg_14,Nurul Aisyah,stabilizer,L,2025-11-15,2025-11,2025-W46,Saturday,148.94,29.79,0.0,119.15,19,10.7,14.1,0.91,3,11.14,6.27,SGD,False,,
drv_nurul_sg_14,Nurul Aisyah,stabilizer,L,2025-11-16,2025-11,2025-W46,Sunday,0,0,0,0,0,0,0,0,0,0,0,SGD,True,,rest_day
drv_nurul_sg_14,Nurul Aisyah,stabilizer,L,2025-11-17,2025-11,2025-W47,Monday,96.03,19.21,6.81,83.63,20,8.1,8.7,0.91,1,10.32,4.18,SGD,False,,
drv_nurul_sg_14,Nurul Aisyah,stabilizer,L,2025-11-18,2025-11,2025-W47,Tuesday,139.41,27.88,8.02,119.55,16,7.0,8.4,0.89,1,17.08,7.47,SGD,False,,
drv_nurul_sg_14,Nurul Aisyah,stabilizer,L,2025-11-19,2025-11,2025-W47,Wednesday,144.47,28.89,0.0,115.58,23,10.7,11.3,0.86,0,10.8,5.03,SGD,False,,
drv_nurul_sg_14,Nurul Aisyah,stabilizer,L,2025-11-20,2025-11,2025-W47,Thursday,156.44,31.29,0.0,125.15,9,8.4,9.2,0.73,2,14.9,13.91,SGD,False,,
drv_nurul_sg_14,Nurul Aisyah,stabilizer,L,2025-11-21,2025-11,2025-W47,Friday,146.34,29.27,9.84,126.91,19,9.4,10.9,0.97,0,13.5,6.68,SGD,False,,
drv_nurul_sg_14,Nurul Aisyah,stabilizer,L,2025-11-22,2025-11,2025-W47,Saturday,198.25,39.65,0.0,158.6,22,10.8,12.7,0.72,0,14.69,7.21,SGD,False,,
drv_nurul_sg_14,Nurul Aisyah,stabilizer,L,2025-11-23,2025-11,2025-W47,Sunday,0,0,0,0,0,0,0,0,0,0,0,SGD,True,,rest_day
drv_nurul_sg_14,Nurul Aisyah,stabilizer,L,2025-11-24,2025-11,2025-W48,Monday,127.89,25.58,9.18,111.49,8,9.0,9.9,0.86,3,12.39,13.94,SGD,False,,
drv_nurul_sg_14,Nurul Aisyah,stabilizer,L,2025-11-25,2025-11,2025-W48,Tuesday,131.19,26.24,4.36,109.31,23,7.3,8.8,0.93,1,14.97,4.75,SGD,False,,
drv_nurul_sg_14,Nurul Aisyah,stabilizer,L,2025-11-26,2025-11,2025-W48,Wednesday,116.38,23.28,5.55,98.65,20,7.4,9.4,0.89,2,13.33,4.93,SGD,False,,
drv_nurul_sg_14,Nurul Aisyah,stabilizer,L,2025-11-27,2025-11,2025-W48,Thursday,116.63,23.33,0.0,93.3,18,11.8,13.0,0.93,1,7.91,5.18,SGD,False,,
drv_nurul_sg_14,Nurul Aisyah,stabilizer,L,2025-11-28,2025-11,2025-W48,Friday,199.72,39.94,16.29,176.07,19,6.7,9.0,0.88,2,26.28,9.27,SGD,False,,
drv_nurul_sg_14,Nurul Aisyah,stabilizer,L,2025-11-29,2025-11,2025-W48,Saturday,218.24,43.65,18.75,193.34,21,6.0,6.6,0.82,2,32.22,9.21,SGD,False,,
drv_nurul_sg_14,Nurul Aisyah,stabilizer,L,2025-11-30,2025-11,2025-W48,Sunday,0,0,0,0,0,0,0,0,0,0,0,SGD,True,,rest_day
drv_nurul_sg_14,Nurul Aisyah,stabilizer,L,2025-12-01,2025-12,2025-W49,Monday,141.41,28.28,0.0,113.13,19,8.9,10.1,0.74,1,12.71,5.95,SGD,False,,
drv_nurul_sg_14,Nurul Aisyah,stabilizer,L,2025-12-02,2025-12,2025-W49,Tuesday,141.58,28.32,9.69,122.95,24,7.3,8.7,0.9,3,16.84,5.12,SGD,False,,
drv_nurul_sg_14,Nurul Aisyah,stabilizer,L,2025-12-03,2025-12,2025-W49,Wednesday,148.55,29.71,0.0,118.84,8,12.0,14.0,0.77,0,9.9,14.86,SGD,False,,
drv_nurul_sg_14,Nurul Aisyah,stabilizer,L,2025-12-04,2025-12,2025-W49,Thursday,154.25,30.85,0.0,123.4,11,9.1,10.8,0.94,2,13.56,11.22,SGD,False,,
drv_nurul_sg_14,Nurul Aisyah,stabilizer,L,2025-12-05,2025-12,2025-W49,Friday,205.49,41.1,0.0,164.39,8,9.5,11.7,0.87,0,17.3,20.55,SGD,False,,
drv_nurul_sg_14,Nurul Aisyah,stabilizer,L,2025-12-06,2025-12,2025-W49,Saturday,171.51,34.3,0.0,137.21,11,6.3,7.4,0.9,3,21.78,12.47,SGD,False,,
drv_nurul_sg_14,Nurul Aisyah,stabilizer,L,2025-12-07,2025-12,2025-W49,Sunday,0,0,0,0,0,0,0,0,0,0,0,SGD,True,,rest_day
drv_nurul_sg_14,Nurul Aisyah,stabilizer,L,2025-12-08,2025-12,2025-W50,Monday,123.19,24.64,0.0,98.55,9,8.9,11.0,0.86,2,11.07,10.95,SGD,False,,
drv_nurul_sg_14,Nurul Aisyah,stabilizer,L,2025-12-09,2025-12,2025-W50,Tuesday,139.83,27.97,11.41,123.27,9,11.9,13.4,0.76,3,10.36,13.7,SGD,False,,
drv_nurul_sg_14,Nurul Aisyah,stabilizer,L,2025-12-10,2025-12,2025-W50,Wednesday,168.93,33.79,0.0,135.14,21,8.2,9.4,0.72,1,16.48,6.44,SGD,False,,
drv_nurul_sg_14,Nurul Aisyah,stabilizer,L,2025-12-11,2025-12,2025-W50,Thursday,128.56,25.71,0.0,102.85,9,8.6,9.8,0.86,3,11.96,11.43,SGD,False,,
drv_nurul_sg_14,Nurul Aisyah,stabilizer,L,2025-12-12,2025-12,2025-W50,Friday,171.55,34.31,0.0,137.24,9,7.1,8.8,0.83,3,19.33,15.25,SGD,False,,
drv_nurul_sg_14,Nurul Aisyah,stabilizer,L,2025-12-13,2025-12,2025-W50,Saturday,185.07,37.01,12.12,160.18,21,8.2,8.7,0.93,3,19.53,7.63,SGD,False,,
drv_nurul_sg_14,Nurul Aisyah,stabilizer,L,2025-12-14,2025-12,2025-W50,Sunday,0,0,0,0,0,0,0,0,0,0,0,SGD,True,,rest_day
drv_nurul_sg_14,Nurul Aisyah,stabilizer,L,2025-12-15,2025-12,2025-W51,Monday,105.46,21.09,0.0,84.37,11,9.9,11.3,0.89,3,8.52,7.67,SGD,False,,
drv_nurul_sg_14,Nurul Aisyah,stabilizer,L,2025-12-16,2025-12,2025-W51,Tuesday,137.88,27.58,0.0,110.3,23,10.3,12.7,0.86,2,10.71,4.8,SGD,False,,
drv_nurul_sg_14,Nurul Aisyah,stabilizer,L,2025-12-17,2025-12,2025-W51,Wednesday,146.69,29.34,6.31,123.66,13,7.1,9.1,0.78,0,17.42,9.51,SGD,False,,
drv_nurul_sg_14,Nurul Aisyah,stabilizer,L,2025-12-18,2025-12,2025-W51,Thursday,172.3,34.46,9.65,147.49,17,10.0,12.6,0.83,1,14.75,8.68,SGD,False,,
drv_nurul_sg_14,Nurul Aisyah,stabilizer,L,2025-12-19,2025-12,2025-W51,Friday,158.66,31.73,0.0,126.93,19,7.5,10.0,0.84,3,16.92,6.68,SGD,False,,
drv_nurul_sg_14,Nurul Aisyah,stabilizer,L,2025-12-20,2025-12,2025-W51,Saturday,155.48,31.1,0.0,124.38,13,9.7,10.6,0.78,2,12.82,9.57,SGD,False,,
drv_nurul_sg_14,Nurul Aisyah,stabilizer,L,2025-12-21,2025-12,2025-W51,Sunday,0,0,0,0,0,0,0,0,0,0,0,SGD,True,,rest_day
drv_nurul_sg_14,Nurul Aisyah,stabilizer,L,2025-12-22,2025-12,2025-W52,Monday,180.03,36.01,0.0,144.02,16,9.3,10.3,0.92,2,15.49,9.0,SGD,False,Year-End Peak,
drv_nurul_sg_14,Nurul Aisyah,stabilizer,L,2025-12-23,2025-12,2025-W52,Tuesday,133.94,26.79,0.0,107.15,20,10.7,11.3,0.93,3,10.01,5.36,SGD,False,Year-End Peak,
drv_nurul_sg_14,Nurul Aisyah,stabilizer,L,2025-12-24,2025-12,2025-W52,Wednesday,118.59,23.72,0.0,94.87,14,6.4,7.5,0.88,2,14.82,6.78,SGD,False,Year-End Peak,
drv_nurul_sg_14,Nurul Aisyah,stabilizer,L,2025-12-25,2025-12,2025-W52,Thursday,148.96,29.79,8.99,128.16,12,9.7,11.2,0.89,0,13.21,10.68,SGD,False,Year-End Peak,
drv_nurul_sg_14,Nurul Aisyah,stabilizer,L,2025-12-26,2025-12,2025-W52,Friday,215.96,43.19,13.56,186.33,12,10.0,11.4,0.82,2,18.63,15.53,SGD,False,Year-End Peak,
drv_nurul_sg_14,Nurul Aisyah,stabilizer,L,2025-12-27,2025-12,2025-W52,Saturday,183.94,36.79,0.0,147.15,13,8.9,10.6,0.74,1,16.53,11.32,SGD,False,Year-End Peak,
drv_nurul_sg_14,Nurul Aisyah,stabilizer,L,2025-12-28,2025-12,2025-W52,Sunday,0,0,0,0,0,0,0,0,0,0,0,SGD,True,Year-End Peak,rest_day
drv_nurul_sg_14,Nurul Aisyah,stabilizer,L,2025-12-29,2025-12,2026-W01,Monday,166.25,33.25,0.0,133.0,13,10.7,13.3,0.79,3,12.43,10.23,SGD,False,Year-End Peak,
drv_nurul_sg_14,Nurul Aisyah,stabilizer,L,2025-12-30,2025-12,2026-W01,Tuesday,183.38,36.68,7.42,154.12,13,9.2,10.2,0.96,0,16.75,11.86,SGD,False,Year-End Peak,
drv_nurul_sg_14,Nurul Aisyah,stabilizer,L,2025-12-31,2025-12,2026-W01,Wednesday,139.18,27.84,0.0,111.34,20,7.8,9.2,0.75,3,14.27,5.57,SGD,False,Year-End Peak,
drv_nurul_sg_14,Nurul Aisyah,stabilizer,L,2026-01-01,2026-01,2026-W01,Thursday,100.94,20.19,0.0,80.75,16,8.5,9.1,0.85,0,9.5,5.05,SGD,False,Year-End Peak,
drv_nurul_sg_14,Nurul Aisyah,stabilizer,L,2026-01-02,2026-01,2026-W01,Friday,191.25,38.25,13.45,166.45,15,6.8,8.0,0.9,1,24.48,11.1,SGD,False,Year-End Peak,
drv_nurul_sg_14,Nurul Aisyah,stabilizer,L,2026-01-03,2026-01,2026-W01,Saturday,0,0,0,0,0,0,0,0,0,0,0,SGD,False,,illness
drv_nurul_sg_14,Nurul Aisyah,stabilizer,L,2026-01-04,2026-01,2026-W01,Sunday,0,0,0,0,0,0,0,0,0,0,0,SGD,True,,rest_day
drv_nurul_sg_14,Nurul Aisyah,stabilizer,L,2026-01-05,2026-01,2026-W02,Monday,0,0,0,0,0,0,0,0,0,0,0,SGD,False,,illness
drv_nurul_sg_14,Nurul Aisyah,stabilizer,L,2026-01-06,2026-01,2026-W02,Tuesday,0,0,0,0,0,0,0,0,0,0,0,SGD,False,,illness
drv_nurul_sg_14,Nurul Aisyah,stabilizer,L,2026-01-07,2026-01,2026-W02,Wednesday,0,0,0,0,0,0,0,0,0,0,0,SGD,False,,illness
drv_nurul_sg_14,Nurul Aisyah,stabilizer,L,2026-01-08,2026-01,2026-W02,Thursday,0,0,0,0,0,0,0,0,0,0,0,SGD,False,,illness
drv_nurul_sg_14,Nurul Aisyah,stabilizer,L,2026-01-09,2026-01,2026-W02,Friday,0,0,0,0,0,0,0,0,0,0,0,SGD,False,,illness
drv_nurul_sg_14,Nurul Aisyah,stabilizer,L,2026-01-10,2026-01,2026-W02,Saturday,0,0,0,0,0,0,0,0,0,0,0,SGD,False,,illness
drv_nurul_sg_14,Nurul Aisyah,stabilizer,L,2026-01-11,2026-01,2026-W02,Sunday,0,0,0,0,0,0,0,0,0,0,0,SGD,True,,rest_day
drv_nurul_sg_14,Nurul Aisyah,stabilizer,L,2026-01-12,2026-01,2026-W03,Monday,100.02,20.0,0.0,80.02,23,11.8,13.8,0.8,1,6.78,3.48,SGD,False,,
drv_nurul_sg_14,Nurul Aisyah,stabilizer,L,2026-01-13,2026-01,2026-W03,Tuesday,127.82,25.56,10.16,112.42,10,6.4,7.5,0.88,0,17.57,11.24,SGD,False,,
drv_nurul_sg_14,Nurul Aisyah,stabilizer,L,2026-01-14,2026-01,2026-W03,Wednesday,115.68,23.14,0.0,92.54,9,9.2,11.9,0.82,0,10.06,10.28,SGD,False,,
drv_nurul_sg_14,Nurul Aisyah,stabilizer,L,2026-01-15,2026-01,2026-W03,Thursday,145.77,29.15,11.21,127.83,14,10.9,12.6,0.95,0,11.73,9.13,SGD,False,,
drv_nurul_sg_14,Nurul Aisyah,stabilizer,L,2026-01-16,2026-01,2026-W03,Friday,88.45,17.69,0.0,70.76,19,9.7,11.5,0.74,3,7.29,3.72,SGD,False,,
drv_nurul_sg_14,Nurul Aisyah,stabilizer,L,2026-01-17,2026-01,2026-W03,Saturday,184.11,36.82,15.46,162.75,18,9.2,11.7,0.84,3,17.69,9.04,SGD,False,,
drv_nurul_sg_14,Nurul Aisyah,stabilizer,L,2026-01-18,2026-01,2026-W03,Sunday,0,0,0,0,0,0,0,0,0,0,0,SGD,True,,rest_day
drv_nurul_sg_14,Nurul Aisyah,stabilizer,L,2026-01-19,2026-01,2026-W04,Monday,89.66,17.93,3.65,75.38,8,6.7,8.0,0.89,2,11.25,9.42,SGD,False,,
drv_nurul_sg_14,Nurul Aisyah,stabilizer,L,2026-01-20,2026-01,2026-W04,Tuesday,108.04,21.61,5.65,92.08,13,6.5,8.3,0.75,1,14.17,7.08,SGD,False,,
drv_nurul_sg_14,Nurul Aisyah,stabilizer,L,2026-01-21,2026-01,2026-W04,Wednesday,114.53,22.91,0.0,91.62,14,7.5,8.5,0.95,3,12.22,6.54,SGD,False,,
drv_nurul_sg_14,Nurul Aisyah,stabilizer,L,2026-01-22,2026-01,2026-W04,Thursday,169.27,33.85,0.0,135.42,23,6.9,7.3,0.75,2,19.63,5.89,SGD,False,,
drv_nurul_sg_14,Nurul Aisyah,stabilizer,L,2026-01-23,2026-01,2026-W04,Friday,194.26,38.85,0.0,155.41,18,8.7,10.9,0.89,1,17.86,8.63,SGD,False,,
drv_nurul_sg_14,Nurul Aisyah,stabilizer,L,2026-01-24,2026-01,2026-W04,Saturday,101.76,20.35,0.0,81.41,18,11.0,13.7,0.92,2,7.4,4.52,SGD,False,,
drv_nurul_sg_14,Nurul Aisyah,stabilizer,L,2026-01-25,2026-01,2026-W04,Sunday,0,0,0,0,0,0,0,0,0,0,0,SGD,True,,rest_day
drv_nurul_sg_14,Nurul Aisyah,stabilizer,L,2026-01-26,2026-01,2026-W05,Monday,145.51,29.1,0.0,116.41,8,11.7,12.8,0.8,1,9.95,14.55,SGD,False,,
drv_nurul_sg_14,Nurul Aisyah,stabilizer,L,2026-01-27,2026-01,2026-W05,Tuesday,157.9,31.58,11.07,137.39,20,10.9,12.1,0.88,1,12.6,6.87,SGD,False,,
drv_nurul_sg_14,Nurul Aisyah,stabilizer,L,2026-01-28,2026-01,2026-W05,Wednesday,157.48,31.5,8.48,134.46,9,6.3,8.0,0.84,0,21.34,14.94,SGD,False,,
drv_nurul_sg_14,Nurul Aisyah,stabilizer,L,2026-01-29,2026-01,2026-W05,Thursday,142.61,28.52,9.95,124.04,23,7.9,9.4,0.75,2,15.7,5.39,SGD,False,,
drv_nurul_sg_14,Nurul Aisyah,stabilizer,L,2026-01-30,2026-01,2026-W05,Friday,163.5,32.7,11.55,142.35,20,10.8,12.4,0.8,3,13.18,7.12,SGD,False,,
drv_nurul_sg_14,Nurul Aisyah,stabilizer,L,2026-01-31,2026-01,2026-W05,Saturday,145.9,29.18,0.0,116.72,12,11.4,12.0,0.94,2,10.24,9.73,SGD,False,,
drv_nurul_sg_14,Nurul Aisyah,stabilizer,L,2026-02-01,2026-02,2026-W05,Sunday,0,0,0,0,0,0,0,0,0,0,0,SGD,True,,rest_day
drv_nurul_sg_14,Nurul Aisyah,stabilizer,L,2026-02-02,2026-02,2026-W06,Monday,119.79,23.96,0.0,95.83,16,10.2,11.1,0.96,0,9.4,5.99,SGD,False,,
drv_nurul_sg_14,Nurul Aisyah,stabilizer,L,2026-02-03,2026-02,2026-W06,Tuesday,124.66,24.93,0.0,99.73,10,8.7,10.9,0.78,3,11.46,9.97,SGD,False,,
drv_nurul_sg_14,Nurul Aisyah,stabilizer,L,2026-02-04,2026-02,2026-W06,Wednesday,94.67,18.93,7.44,83.18,13,8.0,8.9,0.9,1,10.4,6.4,SGD,False,,
drv_nurul_sg_14,Nurul Aisyah,stabilizer,L,2026-02-05,2026-02,2026-W06,Thursday,126.84,25.37,0.0,101.47,14,10.2,13.4,0.87,3,9.95,7.25,SGD,False,,
drv_nurul_sg_14,Nurul Aisyah,stabilizer,L,2026-02-06,2026-02,2026-W06,Friday,150.89,30.18,0.0,120.71,9,8.3,8.7,0.72,3,14.54,13.41,SGD,False,,
drv_nurul_sg_14,Nurul Aisyah,stabilizer,L,2026-02-07,2026-02,2026-W06,Saturday,220.41,44.08,0.0,176.33,13,11.1,14.4,0.76,2,15.89,13.56,SGD,False,,
drv_nurul_sg_14,Nurul Aisyah,stabilizer,L,2026-02-08,2026-02,2026-W06,Sunday,0,0,0,0,0,0,0,0,0,0,0,SGD,True,,rest_day
drv_nurul_sg_14,Nurul Aisyah,stabilizer,L,2026-02-09,2026-02,2026-W07,Monday,117.13,23.43,6.02,99.72,19,6.8,9.0,0.75,0,14.66,5.25,SGD,False,,
drv_nurul_sg_14,Nurul Aisyah,stabilizer,L,2026-02-10,2026-02,2026-W07,Tuesday,104.94,20.99,0.0,83.95,16,8.2,10.2,0.87,2,10.24,5.25,SGD,False,,
drv_nurul_sg_14,Nurul Aisyah,stabilizer,L,2026-02-11,2026-02,2026-W07,Wednesday,157.84,31.57,0.0,126.27,16,8.2,10.2,0.83,2,15.4,7.89,SGD,False,,
drv_nurul_sg_14,Nurul Aisyah,stabilizer,L,2026-02-12,2026-02,2026-W07,Thursday,160.0,32.0,0.0,128.0,18,10.1,11.7,0.92,2,12.67,7.11,SGD,False,,
drv_nurul_sg_14,Nurul Aisyah,stabilizer,L,2026-02-13,2026-02,2026-W07,Friday,181.28,36.26,9.3,154.32,8,11.5,14.4,0.94,1,13.42,19.29,SGD,False,,
drv_nurul_sg_14,Nurul Aisyah,stabilizer,L,2026-02-14,2026-02,2026-W07,Saturday,176.75,35.35,0.0,141.4,16,6.8,8.0,0.79,2,20.79,8.84,SGD,False,,
drv_nurul_sg_14,Nurul Aisyah,stabilizer,L,2026-02-15,2026-02,2026-W07,Sunday,0,0,0,0,0,0,0,0,0,0,0,SGD,True,Lunar New Year,rest_day
drv_nurul_sg_14,Nurul Aisyah,stabilizer,L,2026-02-16,2026-02,2026-W08,Monday,71.93,14.39,4.36,61.9,21,11.8,13.5,0.79,3,5.25,2.95,SGD,False,Lunar New Year,
drv_nurul_sg_14,Nurul Aisyah,stabilizer,L,2026-02-17,2026-02,2026-W08,Tuesday,77.38,15.48,0.0,61.9,23,11.8,13.0,0.76,2,5.25,2.69,SGD,False,Lunar New Year,
drv_nurul_sg_14,Nurul Aisyah,stabilizer,L,2026-02-18,2026-02,2026-W08,Wednesday,65.91,13.18,0.0,52.73,22,11.4,13.8,0.78,2,4.63,2.4,SGD,False,Lunar New Year,
drv_nurul_sg_14,Nurul Aisyah,stabilizer,L,2026-02-19,2026-02,2026-W08,Thursday,105.67,21.13,0.0,84.54,14,8.8,11.2,0.82,1,9.61,6.04,SGD,False,Lunar New Year,
drv_nurul_sg_14,Nurul Aisyah,stabilizer,L,2026-02-20,2026-02,2026-W08,Friday,166.69,33.34,8.84,142.19,23,6.6,8.7,0.83,2,21.54,6.18,SGD,False,,
drv_nurul_sg_14,Nurul Aisyah,stabilizer,L,2026-02-21,2026-02,2026-W08,Saturday,144.21,28.84,0.0,115.37,10,8.0,8.7,0.79,1,14.42,11.54,SGD,False,,
drv_nurul_sg_14,Nurul Aisyah,stabilizer,L,2026-02-22,2026-02,2026-W08,Sunday,0,0,0,0,0,0,0,0,0,0,0,SGD,True,,rest_day
drv_nurul_sg_14,Nurul Aisyah,stabilizer,L,2026-02-23,2026-02,2026-W09,Monday,126.53,25.31,10.36,111.58,21,11.2,14.2,0.82,0,9.96,5.31,SGD,False,,
drv_nurul_sg_14,Nurul Aisyah,stabilizer,L,2026-02-24,2026-02,2026-W09,Tuesday,121.58,24.32,7.81,105.07,21,7.8,9.2,0.92,1,13.47,5.0,SGD,False,,
drv_nurul_sg_14,Nurul Aisyah,stabilizer,L,2026-02-25,2026-02,2026-W09,Wednesday,144.26,28.85,0.0,115.41,18,8.6,10.2,0.84,1,13.42,6.41,SGD,False,,
drv_nurul_sg_14,Nurul Aisyah,stabilizer,L,2026-02-26,2026-02,2026-W09,Thursday,124.56,24.91,0.0,99.65,24,11.6,15.0,0.85,3,8.59,4.15,SGD,False,,
drv_nurul_sg_14,Nurul Aisyah,stabilizer,L,2026-02-27,2026-02,2026-W09,Friday,161.12,32.22,12.12,141.02,17,10.8,11.4,0.84,3,13.06,8.3,SGD,False,,
drv_nurul_sg_14,Nurul Aisyah,stabilizer,L,2026-02-28,2026-02,2026-W09,Saturday,182.58,36.52,8.85,154.91,19,10.1,12.7,0.83,1,15.34,8.15,SGD,False,,
drv_nurul_sg_14,Nurul Aisyah,stabilizer,L,2026-03-01,2026-03,2026-W09,Sunday,0,0,0,0,0,0,0,0,0,0,0,SGD,True,,rest_day
drv_nurul_sg_14,Nurul Aisyah,stabilizer,L,2026-03-02,2026-03,2026-W10,Monday,136.4,27.28,6.47,115.59,14,7.8,9.8,0.76,0,14.82,8.26,SGD,False,,
drv_nurul_sg_14,Nurul Aisyah,stabilizer,L,2026-03-03,2026-03,2026-W10,Tuesday,156.97,31.39,0.0,125.58,10,10.6,13.0,0.79,0,11.85,12.56,SGD,False,,
drv_nurul_sg_14,Nurul Aisyah,stabilizer,L,2026-03-04,2026-03,2026-W10,Wednesday,159.53,31.91,0.0,127.62,19,10.0,12.6,0.87,0,12.76,6.72,SGD,False,,
drv_nurul_sg_14,Nurul Aisyah,stabilizer,L,2026-03-05,2026-03,2026-W10,Thursday,138.79,27.76,10.32,121.35,17,10.5,12.2,0.82,3,11.56,7.14,SGD,False,,
drv_nurul_sg_14,Nurul Aisyah,stabilizer,L,2026-03-06,2026-03,2026-W10,Friday,163.05,32.61,0.0,130.44,13,11.4,12.4,0.89,2,11.44,10.03,SGD,False,,
drv_nurul_sg_14,Nurul Aisyah,stabilizer,L,2026-03-07,2026-03,2026-W10,Saturday,97.55,19.51,5.17,83.21,22,11.3,13.1,0.78,2,7.36,3.78,SGD,False,,
drv_nurul_sg_14,Nurul Aisyah,stabilizer,L,2026-03-08,2026-03,2026-W10,Sunday,0,0,0,0,0,0,0,0,0,0,0,SGD,True,,rest_day
drv_nurul_sg_14,Nurul Aisyah,stabilizer,L,2026-03-09,2026-03,2026-W11,Monday,70.53,14.11,5.02,61.44,8,11.8,15.7,0.75,0,5.21,7.68,SGD,False,,
drv_nurul_sg_14,Nurul Aisyah,stabilizer,L,2026-03-10,2026-03,2026-W11,Tuesday,149.03,29.81,0.0,119.22,15,11.7,15.2,0.94,0,10.19,7.95,SGD,False,,
drv_nurul_sg_14,Nurul Aisyah,stabilizer,L,2026-03-11,2026-03,2026-W11,Wednesday,149.96,29.99,9.06,129.03,19,8.5,9.3,0.8,0,15.18,6.79,SGD,False,,
drv_nurul_sg_14,Nurul Aisyah,stabilizer,L,2026-03-12,2026-03,2026-W11,Thursday,133.01,26.6,0.0,106.41,9,9.6,11.4,0.78,2,11.08,11.82,SGD,False,,
drv_nurul_sg_14,Nurul Aisyah,stabilizer,L,2026-03-13,2026-03,2026-W11,Friday,168.96,33.79,6.4,141.57,21,7.1,8.5,0.82,1,19.94,6.74,SGD,False,,
drv_nurul_sg_14,Nurul Aisyah,stabilizer,L,2026-03-14,2026-03,2026-W11,Saturday,170.84,34.17,8.26,144.93,8,7.9,10.5,0.9,0,18.35,18.12,SGD,False,,
drv_nurul_sg_14,Nurul Aisyah,stabilizer,L,2026-03-15,2026-03,2026-W11,Sunday,0,0,0,0,0,0,0,0,0,0,0,SGD,True,,rest_day
drv_nurul_sg_14,Nurul Aisyah,stabilizer,L,2026-03-16,2026-03,2026-W12,Monday,111.35,22.27,0.0,89.08,11,10.1,11.4,0.78,1,8.82,8.1,SGD,False,,
drv_nurul_sg_14,Nurul Aisyah,stabilizer,L,2026-03-17,2026-03,2026-W12,Tuesday,129.58,25.92,0.0,103.66,21,8.3,9.4,0.81,2,12.49,4.94,SGD,False,,
drv_nurul_sg_14,Nurul Aisyah,stabilizer,L,2026-03-18,2026-03,2026-W12,Wednesday,150.71,30.14,0.0,120.57,20,10.1,11.0,0.82,0,11.94,6.03,SGD,False,,
drv_nurul_sg_14,Nurul Aisyah,stabilizer,L,2026-03-19,2026-03,2026-W12,Thursday,140.83,28.17,0.0,112.66,14,9.5,12.4,0.96,0,11.86,8.05,SGD,False,,
drv_nurul_sg_14,Nurul Aisyah,stabilizer,L,2026-03-20,2026-03,2026-W12,Friday,171.49,34.3,0.0,137.19,19,8.1,9.1,0.89,3,16.94,7.22,SGD,False,,
drv_nurul_sg_14,Nurul Aisyah,stabilizer,L,2026-03-21,2026-03,2026-W12,Saturday,170.99,34.2,0.0,136.79,15,9.5,11.6,0.95,0,14.4,9.12,SGD,False,,
drv_nurul_sg_14,Nurul Aisyah,stabilizer,L,2026-03-22,2026-03,2026-W12,Sunday,0,0,0,0,0,0,0,0,0,0,0,SGD,True,,rest_day
drv_nurul_sg_14,Nurul Aisyah,stabilizer,L,2026-03-23,2026-03,2026-W13,Monday,119.83,23.97,6.41,102.27,18,8.9,11.2,0.88,2,11.49,5.68,SGD,False,,
drv_nurul_sg_14,Nurul Aisyah,stabilizer,L,2026-03-24,2026-03,2026-W13,Tuesday,105.37,21.07,0.0,84.3,9,10.6,13.7,0.87,0,7.95,9.37,SGD,False,,
drv_nurul_sg_14,Nurul Aisyah,stabilizer,L,2026-03-25,2026-03,2026-W13,Wednesday,128.44,25.69,10.49,113.24,10,11.9,13.1,0.77,0,9.52,11.32,SGD,False,,
drv_nurul_sg_14,Nurul Aisyah,stabilizer,L,2026-03-26,2026-03,2026-W13,Thursday,154.5,30.9,0.0,123.6,15,8.9,10.5,0.81,0,13.89,8.24,SGD,False,,
drv_nurul_sg_14,Nurul Aisyah,stabilizer,L,2026-03-27,2026-03,2026-W13,Friday,160.71,32.14,6.87,135.44,15,11.3,12.0,0.89,0,11.99,9.03,SGD,False,,
drv_nurul_sg_14,Nurul Aisyah,stabilizer,L,2026-03-28,2026-03,2026-W13,Saturday,185.2,37.04,0.0,148.16,18,9.5,10.2,0.95,2,15.6,8.23,SGD,False,,
drv_nurul_sg_14,Nurul Aisyah,stabilizer,L,2026-03-29,2026-03,2026-W13,Sunday,0,0,0,0,0,0,0,0,0,0,0,SGD,True,,rest_day
drv_nurul_sg_14,Nurul Aisyah,stabilizer,L,2026-03-30,2026-03,2026-W14,Monday,102.48,20.5,8.81,90.79,20,6.9,8.2,0.74,2,13.16,4.54,SGD,False,,
drv_nurul_sg_14,Nurul Aisyah,stabilizer,L,2026-03-31,2026-03,2026-W14,Tuesday,135.37,27.07,0.0,108.3,8,11.0,13.8,0.82,0,9.85,13.54,SGD,False,,
drv_nurul_sg_14,Nurul Aisyah,stabilizer,L,2026-04-01,2026-04,2026-W14,Wednesday,166.73,33.35,0.0,133.38,22,6.6,7.9,0.92,2,20.21,6.06,SGD,False,,
drv_nurul_sg_14,Nurul Aisyah,stabilizer,L,2026-04-02,2026-04,2026-W14,Thursday,148.23,29.65,0.0,118.58,14,7.8,8.7,0.95,0,15.2,8.47,SGD,False,,
drv_nurul_sg_14,Nurul Aisyah,stabilizer,L,2026-04-03,2026-04,2026-W14,Friday,187.48,37.5,0.0,149.98,11,8.0,10.4,0.9,0,18.75,13.63,SGD,False,,
drv_nurul_sg_14,Nurul Aisyah,stabilizer,L,2026-04-04,2026-04,2026-W14,Saturday,158.72,31.74,0.0,126.98,9,10.4,12.2,0.82,3,12.21,14.11,SGD,False,,
drv_nurul_sg_14,Nurul Aisyah,stabilizer,L,2026-04-05,2026-04,2026-W14,Sunday,0,0,0,0,0,0,0,0,0,0,0,SGD,True,,rest_day
drv_nurul_sg_14,Nurul Aisyah,stabilizer,L,2026-04-06,2026-04,2026-W15,Monday,99.03,19.81,3.91,83.13,17,11.7,15.0,0.85,0,7.11,4.89,SGD,False,,
drv_nurul_sg_14,Nurul Aisyah,stabilizer,L,2026-04-07,2026-04,2026-W15,Tuesday,111.83,22.37,0.0,89.46,22,9.5,10.9,0.85,3,9.42,4.07,SGD,False,,
drv_nurul_sg_14,Nurul Aisyah,stabilizer,L,2026-04-08,2026-04,2026-W15,Wednesday,88.77,17.75,7.28,78.3,19,8.6,10.4,0.81,3,9.1,4.12,SGD,False,,
drv_nurul_sg_14,Nurul Aisyah,stabilizer,L,2026-04-09,2026-04,2026-W15,Thursday,172.77,34.55,12.17,150.39,16,8.6,9.2,0.86,0,17.49,9.4,SGD,False,,
drv_nurul_sg_14,Nurul Aisyah,stabilizer,L,2026-04-10,2026-04,2026-W15,Friday,180.21,36.04,14.0,158.17,17,6.5,8.4,0.92,1,24.33,9.3,SGD,False,,
drv_nurul_sg_14,Nurul Aisyah,stabilizer,L,2026-04-11,2026-04,2026-W15,Saturday,163.46,32.69,0.0,130.77,18,11.5,12.2,0.76,0,11.37,7.27,SGD,False,,
drv_nurul_sg_14,Nurul Aisyah,stabilizer,L,2026-04-12,2026-04,2026-W15,Sunday,0,0,0,0,0,0,0,0,0,0,0,SGD,True,,rest_day
drv_nurul_sg_14,Nurul Aisyah,stabilizer,L,2026-04-13,2026-04,2026-W16,Monday,103.5,20.7,0.0,82.8,14,6.4,7.7,0.97,1,12.94,5.91,SGD,False,,
drv_nurul_sg_14,Nurul Aisyah,stabilizer,L,2026-04-14,2026-04,2026-W16,Tuesday,121.82,24.36,0.0,97.46,15,9.0,9.7,0.85,3,10.83,6.5,SGD,False,,
drv_nurul_sg_14,Nurul Aisyah,stabilizer,L,2026-04-15,2026-04,2026-W16,Wednesday,119.92,23.98,9.54,105.48,22,7.5,9.8,0.88,0,14.06,4.79,SGD,False,,
drv_nurul_sg_14,Nurul Aisyah,stabilizer,L,2026-04-16,2026-04,2026-W16,Thursday,173.4,34.68,11.4,150.12,24,7.1,8.8,0.79,2,21.14,6.25,SGD,False,,
drv_nurul_sg_14,Nurul Aisyah,stabilizer,L,2026-04-17,2026-04,2026-W16,Friday,195.51,39.1,0.0,156.41,20,7.5,8.7,0.75,3,20.85,7.82,SGD,False,,
drv_nurul_sg_14,Nurul Aisyah,stabilizer,L,2026-04-18,2026-04,2026-W16,Saturday,207.29,41.46,0.0,165.83,16,8.8,11.0,0.91,1,18.84,10.36,SGD,False,,
drv_nurul_sg_14,Nurul Aisyah,stabilizer,L,2026-04-19,2026-04,2026-W16,Sunday,0,0,0,0,0,0,0,0,0,0,0,SGD,True,,rest_day
drv_nurul_sg_14,Nurul Aisyah,stabilizer,L,2026-04-20,2026-04,2026-W17,Monday,95.05,19.01,6.66,82.7,17,11.3,13.4,0.78,1,7.32,4.86,SGD,False,,
drv_nurul_sg_14,Nurul Aisyah,stabilizer,L,2026-04-21,2026-04,2026-W17,Tuesday,145.66,29.13,0.0,116.53,19,8.2,10.8,0.92,1,14.21,6.13,SGD,False,,
drv_nurul_sg_14,Nurul Aisyah,stabilizer,L,2026-04-22,2026-04,2026-W17,Wednesday,155.74,31.15,0.0,124.59,15,7.8,9.5,0.88,0,15.97,8.31,SGD,False,,
drv_nurul_sg_14,Nurul Aisyah,stabilizer,L,2026-04-23,2026-04,2026-W17,Thursday,132.63,26.53,0.0,106.1,20,11.5,14.3,0.73,3,9.23,5.3,SGD,False,,
drv_nurul_sg_14,Nurul Aisyah,stabilizer,L,2026-04-24,2026-04,2026-W17,Friday,152.4,30.48,0.0,121.92,24,8.5,11.1,0.93,2,14.34,5.08,SGD,False,,
drv_nurul_sg_14,Nurul Aisyah,stabilizer,L,2026-04-25,2026-04,2026-W17,Saturday,151.16,30.23,0.0,120.93,21,10.0,10.8,0.78,3,12.09,5.76,SGD,False,,
drv_nurul_sg_14,Nurul Aisyah,stabilizer,L,2026-04-26,2026-04,2026-W17,Sunday,0,0,0,0,0,0,0,0,0,0,0,SGD,True,,rest_day
drv_nurul_sg_14,Nurul Aisyah,stabilizer,L,2026-04-27,2026-04,2026-W18,Monday,132.43,26.49,4.54,110.48,20,6.4,8.0,0.9,3,17.26,5.52,SGD,False,,
drv_nurul_sg_14,Nurul Aisyah,stabilizer,L,2026-04-28,2026-04,2026-W18,Tuesday,116.74,23.35,9.76,103.15,18,10.7,12.7,0.75,2,9.64,5.73,SGD,False,,
drv_nurul_sg_14,Nurul Aisyah,stabilizer,L,2026-04-29,2026-04,2026-W18,Wednesday,146.54,29.31,0.0,117.23,15,7.2,8.5,0.92,0,16.28,7.82,SGD,False,,
drv_nurul_sg_14,Nurul Aisyah,stabilizer,L,2026-04-30,2026-04,2026-W18,Thursday,128.63,25.73,9.51,112.41,16,8.1,9.6,0.86,1,13.88,7.03,SGD,False,,
drv_nurul_sg_14,Nurul Aisyah,stabilizer,L,2026-05-01,2026-05,2026-W18,Friday,195.49,39.1,11.28,167.67,14,6.4,8.4,0.89,0,26.2,11.98,SGD,False,,
drv_nurul_sg_14,Nurul Aisyah,stabilizer,L,2026-05-02,2026-05,2026-W18,Saturday,82.3,16.46,0.0,65.84,15,8.1,9.9,0.93,2,8.13,4.39,SGD,False,,
drv_nurul_sg_14,Nurul Aisyah,stabilizer,L,2026-05-03,2026-05,2026-W18,Sunday,0,0,0,0,0,0,0,0,0,0,0,SGD,True,,rest_day
drv_nurul_sg_14,Nurul Aisyah,stabilizer,L,2026-05-04,2026-05,2026-W19,Monday,125.85,25.17,0.0,100.68,12,11.5,13.8,0.85,2,8.75,8.39,SGD,False,,
drv_nurul_sg_14,Nurul Aisyah,stabilizer,L,2026-05-05,2026-05,2026-W19,Tuesday,111.54,22.31,8.99,98.22,11,10.7,11.9,0.82,1,9.18,8.93,SGD,False,,
drv_nurul_sg_14,Nurul Aisyah,stabilizer,L,2026-05-06,2026-05,2026-W19,Wednesday,148.44,29.69,0.0,118.75,12,11.4,13.3,0.81,3,10.42,9.9,SGD,False,,
drv_nurul_sg_14,Nurul Aisyah,stabilizer,L,2026-05-07,2026-05,2026-W19,Thursday,175.36,35.07,8.26,148.55,18,8.0,8.8,0.84,2,18.57,8.25,SGD,False,,
drv_nurul_sg_14,Nurul Aisyah,stabilizer,L,2026-05-08,2026-05,2026-W19,Friday,138.93,27.79,0.0,111.14,12,12.0,13.0,0.85,3,9.26,9.26,SGD,False,,
drv_nurul_sg_14,Nurul Aisyah,stabilizer,L,2026-05-09,2026-05,2026-W19,Saturday,167.87,33.57,0.0,134.3,17,7.8,8.3,0.91,2,17.22,7.9,SGD,False,,
drv_nurul_sg_14,Nurul Aisyah,stabilizer,L,2026-05-10,2026-05,2026-W19,Sunday,0,0,0,0,0,0,0,0,0,0,0,SGD,True,,rest_day
drv_nurul_sg_14,Nurul Aisyah,stabilizer,L,2026-05-11,2026-05,2026-W20,Monday,137.13,27.43,0.0,109.7,12,9.3,12.0,0.81,1,11.8,9.14,SGD,False,,
drv_nurul_sg_14,Nurul Aisyah,stabilizer,L,2026-05-12,2026-05,2026-W20,Tuesday,133.21,26.64,0.0,106.57,10,8.8,9.7,0.73,2,12.11,10.66,SGD,False,,
drv_nurul_sg_14,Nurul Aisyah,stabilizer,L,2026-05-13,2026-05,2026-W20,Wednesday,128.48,25.7,0.0,102.78,16,9.1,11.9,0.96,0,11.29,6.42,SGD,False,,
drv_nurul_sg_14,Nurul Aisyah,stabilizer,L,2026-05-14,2026-05,2026-W20,Thursday,144.9,28.98,0.0,115.92,24,9.7,11.4,0.81,2,11.95,4.83,SGD,False,,
drv_nurul_sg_14,Nurul Aisyah,stabilizer,L,2026-05-15,2026-05,2026-W20,Friday,145.45,29.09,0.0,116.36,19,11.9,14.1,0.78,1,9.78,6.12,SGD,False,,
drv_daniel_sg_15,Daniel Goh,firefighter,L,2024-11-16,2024-11,2024-W46,Saturday,101.58,20.32,0.0,81.26,15,11.4,12.4,0.79,2,7.13,5.42,SGD,False,,
drv_daniel_sg_15,Daniel Goh,firefighter,L,2024-11-17,2024-11,2024-W46,Sunday,98.94,19.79,6.63,85.78,14,9.6,11.2,0.81,0,8.94,6.13,SGD,False,,
drv_daniel_sg_15,Daniel Goh,firefighter,L,2024-11-18,2024-11,2024-W47,Monday,97.76,19.55,0.0,78.21,18,7.6,8.6,0.95,2,10.29,4.34,SGD,False,,
drv_daniel_sg_15,Daniel Goh,firefighter,L,2024-11-19,2024-11,2024-W47,Tuesday,139.96,27.99,0.0,111.97,16,11.1,12.0,0.85,3,10.09,7.0,SGD,False,,
drv_daniel_sg_15,Daniel Goh,firefighter,L,2024-11-20,2024-11,2024-W47,Wednesday,118.93,23.79,8.09,103.23,12,8.0,9.5,0.84,3,12.9,8.6,SGD,False,,
drv_daniel_sg_15,Daniel Goh,firefighter,L,2024-11-21,2024-11,2024-W47,Thursday,0,0,0,0,0,0,0,0,0,0,0,SGD,True,,rest_day
drv_daniel_sg_15,Daniel Goh,firefighter,L,2024-11-22,2024-11,2024-W47,Friday,185.38,37.08,12.71,161.01,19,11.6,14.4,0.82,2,13.88,8.47,SGD,False,,
drv_daniel_sg_15,Daniel Goh,firefighter,L,2024-11-23,2024-11,2024-W47,Saturday,157.5,31.5,0.0,126.0,8,9.8,12.1,0.87,2,12.86,15.75,SGD,False,,
drv_daniel_sg_15,Daniel Goh,firefighter,L,2024-11-24,2024-11,2024-W47,Sunday,140.67,28.13,0.0,112.54,23,8.6,11.4,0.8,3,13.09,4.89,SGD,False,,
drv_daniel_sg_15,Daniel Goh,firefighter,L,2024-11-25,2024-11,2024-W48,Monday,127.47,25.49,0.0,101.98,21,9.3,12.1,0.75,0,10.97,4.86,SGD,False,,
drv_daniel_sg_15,Daniel Goh,firefighter,L,2024-11-26,2024-11,2024-W48,Tuesday,148.31,29.66,0.0,118.65,13,10.1,13.0,0.96,0,11.75,9.13,SGD,False,,
drv_daniel_sg_15,Daniel Goh,firefighter,L,2024-11-27,2024-11,2024-W48,Wednesday,115.52,23.1,0.0,92.42,21,11.2,14.3,0.88,0,8.25,4.4,SGD,False,,
drv_daniel_sg_15,Daniel Goh,firefighter,L,2024-11-28,2024-11,2024-W48,Thursday,0,0,0,0,0,0,0,0,0,0,0,SGD,True,,rest_day
drv_daniel_sg_15,Daniel Goh,firefighter,L,2024-11-29,2024-11,2024-W48,Friday,166.88,33.38,8.83,142.33,10,11.6,14.6,0.91,3,12.27,14.23,SGD,False,,
drv_daniel_sg_15,Daniel Goh,firefighter,L,2024-11-30,2024-11,2024-W48,Saturday,155.6,31.12,12.28,136.76,24,11.2,12.0,0.73,3,12.21,5.7,SGD,False,,
drv_daniel_sg_15,Daniel Goh,firefighter,L,2024-12-01,2024-12,2024-W48,Sunday,134.95,26.99,0.0,107.96,13,10.4,11.4,0.75,1,10.38,8.3,SGD,False,,
drv_daniel_sg_15,Daniel Goh,firefighter,L,2024-12-02,2024-12,2024-W49,Monday,123.14,24.63,8.1,106.61,21,9.2,9.7,0.87,1,11.59,5.08,SGD,False,,
drv_daniel_sg_15,Daniel Goh,firefighter,L,2024-12-03,2024-12,2024-W49,Tuesday,158.94,31.79,0.0,127.15,22,7.0,7.4,0.81,1,18.16,5.78,SGD,False,,
drv_daniel_sg_15,Daniel Goh,firefighter,L,2024-12-04,2024-12,2024-W49,Wednesday,101.04,20.21,0.0,80.83,15,10.1,12.2,0.76,1,8.0,5.39,SGD,False,,
drv_daniel_sg_15,Daniel Goh,firefighter,L,2024-12-05,2024-12,2024-W49,Thursday,0,0,0,0,0,0,0,0,0,0,0,SGD,True,,rest_day
drv_daniel_sg_15,Daniel Goh,firefighter,L,2024-12-06,2024-12,2024-W49,Friday,203.34,40.67,0.0,162.67,16,7.9,10.5,0.95,1,20.59,10.17,SGD,False,,
drv_daniel_sg_15,Daniel Goh,firefighter,L,2024-12-07,2024-12,2024-W49,Saturday,214.69,42.94,15.78,187.53,23,11.8,12.7,0.75,0,15.89,8.15,SGD,False,,
drv_daniel_sg_15,Daniel Goh,firefighter,L,2024-12-08,2024-12,2024-W49,Sunday,96.92,19.38,7.31,84.85,15,9.1,11.6,0.78,1,9.32,5.66,SGD,False,,
drv_daniel_sg_15,Daniel Goh,firefighter,L,2024-12-09,2024-12,2024-W50,Monday,96.18,19.24,0.0,76.94,22,7.9,10.6,0.96,2,9.74,3.5,SGD,False,,
drv_daniel_sg_15,Daniel Goh,firefighter,L,2024-12-10,2024-12,2024-W50,Tuesday,154.24,30.85,0.0,123.39,14,7.8,9.1,0.84,3,15.82,8.81,SGD,False,,
drv_daniel_sg_15,Daniel Goh,firefighter,L,2024-12-11,2024-12,2024-W50,Wednesday,126.65,25.33,7.4,108.72,24,12.0,14.7,0.82,0,9.06,4.53,SGD,False,,
drv_daniel_sg_15,Daniel Goh,firefighter,L,2024-12-12,2024-12,2024-W50,Thursday,0,0,0,0,0,0,0,0,0,0,0,SGD,True,,rest_day
drv_daniel_sg_15,Daniel Goh,firefighter,L,2024-12-13,2024-12,2024-W50,Friday,152.91,30.58,0.0,122.33,20,10.4,11.6,0.87,1,11.76,6.12,SGD,False,,
drv_daniel_sg_15,Daniel Goh,firefighter,L,2024-12-14,2024-12,2024-W50,Saturday,103.94,20.79,0.0,83.15,20,6.4,8.1,0.91,0,12.99,4.16,SGD,False,,
drv_daniel_sg_15,Daniel Goh,firefighter,L,2024-12-15,2024-12,2024-W50,Sunday,76.99,15.4,6.89,68.48,24,8.3,10.9,0.75,1,8.25,2.85,SGD,False,,
drv_daniel_sg_15,Daniel Goh,firefighter,L,2024-12-16,2024-12,2024-W51,Monday,97.18,19.44,7.34,85.08,23,10.1,11.1,0.81,2,8.42,3.7,SGD,False,,
drv_daniel_sg_15,Daniel Goh,firefighter,L,2024-12-17,2024-12,2024-W51,Tuesday,128.15,25.63,9.76,112.28,13,8.3,10.1,0.81,3,13.53,8.64,SGD,False,,
drv_daniel_sg_15,Daniel Goh,firefighter,L,2024-12-18,2024-12,2024-W51,Wednesday,166.32,33.26,0.0,133.06,21,6.8,7.6,0.75,2,19.57,6.34,SGD,False,,
drv_daniel_sg_15,Daniel Goh,firefighter,L,2024-12-19,2024-12,2024-W51,Thursday,0,0,0,0,0,0,0,0,0,0,0,SGD,True,,rest_day
drv_daniel_sg_15,Daniel Goh,firefighter,L,2024-12-20,2024-12,2024-W51,Friday,176.94,35.39,0.0,141.55,23,10.4,12.4,0.92,3,13.61,6.15,SGD,False,,
drv_daniel_sg_15,Daniel Goh,firefighter,L,2024-12-21,2024-12,2024-W51,Saturday,179.23,35.85,0.0,143.38,20,10.5,12.5,0.83,3,13.66,7.17,SGD,False,,
drv_daniel_sg_15,Daniel Goh,firefighter,L,2024-12-22,2024-12,2024-W51,Sunday,181.72,36.34,0.0,145.38,20,9.4,11.8,0.85,3,15.47,7.27,SGD,False,Year-End Peak,
drv_daniel_sg_15,Daniel Goh,firefighter,L,2024-12-23,2024-12,2024-W52,Monday,136.11,27.22,0.0,108.89,15,9.5,11.5,0.95,1,11.46,7.26,SGD,False,Year-End Peak,
drv_daniel_sg_15,Daniel Goh,firefighter,L,2024-12-24,2024-12,2024-W52,Tuesday,134.67,26.93,0.0,107.74,20,9.7,13.1,0.86,1,11.11,5.39,SGD,False,Year-End Peak,
drv_daniel_sg_15,Daniel Goh,firefighter,L,2024-12-25,2024-12,2024-W52,Wednesday,137.89,27.58,0.0,110.31,18,11.9,14.9,0.86,0,9.27,6.13,SGD,False,Year-End Peak,
drv_daniel_sg_15,Daniel Goh,firefighter,L,2024-12-26,2024-12,2024-W52,Thursday,0,0,0,0,0,0,0,0,0,0,0,SGD,True,Year-End Peak,rest_day
drv_daniel_sg_15,Daniel Goh,firefighter,L,2024-12-27,2024-12,2024-W52,Friday,225.86,45.17,0.0,180.69,16,10.9,13.3,0.72,0,16.58,11.29,SGD,False,Year-End Peak,
drv_daniel_sg_15,Daniel Goh,firefighter,L,2024-12-28,2024-12,2024-W52,Saturday,108.4,21.68,0.0,86.72,13,8.2,10.7,0.93,0,10.58,6.67,SGD,False,Year-End Peak,
drv_daniel_sg_15,Daniel Goh,firefighter,L,2024-12-29,2024-12,2024-W52,Sunday,164.6,32.92,0.0,131.68,13,11.4,12.4,0.8,3,11.55,10.13,SGD,False,Year-End Peak,
drv_daniel_sg_15,Daniel Goh,firefighter,L,2024-12-30,2024-12,2025-W01,Monday,167.72,33.54,8.32,142.5,17,8.8,9.7,0.93,3,16.19,8.38,SGD,False,Year-End Peak,
drv_daniel_sg_15,Daniel Goh,firefighter,L,2024-12-31,2024-12,2025-W01,Tuesday,76.31,15.26,0.0,61.05,22,10.8,13.3,0.83,2,5.65,2.77,SGD,False,Year-End Peak,
drv_daniel_sg_15,Daniel Goh,firefighter,L,2025-01-01,2025-01,2025-W01,Wednesday,178.39,35.68,0.0,142.71,15,6.1,8.2,0.87,0,23.4,9.51,SGD,False,Year-End Peak,
drv_daniel_sg_15,Daniel Goh,firefighter,L,2025-01-02,2025-01,2025-W01,Thursday,0,0,0,0,0,0,0,0,0,0,0,SGD,True,Year-End Peak,rest_day
drv_daniel_sg_15,Daniel Goh,firefighter,L,2025-01-03,2025-01,2025-W01,Friday,136.58,27.32,9.57,118.83,10,6.8,7.3,0.85,3,17.48,11.88,SGD,False,,
drv_daniel_sg_15,Daniel Goh,firefighter,L,2025-01-04,2025-01,2025-W01,Saturday,176.81,35.36,0.0,141.45,8,6.3,8.0,0.75,3,22.45,17.68,SGD,False,,
drv_daniel_sg_15,Daniel Goh,firefighter,L,2025-01-05,2025-01,2025-W01,Sunday,177.97,35.59,0.0,142.38,16,8.6,9.5,0.85,1,16.56,8.9,SGD,False,,
drv_daniel_sg_15,Daniel Goh,firefighter,L,2025-01-06,2025-01,2025-W02,Monday,119.73,23.95,0.0,95.78,22,8.4,9.5,0.91,2,11.4,4.35,SGD,False,,
drv_daniel_sg_15,Daniel Goh,firefighter,L,2025-01-07,2025-01,2025-W02,Tuesday,153.77,30.75,6.64,129.66,17,6.5,6.9,0.73,2,19.95,7.63,SGD,False,,
drv_daniel_sg_15,Daniel Goh,firefighter,L,2025-01-08,2025-01,2025-W02,Wednesday,155.27,31.05,0.0,124.22,22,6.9,7.3,0.85,1,18.0,5.65,SGD,False,,
drv_daniel_sg_15,Daniel Goh,firefighter,L,2025-01-09,2025-01,2025-W02,Thursday,0,0,0,0,0,0,0,0,0,0,0,SGD,True,,rest_day
drv_daniel_sg_15,Daniel Goh,firefighter,L,2025-01-10,2025-01,2025-W02,Friday,174.74,34.95,0.0,139.79,10,8.5,11.1,0.79,3,16.45,13.98,SGD,False,,
drv_daniel_sg_15,Daniel Goh,firefighter,L,2025-01-11,2025-01,2025-W02,Saturday,177.64,35.53,0.0,142.11,10,9.4,12.3,0.81,3,15.12,14.21,SGD,False,,
drv_daniel_sg_15,Daniel Goh,firefighter,L,2025-01-12,2025-01,2025-W02,Sunday,175.58,35.12,0.0,140.46,24,6.1,6.5,0.94,1,23.03,5.85,SGD,False,,
drv_daniel_sg_15,Daniel Goh,firefighter,L,2025-01-13,2025-01,2025-W03,Monday,143.38,28.68,0.0,114.7,22,9.7,10.9,0.96,0,11.82,5.21,SGD,False,,
drv_daniel_sg_15,Daniel Goh,firefighter,L,2025-01-14,2025-01,2025-W03,Tuesday,151.08,30.22,0.0,120.86,18,7.7,8.7,0.94,2,15.7,6.71,SGD,False,,
drv_daniel_sg_15,Daniel Goh,firefighter,L,2025-01-15,2025-01,2025-W03,Wednesday,150.29,30.06,0.0,120.23,11,12.0,16.1,0.91,3,10.02,10.93,SGD,False,,
drv_daniel_sg_15,Daniel Goh,firefighter,L,2025-01-16,2025-01,2025-W03,Thursday,0,0,0,0,0,0,0,0,0,0,0,SGD,True,,rest_day
drv_daniel_sg_15,Daniel Goh,firefighter,L,2025-01-17,2025-01,2025-W03,Friday,205.04,41.01,9.87,173.9,23,9.3,11.1,0.86,1,18.7,7.56,SGD,False,,
drv_daniel_sg_15,Daniel Goh,firefighter,L,2025-01-18,2025-01,2025-W03,Saturday,143.48,28.7,0.0,114.78,14,6.3,7.3,0.91,0,18.22,8.2,SGD,False,,
drv_daniel_sg_15,Daniel Goh,firefighter,L,2025-01-19,2025-01,2025-W03,Sunday,144.98,29.0,6.03,122.01,10,9.6,10.5,0.82,2,12.71,12.2,SGD,False,,
drv_daniel_sg_15,Daniel Goh,firefighter,L,2025-01-20,2025-01,2025-W04,Monday,124.19,24.84,0.0,99.35,23,7.9,10.1,0.94,3,12.58,4.32,SGD,False,,
drv_daniel_sg_15,Daniel Goh,firefighter,L,2025-01-21,2025-01,2025-W04,Tuesday,150.64,30.13,9.06,129.57,21,6.3,7.3,0.74,0,20.57,6.17,SGD,False,,
drv_daniel_sg_15,Daniel Goh,firefighter,L,2025-01-22,2025-01,2025-W04,Wednesday,112.06,22.41,5.28,94.93,22,11.4,13.6,0.79,2,8.33,4.32,SGD,False,,
drv_daniel_sg_15,Daniel Goh,firefighter,L,2025-01-23,2025-01,2025-W04,Thursday,0,0,0,0,0,0,0,0,0,0,0,SGD,True,,rest_day
drv_daniel_sg_15,Daniel Goh,firefighter,L,2025-01-24,2025-01,2025-W04,Friday,166.68,33.34,9.62,142.96,15,8.5,9.1,0.78,3,16.82,9.53,SGD,False,,
drv_daniel_sg_15,Daniel Goh,firefighter,L,2025-01-25,2025-01,2025-W04,Saturday,197.58,39.52,0.0,158.06,13,6.6,7.3,0.78,1,23.95,12.16,SGD,False,,
drv_daniel_sg_15,Daniel Goh,firefighter,L,2025-01-26,2025-01,2025-W04,Sunday,183.0,36.6,0.0,146.4,23,6.4,8.6,0.92,3,22.88,6.37,SGD,False,,
drv_daniel_sg_15,Daniel Goh,firefighter,L,2025-01-27,2025-01,2025-W05,Monday,134.68,26.94,0.0,107.74,22,11.1,12.9,0.87,0,9.71,4.9,SGD,False,,
drv_daniel_sg_15,Daniel Goh,firefighter,L,2025-01-28,2025-01,2025-W05,Tuesday,82.14,16.43,7.1,72.81,14,10.0,11.3,0.75,2,7.28,5.2,SGD,False,Lunar New Year,
drv_daniel_sg_15,Daniel Goh,firefighter,L,2025-01-29,2025-01,2025-W05,Wednesday,107.33,21.47,0.0,85.86,18,10.7,12.0,0.96,2,8.02,4.77,SGD,False,Lunar New Year,
drv_daniel_sg_15,Daniel Goh,firefighter,L,2025-01-30,2025-01,2025-W05,Thursday,0,0,0,0,0,0,0,0,0,0,0,SGD,True,Lunar New Year,rest_day
drv_daniel_sg_15,Daniel Goh,firefighter,L,2025-01-31,2025-01,2025-W05,Friday,124.08,24.82,0.0,99.26,19,9.2,10.6,0.97,2,10.79,5.22,SGD,False,Lunar New Year,
drv_daniel_sg_15,Daniel Goh,firefighter,L,2025-02-01,2025-02,2025-W05,Saturday,138.48,27.7,0.0,110.78,22,10.8,13.1,0.81,3,10.26,5.04,SGD,False,Lunar New Year,
drv_daniel_sg_15,Daniel Goh,firefighter,L,2025-02-02,2025-02,2025-W05,Sunday,103.48,20.7,0.0,82.78,17,7.6,8.2,0.91,1,10.89,4.87,SGD,False,,
drv_daniel_sg_15,Daniel Goh,firefighter,L,2025-02-03,2025-02,2025-W06,Monday,136.84,27.37,0.0,109.47,11,8.9,11.6,0.93,0,12.3,9.95,SGD,False,,
drv_daniel_sg_15,Daniel Goh,firefighter,L,2025-02-04,2025-02,2025-W06,Tuesday,58.18,11.64,0.0,46.54,23,7.9,10.1,0.78,0,5.89,2.02,SGD,False,,
drv_daniel_sg_15,Daniel Goh,firefighter,L,2025-02-05,2025-02,2025-W06,Wednesday,133.82,26.76,0.0,107.06,10,8.6,9.6,0.93,1,12.45,10.71,SGD,False,,
drv_daniel_sg_15,Daniel Goh,firefighter,L,2025-02-06,2025-02,2025-W06,Thursday,0,0,0,0,0,0,0,0,0,0,0,SGD,True,,rest_day
drv_daniel_sg_15,Daniel Goh,firefighter,L,2025-02-07,2025-02,2025-W06,Friday,204.56,40.91,0.0,163.65,19,6.6,7.5,0.86,2,24.8,8.61,SGD,False,,
drv_daniel_sg_15,Daniel Goh,firefighter,L,2025-02-08,2025-02,2025-W06,Saturday,158.84,31.77,0.0,127.07,21,8.5,11.2,0.77,2,14.95,6.05,SGD,False,,
drv_daniel_sg_15,Daniel Goh,firefighter,L,2025-02-09,2025-02,2025-W06,Sunday,131.84,26.37,0.0,105.47,10,7.9,9.2,0.84,1,13.35,10.55,SGD,False,,
drv_daniel_sg_15,Daniel Goh,firefighter,L,2025-02-10,2025-02,2025-W07,Monday,113.83,22.77,0.0,91.06,9,7.8,9.7,0.92,2,11.67,10.12,SGD,False,,
drv_daniel_sg_15,Daniel Goh,firefighter,L,2025-02-11,2025-02,2025-W07,Tuesday,140.07,28.01,0.0,112.06,19,8.5,10.6,0.87,0,13.18,5.9,SGD,False,,
drv_daniel_sg_15,Daniel Goh,firefighter,L,2025-02-12,2025-02,2025-W07,Wednesday,117.73,23.55,0.0,94.18,16,11.0,14.6,0.78,3,8.56,5.89,SGD,False,,
drv_daniel_sg_15,Daniel Goh,firefighter,L,2025-02-13,2025-02,2025-W07,Thursday,0,0,0,0,0,0,0,0,0,0,0,SGD,True,,rest_day
drv_daniel_sg_15,Daniel Goh,firefighter,L,2025-02-14,2025-02,2025-W07,Friday,147.97,29.59,12.91,131.29,11,11.7,14.5,0.87,3,11.22,11.94,SGD,False,,
drv_daniel_sg_15,Daniel Goh,firefighter,L,2025-02-15,2025-02,2025-W07,Saturday,179.53,35.91,0.0,143.62,10,6.7,8.5,0.72,0,21.44,14.36,SGD,False,,
drv_daniel_sg_15,Daniel Goh,firefighter,L,2025-02-16,2025-02,2025-W07,Sunday,176.38,35.28,7.05,148.15,23,10.2,13.6,0.93,0,14.52,6.44,SGD,False,,
drv_daniel_sg_15,Daniel Goh,firefighter,L,2025-02-17,2025-02,2025-W08,Monday,118.67,23.73,6.48,101.42,20,11.9,14.0,0.91,1,8.52,5.07,SGD,False,,
drv_daniel_sg_15,Daniel Goh,firefighter,L,2025-02-18,2025-02,2025-W08,Tuesday,127.84,25.57,0.0,102.27,18,11.0,13.7,0.88,2,9.3,5.68,SGD,False,,
drv_daniel_sg_15,Daniel Goh,firefighter,L,2025-02-19,2025-02,2025-W08,Wednesday,142.9,28.58,0.0,114.32,12,7.2,8.8,0.81,2,15.88,9.53,SGD,False,,
drv_daniel_sg_15,Daniel Goh,firefighter,L,2025-02-20,2025-02,2025-W08,Thursday,0,0,0,0,0,0,0,0,0,0,0,SGD,True,,rest_day
drv_daniel_sg_15,Daniel Goh,firefighter,L,2025-02-21,2025-02,2025-W08,Friday,149.77,29.95,0.0,119.82,21,8.9,11.4,0.82,1,13.46,5.71,SGD,False,,
drv_daniel_sg_15,Daniel Goh,firefighter,L,2025-02-22,2025-02,2025-W08,Saturday,195.7,39.14,9.05,165.61,19,8.9,9.5,0.77,3,18.61,8.72,SGD,False,,
drv_daniel_sg_15,Daniel Goh,firefighter,L,2025-02-23,2025-02,2025-W08,Sunday,183.18,36.64,11.81,158.35,21,10.6,11.2,0.77,3,14.94,7.54,SGD,False,,
drv_daniel_sg_15,Daniel Goh,firefighter,L,2025-02-24,2025-02,2025-W09,Monday,134.44,26.89,0.0,107.55,18,7.1,8.7,0.8,0,15.15,5.97,SGD,False,,
drv_daniel_sg_15,Daniel Goh,firefighter,L,2025-02-25,2025-02,2025-W09,Tuesday,108.78,21.76,0.0,87.02,19,8.7,10.9,0.79,1,10.0,4.58,SGD,False,,
drv_daniel_sg_15,Daniel Goh,firefighter,L,2025-02-26,2025-02,2025-W09,Wednesday,164.17,32.83,0.0,131.34,22,9.1,10.5,0.96,1,14.43,5.97,SGD,False,,
drv_daniel_sg_15,Daniel Goh,firefighter,L,2025-02-27,2025-02,2025-W09,Thursday,0,0,0,0,0,0,0,0,0,0,0,SGD,True,,rest_day
drv_daniel_sg_15,Daniel Goh,firefighter,L,2025-02-28,2025-02,2025-W09,Friday,149.64,29.93,0.0,119.71,22,9.8,12.9,0.83,0,12.22,5.44,SGD,False,,
drv_daniel_sg_15,Daniel Goh,firefighter,L,2025-03-01,2025-03,2025-W09,Saturday,116.28,23.26,5.72,98.74,24,6.2,7.3,0.82,0,15.93,4.11,SGD,False,Ramadan,
drv_daniel_sg_15,Daniel Goh,firefighter,L,2025-03-02,2025-03,2025-W09,Sunday,136.19,27.24,8.07,117.02,16,6.3,8.4,0.92,3,18.57,7.31,SGD,False,Ramadan,
drv_daniel_sg_15,Daniel Goh,firefighter,L,2025-03-03,2025-03,2025-W10,Monday,43.96,8.79,2.7,37.87,17,11.1,12.4,0.79,3,3.41,2.23,SGD,False,Ramadan,
drv_daniel_sg_15,Daniel Goh,firefighter,L,2025-03-04,2025-03,2025-W10,Tuesday,106.19,21.24,0.0,84.95,12,9.2,9.8,0.94,2,9.23,7.08,SGD,False,Ramadan,
drv_daniel_sg_15,Daniel Goh,firefighter,L,2025-03-05,2025-03,2025-W10,Wednesday,128.7,25.74,8.35,111.31,13,9.3,9.8,0.92,1,11.97,8.56,SGD,False,Ramadan,
drv_daniel_sg_15,Daniel Goh,firefighter,L,2025-03-06,2025-03,2025-W10,Thursday,0,0,0,0,0,0,0,0,0,0,0,SGD,True,Ramadan,rest_day
drv_daniel_sg_15,Daniel Goh,firefighter,L,2025-03-07,2025-03,2025-W10,Friday,131.57,26.31,6.14,111.4,11,10.5,14.2,0.91,3,10.61,10.13,SGD,False,Ramadan,
drv_daniel_sg_15,Daniel Goh,firefighter,L,2025-03-08,2025-03,2025-W10,Saturday,128.14,25.63,9.88,112.39,21,6.1,7.3,0.77,0,18.42,5.35,SGD,False,Ramadan,
drv_daniel_sg_15,Daniel Goh,firefighter,L,2025-03-09,2025-03,2025-W10,Sunday,125.91,25.18,7.98,108.71,12,11.1,12.4,0.87,0,9.79,9.06,SGD,False,Ramadan,
drv_daniel_sg_15,Daniel Goh,firefighter,L,2025-03-10,2025-03,2025-W11,Monday,107.49,21.5,0.0,85.99,11,11.8,15.2,0.95,1,7.29,7.82,SGD,False,Ramadan,
drv_daniel_sg_15,Daniel Goh,firefighter,L,2025-03-11,2025-03,2025-W11,Tuesday,113.9,22.78,5.58,96.7,10,10.7,13.2,0.86,1,9.04,9.67,SGD,False,Ramadan,
drv_daniel_sg_15,Daniel Goh,firefighter,L,2025-03-12,2025-03,2025-W11,Wednesday,101.37,20.27,5.37,86.47,15,9.5,11.1,0.78,3,9.1,5.76,SGD,False,Ramadan,
drv_daniel_sg_15,Daniel Goh,firefighter,L,2025-03-13,2025-03,2025-W11,Thursday,0,0,0,0,0,0,0,0,0,0,0,SGD,True,Ramadan,rest_day
drv_daniel_sg_15,Daniel Goh,firefighter,L,2025-03-14,2025-03,2025-W11,Friday,126.09,25.22,0.0,100.87,15,10.8,14.0,0.8,0,9.34,6.72,SGD,False,Ramadan,
drv_daniel_sg_15,Daniel Goh,firefighter,L,2025-03-15,2025-03,2025-W11,Saturday,127.62,25.52,0.0,102.1,21,9.5,12.2,0.95,3,10.75,4.86,SGD,False,Ramadan,
drv_daniel_sg_15,Daniel Goh,firefighter,L,2025-03-16,2025-03,2025-W11,Sunday,133.17,26.63,0.0,106.54,12,8.1,10.1,0.91,3,13.15,8.88,SGD,False,Ramadan,
drv_daniel_sg_15,Daniel Goh,firefighter,L,2025-03-17,2025-03,2025-W12,Monday,103.91,20.78,0.0,83.13,21,10.3,11.0,0.92,0,8.07,3.96,SGD,False,Ramadan,
drv_daniel_sg_15,Daniel Goh,firefighter,L,2025-03-18,2025-03,2025-W12,Tuesday,85.67,17.13,0.0,68.54,23,11.3,13.8,0.92,3,6.07,2.98,SGD,False,Ramadan,
drv_daniel_sg_15,Daniel Goh,firefighter,L,2025-03-19,2025-03,2025-W12,Wednesday,106.82,21.36,0.0,85.46,17,6.5,6.9,0.86,3,13.15,5.03,SGD,False,Ramadan,
drv_daniel_sg_15,Daniel Goh,firefighter,L,2025-03-20,2025-03,2025-W12,Thursday,0,0,0,0,0,0,0,0,0,0,0,SGD,True,Ramadan,rest_day
drv_daniel_sg_15,Daniel Goh,firefighter,L,2025-03-21,2025-03,2025-W12,Friday,133.51,26.7,0.0,106.81,13,7.8,9.1,0.82,0,13.69,8.22,SGD,False,Ramadan,
drv_daniel_sg_15,Daniel Goh,firefighter,L,2025-03-22,2025-03,2025-W12,Saturday,140.9,28.18,7.38,120.1,17,10.2,12.9,0.87,3,11.77,7.06,SGD,False,Ramadan,
drv_daniel_sg_15,Daniel Goh,firefighter,L,2025-03-23,2025-03,2025-W12,Sunday,102.76,20.55,0.0,82.21,22,8.7,9.6,0.93,0,9.45,3.74,SGD,False,Ramadan,
drv_daniel_sg_15,Daniel Goh,firefighter,L,2025-03-24,2025-03,2025-W13,Monday,100.14,20.03,0.0,80.11,24,11.2,12.8,0.76,3,7.15,3.34,SGD,False,Ramadan,
drv_daniel_sg_15,Daniel Goh,firefighter,L,2025-03-25,2025-03,2025-W13,Tuesday,94.67,18.93,4.42,80.16,14,8.5,10.3,0.76,2,9.43,5.73,SGD,False,Ramadan,
drv_daniel_sg_15,Daniel Goh,firefighter,L,2025-03-26,2025-03,2025-W13,Wednesday,126.27,25.25,0.0,101.02,14,7.5,8.6,0.84,2,13.47,7.22,SGD,False,Ramadan,
drv_daniel_sg_15,Daniel Goh,firefighter,L,2025-03-27,2025-03,2025-W13,Thursday,0,0,0,0,0,0,0,0,0,0,0,SGD,True,Ramadan,rest_day
drv_daniel_sg_15,Daniel Goh,firefighter,L,2025-03-28,2025-03,2025-W13,Friday,109.89,21.98,5.04,92.95,19,9.5,12.3,0.89,2,9.78,4.89,SGD,False,Ramadan,
drv_daniel_sg_15,Daniel Goh,firefighter,L,2025-03-29,2025-03,2025-W13,Saturday,82.42,16.48,0.0,65.94,24,11.2,14.6,0.81,1,5.89,2.75,SGD,False,Ramadan,
drv_daniel_sg_15,Daniel Goh,firefighter,L,2025-03-30,2025-03,2025-W13,Sunday,68.46,13.69,5.72,60.49,20,8.8,11.2,0.81,2,6.87,3.02,SGD,False,Ramadan,
drv_daniel_sg_15,Daniel Goh,firefighter,L,2025-03-31,2025-03,2025-W14,Monday,50.55,10.11,0.0,40.44,23,10.6,13.9,0.9,0,3.82,1.76,SGD,False,Eid,
drv_daniel_sg_15,Daniel Goh,firefighter,L,2025-04-01,2025-04,2025-W14,Tuesday,59.63,11.93,0.0,47.7,17,11.9,12.8,0.87,1,4.01,2.81,SGD,False,Eid,
drv_daniel_sg_15,Daniel Goh,firefighter,L,2025-04-02,2025-04,2025-W14,Wednesday,70.92,14.18,0.0,56.74,24,10.0,12.5,0.74,2,5.67,2.36,SGD,False,Eid,
drv_daniel_sg_15,Daniel Goh,firefighter,L,2025-04-03,2025-04,2025-W14,Thursday,0,0,0,0,0,0,0,0,0,0,0,SGD,True,Eid,rest_day
drv_daniel_sg_15,Daniel Goh,firefighter,L,2025-04-04,2025-04,2025-W14,Friday,81.71,16.34,4.91,70.28,24,7.4,8.3,0.78,0,9.5,2.93,SGD,False,Eid,
drv_daniel_sg_15,Daniel Goh,firefighter,L,2025-04-05,2025-04,2025-W14,Saturday,200.94,40.19,6.11,166.86,9,8.7,10.3,0.81,0,19.18,18.54,SGD,False,,
drv_daniel_sg_15,Daniel Goh,firefighter,L,2025-04-06,2025-04,2025-W14,Sunday,121.86,24.37,0.0,97.49,10,8.4,9.8,0.79,0,11.61,9.75,SGD,False,,
drv_daniel_sg_15,Daniel Goh,firefighter,L,2025-04-07,2025-04,2025-W15,Monday,95.31,19.06,0.0,76.25,21,10.0,13.2,0.91,3,7.62,3.63,SGD,False,,
drv_daniel_sg_15,Daniel Goh,firefighter,L,2025-04-08,2025-04,2025-W15,Tuesday,111.72,22.34,0.0,89.38,14,7.8,8.8,0.83,2,11.46,6.38,SGD,False,,
drv_daniel_sg_15,Daniel Goh,firefighter,L,2025-04-09,2025-04,2025-W15,Wednesday,159.0,31.8,7.27,134.47,15,8.7,10.4,0.82,0,15.46,8.96,SGD,False,,
drv_daniel_sg_15,Daniel Goh,firefighter,L,2025-04-10,2025-04,2025-W15,Thursday,0,0,0,0,0,0,0,0,0,0,0,SGD,True,,rest_day
drv_daniel_sg_15,Daniel Goh,firefighter,L,2025-04-11,2025-04,2025-W15,Friday,153.62,30.72,0.0,122.9,24,6.2,8.3,0.9,3,19.82,5.12,SGD,False,,
drv_daniel_sg_15,Daniel Goh,firefighter,L,2025-04-12,2025-04,2025-W15,Saturday,184.01,36.8,0.0,147.21,16,10.6,12.6,0.89,0,13.89,9.2,SGD,False,,
drv_daniel_sg_15,Daniel Goh,firefighter,L,2025-04-13,2025-04,2025-W15,Sunday,174.95,34.99,9.44,149.4,21,6.0,7.1,0.97,2,24.9,7.11,SGD,False,,
drv_daniel_sg_15,Daniel Goh,firefighter,L,2025-04-14,2025-04,2025-W16,Monday,129.02,25.8,0.0,103.22,19,8.1,9.5,0.81,1,12.74,5.43,SGD,False,,
drv_daniel_sg_15,Daniel Goh,firefighter,L,2025-04-15,2025-04,2025-W16,Tuesday,135.37,27.07,7.77,116.07,20,6.8,7.4,0.85,3,17.07,5.8,SGD,False,,
drv_daniel_sg_15,Daniel Goh,firefighter,L,2025-04-16,2025-04,2025-W16,Wednesday,68.04,13.61,0.0,54.43,20,7.4,9.6,0.77,1,7.36,2.72,SGD,False,,
drv_daniel_sg_15,Daniel Goh,firefighter,L,2025-04-17,2025-04,2025-W16,Thursday,0,0,0,0,0,0,0,0,0,0,0,SGD,True,,rest_day
drv_daniel_sg_15,Daniel Goh,firefighter,L,2025-04-18,2025-04,2025-W16,Friday,190.13,38.03,0.0,152.1,11,7.1,9.5,0.96,1,21.42,13.83,SGD,False,,
drv_daniel_sg_15,Daniel Goh,firefighter,L,2025-04-19,2025-04,2025-W16,Saturday,216.92,43.38,0.0,173.54,15,6.6,7.8,0.8,2,26.29,11.57,SGD,False,,
drv_daniel_sg_15,Daniel Goh,firefighter,L,2025-04-20,2025-04,2025-W16,Sunday,174.58,34.92,0.0,139.66,23,7.2,8.2,0.94,2,19.4,6.07,SGD,False,,
drv_daniel_sg_15,Daniel Goh,firefighter,L,2025-04-21,2025-04,2025-W17,Monday,118.78,23.76,0.0,95.02,14,6.4,8.5,0.83,2,14.85,6.79,SGD,False,,
drv_daniel_sg_15,Daniel Goh,firefighter,L,2025-04-22,2025-04,2025-W17,Tuesday,117.34,23.47,0.0,93.87,12,10.3,11.1,0.72,1,9.11,7.82,SGD,False,,
drv_daniel_sg_15,Daniel Goh,firefighter,L,2025-04-23,2025-04,2025-W17,Wednesday,143.13,28.63,9.15,123.65,19,9.0,11.3,0.91,3,13.74,6.51,SGD,False,,
drv_daniel_sg_15,Daniel Goh,firefighter,L,2025-04-24,2025-04,2025-W17,Thursday,0,0,0,0,0,0,0,0,0,0,0,SGD,True,,rest_day
drv_daniel_sg_15,Daniel Goh,firefighter,L,2025-04-25,2025-04,2025-W17,Friday,158.51,31.7,0.0,126.81,17,7.1,9.3,0.97,2,17.86,7.46,SGD,False,,
drv_daniel_sg_15,Daniel Goh,firefighter,L,2025-04-26,2025-04,2025-W17,Saturday,151.13,30.23,10.27,131.17,19,8.7,10.8,0.72,3,15.08,6.9,SGD,False,,
drv_daniel_sg_15,Daniel Goh,firefighter,L,2025-04-27,2025-04,2025-W17,Sunday,155.34,31.07,7.8,132.07,16,8.4,9.4,0.74,1,15.72,8.25,SGD,False,,
drv_daniel_sg_15,Daniel Goh,firefighter,L,2025-04-28,2025-04,2025-W18,Monday,63.26,12.65,0.0,50.61,20,6.4,7.7,0.93,2,7.91,2.53,SGD,False,,
drv_daniel_sg_15,Daniel Goh,firefighter,L,2025-04-29,2025-04,2025-W18,Tuesday,139.52,27.9,0.0,111.62,15,11.3,12.7,0.72,1,9.88,7.44,SGD,False,,
drv_daniel_sg_15,Daniel Goh,firefighter,L,2025-04-30,2025-04,2025-W18,Wednesday,148.49,29.7,0.0,118.79,13,8.0,10.6,0.84,1,14.85,9.14,SGD,False,,
drv_daniel_sg_15,Daniel Goh,firefighter,L,2025-05-01,2025-05,2025-W18,Thursday,0,0,0,0,0,0,0,0,0,0,0,SGD,True,,rest_day
drv_daniel_sg_15,Daniel Goh,firefighter,L,2025-05-02,2025-05,2025-W18,Friday,191.81,38.36,10.96,164.41,11,6.4,7.3,0.96,1,25.69,14.95,SGD,False,,
drv_daniel_sg_15,Daniel Goh,firefighter,L,2025-05-03,2025-05,2025-W18,Saturday,202.84,40.57,0.0,162.27,18,9.9,10.8,0.82,1,16.39,9.02,SGD,False,,
drv_daniel_sg_15,Daniel Goh,firefighter,L,2025-05-04,2025-05,2025-W18,Sunday,137.28,27.46,0.0,109.82,15,11.7,15.6,0.74,0,9.39,7.32,SGD,False,,
drv_daniel_sg_15,Daniel Goh,firefighter,L,2025-05-05,2025-05,2025-W19,Monday,110.15,22.03,0.0,88.12,11,8.8,10.4,0.84,0,10.01,8.01,SGD,False,,
drv_daniel_sg_15,Daniel Goh,firefighter,L,2025-05-06,2025-05,2025-W19,Tuesday,112.54,22.51,3.95,93.98,12,6.9,7.4,0.73,1,13.62,7.83,SGD,False,,
drv_daniel_sg_15,Daniel Goh,firefighter,L,2025-05-07,2025-05,2025-W19,Wednesday,128.65,25.73,8.21,111.13,19,10.6,12.3,0.84,1,10.48,5.85,SGD,False,,
drv_daniel_sg_15,Daniel Goh,firefighter,L,2025-05-08,2025-05,2025-W19,Thursday,0,0,0,0,0,0,0,0,0,0,0,SGD,True,,rest_day
drv_daniel_sg_15,Daniel Goh,firefighter,L,2025-05-09,2025-05,2025-W19,Friday,142.45,28.49,11.58,125.54,14,6.3,8.0,0.88,0,19.93,8.97,SGD,False,,
drv_daniel_sg_15,Daniel Goh,firefighter,L,2025-05-10,2025-05,2025-W19,Saturday,126.74,25.35,0.0,101.39,23,10.6,13.0,0.72,2,9.57,4.41,SGD,False,,
drv_daniel_sg_15,Daniel Goh,firefighter,L,2025-05-11,2025-05,2025-W19,Sunday,160.66,32.13,9.55,138.08,12,6.3,6.7,0.94,2,21.92,11.51,SGD,False,,
drv_daniel_sg_15,Daniel Goh,firefighter,L,2025-05-12,2025-05,2025-W20,Monday,144.91,28.98,0.0,115.93,9,11.6,14.8,0.92,2,9.99,12.88,SGD,False,,
drv_daniel_sg_15,Daniel Goh,firefighter,L,2025-05-13,2025-05,2025-W20,Tuesday,140.47,28.09,0.0,112.38,22,10.6,13.1,0.9,2,10.6,5.11,SGD,False,,
drv_daniel_sg_15,Daniel Goh,firefighter,L,2025-05-14,2025-05,2025-W20,Wednesday,165.29,33.06,0.0,132.23,23,11.0,12.3,0.94,2,12.02,5.75,SGD,False,,
drv_daniel_sg_15,Daniel Goh,firefighter,L,2025-05-15,2025-05,2025-W20,Thursday,0,0,0,0,0,0,0,0,0,0,0,SGD,True,,rest_day
drv_daniel_sg_15,Daniel Goh,firefighter,L,2025-05-16,2025-05,2025-W20,Friday,183.56,36.71,0.0,146.85,12,9.9,12.2,0.74,3,14.83,12.24,SGD,False,,
drv_daniel_sg_15,Daniel Goh,firefighter,L,2025-05-17,2025-05,2025-W20,Saturday,89.9,17.98,5.66,77.58,10,8.1,9.9,0.95,0,9.58,7.76,SGD,False,,
drv_daniel_sg_15,Daniel Goh,firefighter,L,2025-05-18,2025-05,2025-W20,Sunday,79.35,15.87,0.0,63.48,10,9.1,11.4,0.87,2,6.98,6.35,SGD,False,,
drv_daniel_sg_15,Daniel Goh,firefighter,L,2025-05-19,2025-05,2025-W21,Monday,108.96,21.79,0.0,87.17,15,8.9,11.6,0.88,2,9.79,5.81,SGD,False,,
drv_daniel_sg_15,Daniel Goh,firefighter,L,2025-05-20,2025-05,2025-W21,Tuesday,157.93,31.59,0.0,126.34,23,6.2,8.1,0.76,3,20.38,5.49,SGD,False,,
drv_daniel_sg_15,Daniel Goh,firefighter,L,2025-05-21,2025-05,2025-W21,Wednesday,68.36,13.67,0.0,54.69,18,10.1,11.8,0.84,1,5.41,3.04,SGD,False,,
drv_daniel_sg_15,Daniel Goh,firefighter,L,2025-05-22,2025-05,2025-W21,Thursday,0,0,0,0,0,0,0,0,0,0,0,SGD,True,,rest_day
drv_daniel_sg_15,Daniel Goh,firefighter,L,2025-05-23,2025-05,2025-W21,Friday,160.25,32.05,10.42,138.62,16,10.7,13.6,0.79,3,12.96,8.66,SGD,False,,
drv_daniel_sg_15,Daniel Goh,firefighter,L,2025-05-24,2025-05,2025-W21,Saturday,97.04,19.41,0.0,77.63,11,11.8,14.9,0.84,3,6.58,7.06,SGD,False,,
drv_daniel_sg_15,Daniel Goh,firefighter,L,2025-05-25,2025-05,2025-W21,Sunday,166.4,33.28,0.0,133.12,12,8.7,9.4,0.74,3,15.3,11.09,SGD,False,,
drv_daniel_sg_15,Daniel Goh,firefighter,L,2025-05-26,2025-05,2025-W22,Monday,123.6,24.72,0.0,98.88,20,8.4,10.3,0.84,0,11.77,4.94,SGD,False,,
drv_daniel_sg_15,Daniel Goh,firefighter,L,2025-05-27,2025-05,2025-W22,Tuesday,159.39,31.88,0.0,127.51,14,7.3,9.6,0.9,1,17.47,9.11,SGD,False,,
drv_daniel_sg_15,Daniel Goh,firefighter,L,2025-05-28,2025-05,2025-W22,Wednesday,132.55,26.51,0.0,106.04,18,11.8,15.8,0.92,0,8.99,5.89,SGD,False,,
drv_daniel_sg_15,Daniel Goh,firefighter,L,2025-05-29,2025-05,2025-W22,Thursday,0,0,0,0,0,0,0,0,0,0,0,SGD,True,,rest_day
drv_daniel_sg_15,Daniel Goh,firefighter,L,2025-05-30,2025-05,2025-W22,Friday,168.79,33.76,0.0,135.03,8,8.1,8.7,0.75,1,16.67,16.88,SGD,False,,
drv_daniel_sg_15,Daniel Goh,firefighter,L,2025-05-31,2025-05,2025-W22,Saturday,211.05,42.21,0.0,168.84,16,8.6,9.8,0.81,2,19.63,10.55,SGD,False,,
drv_daniel_sg_15,Daniel Goh,firefighter,L,2025-06-01,2025-06,2025-W22,Sunday,150.64,30.13,0.0,120.51,9,9.0,11.9,0.95,2,13.39,13.39,SGD,False,School Holiday,
drv_daniel_sg_15,Daniel Goh,firefighter,L,2025-06-02,2025-06,2025-W23,Monday,113.87,22.77,0.0,91.1,9,6.7,8.9,0.9,0,13.6,10.12,SGD,False,School Holiday,
drv_daniel_sg_15,Daniel Goh,firefighter,L,2025-06-03,2025-06,2025-W23,Tuesday,170.23,34.05,10.32,146.5,21,8.1,10.4,0.77,2,18.09,6.98,SGD,False,School Holiday,
drv_daniel_sg_15,Daniel Goh,firefighter,L,2025-06-04,2025-06,2025-W23,Wednesday,132.25,26.45,8.41,114.21,9,11.0,12.3,0.9,0,10.38,12.69,SGD,False,School Holiday,
drv_daniel_sg_15,Daniel Goh,firefighter,L,2025-06-05,2025-06,2025-W23,Thursday,0,0,0,0,0,0,0,0,0,0,0,SGD,True,School Holiday,rest_day
drv_daniel_sg_15,Daniel Goh,firefighter,L,2025-06-06,2025-06,2025-W23,Friday,196.63,39.33,0.0,157.3,9,6.9,8.3,0.93,2,22.8,17.48,SGD,False,School Holiday,
drv_daniel_sg_15,Daniel Goh,firefighter,L,2025-06-07,2025-06,2025-W23,Saturday,211.04,42.21,13.74,182.57,10,10.4,12.7,0.75,3,17.55,18.26,SGD,False,School Holiday,
drv_daniel_sg_15,Daniel Goh,firefighter,L,2025-06-08,2025-06,2025-W23,Sunday,172.13,34.43,0.0,137.7,10,9.1,12.1,0.91,2,15.13,13.77,SGD,False,School Holiday,
drv_daniel_sg_15,Daniel Goh,firefighter,L,2025-06-09,2025-06,2025-W24,Monday,132.92,26.58,0.0,106.34,23,11.7,15.3,0.77,2,9.09,4.62,SGD,False,School Holiday,
drv_daniel_sg_15,Daniel Goh,firefighter,L,2025-06-10,2025-06,2025-W24,Tuesday,147.53,29.51,0.0,118.02,24,9.4,11.6,0.77,0,12.56,4.92,SGD,False,School Holiday,
drv_daniel_sg_15,Daniel Goh,firefighter,L,2025-06-11,2025-06,2025-W24,Wednesday,161.92,32.38,0.0,129.54,13,8.7,10.7,0.79,3,14.89,9.96,SGD,False,School Holiday,
drv_daniel_sg_15,Daniel Goh,firefighter,L,2025-06-12,2025-06,2025-W24,Thursday,0,0,0,0,0,0,0,0,0,0,0,SGD,True,School Holiday,rest_day
drv_daniel_sg_15,Daniel Goh,firefighter,L,2025-06-13,2025-06,2025-W24,Friday,204.08,40.82,11.94,175.2,13,8.8,10.8,0.83,2,19.91,13.48,SGD,False,School Holiday,
drv_daniel_sg_15,Daniel Goh,firefighter,L,2025-06-14,2025-06,2025-W24,Saturday,169.62,33.92,0.0,135.7,8,8.4,11.3,0.81,2,16.15,16.96,SGD,False,School Holiday,
drv_daniel_sg_15,Daniel Goh,firefighter,L,2025-06-15,2025-06,2025-W24,Sunday,155.56,31.11,0.0,124.45,17,8.6,10.2,0.8,0,14.47,7.32,SGD,False,School Holiday,
drv_daniel_sg_15,Daniel Goh,firefighter,L,2025-06-16,2025-06,2025-W25,Monday,153.16,30.63,7.86,130.39,16,8.1,9.6,0.88,0,16.1,8.15,SGD,False,School Holiday,
drv_daniel_sg_15,Daniel Goh,firefighter,L,2025-06-17,2025-06,2025-W25,Tuesday,139.05,27.81,12.02,123.26,16,9.9,11.4,0.83,1,12.45,7.7,SGD,False,School Holiday,
drv_daniel_sg_15,Daniel Goh,firefighter,L,2025-06-18,2025-06,2025-W25,Wednesday,67.36,13.47,0.0,53.89,18,9.2,11.6,0.87,3,5.86,2.99,SGD,False,School Holiday,
drv_daniel_sg_15,Daniel Goh,firefighter,L,2025-06-19,2025-06,2025-W25,Thursday,0,0,0,0,0,0,0,0,0,0,0,SGD,True,School Holiday,rest_day
drv_daniel_sg_15,Daniel Goh,firefighter,L,2025-06-20,2025-06,2025-W25,Friday,167.73,33.55,11.86,146.04,9,8.6,9.2,0.73,3,16.98,16.23,SGD,False,School Holiday,
drv_daniel_sg_15,Daniel Goh,firefighter,L,2025-06-21,2025-06,2025-W25,Saturday,231.85,46.37,0.0,185.48,8,7.7,10.3,0.87,0,24.09,23.18,SGD,False,School Holiday,
drv_daniel_sg_15,Daniel Goh,firefighter,L,2025-06-22,2025-06,2025-W25,Sunday,155.34,31.07,0.0,124.27,20,7.9,10.0,0.8,1,15.73,6.21,SGD,False,School Holiday,
drv_daniel_sg_15,Daniel Goh,firefighter,L,2025-06-23,2025-06,2025-W26,Monday,110.99,22.2,0.0,88.79,14,9.0,10.7,0.89,2,9.87,6.34,SGD,False,School Holiday,
drv_daniel_sg_15,Daniel Goh,firefighter,L,2025-06-24,2025-06,2025-W26,Tuesday,154.07,30.81,0.0,123.26,9,11.3,15.1,0.79,3,10.91,13.7,SGD,False,School Holiday,
drv_daniel_sg_15,Daniel Goh,firefighter,L,2025-06-25,2025-06,2025-W26,Wednesday,176.21,35.24,13.48,154.45,16,8.8,10.5,0.91,1,17.55,9.65,SGD,False,School Holiday,
drv_daniel_sg_15,Daniel Goh,firefighter,L,2025-06-26,2025-06,2025-W26,Thursday,0,0,0,0,0,0,0,0,0,0,0,SGD,True,School Holiday,rest_day
drv_daniel_sg_15,Daniel Goh,firefighter,L,2025-06-27,2025-06,2025-W26,Friday,205.01,41.0,0.0,164.01,10,9.6,12.5,0.86,1,17.08,16.4,SGD,False,School Holiday,
drv_daniel_sg_15,Daniel Goh,firefighter,L,2025-06-28,2025-06,2025-W26,Saturday,181.53,36.31,0.0,145.22,22,9.7,11.0,0.81,3,14.97,6.6,SGD,False,School Holiday,
drv_daniel_sg_15,Daniel Goh,firefighter,L,2025-06-29,2025-06,2025-W26,Sunday,195.81,39.16,0.0,156.65,24,6.0,6.9,0.93,0,26.11,6.53,SGD,False,School Holiday,
drv_daniel_sg_15,Daniel Goh,firefighter,L,2025-06-30,2025-06,2025-W27,Monday,143.33,28.67,9.07,123.73,17,6.2,8.1,0.89,1,19.96,7.28,SGD,False,School Holiday,
drv_daniel_sg_15,Daniel Goh,firefighter,L,2025-07-01,2025-07,2025-W27,Tuesday,155.61,31.12,10.59,135.08,9,6.5,8.1,0.87,0,20.78,15.01,SGD,False,School Holiday,
drv_daniel_sg_15,Daniel Goh,firefighter,L,2025-07-02,2025-07,2025-W27,Wednesday,164.69,32.94,0.0,131.75,13,11.7,14.0,0.77,3,11.26,10.13,SGD,False,School Holiday,
drv_daniel_sg_15,Daniel Goh,firefighter,L,2025-07-03,2025-07,2025-W27,Thursday,0,0,0,0,0,0,0,0,0,0,0,SGD,True,School Holiday,rest_day
drv_daniel_sg_15,Daniel Goh,firefighter,L,2025-07-04,2025-07,2025-W27,Friday,177.39,35.48,0.0,141.91,11,8.2,10.3,0.75,0,17.31,12.9,SGD,False,School Holiday,
drv_daniel_sg_15,Daniel Goh,firefighter,L,2025-07-05,2025-07,2025-W27,Saturday,194.05,38.81,0.0,155.24,20,7.3,9.4,0.75,1,21.27,7.76,SGD,False,School Holiday,
drv_daniel_sg_15,Daniel Goh,firefighter,L,2025-07-06,2025-07,2025-W27,Sunday,80.18,16.04,4.3,68.44,20,6.4,7.3,0.79,2,10.69,3.42,SGD,False,School Holiday,
drv_daniel_sg_15,Daniel Goh,firefighter,L,2025-07-07,2025-07,2025-W28,Monday,140.19,28.04,0.0,112.15,22,10.7,13.6,0.88,0,10.48,5.1,SGD,False,School Holiday,
drv_daniel_sg_15,Daniel Goh,firefighter,L,2025-07-08,2025-07,2025-W28,Tuesday,117.21,23.44,6.4,100.17,15,9.9,10.6,0.82,3,10.12,6.68,SGD,False,School Holiday,
drv_daniel_sg_15,Daniel Goh,firefighter,L,2025-07-09,2025-07,2025-W28,Wednesday,154.08,30.82,12.17,135.43,11,8.8,10.4,0.92,3,15.39,12.31,SGD,False,School Holiday,
drv_daniel_sg_15,Daniel Goh,firefighter,L,2025-07-10,2025-07,2025-W28,Thursday,0,0,0,0,0,0,0,0,0,0,0,SGD,True,School Holiday,rest_day
drv_daniel_sg_15,Daniel Goh,firefighter,L,2025-07-11,2025-07,2025-W28,Friday,147.57,29.51,0.0,118.06,16,7.9,9.3,0.88,1,14.94,7.38,SGD,False,School Holiday,
drv_daniel_sg_15,Daniel Goh,firefighter,L,2025-07-12,2025-07,2025-W28,Saturday,168.53,33.71,9.0,143.82,8,8.2,10.5,0.75,1,17.54,17.98,SGD,False,School Holiday,
drv_daniel_sg_15,Daniel Goh,firefighter,L,2025-07-13,2025-07,2025-W28,Sunday,180.51,36.1,0.0,144.41,24,10.3,11.8,0.93,0,14.02,6.02,SGD,False,School Holiday,
drv_daniel_sg_15,Daniel Goh,firefighter,L,2025-07-14,2025-07,2025-W29,Monday,124.75,24.95,0.0,99.8,13,6.1,7.6,0.85,0,16.36,7.68,SGD,False,School Holiday,
drv_daniel_sg_15,Daniel Goh,firefighter,L,2025-07-15,2025-07,2025-W29,Tuesday,162.82,32.56,0.0,130.26,11,10.9,11.5,0.75,0,11.95,11.84,SGD,False,School Holiday,
drv_daniel_sg_15,Daniel Goh,firefighter,L,2025-07-16,2025-07,2025-W29,Wednesday,147.09,29.42,0.0,117.67,12,10.4,11.5,0.95,1,11.31,9.81,SGD,False,School Holiday,
drv_daniel_sg_15,Daniel Goh,firefighter,L,2025-07-17,2025-07,2025-W29,Thursday,0,0,0,0,0,0,0,0,0,0,0,SGD,True,School Holiday,rest_day
drv_daniel_sg_15,Daniel Goh,firefighter,L,2025-07-18,2025-07,2025-W29,Friday,214.31,42.86,0.0,171.45,18,11.7,14.4,0.8,1,14.65,9.52,SGD,False,School Holiday,
drv_daniel_sg_15,Daniel Goh,firefighter,L,2025-07-19,2025-07,2025-W29,Saturday,191.2,38.24,0.0,152.96,19,11.0,13.8,0.81,0,13.91,8.05,SGD,False,School Holiday,
drv_daniel_sg_15,Daniel Goh,firefighter,L,2025-07-20,2025-07,2025-W29,Sunday,149.38,29.88,0.0,119.5,18,10.1,12.2,0.88,3,11.83,6.64,SGD,False,School Holiday,
drv_daniel_sg_15,Daniel Goh,firefighter,L,2025-07-21,2025-07,2025-W30,Monday,149.59,29.92,7.02,126.69,19,11.2,13.3,0.74,1,11.31,6.67,SGD,False,School Holiday,
drv_daniel_sg_15,Daniel Goh,firefighter,L,2025-07-22,2025-07,2025-W30,Tuesday,130.33,26.07,0.0,104.26,16,8.9,9.7,0.72,0,11.71,6.52,SGD,False,School Holiday,
drv_daniel_sg_15,Daniel Goh,firefighter,L,2025-07-23,2025-07,2025-W30,Wednesday,94.92,18.98,0.0,75.94,9,6.5,7.0,0.89,2,11.68,8.44,SGD,False,School Holiday,
drv_daniel_sg_15,Daniel Goh,firefighter,L,2025-07-24,2025-07,2025-W30,Thursday,0,0,0,0,0,0,0,0,0,0,0,SGD,True,School Holiday,rest_day
drv_daniel_sg_15,Daniel Goh,firefighter,L,2025-07-25,2025-07,2025-W30,Friday,151.6,30.32,8.67,129.95,21,7.3,8.0,0.82,2,17.8,6.19,SGD,False,School Holiday,
drv_daniel_sg_15,Daniel Goh,firefighter,L,2025-07-26,2025-07,2025-W30,Saturday,187.69,37.54,11.84,161.99,23,11.7,15.0,0.9,2,13.85,7.04,SGD,False,School Holiday,
drv_daniel_sg_15,Daniel Goh,firefighter,L,2025-07-27,2025-07,2025-W30,Sunday,100.33,20.07,0.0,80.26,17,8.2,11.0,0.93,2,9.79,4.72,SGD,False,School Holiday,
drv_daniel_sg_15,Daniel Goh,firefighter,L,2025-07-28,2025-07,2025-W31,Monday,127.2,25.44,0.0,101.76,16,7.6,8.4,0.91,1,13.39,6.36,SGD,False,School Holiday,
drv_daniel_sg_15,Daniel Goh,firefighter,L,2025-07-29,2025-07,2025-W31,Tuesday,124.14,24.83,0.0,99.31,19,7.6,9.7,0.91,0,13.07,5.23,SGD,False,School Holiday,
drv_daniel_sg_15,Daniel Goh,firefighter,L,2025-07-30,2025-07,2025-W31,Wednesday,163.25,32.65,6.35,136.95,16,9.8,11.8,0.81,3,13.97,8.56,SGD,False,School Holiday,
drv_daniel_sg_15,Daniel Goh,firefighter,L,2025-07-31,2025-07,2025-W31,Thursday,0,0,0,0,0,0,0,0,0,0,0,SGD,True,School Holiday,rest_day
drv_daniel_sg_15,Daniel Goh,firefighter,L,2025-08-01,2025-08,2025-W31,Friday,148.98,29.8,5.98,125.16,10,10.2,12.9,0.96,0,12.27,12.52,SGD,False,,
drv_daniel_sg_15,Daniel Goh,firefighter,L,2025-08-02,2025-08,2025-W31,Saturday,207.86,41.57,0.0,166.29,11,8.5,9.5,0.77,0,19.56,15.12,SGD,False,,
drv_daniel_sg_15,Daniel Goh,firefighter,L,2025-08-03,2025-08,2025-W31,Sunday,163.95,32.79,0.0,131.16,9,7.1,7.5,0.9,3,18.47,14.57,SGD,False,,
drv_daniel_sg_15,Daniel Goh,firefighter,L,2025-08-04,2025-08,2025-W32,Monday,119.77,23.95,7.12,102.94,19,10.1,11.0,0.75,3,10.19,5.42,SGD,False,,
drv_daniel_sg_15,Daniel Goh,firefighter,L,2025-08-05,2025-08,2025-W32,Tuesday,130.88,26.18,0.0,104.7,19,11.0,13.4,0.92,2,9.52,5.51,SGD,False,,
drv_daniel_sg_15,Daniel Goh,firefighter,L,2025-08-06,2025-08,2025-W32,Wednesday,138.58,27.72,0.0,110.86,13,8.1,9.0,0.77,1,13.69,8.53,SGD,False,,
drv_daniel_sg_15,Daniel Goh,firefighter,L,2025-08-07,2025-08,2025-W32,Thursday,0,0,0,0,0,0,0,0,0,0,0,SGD,True,,rest_day
drv_daniel_sg_15,Daniel Goh,firefighter,L,2025-08-08,2025-08,2025-W32,Friday,204.59,40.92,12.84,176.51,12,10.7,14.3,0.88,0,16.5,14.71,SGD,False,,
drv_daniel_sg_15,Daniel Goh,firefighter,L,2025-08-09,2025-08,2025-W32,Saturday,163.51,32.7,9.99,140.8,11,6.4,7.3,0.78,2,22.0,12.8,SGD,False,,
drv_daniel_sg_15,Daniel Goh,firefighter,L,2025-08-10,2025-08,2025-W32,Sunday,144.9,28.98,9.28,125.2,16,8.3,10.2,0.75,3,15.08,7.83,SGD,False,,
drv_daniel_sg_15,Daniel Goh,firefighter,L,2025-08-11,2025-08,2025-W33,Monday,111.22,22.24,0.0,88.98,22,9.9,11.3,0.91,0,8.99,4.04,SGD,False,,
drv_daniel_sg_15,Daniel Goh,firefighter,L,2025-08-12,2025-08,2025-W33,Tuesday,146.25,29.25,0.0,117.0,10,6.6,7.2,0.8,0,17.73,11.7,SGD,False,,
drv_daniel_sg_15,Daniel Goh,firefighter,L,2025-08-13,2025-08,2025-W33,Wednesday,128.46,25.69,0.0,102.77,11,6.6,7.6,0.86,0,15.57,9.34,SGD,False,,
drv_daniel_sg_15,Daniel Goh,firefighter,L,2025-08-14,2025-08,2025-W33,Thursday,0,0,0,0,0,0,0,0,0,0,0,SGD,True,,rest_day
drv_daniel_sg_15,Daniel Goh,firefighter,L,2025-08-15,2025-08,2025-W33,Friday,196.28,39.26,0.0,157.02,18,9.9,10.5,0.79,3,15.86,8.72,SGD,False,,
drv_daniel_sg_15,Daniel Goh,firefighter,L,2025-08-16,2025-08,2025-W33,Saturday,154.35,30.87,0.0,123.48,22,10.9,13.5,0.88,1,11.33,5.61,SGD,False,,
drv_daniel_sg_15,Daniel Goh,firefighter,L,2025-08-17,2025-08,2025-W33,Sunday,146.85,29.37,11.69,129.17,9,8.7,10.5,0.87,3,14.85,14.35,SGD,False,,
drv_daniel_sg_15,Daniel Goh,firefighter,L,2025-08-18,2025-08,2025-W34,Monday,138.86,27.77,0.0,111.09,20,7.9,10.6,0.72,2,14.06,5.55,SGD,False,,
drv_daniel_sg_15,Daniel Goh,firefighter,L,2025-08-19,2025-08,2025-W34,Tuesday,156.9,31.38,0.0,125.52,22,10.4,11.7,0.94,1,12.07,5.71,SGD,False,,
drv_daniel_sg_15,Daniel Goh,firefighter,L,2025-08-20,2025-08,2025-W34,Wednesday,155.58,31.12,10.73,135.19,8,10.1,11.9,0.96,3,13.39,16.9,SGD,False,,
drv_daniel_sg_15,Daniel Goh,firefighter,L,2025-08-21,2025-08,2025-W34,Thursday,0,0,0,0,0,0,0,0,0,0,0,SGD,True,,rest_day
drv_daniel_sg_15,Daniel Goh,firefighter,L,2025-08-22,2025-08,2025-W34,Friday,167.53,33.51,9.78,143.8,14,7.1,8.5,0.94,0,20.25,10.27,SGD,False,,
drv_daniel_sg_15,Daniel Goh,firefighter,L,2025-08-23,2025-08,2025-W34,Saturday,209.83,41.97,9.84,177.7,18,7.5,9.9,0.79,2,23.69,9.87,SGD,False,,
drv_daniel_sg_15,Daniel Goh,firefighter,L,2025-08-24,2025-08,2025-W34,Sunday,160.18,32.04,10.38,138.52,23,9.8,11.8,0.89,3,14.13,6.02,SGD,False,,
drv_daniel_sg_15,Daniel Goh,firefighter,L,2025-08-25,2025-08,2025-W35,Monday,136.47,27.29,0.0,109.18,8,10.9,11.7,0.75,0,10.02,13.65,SGD,False,,
drv_daniel_sg_15,Daniel Goh,firefighter,L,2025-08-26,2025-08,2025-W35,Tuesday,78.68,15.74,3.96,66.9,21,10.2,12.8,0.92,1,6.56,3.19,SGD,False,,
drv_daniel_sg_15,Daniel Goh,firefighter,L,2025-08-27,2025-08,2025-W35,Wednesday,147.07,29.41,0.0,117.66,23,6.2,7.6,0.96,2,18.98,5.12,SGD,False,,
drv_daniel_sg_15,Daniel Goh,firefighter,L,2025-08-28,2025-08,2025-W35,Thursday,0,0,0,0,0,0,0,0,0,0,0,SGD,True,,rest_day
drv_daniel_sg_15,Daniel Goh,firefighter,L,2025-08-29,2025-08,2025-W35,Friday,201.86,40.37,0.0,161.49,16,9.2,11.9,0.83,3,17.55,10.09,SGD,False,,
drv_daniel_sg_15,Daniel Goh,firefighter,L,2025-08-30,2025-08,2025-W35,Saturday,146.77,29.35,0.0,117.42,20,6.8,7.6,0.78,1,17.27,5.87,SGD,False,,
drv_daniel_sg_15,Daniel Goh,firefighter,L,2025-08-31,2025-08,2025-W35,Sunday,141.62,28.32,0.0,113.3,16,9.8,12.0,0.73,1,11.56,7.08,SGD,False,,
drv_daniel_sg_15,Daniel Goh,firefighter,L,2025-09-01,2025-09,2025-W36,Monday,137.83,27.57,0.0,110.26,16,10.1,12.8,0.85,2,10.92,6.89,SGD,False,,
drv_daniel_sg_15,Daniel Goh,firefighter,L,2025-09-02,2025-09,2025-W36,Tuesday,128.39,25.68,0.0,102.71,15,10.0,11.0,0.93,3,10.27,6.85,SGD,False,,
drv_daniel_sg_15,Daniel Goh,firefighter,L,2025-09-03,2025-09,2025-W36,Wednesday,123.95,24.79,0.0,99.16,19,10.3,12.9,0.84,1,9.63,5.22,SGD,False,,
drv_daniel_sg_15,Daniel Goh,firefighter,L,2025-09-04,2025-09,2025-W36,Thursday,0,0,0,0,0,0,0,0,0,0,0,SGD,True,,rest_day
drv_daniel_sg_15,Daniel Goh,firefighter,L,2025-09-05,2025-09,2025-W36,Friday,190.28,38.06,0.0,152.22,11,6.7,8.8,0.78,3,22.72,13.84,SGD,False,,
drv_daniel_sg_15,Daniel Goh,firefighter,L,2025-09-06,2025-09,2025-W36,Saturday,203.84,40.77,0.0,163.07,13,6.3,8.2,0.93,1,25.88,12.54,SGD,False,,
drv_daniel_sg_15,Daniel Goh,firefighter,L,2025-09-07,2025-09,2025-W36,Sunday,143.37,28.67,7.36,122.06,22,11.9,14.3,0.89,2,10.26,5.55,SGD,False,,
drv_daniel_sg_15,Daniel Goh,firefighter,L,2025-09-08,2025-09,2025-W37,Monday,104.55,20.91,0.0,83.64,15,11.2,12.4,0.79,2,7.47,5.58,SGD,False,,
drv_daniel_sg_15,Daniel Goh,firefighter,L,2025-09-09,2025-09,2025-W37,Tuesday,128.18,25.64,5.78,108.32,19,10.2,13.5,0.9,0,10.62,5.7,SGD,False,,
drv_daniel_sg_15,Daniel Goh,firefighter,L,2025-09-10,2025-09,2025-W37,Wednesday,169.75,33.95,0.0,135.8,16,6.1,6.6,0.96,0,22.26,8.49,SGD,False,,
drv_daniel_sg_15,Daniel Goh,firefighter,L,2025-09-11,2025-09,2025-W37,Thursday,0,0,0,0,0,0,0,0,0,0,0,SGD,True,,rest_day
drv_daniel_sg_15,Daniel Goh,firefighter,L,2025-09-12,2025-09,2025-W37,Friday,143.83,28.77,9.38,124.44,24,6.7,7.8,0.91,3,18.57,5.18,SGD,False,,
drv_daniel_sg_15,Daniel Goh,firefighter,L,2025-09-13,2025-09,2025-W37,Saturday,101.68,20.34,0.0,81.34,22,9.7,13.1,0.91,0,8.39,3.7,SGD,False,,
drv_daniel_sg_15,Daniel Goh,firefighter,L,2025-09-14,2025-09,2025-W37,Sunday,121.85,24.37,0.0,97.48,18,7.0,8.4,0.93,2,13.93,5.42,SGD,False,,
drv_daniel_sg_15,Daniel Goh,firefighter,L,2025-09-15,2025-09,2025-W38,Monday,111.14,22.23,0.0,88.91,19,10.3,13.4,0.96,3,8.63,4.68,SGD,False,,
drv_daniel_sg_15,Daniel Goh,firefighter,L,2025-09-16,2025-09,2025-W38,Tuesday,135.12,27.02,0.0,108.1,18,11.6,14.7,0.86,3,9.32,6.01,SGD,False,,
drv_daniel_sg_15,Daniel Goh,firefighter,L,2025-09-17,2025-09,2025-W38,Wednesday,152.76,30.55,0.0,122.21,14,6.2,7.2,0.81,3,19.71,8.73,SGD,False,,
drv_daniel_sg_15,Daniel Goh,firefighter,L,2025-09-18,2025-09,2025-W38,Thursday,0,0,0,0,0,0,0,0,0,0,0,SGD,True,,rest_day
drv_daniel_sg_15,Daniel Goh,firefighter,L,2025-09-19,2025-09,2025-W38,Friday,180.78,36.16,0.0,144.62,23,9.8,10.9,0.95,0,14.76,6.29,SGD,False,,
drv_daniel_sg_15,Daniel Goh,firefighter,L,2025-09-20,2025-09,2025-W38,Saturday,167.67,33.53,0.0,134.14,22,7.8,10.0,0.74,0,17.2,6.1,SGD,False,,
drv_daniel_sg_15,Daniel Goh,firefighter,L,2025-09-21,2025-09,2025-W38,Sunday,149.65,29.93,0.0,119.72,10,9.2,12.3,0.86,1,13.01,11.97,SGD,False,,
drv_daniel_sg_15,Daniel Goh,firefighter,L,2025-09-22,2025-09,2025-W39,Monday,79.76,15.95,4.75,68.56,17,8.5,10.7,0.95,2,8.07,4.03,SGD,False,,
drv_daniel_sg_15,Daniel Goh,firefighter,L,2025-09-23,2025-09,2025-W39,Tuesday,146.79,29.36,0.0,117.43,19,9.9,11.1,0.91,1,11.86,6.18,SGD,False,,
drv_daniel_sg_15,Daniel Goh,firefighter,L,2025-09-24,2025-09,2025-W39,Wednesday,67.49,13.5,0.0,53.99,19,11.4,14.9,0.81,1,4.74,2.84,SGD,False,,
drv_daniel_sg_15,Daniel Goh,firefighter,L,2025-09-25,2025-09,2025-W39,Thursday,0,0,0,0,0,0,0,0,0,0,0,SGD,True,,rest_day
drv_daniel_sg_15,Daniel Goh,firefighter,L,2025-09-26,2025-09,2025-W39,Friday,150.4,30.08,9.16,129.48,16,9.9,11.5,0.81,1,13.08,8.09,SGD,False,,
drv_daniel_sg_15,Daniel Goh,firefighter,L,2025-09-27,2025-09,2025-W39,Saturday,217.24,43.45,0.0,173.79,21,9.7,12.7,0.81,3,17.92,8.28,SGD,False,,
drv_daniel_sg_15,Daniel Goh,firefighter,L,2025-09-28,2025-09,2025-W39,Sunday,121.59,24.32,10.44,107.71,21,11.9,15.8,0.77,3,9.05,5.13,SGD,False,,
drv_daniel_sg_15,Daniel Goh,firefighter,L,2025-09-29,2025-09,2025-W40,Monday,53.59,10.72,0.0,42.87,10,8.6,9.9,0.91,0,4.98,4.29,SGD,False,,
drv_daniel_sg_15,Daniel Goh,firefighter,L,2025-09-30,2025-09,2025-W40,Tuesday,146.06,29.21,11.92,128.77,12,6.7,8.5,0.8,2,19.22,10.73,SGD,False,,
drv_daniel_sg_15,Daniel Goh,firefighter,L,2025-10-01,2025-10,2025-W40,Wednesday,138.3,27.66,6.0,116.64,14,10.5,13.7,0.82,1,11.11,8.33,SGD,False,,
drv_daniel_sg_15,Daniel Goh,firefighter,L,2025-10-02,2025-10,2025-W40,Thursday,0,0,0,0,0,0,0,0,0,0,0,SGD,True,,rest_day
drv_daniel_sg_15,Daniel Goh,firefighter,L,2025-10-03,2025-10,2025-W40,Friday,174.2,34.84,8.72,148.08,24,7.8,8.8,0.94,3,18.98,6.17,SGD,False,,
drv_daniel_sg_15,Daniel Goh,firefighter,L,2025-10-04,2025-10,2025-W40,Saturday,208.22,41.64,0.0,166.58,18,11.7,12.9,0.8,2,14.24,9.25,SGD,False,,
drv_daniel_sg_15,Daniel Goh,firefighter,L,2025-10-05,2025-10,2025-W40,Sunday,145.92,29.18,0.0,116.74,15,7.7,10.1,0.72,0,15.16,7.78,SGD,False,,
drv_daniel_sg_15,Daniel Goh,firefighter,L,2025-10-06,2025-10,2025-W41,Monday,76.3,15.26,0.0,61.04,10,9.8,11.3,0.8,2,6.23,6.1,SGD,False,,
drv_daniel_sg_15,Daniel Goh,firefighter,L,2025-10-07,2025-10,2025-W41,Tuesday,105.68,21.14,0.0,84.54,19,6.1,7.6,0.78,0,13.86,4.45,SGD,False,,
drv_daniel_sg_15,Daniel Goh,firefighter,L,2025-10-08,2025-10,2025-W41,Wednesday,144.2,28.84,0.0,115.36,24,6.7,8.5,0.83,3,17.22,4.81,SGD,False,,
drv_daniel_sg_15,Daniel Goh,firefighter,L,2025-10-09,2025-10,2025-W41,Thursday,0,0,0,0,0,0,0,0,0,0,0,SGD,True,,rest_day
drv_daniel_sg_15,Daniel Goh,firefighter,L,2025-10-10,2025-10,2025-W41,Friday,204.32,40.86,0.0,163.46,21,10.7,14.3,0.82,1,15.28,7.78,SGD,False,,
drv_daniel_sg_15,Daniel Goh,firefighter,L,2025-10-11,2025-10,2025-W41,Saturday,188.8,37.76,0.0,151.04,20,8.6,10.6,0.81,2,17.56,7.55,SGD,False,,
drv_daniel_sg_15,Daniel Goh,firefighter,L,2025-10-12,2025-10,2025-W41,Sunday,179.18,35.84,12.37,155.71,11,9.1,10.8,0.82,2,17.11,14.16,SGD,False,,
drv_daniel_sg_15,Daniel Goh,firefighter,L,2025-10-13,2025-10,2025-W42,Monday,144.23,28.85,0.0,115.38,18,7.0,9.2,0.75,3,16.48,6.41,SGD,False,,
drv_daniel_sg_15,Daniel Goh,firefighter,L,2025-10-14,2025-10,2025-W42,Tuesday,116.85,23.37,4.55,98.03,18,10.2,10.8,0.74,0,9.61,5.45,SGD,False,,
drv_daniel_sg_15,Daniel Goh,firefighter,L,2025-10-15,2025-10,2025-W42,Wednesday,151.11,30.22,0.0,120.89,20,11.8,13.4,0.92,0,10.24,6.04,SGD,False,,
drv_daniel_sg_15,Daniel Goh,firefighter,L,2025-10-16,2025-10,2025-W42,Thursday,0,0,0,0,0,0,0,0,0,0,0,SGD,True,,rest_day
drv_daniel_sg_15,Daniel Goh,firefighter,L,2025-10-17,2025-10,2025-W42,Friday,174.15,34.83,0.0,139.32,8,8.4,8.9,0.77,2,16.59,17.41,SGD,False,,
drv_daniel_sg_15,Daniel Goh,firefighter,L,2025-10-18,2025-10,2025-W42,Saturday,175.23,35.05,0.0,140.18,12,9.6,10.2,0.74,0,14.6,11.68,SGD,False,,
drv_daniel_sg_15,Daniel Goh,firefighter,L,2025-10-19,2025-10,2025-W42,Sunday,121.6,24.32,0.0,97.28,24,7.5,9.5,0.79,0,12.97,4.05,SGD,False,,
drv_daniel_sg_15,Daniel Goh,firefighter,L,2025-10-20,2025-10,2025-W43,Monday,94.84,18.97,0.0,75.87,12,7.9,10.4,0.81,2,9.6,6.32,SGD,False,,
drv_daniel_sg_15,Daniel Goh,firefighter,L,2025-10-21,2025-10,2025-W43,Tuesday,137.32,27.46,0.0,109.86,11,8.6,10.8,0.79,3,12.77,9.99,SGD,False,,
drv_daniel_sg_15,Daniel Goh,firefighter,L,2025-10-22,2025-10,2025-W43,Wednesday,123.6,24.72,7.67,106.55,19,10.0,12.5,0.8,0,10.65,5.61,SGD,False,,
drv_daniel_sg_15,Daniel Goh,firefighter,L,2025-10-23,2025-10,2025-W43,Thursday,0,0,0,0,0,0,0,0,0,0,0,SGD,True,,rest_day
drv_daniel_sg_15,Daniel Goh,firefighter,L,2025-10-24,2025-10,2025-W43,Friday,162.06,32.41,10.74,140.39,17,7.2,8.2,0.87,3,19.5,8.26,SGD,False,,
drv_daniel_sg_15,Daniel Goh,firefighter,L,2025-10-25,2025-10,2025-W43,Saturday,205.66,41.13,0.0,164.53,13,11.5,14.2,0.75,0,14.31,12.66,SGD,False,,
drv_daniel_sg_15,Daniel Goh,firefighter,L,2025-10-26,2025-10,2025-W43,Sunday,132.21,26.44,8.94,114.71,16,10.9,12.7,0.9,2,10.52,7.17,SGD,False,,
drv_daniel_sg_15,Daniel Goh,firefighter,L,2025-10-27,2025-10,2025-W44,Monday,109.16,21.83,6.96,94.29,10,7.3,9.8,0.9,0,12.92,9.43,SGD,False,,
drv_daniel_sg_15,Daniel Goh,firefighter,L,2025-10-28,2025-10,2025-W44,Tuesday,142.24,28.45,0.0,113.79,23,11.1,14.3,0.96,3,10.25,4.95,SGD,False,,
drv_daniel_sg_15,Daniel Goh,firefighter,L,2025-10-29,2025-10,2025-W44,Wednesday,124.57,24.91,0.0,99.66,20,10.1,11.6,0.73,0,9.87,4.98,SGD,False,,
drv_daniel_sg_15,Daniel Goh,firefighter,L,2025-10-30,2025-10,2025-W44,Thursday,0,0,0,0,0,0,0,0,0,0,0,SGD,True,,rest_day
drv_daniel_sg_15,Daniel Goh,firefighter,L,2025-10-31,2025-10,2025-W44,Friday,173.69,34.74,8.13,147.08,9,9.9,12.5,0.78,3,14.86,16.34,SGD,False,,
drv_daniel_sg_15,Daniel Goh,firefighter,L,2025-11-01,2025-11,2025-W44,Saturday,207.62,41.52,10.04,176.14,12,10.9,14.5,0.74,0,16.16,14.68,SGD,False,,
drv_daniel_sg_15,Daniel Goh,firefighter,L,2025-11-02,2025-11,2025-W44,Sunday,184.81,36.96,0.0,147.85,22,6.1,6.6,0.81,2,24.24,6.72,SGD,False,,
drv_daniel_sg_15,Daniel Goh,firefighter,L,2025-11-03,2025-11,2025-W45,Monday,142.72,28.54,0.0,114.18,19,8.8,9.9,0.82,2,12.97,6.01,SGD,False,,
drv_daniel_sg_15,Daniel Goh,firefighter,L,2025-11-04,2025-11,2025-W45,Tuesday,145.56,29.11,10.17,126.62,19,6.7,7.6,0.82,2,18.9,6.66,SGD,False,,
drv_daniel_sg_15,Daniel Goh,firefighter,L,2025-11-05,2025-11,2025-W45,Wednesday,167.21,33.44,8.43,142.2,23,8.8,9.5,0.89,3,16.16,6.18,SGD,False,,
drv_daniel_sg_15,Daniel Goh,firefighter,L,2025-11-06,2025-11,2025-W45,Thursday,0,0,0,0,0,0,0,0,0,0,0,SGD,True,,rest_day
drv_daniel_sg_15,Daniel Goh,firefighter,L,2025-11-07,2025-11,2025-W45,Friday,95.63,19.13,0.0,76.5,24,8.3,10.8,0.83,0,9.22,3.19,SGD,False,,
drv_daniel_sg_15,Daniel Goh,firefighter,L,2025-11-08,2025-11,2025-W45,Saturday,189.1,37.82,0.0,151.28,8,10.5,11.9,0.8,1,14.41,18.91,SGD,False,,
drv_daniel_sg_15,Daniel Goh,firefighter,L,2025-11-09,2025-11,2025-W45,Sunday,77.69,15.54,4.31,66.46,18,8.0,9.8,0.72,0,8.31,3.69,SGD,False,,
drv_daniel_sg_15,Daniel Goh,firefighter,L,2025-11-10,2025-11,2025-W46,Monday,132.56,26.51,11.46,117.51,17,12.0,14.1,0.96,1,9.79,6.91,SGD,False,,
drv_daniel_sg_15,Daniel Goh,firefighter,L,2025-11-11,2025-11,2025-W46,Tuesday,132.06,26.41,5.91,111.56,11,11.1,14.9,0.84,3,10.05,10.14,SGD,False,,
drv_daniel_sg_15,Daniel Goh,firefighter,L,2025-11-12,2025-11,2025-W46,Wednesday,146.73,29.35,0.0,117.38,24,10.4,13.4,0.75,0,11.29,4.89,SGD,False,,
drv_daniel_sg_15,Daniel Goh,firefighter,L,2025-11-13,2025-11,2025-W46,Thursday,0,0,0,0,0,0,0,0,0,0,0,SGD,True,,rest_day
drv_daniel_sg_15,Daniel Goh,firefighter,L,2025-11-14,2025-11,2025-W46,Friday,176.89,35.38,0.0,141.51,14,10.0,11.2,0.86,1,14.15,10.11,SGD,False,,
drv_daniel_sg_15,Daniel Goh,firefighter,L,2025-11-15,2025-11,2025-W46,Saturday,175.09,35.02,0.0,140.07,13,7.9,9.7,0.84,0,17.73,10.77,SGD,False,,
drv_daniel_sg_15,Daniel Goh,firefighter,L,2025-11-16,2025-11,2025-W46,Sunday,150.12,30.02,0.0,120.1,11,7.2,8.2,0.9,0,16.68,10.92,SGD,False,,
drv_daniel_sg_15,Daniel Goh,firefighter,L,2025-11-17,2025-11,2025-W47,Monday,145.91,29.18,12.05,128.78,8,7.4,9.6,0.94,3,17.4,16.1,SGD,False,,
drv_daniel_sg_15,Daniel Goh,firefighter,L,2025-11-18,2025-11,2025-W47,Tuesday,70.4,14.08,0.0,56.32,8,7.9,9.7,0.92,2,7.13,7.04,SGD,False,,
drv_daniel_sg_15,Daniel Goh,firefighter,L,2025-11-19,2025-11,2025-W47,Wednesday,157.46,31.49,0.0,125.97,14,6.9,8.6,0.9,3,18.26,9.0,SGD,False,,
drv_daniel_sg_15,Daniel Goh,firefighter,L,2025-11-20,2025-11,2025-W47,Thursday,0,0,0,0,0,0,0,0,0,0,0,SGD,True,,rest_day
drv_daniel_sg_15,Daniel Goh,firefighter,L,2025-11-21,2025-11,2025-W47,Friday,192.51,38.5,0.0,154.01,14,6.8,7.4,0.76,3,22.65,11.0,SGD,False,,
drv_daniel_sg_15,Daniel Goh,firefighter,L,2025-11-22,2025-11,2025-W47,Saturday,220.36,44.07,0.0,176.29,12,11.1,12.4,0.72,1,15.88,14.69,SGD,False,,
drv_daniel_sg_15,Daniel Goh,firefighter,L,2025-11-23,2025-11,2025-W47,Sunday,150.02,30.0,0.0,120.02,22,11.6,14.3,0.76,3,10.35,5.46,SGD,False,,
drv_daniel_sg_15,Daniel Goh,firefighter,L,2025-11-24,2025-11,2025-W48,Monday,77.82,15.56,0.0,62.26,11,10.0,11.1,0.84,3,6.23,5.66,SGD,False,,
drv_daniel_sg_15,Daniel Goh,firefighter,L,2025-11-25,2025-11,2025-W48,Tuesday,136.19,27.24,5.74,114.69,16,9.0,11.1,0.76,0,12.74,7.17,SGD,False,,
drv_daniel_sg_15,Daniel Goh,firefighter,L,2025-11-26,2025-11,2025-W48,Wednesday,157.86,31.57,0.0,126.29,18,10.7,13.4,0.8,2,11.8,7.02,SGD,False,,
drv_daniel_sg_15,Daniel Goh,firefighter,L,2025-11-27,2025-11,2025-W48,Thursday,0,0,0,0,0,0,0,0,0,0,0,SGD,True,,rest_day
drv_daniel_sg_15,Daniel Goh,firefighter,L,2025-11-28,2025-11,2025-W48,Friday,141.11,28.22,0.0,112.89,17,9.3,10.1,0.97,1,12.14,6.64,SGD,False,,
drv_daniel_sg_15,Daniel Goh,firefighter,L,2025-11-29,2025-11,2025-W48,Saturday,150.79,30.16,0.0,120.63,12,8.8,10.8,0.9,2,13.71,10.05,SGD,False,,
drv_daniel_sg_15,Daniel Goh,firefighter,L,2025-11-30,2025-11,2025-W48,Sunday,179.81,35.96,0.0,143.85,17,11.1,11.8,0.82,2,12.96,8.46,SGD,False,,
drv_daniel_sg_15,Daniel Goh,firefighter,L,2025-12-01,2025-12,2025-W49,Monday,124.01,24.8,0.0,99.21,11,7.2,7.8,0.86,3,13.78,9.02,SGD,False,,
drv_daniel_sg_15,Daniel Goh,firefighter,L,2025-12-02,2025-12,2025-W49,Tuesday,90.26,18.05,0.0,72.21,8,8.1,9.1,0.74,2,8.91,9.03,SGD,False,,
drv_daniel_sg_15,Daniel Goh,firefighter,L,2025-12-03,2025-12,2025-W49,Wednesday,110.43,22.09,0.0,88.34,21,9.3,11.6,0.91,3,9.5,4.21,SGD,False,,
drv_daniel_sg_15,Daniel Goh,firefighter,L,2025-12-04,2025-12,2025-W49,Thursday,0,0,0,0,0,0,0,0,0,0,0,SGD,True,,rest_day
drv_daniel_sg_15,Daniel Goh,firefighter,L,2025-12-05,2025-12,2025-W49,Friday,141.51,28.3,0.0,113.21,18,9.6,11.9,0.79,2,11.79,6.29,SGD,False,,
drv_daniel_sg_15,Daniel Goh,firefighter,L,2025-12-06,2025-12,2025-W49,Saturday,217.74,43.55,0.0,174.19,23,10.8,14.1,0.87,3,16.13,7.57,SGD,False,,
drv_daniel_sg_15,Daniel Goh,firefighter,L,2025-12-07,2025-12,2025-W49,Sunday,132.55,26.51,5.4,111.44,24,9.4,11.7,0.93,0,11.86,4.64,SGD,False,,
drv_daniel_sg_15,Daniel Goh,firefighter,L,2025-12-08,2025-12,2025-W50,Monday,108.59,21.72,0.0,86.87,9,8.4,9.5,0.82,2,10.34,9.65,SGD,False,,
drv_daniel_sg_15,Daniel Goh,firefighter,L,2025-12-09,2025-12,2025-W50,Tuesday,119.72,23.94,0.0,95.78,10,7.1,7.5,0.96,2,13.49,9.58,SGD,False,,
drv_daniel_sg_15,Daniel Goh,firefighter,L,2025-12-10,2025-12,2025-W50,Wednesday,62.44,12.49,0.0,49.95,8,10.9,14.5,0.93,0,4.58,6.24,SGD,False,,
drv_daniel_sg_15,Daniel Goh,firefighter,L,2025-12-11,2025-12,2025-W50,Thursday,0,0,0,0,0,0,0,0,0,0,0,SGD,True,,rest_day
drv_daniel_sg_15,Daniel Goh,firefighter,L,2025-12-12,2025-12,2025-W50,Friday,163.37,32.67,8.85,139.55,19,11.4,13.5,0.96,3,12.24,7.34,SGD,False,,
drv_daniel_sg_15,Daniel Goh,firefighter,L,2025-12-13,2025-12,2025-W50,Saturday,107.17,21.43,0.0,85.74,8,7.1,9.4,0.88,2,12.08,10.72,SGD,False,,
drv_daniel_sg_15,Daniel Goh,firefighter,L,2025-12-14,2025-12,2025-W50,Sunday,182.41,36.48,0.0,145.93,10,6.9,7.8,0.84,0,21.15,14.59,SGD,False,,
drv_daniel_sg_15,Daniel Goh,firefighter,L,2025-12-15,2025-12,2025-W51,Monday,131.44,26.29,0.0,105.15,14,6.8,8.6,0.8,3,15.46,7.51,SGD,False,,
drv_daniel_sg_15,Daniel Goh,firefighter,L,2025-12-16,2025-12,2025-W51,Tuesday,144.09,28.82,0.0,115.27,18,10.0,10.6,0.83,1,11.53,6.4,SGD,False,,
drv_daniel_sg_15,Daniel Goh,firefighter,L,2025-12-17,2025-12,2025-W51,Wednesday,86.19,17.24,0.0,68.95,13,6.0,7.9,0.73,2,11.49,5.3,SGD,False,,
drv_daniel_sg_15,Daniel Goh,firefighter,L,2025-12-18,2025-12,2025-W51,Thursday,0,0,0,0,0,0,0,0,0,0,0,SGD,True,,rest_day
drv_daniel_sg_15,Daniel Goh,firefighter,L,2025-12-19,2025-12,2025-W51,Friday,201.64,40.33,8.07,169.38,8,11.8,13.9,0.75,3,14.35,21.17,SGD,False,,
drv_daniel_sg_15,Daniel Goh,firefighter,L,2025-12-20,2025-12,2025-W51,Saturday,97.42,19.48,7.24,85.18,24,7.9,10.0,0.86,2,10.78,3.55,SGD,False,,
drv_daniel_sg_15,Daniel Goh,firefighter,L,2025-12-21,2025-12,2025-W51,Sunday,183.34,36.67,12.99,159.66,21,8.9,10.3,0.73,1,17.94,7.6,SGD,False,,
drv_daniel_sg_15,Daniel Goh,firefighter,L,2025-12-22,2025-12,2025-W52,Monday,182.36,36.47,0.0,145.89,16,11.8,13.0,0.73,2,12.36,9.12,SGD,False,Year-End Peak,
drv_daniel_sg_15,Daniel Goh,firefighter,L,2025-12-23,2025-12,2025-W52,Tuesday,198.73,39.75,0.0,158.98,19,9.3,10.8,0.87,1,17.09,8.37,SGD,False,Year-End Peak,
drv_daniel_sg_15,Daniel Goh,firefighter,L,2025-12-24,2025-12,2025-W52,Wednesday,89.66,17.93,0.0,71.73,16,10.4,14.0,0.95,0,6.9,4.48,SGD,False,Year-End Peak,
drv_daniel_sg_15,Daniel Goh,firefighter,L,2025-12-25,2025-12,2025-W52,Thursday,0,0,0,0,0,0,0,0,0,0,0,SGD,True,Year-End Peak,rest_day
drv_daniel_sg_15,Daniel Goh,firefighter,L,2025-12-26,2025-12,2025-W52,Friday,229.61,45.92,0.0,183.69,11,11.0,13.3,0.82,2,16.7,16.7,SGD,False,Year-End Peak,
drv_daniel_sg_15,Daniel Goh,firefighter,L,2025-12-27,2025-12,2025-W52,Saturday,224.48,44.9,0.0,179.58,8,6.0,7.0,0.76,0,29.93,22.45,SGD,False,Year-End Peak,
drv_daniel_sg_15,Daniel Goh,firefighter,L,2025-12-28,2025-12,2025-W52,Sunday,157.42,31.48,0.0,125.94,18,6.2,7.0,0.83,0,20.31,7.0,SGD,False,Year-End Peak,
drv_daniel_sg_15,Daniel Goh,firefighter,L,2025-12-29,2025-12,2026-W01,Monday,60.15,12.03,2.92,51.04,21,10.8,12.2,0.85,2,4.73,2.43,SGD,False,Year-End Peak,
drv_daniel_sg_15,Daniel Goh,firefighter,L,2025-12-30,2025-12,2026-W01,Tuesday,165.77,33.15,0.0,132.62,20,7.0,7.7,0.8,1,18.95,6.63,SGD,False,Year-End Peak,
drv_daniel_sg_15,Daniel Goh,firefighter,L,2025-12-31,2025-12,2026-W01,Wednesday,137.96,27.59,0.0,110.37,8,11.1,12.3,0.94,2,9.94,13.8,SGD,False,Year-End Peak,
drv_daniel_sg_15,Daniel Goh,firefighter,L,2026-01-01,2026-01,2026-W01,Thursday,0,0,0,0,0,0,0,0,0,0,0,SGD,True,Year-End Peak,rest_day
drv_daniel_sg_15,Daniel Goh,firefighter,L,2026-01-02,2026-01,2026-W01,Friday,217.69,43.54,10.27,184.42,11,8.0,10.7,0.87,2,23.05,16.77,SGD,False,Year-End Peak,
drv_daniel_sg_15,Daniel Goh,firefighter,L,2026-01-03,2026-01,2026-W01,Saturday,158.58,31.72,0.0,126.86,9,9.4,10.7,0.9,3,13.5,14.1,SGD,False,,
drv_daniel_sg_15,Daniel Goh,firefighter,L,2026-01-04,2026-01,2026-W01,Sunday,60.64,12.13,3.16,51.67,17,6.8,8.6,0.88,0,7.6,3.04,SGD,False,,
drv_daniel_sg_15,Daniel Goh,firefighter,L,2026-01-05,2026-01,2026-W02,Monday,107.34,21.47,0.0,85.87,9,7.8,8.3,0.94,0,11.01,9.54,SGD,False,,
drv_daniel_sg_15,Daniel Goh,firefighter,L,2026-01-06,2026-01,2026-W02,Tuesday,130.64,26.13,0.0,104.51,20,6.1,7.2,0.89,1,17.13,5.23,SGD,False,,
drv_daniel_sg_15,Daniel Goh,firefighter,L,2026-01-07,2026-01,2026-W02,Wednesday,117.38,23.48,0.0,93.9,23,11.2,14.7,0.94,0,8.38,4.08,SGD,False,,
drv_daniel_sg_15,Daniel Goh,firefighter,L,2026-01-08,2026-01,2026-W02,Thursday,0,0,0,0,0,0,0,0,0,0,0,SGD,True,,rest_day
drv_daniel_sg_15,Daniel Goh,firefighter,L,2026-01-09,2026-01,2026-W02,Friday,90.49,18.1,0.0,72.39,21,6.4,8.1,0.91,0,11.31,3.45,SGD,False,,
drv_daniel_sg_15,Daniel Goh,firefighter,L,2026-01-10,2026-01,2026-W02,Saturday,174.18,34.84,0.0,139.34,23,8.1,10.3,0.73,0,17.2,6.06,SGD,False,,
drv_daniel_sg_15,Daniel Goh,firefighter,L,2026-01-11,2026-01,2026-W02,Sunday,93.98,18.8,0.0,75.18,9,10.9,14.6,0.92,0,6.9,8.35,SGD,False,,
drv_daniel_sg_15,Daniel Goh,firefighter,L,2026-01-12,2026-01,2026-W03,Monday,118.09,23.62,0.0,94.47,22,11.6,14.8,0.94,3,8.14,4.29,SGD,False,,
drv_daniel_sg_15,Daniel Goh,firefighter,L,2026-01-13,2026-01,2026-W03,Tuesday,105.56,21.11,0.0,84.45,13,8.3,10.5,0.86,3,10.17,6.5,SGD,False,,
drv_daniel_sg_15,Daniel Goh,firefighter,L,2026-01-14,2026-01,2026-W03,Wednesday,51.23,10.25,0.0,40.98,22,10.1,12.7,0.87,0,4.06,1.86,SGD,False,,
drv_daniel_sg_15,Daniel Goh,firefighter,L,2026-01-15,2026-01,2026-W03,Thursday,0,0,0,0,0,0,0,0,0,0,0,SGD,True,,rest_day
drv_daniel_sg_15,Daniel Goh,firefighter,L,2026-01-16,2026-01,2026-W03,Friday,101.97,20.39,0.0,81.58,14,11.6,15.0,0.9,3,7.03,5.83,SGD,False,,
drv_daniel_sg_15,Daniel Goh,firefighter,L,2026-01-17,2026-01,2026-W03,Saturday,156.37,31.27,0.0,125.1,23,11.2,14.2,0.73,2,11.17,5.44,SGD,False,,
drv_daniel_sg_15,Daniel Goh,firefighter,L,2026-01-18,2026-01,2026-W03,Sunday,137.29,27.46,0.0,109.83,12,11.4,14.5,0.79,3,9.63,9.15,SGD,False,,
drv_daniel_sg_15,Daniel Goh,firefighter,L,2026-01-19,2026-01,2026-W04,Monday,113.08,22.62,4.45,94.91,14,9.0,10.3,0.8,3,10.55,6.78,SGD,False,,
drv_daniel_sg_15,Daniel Goh,firefighter,L,2026-01-20,2026-01,2026-W04,Tuesday,110.09,22.02,5.9,93.97,11,10.8,12.4,0.86,1,8.7,8.54,SGD,False,,
drv_daniel_sg_15,Daniel Goh,firefighter,L,2026-01-21,2026-01,2026-W04,Wednesday,104.04,20.81,0.0,83.23,13,7.9,10.6,0.96,1,10.54,6.4,SGD,False,,
drv_daniel_sg_15,Daniel Goh,firefighter,L,2026-01-22,2026-01,2026-W04,Thursday,0,0,0,0,0,0,0,0,0,0,0,SGD,True,,rest_day
drv_daniel_sg_15,Daniel Goh,firefighter,L,2026-01-23,2026-01,2026-W04,Friday,171.98,34.4,0.0,137.58,9,9.2,11.0,0.8,0,14.95,15.29,SGD,False,,
drv_daniel_sg_15,Daniel Goh,firefighter,L,2026-01-24,2026-01,2026-W04,Saturday,155.25,31.05,0.0,124.2,23,11.4,14.5,0.95,3,10.89,5.4,SGD,False,,
drv_daniel_sg_15,Daniel Goh,firefighter,L,2026-01-25,2026-01,2026-W04,Sunday,165.9,33.18,0.0,132.72,9,8.8,11.0,0.73,2,15.08,14.75,SGD,False,,
drv_daniel_sg_15,Daniel Goh,firefighter,L,2026-01-26,2026-01,2026-W05,Monday,141.72,28.34,0.0,113.38,18,9.2,12.4,0.83,2,12.32,6.3,SGD,False,,
drv_daniel_sg_15,Daniel Goh,firefighter,L,2026-01-27,2026-01,2026-W05,Tuesday,150.94,30.19,0.0,120.75,8,11.9,15.1,0.88,0,10.15,15.09,SGD,False,,
drv_daniel_sg_15,Daniel Goh,firefighter,L,2026-01-28,2026-01,2026-W05,Wednesday,124.08,24.82,0.0,99.26,11,10.5,11.2,0.8,1,9.45,9.02,SGD,False,,
drv_daniel_sg_15,Daniel Goh,firefighter,L,2026-01-29,2026-01,2026-W05,Thursday,0,0,0,0,0,0,0,0,0,0,0,SGD,True,,rest_day
drv_daniel_sg_15,Daniel Goh,firefighter,L,2026-01-30,2026-01,2026-W05,Friday,168.3,33.66,5.69,140.33,10,10.1,11.8,0.9,0,13.89,14.03,SGD,False,,
drv_daniel_sg_15,Daniel Goh,firefighter,L,2026-01-31,2026-01,2026-W05,Saturday,205.83,41.17,0.0,164.66,14,7.0,8.9,0.94,2,23.52,11.76,SGD,False,,
drv_daniel_sg_15,Daniel Goh,firefighter,L,2026-02-01,2026-02,2026-W05,Sunday,175.54,35.11,7.98,148.41,9,8.9,10.2,0.82,3,16.68,16.49,SGD,False,,
drv_daniel_sg_15,Daniel Goh,firefighter,L,2026-02-02,2026-02,2026-W06,Monday,98.75,19.75,3.79,82.79,14,6.7,7.2,0.83,1,12.36,5.91,SGD,False,,
drv_daniel_sg_15,Daniel Goh,firefighter,L,2026-02-03,2026-02,2026-W06,Tuesday,85.17,17.03,0.0,68.14,16,11.8,15.5,0.72,2,5.77,4.26,SGD,False,,
drv_daniel_sg_15,Daniel Goh,firefighter,L,2026-02-04,2026-02,2026-W06,Wednesday,126.48,25.3,5.83,107.01,16,6.3,8.4,0.95,3,16.99,6.69,SGD,False,,
drv_daniel_sg_15,Daniel Goh,firefighter,L,2026-02-05,2026-02,2026-W06,Thursday,0,0,0,0,0,0,0,0,0,0,0,SGD,True,,rest_day
drv_daniel_sg_15,Daniel Goh,firefighter,L,2026-02-06,2026-02,2026-W06,Friday,75.95,15.19,0.0,60.76,11,7.0,7.7,0.88,0,8.68,5.52,SGD,False,,
drv_daniel_sg_15,Daniel Goh,firefighter,L,2026-02-07,2026-02,2026-W06,Saturday,123.65,24.73,6.61,105.53,9,9.8,11.6,0.79,2,10.77,11.73,SGD,False,,
drv_daniel_sg_15,Daniel Goh,firefighter,L,2026-02-08,2026-02,2026-W06,Sunday,143.83,28.77,0.0,115.06,12,10.1,11.4,0.79,3,11.39,9.59,SGD,False,,
drv_daniel_sg_15,Daniel Goh,firefighter,L,2026-02-09,2026-02,2026-W07,Monday,111.77,22.35,5.01,94.43,21,11.5,12.9,0.87,1,8.21,4.5,SGD,False,,
drv_daniel_sg_15,Daniel Goh,firefighter,L,2026-02-10,2026-02,2026-W07,Tuesday,0,0,0,0,0,0,0,0,0,0,0,SGD,False,,illness
drv_daniel_sg_15,Daniel Goh,firefighter,L,2026-02-11,2026-02,2026-W07,Wednesday,0,0,0,0,0,0,0,0,0,0,0,SGD,False,,illness
drv_daniel_sg_15,Daniel Goh,firefighter,L,2026-02-12,2026-02,2026-W07,Thursday,0,0,0,0,0,0,0,0,0,0,0,SGD,True,,rest_day
drv_daniel_sg_15,Daniel Goh,firefighter,L,2026-02-13,2026-02,2026-W07,Friday,0,0,0,0,0,0,0,0,0,0,0,SGD,False,,illness
drv_daniel_sg_15,Daniel Goh,firefighter,L,2026-02-14,2026-02,2026-W07,Saturday,0,0,0,0,0,0,0,0,0,0,0,SGD,False,,illness
drv_daniel_sg_15,Daniel Goh,firefighter,L,2026-02-15,2026-02,2026-W07,Sunday,0,0,0,0,0,0,0,0,0,0,0,SGD,False,Lunar New Year,illness
drv_daniel_sg_15,Daniel Goh,firefighter,L,2026-02-16,2026-02,2026-W08,Monday,0,0,0,0,0,0,0,0,0,0,0,SGD,False,Lunar New Year,illness
drv_daniel_sg_15,Daniel Goh,firefighter,L,2026-02-17,2026-02,2026-W08,Tuesday,0,0,0,0,0,0,0,0,0,0,0,SGD,False,Lunar New Year,illness
drv_daniel_sg_15,Daniel Goh,firefighter,L,2026-02-18,2026-02,2026-W08,Wednesday,0,0,0,0,0,0,0,0,0,0,0,SGD,False,Ramadan,illness
drv_daniel_sg_15,Daniel Goh,firefighter,L,2026-02-19,2026-02,2026-W08,Thursday,0,0,0,0,0,0,0,0,0,0,0,SGD,True,Ramadan,rest_day
drv_daniel_sg_15,Daniel Goh,firefighter,L,2026-02-20,2026-02,2026-W08,Friday,69.61,13.92,0.0,55.69,15,8.1,8.7,0.8,0,6.88,3.71,SGD,False,Ramadan,
drv_daniel_sg_15,Daniel Goh,firefighter,L,2026-02-21,2026-02,2026-W08,Saturday,156.17,31.23,0.0,124.94,16,8.7,11.2,0.85,0,14.36,7.81,SGD,False,Ramadan,
drv_daniel_sg_15,Daniel Goh,firefighter,L,2026-02-22,2026-02,2026-W08,Sunday,95.37,19.07,0.0,76.3,13,8.4,10.7,0.95,1,9.08,5.87,SGD,False,Ramadan,
drv_daniel_sg_15,Daniel Goh,firefighter,L,2026-02-23,2026-02,2026-W09,Monday,111.39,22.28,8.23,97.34,19,9.5,11.5,0.77,1,10.25,5.12,SGD,False,Ramadan,
drv_daniel_sg_15,Daniel Goh,firefighter,L,2026-02-24,2026-02,2026-W09,Tuesday,81.65,16.33,4.93,70.25,13,11.4,14.0,0.8,3,6.16,5.4,SGD,False,Ramadan,
drv_daniel_sg_15,Daniel Goh,firefighter,L,2026-02-25,2026-02,2026-W09,Wednesday,126.35,25.27,0.0,101.08,22,10.5,11.8,0.88,1,9.63,4.59,SGD,False,Ramadan,
drv_daniel_sg_15,Daniel Goh,firefighter,L,2026-02-26,2026-02,2026-W09,Thursday,0,0,0,0,0,0,0,0,0,0,0,SGD,True,Ramadan,rest_day
drv_daniel_sg_15,Daniel Goh,firefighter,L,2026-02-27,2026-02,2026-W09,Friday,112.26,22.45,0.0,89.81,23,6.0,7.9,0.79,3,14.97,3.9,SGD,False,Ramadan,
drv_daniel_sg_15,Daniel Goh,firefighter,L,2026-02-28,2026-02,2026-W09,Saturday,86.56,17.31,0.0,69.25,15,8.7,9.3,0.72,1,7.96,4.62,SGD,False,Ramadan,
drv_daniel_sg_15,Daniel Goh,firefighter,L,2026-03-01,2026-03,2026-W09,Sunday,138.83,27.77,0.0,111.06,15,8.9,11.5,0.94,0,12.48,7.4,SGD,False,Ramadan,
drv_daniel_sg_15,Daniel Goh,firefighter,L,2026-03-02,2026-03,2026-W10,Monday,88.69,17.74,4.27,75.22,22,10.6,11.1,0.86,1,7.1,3.42,SGD,False,Ramadan,
drv_daniel_sg_15,Daniel Goh,firefighter,L,2026-03-03,2026-03,2026-W10,Tuesday,110.73,22.15,0.0,88.58,8,7.3,8.5,0.83,1,12.13,11.07,SGD,False,Ramadan,
drv_daniel_sg_15,Daniel Goh,firefighter,L,2026-03-04,2026-03,2026-W10,Wednesday,110.06,22.01,0.0,88.05,16,6.1,7.8,0.77,2,14.43,5.5,SGD,False,Ramadan,
drv_daniel_sg_15,Daniel Goh,firefighter,L,2026-03-05,2026-03,2026-W10,Thursday,0,0,0,0,0,0,0,0,0,0,0,SGD,True,Ramadan,rest_day
drv_daniel_sg_15,Daniel Goh,firefighter,L,2026-03-06,2026-03,2026-W10,Friday,120.54,24.11,9.98,106.41,13,9.8,11.5,0.81,3,10.86,8.19,SGD,False,Ramadan,
drv_daniel_sg_15,Daniel Goh,firefighter,L,2026-03-07,2026-03,2026-W10,Saturday,66.95,13.39,0.0,53.56,15,11.3,13.5,0.82,0,4.74,3.57,SGD,False,Ramadan,
drv_daniel_sg_15,Daniel Goh,firefighter,L,2026-03-08,2026-03,2026-W10,Sunday,57.3,11.46,0.0,45.84,21,6.4,8.1,0.82,2,7.16,2.18,SGD,False,Ramadan,
drv_daniel_sg_15,Daniel Goh,firefighter,L,2026-03-09,2026-03,2026-W11,Monday,97.1,19.42,0.0,77.68,22,11.1,12.2,0.74,0,7.0,3.53,SGD,False,Ramadan,
drv_daniel_sg_15,Daniel Goh,firefighter,L,2026-03-10,2026-03,2026-W11,Tuesday,110.27,22.05,0.0,88.22,15,8.6,9.8,0.84,3,10.26,5.88,SGD,False,Ramadan,
drv_daniel_sg_15,Daniel Goh,firefighter,L,2026-03-11,2026-03,2026-W11,Wednesday,126.69,25.34,9.07,110.42,20,9.8,11.7,0.77,3,11.27,5.52,SGD,False,Ramadan,
drv_daniel_sg_15,Daniel Goh,firefighter,L,2026-03-12,2026-03,2026-W11,Thursday,0,0,0,0,0,0,0,0,0,0,0,SGD,True,Ramadan,rest_day
drv_daniel_sg_15,Daniel Goh,firefighter,L,2026-03-13,2026-03,2026-W11,Friday,138.6,27.72,0.0,110.88,23,10.9,13.0,0.79,1,10.17,4.82,SGD,False,Ramadan,
drv_daniel_sg_15,Daniel Goh,firefighter,L,2026-03-14,2026-03,2026-W11,Saturday,126.6,25.32,7.4,108.68,24,8.8,10.4,0.78,2,12.35,4.53,SGD,False,Ramadan,
drv_daniel_sg_15,Daniel Goh,firefighter,L,2026-03-15,2026-03,2026-W11,Sunday,112.74,22.55,0.0,90.19,13,8.8,10.2,0.75,0,10.25,6.94,SGD,False,Ramadan,
drv_daniel_sg_15,Daniel Goh,firefighter,L,2026-03-16,2026-03,2026-W12,Monday,88.12,17.62,0.0,70.5,20,9.3,11.2,0.91,2,7.58,3.52,SGD,False,Ramadan,
drv_daniel_sg_15,Daniel Goh,firefighter,L,2026-03-17,2026-03,2026-W12,Tuesday,114.9,22.98,8.6,100.52,17,9.3,10.6,0.92,1,10.81,5.91,SGD,False,Ramadan,
drv_daniel_sg_15,Daniel Goh,firefighter,L,2026-03-18,2026-03,2026-W12,Wednesday,123.07,24.61,0.0,98.46,19,6.3,7.6,0.75,0,15.63,5.18,SGD,False,Ramadan,
drv_daniel_sg_15,Daniel Goh,firefighter,L,2026-03-19,2026-03,2026-W12,Thursday,0,0,0,0,0,0,0,0,0,0,0,SGD,True,Ramadan,rest_day
drv_daniel_sg_15,Daniel Goh,firefighter,L,2026-03-20,2026-03,2026-W12,Friday,59.88,11.98,3.12,51.02,16,6.1,7.4,0.91,0,8.36,3.19,SGD,False,Eid,
drv_daniel_sg_15,Daniel Goh,firefighter,L,2026-03-21,2026-03,2026-W12,Saturday,37.57,7.51,1.97,32.03,18,10.6,11.9,0.82,1,3.02,1.78,SGD,False,Eid,
drv_daniel_sg_15,Daniel Goh,firefighter,L,2026-03-22,2026-03,2026-W12,Sunday,34.54,6.91,0.0,27.63,12,10.1,12.1,0.91,1,2.74,2.3,SGD,False,Eid,
drv_daniel_sg_15,Daniel Goh,firefighter,L,2026-03-23,2026-03,2026-W13,Monday,43.12,8.62,2.79,37.29,12,11.4,14.9,0.86,1,3.27,3.11,SGD,False,Eid,
drv_daniel_sg_15,Daniel Goh,firefighter,L,2026-03-24,2026-03,2026-W13,Tuesday,48.77,9.75,2.88,41.9,13,7.0,9.4,0.94,3,5.99,3.22,SGD,False,Eid,
drv_daniel_sg_15,Daniel Goh,firefighter,L,2026-03-25,2026-03,2026-W13,Wednesday,66.26,13.25,0.0,53.01,16,9.3,11.0,0.87,3,5.7,3.31,SGD,False,,
drv_daniel_sg_15,Daniel Goh,firefighter,L,2026-03-26,2026-03,2026-W13,Thursday,0,0,0,0,0,0,0,0,0,0,0,SGD,True,,rest_day
drv_daniel_sg_15,Daniel Goh,firefighter,L,2026-03-27,2026-03,2026-W13,Friday,199.47,39.89,9.08,168.66,16,6.6,7.8,0.72,0,25.55,10.54,SGD,False,,
drv_daniel_sg_15,Daniel Goh,firefighter,L,2026-03-28,2026-03,2026-W13,Saturday,213.38,42.68,15.48,186.18,22,12.0,15.5,0.88,3,15.52,8.46,SGD,False,,
drv_daniel_sg_15,Daniel Goh,firefighter,L,2026-03-29,2026-03,2026-W13,Sunday,171.1,34.22,9.21,146.09,12,10.7,13.4,0.86,2,13.65,12.17,SGD,False,,
drv_daniel_sg_15,Daniel Goh,firefighter,L,2026-03-30,2026-03,2026-W14,Monday,109.22,21.84,0.0,87.38,16,6.1,7.0,0.75,2,14.32,5.46,SGD,False,,
drv_daniel_sg_15,Daniel Goh,firefighter,L,2026-03-31,2026-03,2026-W14,Tuesday,111.36,22.27,0.0,89.09,12,6.9,8.1,0.94,3,12.91,7.42,SGD,False,,
drv_daniel_sg_15,Daniel Goh,firefighter,L,2026-04-01,2026-04,2026-W14,Wednesday,151.55,30.31,0.0,121.24,21,9.8,10.4,0.9,0,12.37,5.77,SGD,False,,
drv_daniel_sg_15,Daniel Goh,firefighter,L,2026-04-02,2026-04,2026-W14,Thursday,0,0,0,0,0,0,0,0,0,0,0,SGD,True,,rest_day
drv_daniel_sg_15,Daniel Goh,firefighter,L,2026-04-03,2026-04,2026-W14,Friday,177.12,35.42,5.43,147.13,10,12.0,14.0,0.81,2,12.26,14.71,SGD,False,,
drv_daniel_sg_15,Daniel Goh,firefighter,L,2026-04-04,2026-04,2026-W14,Saturday,206.43,41.29,0.0,165.14,17,6.6,7.6,0.73,1,25.02,9.71,SGD,False,,
drv_daniel_sg_15,Daniel Goh,firefighter,L,2026-04-05,2026-04,2026-W14,Sunday,101.1,20.22,0.0,80.88,12,6.9,8.5,0.85,3,11.72,6.74,SGD,False,,
drv_daniel_sg_15,Daniel Goh,firefighter,L,2026-04-06,2026-04,2026-W15,Monday,106.51,21.3,0.0,85.21,23,8.4,9.9,0.77,3,10.14,3.7,SGD,False,,
drv_daniel_sg_15,Daniel Goh,firefighter,L,2026-04-07,2026-04,2026-W15,Tuesday,144.78,28.96,0.0,115.82,17,10.1,11.2,0.76,0,11.47,6.81,SGD,False,,
drv_daniel_sg_15,Daniel Goh,firefighter,L,2026-04-08,2026-04,2026-W15,Wednesday,144.25,28.85,0.0,115.4,20,6.3,6.8,0.89,2,18.32,5.77,SGD,False,,
drv_daniel_sg_15,Daniel Goh,firefighter,L,2026-04-09,2026-04,2026-W15,Thursday,0,0,0,0,0,0,0,0,0,0,0,SGD,True,,rest_day
drv_daniel_sg_15,Daniel Goh,firefighter,L,2026-04-10,2026-04,2026-W15,Friday,155.54,31.11,0.0,124.43,8,9.7,11.6,0.93,1,12.83,15.55,SGD,False,,
drv_daniel_sg_15,Daniel Goh,firefighter,L,2026-04-11,2026-04,2026-W15,Saturday,187.47,37.49,0.0,149.98,12,6.3,6.8,0.79,0,23.81,12.5,SGD,False,,
drv_daniel_sg_15,Daniel Goh,firefighter,L,2026-04-12,2026-04,2026-W15,Sunday,130.82,26.16,0.0,104.66,23,11.0,13.9,0.75,0,9.51,4.55,SGD,False,,
drv_daniel_sg_15,Daniel Goh,firefighter,L,2026-04-13,2026-04,2026-W16,Monday,133.55,26.71,7.1,113.94,9,6.9,8.4,0.94,0,16.51,12.66,SGD,False,,
drv_daniel_sg_15,Daniel Goh,firefighter,L,2026-04-14,2026-04,2026-W16,Tuesday,150.05,30.01,11.65,131.69,11,9.3,10.7,0.84,1,14.16,11.97,SGD,False,,
drv_daniel_sg_15,Daniel Goh,firefighter,L,2026-04-15,2026-04,2026-W16,Wednesday,139.86,27.97,10.68,122.57,19,8.1,8.6,0.89,3,15.13,6.45,SGD,False,,
drv_daniel_sg_15,Daniel Goh,firefighter,L,2026-04-16,2026-04,2026-W16,Thursday,0,0,0,0,0,0,0,0,0,0,0,SGD,True,,rest_day
drv_daniel_sg_15,Daniel Goh,firefighter,L,2026-04-17,2026-04,2026-W16,Friday,168.5,33.7,0.0,134.8,16,7.6,10.2,0.96,1,17.74,8.43,SGD,False,,
drv_daniel_sg_15,Daniel Goh,firefighter,L,2026-04-18,2026-04,2026-W16,Saturday,89.63,17.93,0.0,71.7,9,9.3,12.1,0.93,0,7.71,7.97,SGD,False,,
drv_daniel_sg_15,Daniel Goh,firefighter,L,2026-04-19,2026-04,2026-W16,Sunday,126.47,25.29,0.0,101.18,8,7.7,8.4,0.82,3,13.14,12.65,SGD,False,,
drv_daniel_sg_15,Daniel Goh,firefighter,L,2026-04-20,2026-04,2026-W17,Monday,110.08,22.02,0.0,88.06,8,8.7,10.8,0.76,3,10.12,11.01,SGD,False,,
drv_daniel_sg_15,Daniel Goh,firefighter,L,2026-04-21,2026-04,2026-W17,Tuesday,142.29,28.46,0.0,113.83,11,6.7,8.4,0.76,3,16.99,10.35,SGD,False,,
drv_daniel_sg_15,Daniel Goh,firefighter,L,2026-04-22,2026-04,2026-W17,Wednesday,130.69,26.14,0.0,104.55,13,10.2,11.6,0.94,1,10.25,8.04,SGD,False,,
drv_daniel_sg_15,Daniel Goh,firefighter,L,2026-04-23,2026-04,2026-W17,Thursday,0,0,0,0,0,0,0,0,0,0,0,SGD,True,,rest_day
drv_daniel_sg_15,Daniel Goh,firefighter,L,2026-04-24,2026-04,2026-W17,Friday,194.65,38.93,0.0,155.72,8,11.1,13.9,0.78,0,14.03,19.46,SGD,False,,
drv_daniel_sg_15,Daniel Goh,firefighter,L,2026-04-25,2026-04,2026-W17,Saturday,145.99,29.2,6.45,123.24,11,11.5,12.6,0.77,1,10.72,11.2,SGD,False,,
drv_daniel_sg_15,Daniel Goh,firefighter,L,2026-04-26,2026-04,2026-W17,Sunday,156.53,31.31,0.0,125.22,21,7.0,9.0,0.95,2,17.89,5.96,SGD,False,,
drv_daniel_sg_15,Daniel Goh,firefighter,L,2026-04-27,2026-04,2026-W18,Monday,109.8,21.96,8.35,96.19,9,10.2,13.3,0.91,0,9.43,10.69,SGD,False,,
drv_daniel_sg_15,Daniel Goh,firefighter,L,2026-04-28,2026-04,2026-W18,Tuesday,143.11,28.62,0.0,114.49,16,10.0,10.5,0.91,1,11.45,7.16,SGD,False,,
drv_daniel_sg_15,Daniel Goh,firefighter,L,2026-04-29,2026-04,2026-W18,Wednesday,154.7,30.94,0.0,123.76,11,11.7,13.0,0.82,3,10.58,11.25,SGD,False,,
drv_daniel_sg_15,Daniel Goh,firefighter,L,2026-04-30,2026-04,2026-W18,Thursday,0,0,0,0,0,0,0,0,0,0,0,SGD,True,,rest_day
drv_daniel_sg_15,Daniel Goh,firefighter,L,2026-05-01,2026-05,2026-W18,Friday,135.38,27.08,5.87,114.17,14,7.9,10.0,0.9,3,14.45,8.15,SGD,False,,
drv_daniel_sg_15,Daniel Goh,firefighter,L,2026-05-02,2026-05,2026-W18,Saturday,168.28,33.66,0.0,134.62,9,11.9,15.6,0.8,2,11.31,14.96,SGD,False,,
drv_daniel_sg_15,Daniel Goh,firefighter,L,2026-05-03,2026-05,2026-W18,Sunday,184.64,36.93,0.0,147.71,20,7.2,8.6,0.81,3,20.52,7.39,SGD,False,,
drv_daniel_sg_15,Daniel Goh,firefighter,L,2026-05-04,2026-05,2026-W19,Monday,112.47,22.49,0.0,89.98,15,7.3,9.7,0.79,0,12.33,6.0,SGD,False,,
drv_daniel_sg_15,Daniel Goh,firefighter,L,2026-05-05,2026-05,2026-W19,Tuesday,114.42,22.88,0.0,91.54,9,6.0,7.2,0.87,3,15.26,10.17,SGD,False,,
drv_daniel_sg_15,Daniel Goh,firefighter,L,2026-05-06,2026-05,2026-W19,Wednesday,119.17,23.83,0.0,95.34,11,7.0,8.2,0.87,0,13.62,8.67,SGD,False,,
drv_daniel_sg_15,Daniel Goh,firefighter,L,2026-05-07,2026-05,2026-W19,Thursday,0,0,0,0,0,0,0,0,0,0,0,SGD,True,,rest_day
drv_daniel_sg_15,Daniel Goh,firefighter,L,2026-05-08,2026-05,2026-W19,Friday,156.15,31.23,0.0,124.92,17,9.4,11.3,0.79,3,13.29,7.35,SGD,False,,
drv_daniel_sg_15,Daniel Goh,firefighter,L,2026-05-09,2026-05,2026-W19,Saturday,193.07,38.61,0.0,154.46,23,11.1,14.2,0.88,2,13.92,6.72,SGD,False,,
drv_daniel_sg_15,Daniel Goh,firefighter,L,2026-05-10,2026-05,2026-W19,Sunday,154.02,30.8,0.0,123.22,23,9.7,10.4,0.86,0,12.7,5.36,SGD,False,,
drv_daniel_sg_15,Daniel Goh,firefighter,L,2026-05-11,2026-05,2026-W20,Monday,119.14,23.83,10.01,105.32,16,11.5,14.0,0.93,0,9.16,6.58,SGD,False,,
drv_daniel_sg_15,Daniel Goh,firefighter,L,2026-05-12,2026-05,2026-W20,Tuesday,118.41,23.68,0.0,94.73,22,10.5,11.4,0.92,0,9.02,4.31,SGD,False,,
drv_daniel_sg_15,Daniel Goh,firefighter,L,2026-05-13,2026-05,2026-W20,Wednesday,127.72,25.54,5.42,107.6,17,7.8,9.5,0.86,1,13.79,6.33,SGD,False,,
drv_daniel_sg_15,Daniel Goh,firefighter,L,2026-05-14,2026-05,2026-W20,Thursday,0,0,0,0,0,0,0,0,0,0,0,SGD,True,,rest_day
drv_daniel_sg_15,Daniel Goh,firefighter,L,2026-05-15,2026-05,2026-W20,Friday,135.46,27.09,0.0,108.37,11,8.2,10.2,0.97,2,13.22,9.85,SGD,False,,
